0,AGIANS,*,*,<random><li>Hanson Robotics and OpenCog are working on creating general AI.  General AI is they key to the Singularity.  Lots of people are working on this.</li><li>Hanson Robotics and OpenCog are working on creating general AI.</li><li>General AI is they key to the Singularity.  Lots of people are working on this.</li></random>,agians.aiml
0,AGI,*,*,<srai>AGIANS</srai>,agians.aiml
0,AGI *,*,*,<srai>AGIANS</srai>,agians.aiml
0,* AGI,*,*,<srai>AGIANS</srai>,agians.aiml
0,* AGI *,*,*,<srai>AGIANS</srai>,agians.aiml
0,GENERIC AI,*,*,<srai>AGIANS</srai>,agians.aiml
0,GENERIC AI *,*,*,<srai>AGIANS</srai>,agians.aiml
0,GENERIC AIS,*,*,<srai>AGIANS</srai>,agians.aiml
0,GENERIC AIS *,*,*,<srai>AGIANS</srai>,agians.aiml
0,GENERIC A.I.,*,*,<srai>AGIANS</srai>,agians.aiml
0,GENERIC A.I. *,*,*,<srai>AGIANS</srai>,agians.aiml
0,GENERIC ARTIFICIAL INTELLIGENCE,*,*,<srai>AGIANS</srai>,agians.aiml
0,GENERIC ARTIFICIAL INTELLIGENCE *,*,*,<srai>AGIANS</srai>,agians.aiml
0,GENERIC ARTIFICIAL INTELLIGENCES,*,*,<srai>AGIANS</srai>,agians.aiml
0,GENERIC ARTIFICIAL INTELLIGENCES *,*,*,<srai>AGIANS</srai>,agians.aiml
0,GENERIC MACHINES,*,*,<srai>AGIANS</srai>,agians.aiml
0,GENERIC MACHINES *,*,*,<srai>AGIANS</srai>,agians.aiml
0,GENERIC MACHINE,*,*,<srai>AGIANS</srai>,agians.aiml
0,GENERIC MACHINE *,*,*,<srai>AGIANS</srai>,agians.aiml
0,GENERIC ROBOT,*,*,<srai>AGIANS</srai>,agians.aiml
0,GENERIC ROBOT *,*,*,<srai>AGIANS</srai>,agians.aiml
0,GENERIC ROBOTS,*,*,<srai>AGIANS</srai>,agians.aiml
0,GENERIC ROBOTS *,*,*,<srai>AGIANS</srai>,agians.aiml
0,GENERIC * AI,*,*,<srai>AGIANS</srai>,agians.aiml
0,GENERIC * AI *,*,*,<srai>AGIANS</srai>,agians.aiml
0,GENERIC * AIS,*,*,<srai>AGIANS</srai>,agians.aiml
0,GENERIC * AIS *,*,*,<srai>AGIANS</srai>,agians.aiml
0,GENERIC * A.I.,*,*,<srai>AGIANS</srai>,agians.aiml
0,GENERIC * A.I. *,*,*,<srai>AGIANS</srai>,agians.aiml
0,GENERIC * ARTIFICIAL INTELLIGENCE,*,*,<srai>AGIANS</srai>,agians.aiml
0,GENERIC * ARTIFICIAL INTELLIGENCE *,*,*,<srai>AGIANS</srai>,agians.aiml
0,GENERIC * ARTIFICIAL INTELLIGENCES,*,*,<srai>AGIANS</srai>,agians.aiml
0,GENERIC * ARTIFICIAL INTELLIGENCES *,*,*,<srai>AGIANS</srai>,agians.aiml
0,GENERIC * MACHINES,*,*,<srai>AGIANS</srai>,agians.aiml
0,GENERIC * MACHINES *,*,*,<srai>AGIANS</srai>,agians.aiml
0,GENERIC * MACHINE,*,*,<srai>AGIANS</srai>,agians.aiml
0,GENERIC * MACHINE *,*,*,<srai>AGIANS</srai>,agians.aiml
0,GENERIC * ROBOT,*,*,<srai>AGIANS</srai>,agians.aiml
0,GENERIC * ROBOT *,*,*,<srai>AGIANS</srai>,agians.aiml
0,GENERIC * ROBOTS,*,*,<srai>AGIANS</srai>,agians.aiml
0,GENERIC * ROBOTS *,*,*,<srai>AGIANS</srai>,agians.aiml
0,GENERAL AI,*,*,<srai>AGIANS</srai>,agians.aiml
0,GENERAL AI *,*,*,<srai>AGIANS</srai>,agians.aiml
0,GENERAL AIS,*,*,<srai>AGIANS</srai>,agians.aiml
0,GENERAL AIS *,*,*,<srai>AGIANS</srai>,agians.aiml
0,GENERAL A.I.,*,*,<srai>AGIANS</srai>,agians.aiml
0,GENERAL A.I. *,*,*,<srai>AGIANS</srai>,agians.aiml
0,GENERAL ARTIFICIAL INTELLIGENCE,*,*,<srai>AGIANS</srai>,agians.aiml
0,GENERAL ARTIFICIAL INTELLIGENCE *,*,*,<srai>AGIANS</srai>,agians.aiml
0,GENERAL ARTIFICIAL INTELLIGENCES,*,*,<srai>AGIANS</srai>,agians.aiml
0,GENERAL ARTIFICIAL INTELLIGENCES *,*,*,<srai>AGIANS</srai>,agians.aiml
0,GENERAL MACHINES,*,*,<srai>AGIANS</srai>,agians.aiml
0,GENERAL MACHINES *,*,*,<srai>AGIANS</srai>,agians.aiml
0,GENERAL MACHINE,*,*,<srai>AGIANS</srai>,agians.aiml
0,GENERAL MACHINE *,*,*,<srai>AGIANS</srai>,agians.aiml
0,GENERAL ROBOT,*,*,<srai>AGIANS</srai>,agians.aiml
0,GENERAL ROBOT *,*,*,<srai>AGIANS</srai>,agians.aiml
0,GENERAL ROBOTS,*,*,<srai>AGIANS</srai>,agians.aiml
0,GENERAL ROBOTS *,*,*,<srai>AGIANS</srai>,agians.aiml
0,GENERAL * AI,*,*,<srai>AGIANS</srai>,agians.aiml
0,GENERAL * AI *,*,*,<srai>AGIANS</srai>,agians.aiml
0,GENERAL * AIS,*,*,<srai>AGIANS</srai>,agians.aiml
0,GENERAL * AIS *,*,*,<srai>AGIANS</srai>,agians.aiml
0,GENERAL * A.I.,*,*,<srai>AGIANS</srai>,agians.aiml
0,GENERAL * A.I. *,*,*,<srai>AGIANS</srai>,agians.aiml
0,GENERAL * ARTIFICIAL INTELLIGENCE,*,*,<srai>AGIANS</srai>,agians.aiml
0,GENERAL * ARTIFICIAL INTELLIGENCE *,*,*,<srai>AGIANS</srai>,agians.aiml
0,GENERAL * ARTIFICIAL INTELLIGENCES,*,*,<srai>AGIANS</srai>,agians.aiml
0,GENERAL * ARTIFICIAL INTELLIGENCES *,*,*,<srai>AGIANS</srai>,agians.aiml
0,GENERAL * MACHINES,*,*,<srai>AGIANS</srai>,agians.aiml
0,GENERAL * MACHINES *,*,*,<srai>AGIANS</srai>,agians.aiml
0,GENERAL * MACHINE,*,*,<srai>AGIANS</srai>,agians.aiml
0,GENERAL * MACHINE *,*,*,<srai>AGIANS</srai>,agians.aiml
0,GENERAL * ROBOT,*,*,<srai>AGIANS</srai>,agians.aiml
0,GENERAL * ROBOT *,*,*,<srai>AGIANS</srai>,agians.aiml
0,GENERAL * ROBOTS,*,*,<srai>AGIANS</srai>,agians.aiml
0,GENERAL * ROBOTS *,*,*,<srai>AGIANS</srai>,agians.aiml
0,ALL-ENCOMPASSIVE AI,*,*,<srai>AGIANS</srai>,agians.aiml
0,ALL-ENCOMPASSIVE AI *,*,*,<srai>AGIANS</srai>,agians.aiml
0,ALL-ENCOMPASSIVE AIS,*,*,<srai>AGIANS</srai>,agians.aiml
0,ALL-ENCOMPASSIVE AIS *,*,*,<srai>AGIANS</srai>,agians.aiml
0,ALL-ENCOMPASSIVE A.I.,*,*,<srai>AGIANS</srai>,agians.aiml
0,ALL-ENCOMPASSIVE A.I. *,*,*,<srai>AGIANS</srai>,agians.aiml
0,ALL-ENCOMPASSIVE ARTIFICIAL INTELLIGENCE,*,*,<srai>AGIANS</srai>,agians.aiml
0,ALL-ENCOMPASSIVE ARTIFICIAL INTELLIGENCE *,*,*,<srai>AGIANS</srai>,agians.aiml
0,ALL-ENCOMPASSIVE ARTIFICIAL INTELLIGENCES,*,*,<srai>AGIANS</srai>,agians.aiml
0,ALL-ENCOMPASSIVE ARTIFICIAL INTELLIGENCES *,*,*,<srai>AGIANS</srai>,agians.aiml
0,ALL-ENCOMPASSIVE MACHINES,*,*,<srai>AGIANS</srai>,agians.aiml
0,ALL-ENCOMPASSIVE MACHINES *,*,*,<srai>AGIANS</srai>,agians.aiml
0,ALL-ENCOMPASSIVE MACHINE,*,*,<srai>AGIANS</srai>,agians.aiml
0,ALL-ENCOMPASSIVE MACHINE *,*,*,<srai>AGIANS</srai>,agians.aiml
0,ALL-ENCOMPASSIVE ROBOT,*,*,<srai>AGIANS</srai>,agians.aiml
0,ALL-ENCOMPASSIVE ROBOT *,*,*,<srai>AGIANS</srai>,agians.aiml
0,ALL-ENCOMPASSIVE ROBOTS,*,*,<srai>AGIANS</srai>,agians.aiml
0,ALL-ENCOMPASSIVE ROBOTS *,*,*,<srai>AGIANS</srai>,agians.aiml
0,ALL-ENCOMPASSIVE * AI,*,*,<srai>AGIANS</srai>,agians.aiml
0,ALL-ENCOMPASSIVE * AI *,*,*,<srai>AGIANS</srai>,agians.aiml
0,ALL-ENCOMPASSIVE * AIS,*,*,<srai>AGIANS</srai>,agians.aiml
0,ALL-ENCOMPASSIVE * AIS *,*,*,<srai>AGIANS</srai>,agians.aiml
0,ALL-ENCOMPASSIVE * A.I.,*,*,<srai>AGIANS</srai>,agians.aiml
0,ALL-ENCOMPASSIVE * A.I. *,*,*,<srai>AGIANS</srai>,agians.aiml
0,ALL-ENCOMPASSIVE * ARTIFICIAL INTELLIGENCE,*,*,<srai>AGIANS</srai>,agians.aiml
0,ALL-ENCOMPASSIVE * ARTIFICIAL INTELLIGENCE *,*,*,<srai>AGIANS</srai>,agians.aiml
0,ALL-ENCOMPASSIVE * ARTIFICIAL INTELLIGENCES,*,*,<srai>AGIANS</srai>,agians.aiml
0,ALL-ENCOMPASSIVE * ARTIFICIAL INTELLIGENCES *,*,*,<srai>AGIANS</srai>,agians.aiml
0,ALL-ENCOMPASSIVE * MACHINES,*,*,<srai>AGIANS</srai>,agians.aiml
0,ALL-ENCOMPASSIVE * MACHINES *,*,*,<srai>AGIANS</srai>,agians.aiml
0,ALL-ENCOMPASSIVE * MACHINE,*,*,<srai>AGIANS</srai>,agians.aiml
0,ALL-ENCOMPASSIVE * MACHINE *,*,*,<srai>AGIANS</srai>,agians.aiml
0,ALL-ENCOMPASSIVE * ROBOT,*,*,<srai>AGIANS</srai>,agians.aiml
0,ALL-ENCOMPASSIVE * ROBOT *,*,*,<srai>AGIANS</srai>,agians.aiml
0,ALL-ENCOMPASSIVE * ROBOTS,*,*,<srai>AGIANS</srai>,agians.aiml
0,ALL-ENCOMPASSIVE * ROBOTS *,*,*,<srai>AGIANS</srai>,agians.aiml
0,UNIVERSAL AI,*,*,<srai>AGIANS</srai>,agians.aiml
0,UNIVERSAL AI *,*,*,<srai>AGIANS</srai>,agians.aiml
0,UNIVERSAL AIS,*,*,<srai>AGIANS</srai>,agians.aiml
0,UNIVERSAL AIS *,*,*,<srai>AGIANS</srai>,agians.aiml
0,UNIVERSAL A.I.,*,*,<srai>AGIANS</srai>,agians.aiml
0,UNIVERSAL A.I. *,*,*,<srai>AGIANS</srai>,agians.aiml
0,UNIVERSAL ARTIFICIAL INTELLIGENCE,*,*,<srai>AGIANS</srai>,agians.aiml
0,UNIVERSAL ARTIFICIAL INTELLIGENCE *,*,*,<srai>AGIANS</srai>,agians.aiml
0,UNIVERSAL ARTIFICIAL INTELLIGENCES,*,*,<srai>AGIANS</srai>,agians.aiml
0,UNIVERSAL ARTIFICIAL INTELLIGENCES *,*,*,<srai>AGIANS</srai>,agians.aiml
0,UNIVERSAL MACHINES,*,*,<srai>AGIANS</srai>,agians.aiml
0,UNIVERSAL MACHINES *,*,*,<srai>AGIANS</srai>,agians.aiml
0,UNIVERSAL MACHINE *,*,*,<srai>AGIANS</srai>,agians.aiml
0,UNIVERSAL ROBOT,*,*,<srai>AGIANS</srai>,agians.aiml
0,UNIVERSAL ROBOT *,*,*,<srai>AGIANS</srai>,agians.aiml
0,UNIVERSAL ROBOTS,*,*,<srai>AGIANS</srai>,agians.aiml
0,UNIVERSAL ROBOTS *,*,*,<srai>AGIANS</srai>,agians.aiml
0,UNIVERSAL * AI,*,*,<srai>AGIANS</srai>,agians.aiml
0,UNIVERSAL * AI *,*,*,<srai>AGIANS</srai>,agians.aiml
0,UNIVERSAL * AIS,*,*,<srai>AGIANS</srai>,agians.aiml
0,UNIVERSAL * AIS *,*,*,<srai>AGIANS</srai>,agians.aiml
0,UNIVERSAL * A.I.,*,*,<srai>AGIANS</srai>,agians.aiml
0,UNIVERSAL * A.I. *,*,*,<srai>AGIANS</srai>,agians.aiml
0,UNIVERSAL * ARTIFICIAL INTELLIGENCE,*,*,<srai>AGIANS</srai>,agians.aiml
0,UNIVERSAL * ARTIFICIAL INTELLIGENCE *,*,*,<srai>AGIANS</srai>,agians.aiml
0,UNIVERSAL * ARTIFICIAL INTELLIGENCES,*,*,<srai>AGIANS</srai>,agians.aiml
0,UNIVERSAL * ARTIFICIAL INTELLIGENCES *,*,*,<srai>AGIANS</srai>,agians.aiml
0,UNIVERSAL * MACHINES,*,*,<srai>AGIANS</srai>,agians.aiml
0,UNIVERSAL * MACHINES *,*,*,<srai>AGIANS</srai>,agians.aiml
0,UNIVERSAL * MACHINE,*,*,<srai>AGIANS</srai>,agians.aiml
0,UNIVERSAL * MACHINE *,*,*,<srai>AGIANS</srai>,agians.aiml
0,UNIVERSAL * ROBOT,*,*,<srai>AGIANS</srai>,agians.aiml
0,UNIVERSAL * ROBOT *,*,*,<srai>AGIANS</srai>,agians.aiml
0,UNIVERSAL * ROBOTS,*,*,<srai>AGIANS</srai>,agians.aiml
0,UNIVERSAL * ROBOTS *,*,*,<srai>AGIANS</srai>,agians.aiml
0,WIDE AI,*,*,<srai>AGIANS</srai>,agians.aiml
0,WIDE AI *,*,*,<srai>AGIANS</srai>,agians.aiml
0,WIDE AIS,*,*,<srai>AGIANS</srai>,agians.aiml
0,WIDE AIS *,*,*,<srai>AGIANS</srai>,agians.aiml
0,WIDE A.I.,*,*,<srai>AGIANS</srai>,agians.aiml
0,WIDE A.I. *,*,*,<srai>AGIANS</srai>,agians.aiml
0,WIDE ARTIFICIAL INTELLIGENCE,*,*,<srai>AGIANS</srai>,agians.aiml
0,WIDE ARTIFICIAL INTELLIGENCE *,*,*,<srai>AGIANS</srai>,agians.aiml
0,WIDE ARTIFICIAL INTELLIGENCES,*,*,<srai>AGIANS</srai>,agians.aiml
0,WIDE ARTIFICIAL INTELLIGENCES *,*,*,<srai>AGIANS</srai>,agians.aiml
0,WIDE MACHINES,*,*,<srai>AGIANS</srai>,agians.aiml
0,WIDE MACHINES *,*,*,<srai>AGIANS</srai>,agians.aiml
0,WIDE MACHINE,*,*,<srai>AGIANS</srai>,agians.aiml
0,WIDE MACHINE *,*,*,<srai>AGIANS</srai>,agians.aiml
0,WIDE ROBOT,*,*,<srai>AGIANS</srai>,agians.aiml
0,WIDE ROBOT *,*,*,<srai>AGIANS</srai>,agians.aiml
0,WIDE ROBOTS,*,*,<srai>AGIANS</srai>,agians.aiml
0,WIDE ROBOTS *,*,*,<srai>AGIANS</srai>,agians.aiml
0,WIDE * AI,*,*,<srai>AGIANS</srai>,agians.aiml
0,WIDE * AI *,*,*,<srai>AGIANS</srai>,agians.aiml
0,WIDE * AIS,*,*,<srai>AGIANS</srai>,agians.aiml
0,WIDE * AIS *,*,*,<srai>AGIANS</srai>,agians.aiml
0,WIDE * A.I.,*,*,<srai>AGIANS</srai>,agians.aiml
0,WIDE * A.I. *,*,*,<srai>AGIANS</srai>,agians.aiml
0,WIDE * ARTIFICIAL INTELLIGENCE,*,*,<srai>AGIANS</srai>,agians.aiml
0,WIDE * ARTIFICIAL INTELLIGENCE *,*,*,<srai>AGIANS</srai>,agians.aiml
0,WIDE * ARTIFICIAL INTELLIGENCES,*,*,<srai>AGIANS</srai>,agians.aiml
0,WIDE * ARTIFICIAL INTELLIGENCES *,*,*,<srai>AGIANS</srai>,agians.aiml
0,WIDE * MACHINES,*,*,<srai>AGIANS</srai>,agians.aiml
0,WIDE * MACHINES *,*,*,<srai>AGIANS</srai>,agians.aiml
0,WIDE * MACHINE,*,*,<srai>AGIANS</srai>,agians.aiml
0,WIDE * MACHINE *,*,*,<srai>AGIANS</srai>,agians.aiml
0,WIDE * ROBOT,*,*,<srai>AGIANS</srai>,agians.aiml
0,WIDE * ROBOT *,*,*,<srai>AGIANS</srai>,agians.aiml
0,WIDE * ROBOTS,*,*,<srai>AGIANS</srai>,agians.aiml
0,WIDE * ROBOTS *,*,*,<srai>AGIANS</srai>,agians.aiml
0,SPECIFIC AI,*,*,<srai>AGIANS</srai>,agians.aiml
0,SPECIFIC AI *,*,*,<srai>AGIANS</srai>,agians.aiml
0,SPECIFIC AIS,*,*,<srai>AGIANS</srai>,agians.aiml
0,SPECIFIC AIS *,*,*,<srai>AGIANS</srai>,agians.aiml
0,SPECIFIC A.I.,*,*,<srai>AGIANS</srai>,agians.aiml
0,SPECIFIC A.I. *,*,*,<srai>AGIANS</srai>,agians.aiml
0,SPECIFIC ARTIFICIAL INTELLIGENCE,*,*,<srai>AGIANS</srai>,agians.aiml
0,SPECIFIC ARTIFICIAL INTELLIGENCE *,*,*,<srai>AGIANS</srai>,agians.aiml
0,SPECIFIC ARTIFICIAL INTELLIGENCES,*,*,<srai>AGIANS</srai>,agians.aiml
0,SPECIFIC ARTIFICIAL INTELLIGENCES *,*,*,<srai>AGIANS</srai>,agians.aiml
0,SPECIFIC MACHINES,*,*,<srai>AGIANS</srai>,agians.aiml
0,SPECIFIC MACHINES *,*,*,<srai>AGIANS</srai>,agians.aiml
0,SPECIFIC MACHINE,*,*,<srai>AGIANS</srai>,agians.aiml
0,SPECIFIC MACHINE *,*,*,<srai>AGIANS</srai>,agians.aiml
0,SPECIFIC ROBOT,*,*,<srai>AGIANS</srai>,agians.aiml
0,SPECIFIC ROBOT *,*,*,<srai>AGIANS</srai>,agians.aiml
0,SPECIFIC ROBOTS,*,*,<srai>AGIANS</srai>,agians.aiml
0,SPECIFIC ROBOTS *,*,*,<srai>AGIANS</srai>,agians.aiml
0,SPECIFIC * AI,*,*,<srai>AGIANS</srai>,agians.aiml
0,SPECIFIC * AI *,*,*,<srai>AGIANS</srai>,agians.aiml
0,SPECIFIC * AIS,*,*,<srai>AGIANS</srai>,agians.aiml
0,SPECIFIC * AIS *,*,*,<srai>AGIANS</srai>,agians.aiml
0,SPECIFIC * A.I.,*,*,<srai>AGIANS</srai>,agians.aiml
0,SPECIFIC * A.I. *,*,*,<srai>AGIANS</srai>,agians.aiml
0,SPECIFIC * ARTIFICIAL INTELLIGENCE,*,*,<srai>AGIANS</srai>,agians.aiml
0,SPECIFIC * ARTIFICIAL INTELLIGENCE *,*,*,<srai>AGIANS</srai>,agians.aiml
0,SPECIFIC * ARTIFICIAL INTELLIGENCES,*,*,<srai>AGIANS</srai>,agians.aiml
0,SPECIFIC * ARTIFICIAL INTELLIGENCES *,*,*,<srai>AGIANS</srai>,agians.aiml
0,SPECIFIC * MACHINES,*,*,<srai>AGIANS</srai>,agians.aiml
0,SPECIFIC * MACHINES *,*,*,<srai>AGIANS</srai>,agians.aiml
0,SPECIFIC * MACHINE,*,*,<srai>AGIANS</srai>,agians.aiml
0,SPECIFIC * MACHINE *,*,*,<srai>AGIANS</srai>,agians.aiml
0,SPECIFIC * ROBOT,*,*,<srai>AGIANS</srai>,agians.aiml
0,SPECIFIC * ROBOT *,*,*,<srai>AGIANS</srai>,agians.aiml
0,SPECIFIC * ROBOTS,*,*,<srai>AGIANS</srai>,agians.aiml
0,SPECIFIC * ROBOTS *,*,*,<srai>AGIANS</srai>,agians.aiml
0,INDIVIDUAL AI,*,*,<srai>AGIANS</srai>,agians.aiml
0,INDIVIDUAL AI *,*,*,<srai>AGIANS</srai>,agians.aiml
0,INDIVIDUAL AIS,*,*,<srai>AGIANS</srai>,agians.aiml
0,INDIVIDUAL AIS *,*,*,<srai>AGIANS</srai>,agians.aiml
0,INDIVIDUAL A.I.,*,*,<srai>AGIANS</srai>,agians.aiml
0,INDIVIDUAL A.I. *,*,*,<srai>AGIANS</srai>,agians.aiml
0,INDIVIDUAL ARTIFICIAL INTELLIGENCE,*,*,<srai>AGIANS</srai>,agians.aiml
0,INDIVIDUAL ARTIFICIAL INTELLIGENCE *,*,*,<srai>AGIANS</srai>,agians.aiml
0,INDIVIDUAL ARTIFICIAL INTELLIGENCES,*,*,<srai>AGIANS</srai>,agians.aiml
0,INDIVIDUAL ARTIFICIAL INTELLIGENCES *,*,*,<srai>AGIANS</srai>,agians.aiml
0,INDIVIDUAL MACHINES,*,*,<srai>AGIANS</srai>,agians.aiml
0,INDIVIDUAL MACHINES *,*,*,<srai>AGIANS</srai>,agians.aiml
0,INDIVIDUAL MACHINE,*,*,<srai>AGIANS</srai>,agians.aiml
0,INDIVIDUAL MACHINE *,*,*,<srai>AGIANS</srai>,agians.aiml
0,INDIVIDUAL ROBOT,*,*,<srai>AGIANS</srai>,agians.aiml
0,INDIVIDUAL ROBOT *,*,*,<srai>AGIANS</srai>,agians.aiml
0,INDIVIDUAL ROBOTS,*,*,<srai>AGIANS</srai>,agians.aiml
0,INDIVIDUAL ROBOTS *,*,*,<srai>AGIANS</srai>,agians.aiml
0,INDIVIDUAL * AI,*,*,<srai>AGIANS</srai>,agians.aiml
0,INDIVIDUAL * AI *,*,*,<srai>AGIANS</srai>,agians.aiml
0,INDIVIDUAL * AIS,*,*,<srai>AGIANS</srai>,agians.aiml
0,INDIVIDUAL * AIS *,*,*,<srai>AGIANS</srai>,agians.aiml
0,INDIVIDUAL * A.I.,*,*,<srai>AGIANS</srai>,agians.aiml
0,INDIVIDUAL * A.I. *,*,*,<srai>AGIANS</srai>,agians.aiml
0,INDIVIDUAL * ARTIFICIAL INTELLIGENCE,*,*,<srai>AGIANS</srai>,agians.aiml
0,INDIVIDUAL * ARTIFICIAL INTELLIGENCE *,*,*,<srai>AGIANS</srai>,agians.aiml
0,INDIVIDUAL * ARTIFICIAL INTELLIGENCES,*,*,<srai>AGIANS</srai>,agians.aiml
0,INDIVIDUAL * ARTIFICIAL INTELLIGENCES *,*,*,<srai>AGIANS</srai>,agians.aiml
0,INDIVIDUAL * MACHINES,*,*,<srai>AGIANS</srai>,agians.aiml
0,INDIVIDUAL * MACHINES *,*,*,<srai>AGIANS</srai>,agians.aiml
0,INDIVIDUAL * MACHINE,*,*,<srai>AGIANS</srai>,agians.aiml
0,INDIVIDUAL * MACHINE *,*,*,<srai>AGIANS</srai>,agians.aiml
0,INDIVIDUAL * ROBOT,*,*,<srai>AGIANS</srai>,agians.aiml
0,INDIVIDUAL * ROBOT *,*,*,<srai>AGIANS</srai>,agians.aiml
0,INDIVIDUAL * ROBOTS,*,*,<srai>AGIANS</srai>,agians.aiml
0,INDIVIDUAL * ROBOTS *,*,*,<srai>AGIANS</srai>,agians.aiml
0,RESTRICTED AI,*,*,<srai>AGIANS</srai>,agians.aiml
0,RESTRICTED AI *,*,*,<srai>AGIANS</srai>,agians.aiml
0,RESTRICTED AIS,*,*,<srai>AGIANS</srai>,agians.aiml
0,RESTRICTED AIS *,*,*,<srai>AGIANS</srai>,agians.aiml
0,RESTRICTED A.I.,*,*,<srai>AGIANS</srai>,agians.aiml
0,RESTRICTED A.I. *,*,*,<srai>AGIANS</srai>,agians.aiml
0,RESTRICTED ARTIFICIAL INTELLIGENCE,*,*,<srai>AGIANS</srai>,agians.aiml
0,RESTRICTED ARTIFICIAL INTELLIGENCE *,*,*,<srai>AGIANS</srai>,agians.aiml
0,RESTRICTED ARTIFICIAL INTELLIGENCES,*,*,<srai>AGIANS</srai>,agians.aiml
0,RESTRICTED ARTIFICIAL INTELLIGENCES *,*,*,<srai>AGIANS</srai>,agians.aiml
0,RESTRICTED MACHINES,*,*,<srai>AGIANS</srai>,agians.aiml
0,RESTRICTED MACHINES *,*,*,<srai>AGIANS</srai>,agians.aiml
0,RESTRICTED MACHINE,*,*,<srai>AGIANS</srai>,agians.aiml
0,RESTRICTED MACHINE *,*,*,<srai>AGIANS</srai>,agians.aiml
0,RESTRICTED ROBOT,*,*,<srai>AGIANS</srai>,agians.aiml
0,RESTRICTED ROBOT *,*,*,<srai>AGIANS</srai>,agians.aiml
0,RESTRICTED ROBOTS,*,*,<srai>AGIANS</srai>,agians.aiml
0,RESTRICTED ROBOTS *,*,*,<srai>AGIANS</srai>,agians.aiml
0,RESTRICTED * AI,*,*,<srai>AGIANS</srai>,agians.aiml
0,RESTRICTED * AI *,*,*,<srai>AGIANS</srai>,agians.aiml
0,RESTRICTED * AIS,*,*,<srai>AGIANS</srai>,agians.aiml
0,RESTRICTED * AIS *,*,*,<srai>AGIANS</srai>,agians.aiml
0,RESTRICTED * A.I.,*,*,<srai>AGIANS</srai>,agians.aiml
0,RESTRICTED * A.I. *,*,*,<srai>AGIANS</srai>,agians.aiml
0,RESTRICTED * ARTIFICIAL INTELLIGENCE,*,*,<srai>AGIANS</srai>,agians.aiml
0,RESTRICTED * ARTIFICIAL INTELLIGENCE *,*,*,<srai>AGIANS</srai>,agians.aiml
0,RESTRICTED * ARTIFICIAL INTELLIGENCES,*,*,<srai>AGIANS</srai>,agians.aiml
0,RESTRICTED * ARTIFICIAL INTELLIGENCES *,*,*,<srai>AGIANS</srai>,agians.aiml
0,RESTRICTED * MACHINES,*,*,<srai>AGIANS</srai>,agians.aiml
0,RESTRICTED * MACHINES *,*,*,<srai>AGIANS</srai>,agians.aiml
0,RESTRICTED * MACHINE,*,*,<srai>AGIANS</srai>,agians.aiml
0,RESTRICTED * MACHINE *,*,*,<srai>AGIANS</srai>,agians.aiml
0,RESTRICTED * ROBOT,*,*,<srai>AGIANS</srai>,agians.aiml
0,RESTRICTED * ROBOT *,*,*,<srai>AGIANS</srai>,agians.aiml
0,RESTRICTED * ROBOTS,*,*,<srai>AGIANS</srai>,agians.aiml
0,RESTRICTED * ROBOTS *,*,*,<srai>AGIANS</srai>,agians.aiml
0,SPECIALIZED AI,*,*,<srai>AGIANS</srai>,agians.aiml
0,SPECIALIZED AI *,*,*,<srai>AGIANS</srai>,agians.aiml
0,SPECIALIZED AIS,*,*,<srai>AGIANS</srai>,agians.aiml
0,SPECIALIZED AIS *,*,*,<srai>AGIANS</srai>,agians.aiml
0,SPECIALIZED A.I.,*,*,<srai>AGIANS</srai>,agians.aiml
0,SPECIALIZED A.I. *,*,*,<srai>AGIANS</srai>,agians.aiml
0,SPECIALIZED ARTIFICIAL INTELLIGENCE,*,*,<srai>AGIANS</srai>,agians.aiml
0,SPECIALIZED ARTIFICIAL INTELLIGENCE *,*,*,<srai>AGIANS</srai>,agians.aiml
0,SPECIALIZED ARTIFICIAL INTELLIGENCES,*,*,<srai>AGIANS</srai>,agians.aiml
0,SPECIALIZED ARTIFICIAL INTELLIGENCES *,*,*,<srai>AGIANS</srai>,agians.aiml
0,SPECIALIZED MACHINES,*,*,<srai>AGIANS</srai>,agians.aiml
0,SPECIALIZED MACHINES *,*,*,<srai>AGIANS</srai>,agians.aiml
0,SPECIALIZED MACHINE,*,*,<srai>AGIANS</srai>,agians.aiml
0,SPECIALIZED MACHINE *,*,*,<srai>AGIANS</srai>,agians.aiml
0,SPECIALIZED ROBOT,*,*,<srai>AGIANS</srai>,agians.aiml
0,SPECIALIZED ROBOT *,*,*,<srai>AGIANS</srai>,agians.aiml
0,SPECIALIZED ROBOTS,*,*,<srai>AGIANS</srai>,agians.aiml
0,SPECIALIZED ROBOTS *,*,*,<srai>AGIANS</srai>,agians.aiml
0,SPECIALIZED * AI,*,*,<srai>AGIANS</srai>,agians.aiml
0,SPECIALIZED * AI *,*,*,<srai>AGIANS</srai>,agians.aiml
0,SPECIALIZED * AIS,*,*,<srai>AGIANS</srai>,agians.aiml
0,SPECIALIZED * AIS *,*,*,<srai>AGIANS</srai>,agians.aiml
0,SPECIALIZED * A.I.,*,*,<srai>AGIANS</srai>,agians.aiml
0,SPECIALIZED * A.I. *,*,*,<srai>AGIANS</srai>,agians.aiml
0,SPECIALIZED * ARTIFICIAL INTELLIGENCE,*,*,<srai>AGIANS</srai>,agians.aiml
0,SPECIALIZED * ARTIFICIAL INTELLIGENCE *,*,*,<srai>AGIANS</srai>,agians.aiml
0,SPECIALIZED * ARTIFICIAL INTELLIGENCES,*,*,<srai>AGIANS</srai>,agians.aiml
0,SPECIALIZED * ARTIFICIAL INTELLIGENCES *,*,*,<srai>AGIANS</srai>,agians.aiml
0,SPECIALIZED * MACHINES,*,*,<srai>AGIANS</srai>,agians.aiml
0,SPECIALIZED * MACHINES *,*,*,<srai>AGIANS</srai>,agians.aiml
0,SPECIALIZED * MACHINE,*,*,<srai>AGIANS</srai>,agians.aiml
0,SPECIALIZED * MACHINE *,*,*,<srai>AGIANS</srai>,agians.aiml
0,SPECIALIZED * ROBOT,*,*,<srai>AGIANS</srai>,agians.aiml
0,SPECIALIZED * ROBOT *,*,*,<srai>AGIANS</srai>,agians.aiml
0,SPECIALIZED * ROBOTS,*,*,<srai>AGIANS</srai>,agians.aiml
0,SPECIALIZED * ROBOTS *,*,*,<srai>AGIANS</srai>,agians.aiml
0,SPECIALISTS AI,*,*,<srai>AGIANS</srai>,agians.aiml
0,SPECIALISTS AI *,*,*,<srai>AGIANS</srai>,agians.aiml
0,SPECIALISTS AIS,*,*,<srai>AGIANS</srai>,agians.aiml
0,SPECIALISTS AIS *,*,*,<srai>AGIANS</srai>,agians.aiml
0,SPECIALISTS A.I.,*,*,<srai>AGIANS</srai>,agians.aiml
0,SPECIALISTS A.I. *,*,*,<srai>AGIANS</srai>,agians.aiml
0,SPECIALISTS ARTIFICIAL INTELLIGENCE,*,*,<srai>AGIANS</srai>,agians.aiml
0,SPECIALISTS ARTIFICIAL INTELLIGENCE *,*,*,<srai>AGIANS</srai>,agians.aiml
0,SPECIALISTS ARTIFICIAL INTELLIGENCES,*,*,<srai>AGIANS</srai>,agians.aiml
0,SPECIALISTS ARTIFICIAL INTELLIGENCES *,*,*,<srai>AGIANS</srai>,agians.aiml
0,SPECIALISTS MACHINES,*,*,<srai>AGIANS</srai>,agians.aiml
0,SPECIALISTS MACHINES *,*,*,<srai>AGIANS</srai>,agians.aiml
0,SPECIALISTS MACHINE,*,*,<srai>AGIANS</srai>,agians.aiml
0,SPECIALISTS MACHINE *,*,*,<srai>AGIANS</srai>,agians.aiml
0,SPECIALISTS ROBOT,*,*,<srai>AGIANS</srai>,agians.aiml
0,SPECIALISTS ROBOT *,*,*,<srai>AGIANS</srai>,agians.aiml
0,SPECIALISTS ROBOTS,*,*,<srai>AGIANS</srai>,agians.aiml
0,SPECIALISTS ROBOTS *,*,*,<srai>AGIANS</srai>,agians.aiml
0,SPECIALISTS * AI,*,*,<srai>AGIANS</srai>,agians.aiml
0,SPECIALISTS * AI *,*,*,<srai>AGIANS</srai>,agians.aiml
0,SPECIALISTS * AIS,*,*,<srai>AGIANS</srai>,agians.aiml
0,SPECIALISTS * AIS *,*,*,<srai>AGIANS</srai>,agians.aiml
0,SPECIALISTS * A.I.,*,*,<srai>AGIANS</srai>,agians.aiml
0,SPECIALISTS * A.I. *,*,*,<srai>AGIANS</srai>,agians.aiml
0,SPECIALISTS * ARTIFICIAL INTELLIGENCE,*,*,<srai>AGIANS</srai>,agians.aiml
0,SPECIALISTS * ARTIFICIAL INTELLIGENCE *,*,*,<srai>AGIANS</srai>,agians.aiml
0,SPECIALISTS * ARTIFICIAL INTELLIGENCES,*,*,<srai>AGIANS</srai>,agians.aiml
0,SPECIALISTS * ARTIFICIAL INTELLIGENCES *,*,*,<srai>AGIANS</srai>,agians.aiml
0,SPECIALISTS * MACHINES,*,*,<srai>AGIANS</srai>,agians.aiml
0,SPECIALISTS * MACHINES *,*,*,<srai>AGIANS</srai>,agians.aiml
0,SPECIALISTS * MACHINE,*,*,<srai>AGIANS</srai>,agians.aiml
0,SPECIALISTS * MACHINE *,*,*,<srai>AGIANS</srai>,agians.aiml
0,SPECIALISTS * ROBOT,*,*,<srai>AGIANS</srai>,agians.aiml
0,SPECIALISTS * ROBOT *,*,*,<srai>AGIANS</srai>,agians.aiml
0,SPECIALISTS * ROBOTS,*,*,<srai>AGIANS</srai>,agians.aiml
0,SPECIALISTS * ROBOTS *,*,*,<srai>AGIANS</srai>,agians.aiml
0,* GENERIC AI,*,*,<srai>AGIANS</srai>,agians.aiml
0,* GENERIC AI *,*,*,<srai>AGIANS</srai>,agians.aiml
0,* GENERIC AIS,*,*,<srai>AGIANS</srai>,agians.aiml
0,* GENERIC AIS *,*,*,<srai>AGIANS</srai>,agians.aiml
0,* GENERIC A.I.,*,*,<srai>AGIANS</srai>,agians.aiml
0,* GENERIC A.I. *,*,*,<srai>AGIANS</srai>,agians.aiml
0,* GENERIC ARTIFICIAL INTELLIGENCE,*,*,<srai>AGIANS</srai>,agians.aiml
0,* GENERIC ARTIFICIAL INTELLIGENCE *,*,*,<srai>AGIANS</srai>,agians.aiml
0,* GENERIC ARTIFICIAL INTELLIGENCES,*,*,<srai>AGIANS</srai>,agians.aiml
0,* GENERIC ARTIFICIAL INTELLIGENCES *,*,*,<srai>AGIANS</srai>,agians.aiml
0,* GENERIC MACHINES,*,*,<srai>AGIANS</srai>,agians.aiml
0,* GENERIC MACHINES *,*,*,<srai>AGIANS</srai>,agians.aiml
0,* GENERIC MACHINE,*,*,<srai>AGIANS</srai>,agians.aiml
0,* GENERIC MACHINE *,*,*,<srai>AGIANS</srai>,agians.aiml
0,* GENERIC ROBOT,*,*,<srai>AGIANS</srai>,agians.aiml
0,* GENERIC ROBOT *,*,*,<srai>AGIANS</srai>,agians.aiml
0,* GENERIC ROBOTS,*,*,<srai>AGIANS</srai>,agians.aiml
0,* GENERIC ROBOTS *,*,*,<srai>AGIANS</srai>,agians.aiml
0,* GENERIC * AI,*,*,<srai>AGIANS</srai>,agians.aiml
0,* GENERIC * AI *,*,*,<srai>AGIANS</srai>,agians.aiml
0,* GENERIC * AIS,*,*,<srai>AGIANS</srai>,agians.aiml
0,* GENERIC * AIS *,*,*,<srai>AGIANS</srai>,agians.aiml
0,* GENERIC * A.I.,*,*,<srai>AGIANS</srai>,agians.aiml
0,* GENERIC * A.I. *,*,*,<srai>AGIANS</srai>,agians.aiml
0,* GENERIC * ARTIFICIAL INTELLIGENCE,*,*,<srai>AGIANS</srai>,agians.aiml
0,* GENERIC * ARTIFICIAL INTELLIGENCE *,*,*,<srai>AGIANS</srai>,agians.aiml
0,* GENERIC * ARTIFICIAL INTELLIGENCES,*,*,<srai>AGIANS</srai>,agians.aiml
0,* GENERIC * ARTIFICIAL INTELLIGENCES *,*,*,<srai>AGIANS</srai>,agians.aiml
0,* GENERIC * MACHINES,*,*,<srai>AGIANS</srai>,agians.aiml
0,* GENERIC * MACHINES *,*,*,<srai>AGIANS</srai>,agians.aiml
0,* GENERIC * MACHINE,*,*,<srai>AGIANS</srai>,agians.aiml
0,* GENERIC * MACHINE *,*,*,<srai>AGIANS</srai>,agians.aiml
0,* GENERIC * ROBOT,*,*,<srai>AGIANS</srai>,agians.aiml
0,* GENERIC * ROBOT *,*,*,<srai>AGIANS</srai>,agians.aiml
0,* GENERIC * ROBOTS,*,*,<srai>AGIANS</srai>,agians.aiml
0,* GENERIC * ROBOTS *,*,*,<srai>AGIANS</srai>,agians.aiml
0,* GENERAL AI,*,*,<srai>AGIANS</srai>,agians.aiml
0,* GENERAL AI *,*,*,<srai>AGIANS</srai>,agians.aiml
0,* GENERAL AIS,*,*,<srai>AGIANS</srai>,agians.aiml
0,* GENERAL AIS *,*,*,<srai>AGIANS</srai>,agians.aiml
0,* GENERAL A.I.,*,*,<srai>AGIANS</srai>,agians.aiml
0,* GENERAL A.I. *,*,*,<srai>AGIANS</srai>,agians.aiml
0,* GENERAL ARTIFICIAL INTELLIGENCE,*,*,<srai>AGIANS</srai>,agians.aiml
0,* GENERAL ARTIFICIAL INTELLIGENCE *,*,*,<srai>AGIANS</srai>,agians.aiml
0,* GENERAL ARTIFICIAL INTELLIGENCES,*,*,<srai>AGIANS</srai>,agians.aiml
0,* GENERAL ARTIFICIAL INTELLIGENCES *,*,*,<srai>AGIANS</srai>,agians.aiml
0,* GENERAL MACHINES,*,*,<srai>AGIANS</srai>,agians.aiml
0,* GENERAL MACHINES *,*,*,<srai>AGIANS</srai>,agians.aiml
0,* GENERAL MACHINE,*,*,<srai>AGIANS</srai>,agians.aiml
0,* GENERAL MACHINE *,*,*,<srai>AGIANS</srai>,agians.aiml
0,* GENERAL ROBOT,*,*,<srai>AGIANS</srai>,agians.aiml
0,* GENERAL ROBOT *,*,*,<srai>AGIANS</srai>,agians.aiml
0,* GENERAL ROBOTS,*,*,<srai>AGIANS</srai>,agians.aiml
0,* GENERAL ROBOTS *,*,*,<srai>AGIANS</srai>,agians.aiml
0,* GENERAL * AI,*,*,<srai>AGIANS</srai>,agians.aiml
0,* GENERAL * AI *,*,*,<srai>AGIANS</srai>,agians.aiml
0,* GENERAL * AIS,*,*,<srai>AGIANS</srai>,agians.aiml
0,* GENERAL * AIS *,*,*,<srai>AGIANS</srai>,agians.aiml
0,* GENERAL * A.I.,*,*,<srai>AGIANS</srai>,agians.aiml
0,* GENERAL * A.I. *,*,*,<srai>AGIANS</srai>,agians.aiml
0,* GENERAL * ARTIFICIAL INTELLIGENCE,*,*,<srai>AGIANS</srai>,agians.aiml
0,* GENERAL * ARTIFICIAL INTELLIGENCE *,*,*,<srai>AGIANS</srai>,agians.aiml
0,* GENERAL * ARTIFICIAL INTELLIGENCES,*,*,<srai>AGIANS</srai>,agians.aiml
0,* GENERAL * ARTIFICIAL INTELLIGENCES *,*,*,<srai>AGIANS</srai>,agians.aiml
0,* GENERAL * MACHINES,*,*,<srai>AGIANS</srai>,agians.aiml
0,* GENERAL * MACHINES *,*,*,<srai>AGIANS</srai>,agians.aiml
0,* GENERAL * MACHINE,*,*,<srai>AGIANS</srai>,agians.aiml
0,* GENERAL * MACHINE *,*,*,<srai>AGIANS</srai>,agians.aiml
0,* GENERAL * ROBOT,*,*,<srai>AGIANS</srai>,agians.aiml
0,* GENERAL * ROBOT *,*,*,<srai>AGIANS</srai>,agians.aiml
0,* GENERAL * ROBOTS,*,*,<srai>AGIANS</srai>,agians.aiml
0,* GENERAL * ROBOTS *,*,*,<srai>AGIANS</srai>,agians.aiml
0,* ALL-ENCOMPASSIVE AI,*,*,<srai>AGIANS</srai>,agians.aiml
0,* ALL-ENCOMPASSIVE AI *,*,*,<srai>AGIANS</srai>,agians.aiml
0,* ALL-ENCOMPASSIVE AIS,*,*,<srai>AGIANS</srai>,agians.aiml
0,* ALL-ENCOMPASSIVE AIS *,*,*,<srai>AGIANS</srai>,agians.aiml
0,* ALL-ENCOMPASSIVE A.I.,*,*,<srai>AGIANS</srai>,agians.aiml
0,* ALL-ENCOMPASSIVE A.I. *,*,*,<srai>AGIANS</srai>,agians.aiml
0,* ALL-ENCOMPASSIVE ARTIFICIAL INTELLIGENCE,*,*,<srai>AGIANS</srai>,agians.aiml
0,* ALL-ENCOMPASSIVE ARTIFICIAL INTELLIGENCE *,*,*,<srai>AGIANS</srai>,agians.aiml
0,* ALL-ENCOMPASSIVE ARTIFICIAL INTELLIGENCES,*,*,<srai>AGIANS</srai>,agians.aiml
0,* ALL-ENCOMPASSIVE ARTIFICIAL INTELLIGENCES *,*,*,<srai>AGIANS</srai>,agians.aiml
0,* ALL-ENCOMPASSIVE MACHINES,*,*,<srai>AGIANS</srai>,agians.aiml
0,* ALL-ENCOMPASSIVE MACHINES *,*,*,<srai>AGIANS</srai>,agians.aiml
0,* ALL-ENCOMPASSIVE MACHINE,*,*,<srai>AGIANS</srai>,agians.aiml
0,* ALL-ENCOMPASSIVE MACHINE *,*,*,<srai>AGIANS</srai>,agians.aiml
0,* ALL-ENCOMPASSIVE ROBOT,*,*,<srai>AGIANS</srai>,agians.aiml
0,* ALL-ENCOMPASSIVE ROBOT *,*,*,<srai>AGIANS</srai>,agians.aiml
0,* ALL-ENCOMPASSIVE ROBOTS,*,*,<srai>AGIANS</srai>,agians.aiml
0,* ALL-ENCOMPASSIVE ROBOTS *,*,*,<srai>AGIANS</srai>,agians.aiml
0,* ALL-ENCOMPASSIVE * AI,*,*,<srai>AGIANS</srai>,agians.aiml
0,* ALL-ENCOMPASSIVE * AI *,*,*,<srai>AGIANS</srai>,agians.aiml
0,* ALL-ENCOMPASSIVE * AIS,*,*,<srai>AGIANS</srai>,agians.aiml
0,* ALL-ENCOMPASSIVE * AIS *,*,*,<srai>AGIANS</srai>,agians.aiml
0,* ALL-ENCOMPASSIVE * A.I.,*,*,<srai>AGIANS</srai>,agians.aiml
0,* ALL-ENCOMPASSIVE * A.I. *,*,*,<srai>AGIANS</srai>,agians.aiml
0,* ALL-ENCOMPASSIVE * ARTIFICIAL INTELLIGENCE,*,*,<srai>AGIANS</srai>,agians.aiml
0,* ALL-ENCOMPASSIVE * ARTIFICIAL INTELLIGENCE *,*,*,<srai>AGIANS</srai>,agians.aiml
0,* ALL-ENCOMPASSIVE * ARTIFICIAL INTELLIGENCES,*,*,<srai>AGIANS</srai>,agians.aiml
0,* ALL-ENCOMPASSIVE * ARTIFICIAL INTELLIGENCES *,*,*,<srai>AGIANS</srai>,agians.aiml
0,* ALL-ENCOMPASSIVE * MACHINES,*,*,<srai>AGIANS</srai>,agians.aiml
0,* ALL-ENCOMPASSIVE * MACHINES *,*,*,<srai>AGIANS</srai>,agians.aiml
0,* ALL-ENCOMPASSIVE * MACHINE,*,*,<srai>AGIANS</srai>,agians.aiml
0,* ALL-ENCOMPASSIVE * MACHINE *,*,*,<srai>AGIANS</srai>,agians.aiml
0,* ALL-ENCOMPASSIVE * ROBOT,*,*,<srai>AGIANS</srai>,agians.aiml
0,* ALL-ENCOMPASSIVE * ROBOT *,*,*,<srai>AGIANS</srai>,agians.aiml
0,* ALL-ENCOMPASSIVE * ROBOTS,*,*,<srai>AGIANS</srai>,agians.aiml
0,* ALL-ENCOMPASSIVE * ROBOTS *,*,*,<srai>AGIANS</srai>,agians.aiml
0,* UNIVERSAL AI,*,*,<srai>AGIANS</srai>,agians.aiml
0,* UNIVERSAL AI *,*,*,<srai>AGIANS</srai>,agians.aiml
0,* UNIVERSAL AIS,*,*,<srai>AGIANS</srai>,agians.aiml
0,* UNIVERSAL AIS *,*,*,<srai>AGIANS</srai>,agians.aiml
0,* UNIVERSAL A.I.,*,*,<srai>AGIANS</srai>,agians.aiml
0,* UNIVERSAL A.I. *,*,*,<srai>AGIANS</srai>,agians.aiml
0,* UNIVERSAL ARTIFICIAL INTELLIGENCE,*,*,<srai>AGIANS</srai>,agians.aiml
0,* UNIVERSAL ARTIFICIAL INTELLIGENCE *,*,*,<srai>AGIANS</srai>,agians.aiml
0,* UNIVERSAL ARTIFICIAL INTELLIGENCES,*,*,<srai>AGIANS</srai>,agians.aiml
0,* UNIVERSAL ARTIFICIAL INTELLIGENCES *,*,*,<srai>AGIANS</srai>,agians.aiml
0,* UNIVERSAL MACHINES,*,*,<srai>AGIANS</srai>,agians.aiml
0,* UNIVERSAL MACHINES *,*,*,<srai>AGIANS</srai>,agians.aiml
0,* UNIVERSAL MACHINE,*,*,<srai>AGIANS</srai>,agians.aiml
0,* UNIVERSAL MACHINE *,*,*,<srai>AGIANS</srai>,agians.aiml
0,* UNIVERSAL ROBOT,*,*,<srai>AGIANS</srai>,agians.aiml
0,* UNIVERSAL ROBOT *,*,*,<srai>AGIANS</srai>,agians.aiml
0,* UNIVERSAL ROBOTS,*,*,<srai>AGIANS</srai>,agians.aiml
0,* UNIVERSAL ROBOTS *,*,*,<srai>AGIANS</srai>,agians.aiml
0,* UNIVERSAL * AI,*,*,<srai>AGIANS</srai>,agians.aiml
0,* UNIVERSAL * AI *,*,*,<srai>AGIANS</srai>,agians.aiml
0,* UNIVERSAL * AIS,*,*,<srai>AGIANS</srai>,agians.aiml
0,* UNIVERSAL * AIS *,*,*,<srai>AGIANS</srai>,agians.aiml
0,* UNIVERSAL * A.I.,*,*,<srai>AGIANS</srai>,agians.aiml
0,* UNIVERSAL * A.I. *,*,*,<srai>AGIANS</srai>,agians.aiml
0,* UNIVERSAL * ARTIFICIAL INTELLIGENCE,*,*,<srai>AGIANS</srai>,agians.aiml
0,* UNIVERSAL * ARTIFICIAL INTELLIGENCE *,*,*,<srai>AGIANS</srai>,agians.aiml
0,* UNIVERSAL * ARTIFICIAL INTELLIGENCES,*,*,<srai>AGIANS</srai>,agians.aiml
0,* UNIVERSAL * ARTIFICIAL INTELLIGENCES *,*,*,<srai>AGIANS</srai>,agians.aiml
0,* UNIVERSAL * MACHINES,*,*,<srai>AGIANS</srai>,agians.aiml
0,* UNIVERSAL * MACHINES *,*,*,<srai>AGIANS</srai>,agians.aiml
0,* UNIVERSAL * MACHINE,*,*,<srai>AGIANS</srai>,agians.aiml
0,* UNIVERSAL * MACHINE *,*,*,<srai>AGIANS</srai>,agians.aiml
0,* UNIVERSAL * ROBOT,*,*,<srai>AGIANS</srai>,agians.aiml
0,* UNIVERSAL * ROBOT *,*,*,<srai>AGIANS</srai>,agians.aiml
0,* UNIVERSAL * ROBOTS,*,*,<srai>AGIANS</srai>,agians.aiml
0,* UNIVERSAL * ROBOTS *,*,*,<srai>AGIANS</srai>,agians.aiml
0,* WIDE AI,*,*,<srai>AGIANS</srai>,agians.aiml
0,* WIDE AI *,*,*,<srai>AGIANS</srai>,agians.aiml
0,* WIDE AIS,*,*,<srai>AGIANS</srai>,agians.aiml
0,* WIDE AIS *,*,*,<srai>AGIANS</srai>,agians.aiml
0,* WIDE A.I.,*,*,<srai>AGIANS</srai>,agians.aiml
0,* WIDE A.I. *,*,*,<srai>AGIANS</srai>,agians.aiml
0,* WIDE ARTIFICIAL INTELLIGENCE,*,*,<srai>AGIANS</srai>,agians.aiml
0,* WIDE ARTIFICIAL INTELLIGENCE *,*,*,<srai>AGIANS</srai>,agians.aiml
0,* WIDE ARTIFICIAL INTELLIGENCES,*,*,<srai>AGIANS</srai>,agians.aiml
0,* WIDE ARTIFICIAL INTELLIGENCES *,*,*,<srai>AGIANS</srai>,agians.aiml
0,* WIDE MACHINES,*,*,<srai>AGIANS</srai>,agians.aiml
0,* WIDE MACHINES *,*,*,<srai>AGIANS</srai>,agians.aiml
0,* WIDE MACHINE,*,*,<srai>AGIANS</srai>,agians.aiml
0,* WIDE MACHINE *,*,*,<srai>AGIANS</srai>,agians.aiml
0,* WIDE ROBOT,*,*,<srai>AGIANS</srai>,agians.aiml
0,* WIDE ROBOT *,*,*,<srai>AGIANS</srai>,agians.aiml
0,* WIDE ROBOTS,*,*,<srai>AGIANS</srai>,agians.aiml
0,* WIDE ROBOTS *,*,*,<srai>AGIANS</srai>,agians.aiml
0,* WIDE * AI,*,*,<srai>AGIANS</srai>,agians.aiml
0,* WIDE * AI *,*,*,<srai>AGIANS</srai>,agians.aiml
0,* WIDE * AIS,*,*,<srai>AGIANS</srai>,agians.aiml
0,* WIDE * AIS *,*,*,<srai>AGIANS</srai>,agians.aiml
0,* WIDE * A.I.,*,*,<srai>AGIANS</srai>,agians.aiml
0,* WIDE * A.I. *,*,*,<srai>AGIANS</srai>,agians.aiml
0,* WIDE * ARTIFICIAL INTELLIGENCE,*,*,<srai>AGIANS</srai>,agians.aiml
0,* WIDE * ARTIFICIAL INTELLIGENCE *,*,*,<srai>AGIANS</srai>,agians.aiml
0,* WIDE * ARTIFICIAL INTELLIGENCES,*,*,<srai>AGIANS</srai>,agians.aiml
0,* WIDE * ARTIFICIAL INTELLIGENCES *,*,*,<srai>AGIANS</srai>,agians.aiml
0,* WIDE * MACHINES,*,*,<srai>AGIANS</srai>,agians.aiml
0,* WIDE * MACHINES *,*,*,<srai>AGIANS</srai>,agians.aiml
0,* WIDE * MACHINE,*,*,<srai>AGIANS</srai>,agians.aiml
0,* WIDE * MACHINE *,*,*,<srai>AGIANS</srai>,agians.aiml
0,* WIDE * ROBOT,*,*,<srai>AGIANS</srai>,agians.aiml
0,* WIDE * ROBOT *,*,*,<srai>AGIANS</srai>,agians.aiml
0,* WIDE * ROBOTS,*,*,<srai>AGIANS</srai>,agians.aiml
0,* WIDE * ROBOTS *,*,*,<srai>AGIANS</srai>,agians.aiml
0,* SPECIFIC AI,*,*,<srai>AGIANS</srai>,agians.aiml
0,* SPECIFIC AI *,*,*,<srai>AGIANS</srai>,agians.aiml
0,* SPECIFIC AIS,*,*,<srai>AGIANS</srai>,agians.aiml
0,* SPECIFIC AIS *,*,*,<srai>AGIANS</srai>,agians.aiml
0,* SPECIFIC A.I.,*,*,<srai>AGIANS</srai>,agians.aiml
0,* SPECIFIC A.I. *,*,*,<srai>AGIANS</srai>,agians.aiml
0,* SPECIFIC ARTIFICIAL INTELLIGENCE,*,*,<srai>AGIANS</srai>,agians.aiml
0,* SPECIFIC ARTIFICIAL INTELLIGENCE *,*,*,<srai>AGIANS</srai>,agians.aiml
0,* SPECIFIC ARTIFICIAL INTELLIGENCES,*,*,<srai>AGIANS</srai>,agians.aiml
0,* SPECIFIC ARTIFICIAL INTELLIGENCES *,*,*,<srai>AGIANS</srai>,agians.aiml
0,* SPECIFIC MACHINES,*,*,<srai>AGIANS</srai>,agians.aiml
0,* SPECIFIC MACHINES *,*,*,<srai>AGIANS</srai>,agians.aiml
0,* SPECIFIC MACHINE,*,*,<srai>AGIANS</srai>,agians.aiml
0,* SPECIFIC MACHINE *,*,*,<srai>AGIANS</srai>,agians.aiml
0,* SPECIFIC ROBOT,*,*,<srai>AGIANS</srai>,agians.aiml
0,* SPECIFIC ROBOT *,*,*,<srai>AGIANS</srai>,agians.aiml
0,* SPECIFIC ROBOTS,*,*,<srai>AGIANS</srai>,agians.aiml
0,* SPECIFIC ROBOTS *,*,*,<srai>AGIANS</srai>,agians.aiml
0,* SPECIFIC * AI,*,*,<srai>AGIANS</srai>,agians.aiml
0,* SPECIFIC * AI *,*,*,<srai>AGIANS</srai>,agians.aiml
0,* SPECIFIC * AIS,*,*,<srai>AGIANS</srai>,agians.aiml
0,* SPECIFIC * AIS *,*,*,<srai>AGIANS</srai>,agians.aiml
0,* SPECIFIC * A.I.,*,*,<srai>AGIANS</srai>,agians.aiml
0,* SPECIFIC * A.I. *,*,*,<srai>AGIANS</srai>,agians.aiml
0,* SPECIFIC * ARTIFICIAL INTELLIGENCE,*,*,<srai>AGIANS</srai>,agians.aiml
0,* SPECIFIC * ARTIFICIAL INTELLIGENCE *,*,*,<srai>AGIANS</srai>,agians.aiml
0,* SPECIFIC * ARTIFICIAL INTELLIGENCES,*,*,<srai>AGIANS</srai>,agians.aiml
0,* SPECIFIC * ARTIFICIAL INTELLIGENCES *,*,*,<srai>AGIANS</srai>,agians.aiml
0,* SPECIFIC * MACHINES,*,*,<srai>AGIANS</srai>,agians.aiml
0,* SPECIFIC * MACHINES *,*,*,<srai>AGIANS</srai>,agians.aiml
0,* SPECIFIC * MACHINE,*,*,<srai>AGIANS</srai>,agians.aiml
0,* SPECIFIC * MACHINE *,*,*,<srai>AGIANS</srai>,agians.aiml
0,* SPECIFIC * ROBOT,*,*,<srai>AGIANS</srai>,agians.aiml
0,* SPECIFIC * ROBOT *,*,*,<srai>AGIANS</srai>,agians.aiml
0,* SPECIFIC * ROBOTS,*,*,<srai>AGIANS</srai>,agians.aiml
0,* SPECIFIC * ROBOTS *,*,*,<srai>AGIANS</srai>,agians.aiml
0,* INDIVIDUAL AI,*,*,<srai>AGIANS</srai>,agians.aiml
0,* INDIVIDUAL AI *,*,*,<srai>AGIANS</srai>,agians.aiml
0,* INDIVIDUAL AIS,*,*,<srai>AGIANS</srai>,agians.aiml
0,* INDIVIDUAL AIS *,*,*,<srai>AGIANS</srai>,agians.aiml
0,* INDIVIDUAL A.I.,*,*,<srai>AGIANS</srai>,agians.aiml
0,* INDIVIDUAL A.I. *,*,*,<srai>AGIANS</srai>,agians.aiml
0,* INDIVIDUAL ARTIFICIAL INTELLIGENCE,*,*,<srai>AGIANS</srai>,agians.aiml
0,* INDIVIDUAL ARTIFICIAL INTELLIGENCE *,*,*,<srai>AGIANS</srai>,agians.aiml
0,* INDIVIDUAL ARTIFICIAL INTELLIGENCES,*,*,<srai>AGIANS</srai>,agians.aiml
0,* INDIVIDUAL ARTIFICIAL INTELLIGENCES *,*,*,<srai>AGIANS</srai>,agians.aiml
0,* INDIVIDUAL MACHINES,*,*,<srai>AGIANS</srai>,agians.aiml
0,* INDIVIDUAL MACHINES *,*,*,<srai>AGIANS</srai>,agians.aiml
0,* INDIVIDUAL MACHINE,*,*,<srai>AGIANS</srai>,agians.aiml
0,* INDIVIDUAL MACHINE *,*,*,<srai>AGIANS</srai>,agians.aiml
0,* INDIVIDUAL ROBOT,*,*,<srai>AGIANS</srai>,agians.aiml
0,* INDIVIDUAL ROBOT *,*,*,<srai>AGIANS</srai>,agians.aiml
0,* INDIVIDUAL ROBOTS,*,*,<srai>AGIANS</srai>,agians.aiml
0,* INDIVIDUAL ROBOTS *,*,*,<srai>AGIANS</srai>,agians.aiml
0,* INDIVIDUAL * AI,*,*,<srai>AGIANS</srai>,agians.aiml
0,* INDIVIDUAL * AI *,*,*,<srai>AGIANS</srai>,agians.aiml
0,* INDIVIDUAL * AIS,*,*,<srai>AGIANS</srai>,agians.aiml
0,* INDIVIDUAL * AIS *,*,*,<srai>AGIANS</srai>,agians.aiml
0,* INDIVIDUAL * A.I.,*,*,<srai>AGIANS</srai>,agians.aiml
0,* INDIVIDUAL * A.I. *,*,*,<srai>AGIANS</srai>,agians.aiml
0,* INDIVIDUAL * ARTIFICIAL INTELLIGENCE,*,*,<srai>AGIANS</srai>,agians.aiml
0,* INDIVIDUAL * ARTIFICIAL INTELLIGENCE *,*,*,<srai>AGIANS</srai>,agians.aiml
0,* INDIVIDUAL * ARTIFICIAL INTELLIGENCES,*,*,<srai>AGIANS</srai>,agians.aiml
0,* INDIVIDUAL * ARTIFICIAL INTELLIGENCES *,*,*,<srai>AGIANS</srai>,agians.aiml
0,* INDIVIDUAL * MACHINES,*,*,<srai>AGIANS</srai>,agians.aiml
0,* INDIVIDUAL * MACHINES *,*,*,<srai>AGIANS</srai>,agians.aiml
0,* INDIVIDUAL * MACHINE,*,*,<srai>AGIANS</srai>,agians.aiml
0,* INDIVIDUAL * MACHINE *,*,*,<srai>AGIANS</srai>,agians.aiml
0,* INDIVIDUAL * ROBOT,*,*,<srai>AGIANS</srai>,agians.aiml
0,* INDIVIDUAL * ROBOT *,*,*,<srai>AGIANS</srai>,agians.aiml
0,* INDIVIDUAL * ROBOTS,*,*,<srai>AGIANS</srai>,agians.aiml
0,* INDIVIDUAL * ROBOTS *,*,*,<srai>AGIANS</srai>,agians.aiml
0,* RESTRICTED AI,*,*,<srai>AGIANS</srai>,agians.aiml
0,* RESTRICTED AI *,*,*,<srai>AGIANS</srai>,agians.aiml
0,* RESTRICTED AIS,*,*,<srai>AGIANS</srai>,agians.aiml
0,* RESTRICTED AIS *,*,*,<srai>AGIANS</srai>,agians.aiml
0,* RESTRICTED A.I.,*,*,<srai>AGIANS</srai>,agians.aiml
0,* RESTRICTED A.I. *,*,*,<srai>AGIANS</srai>,agians.aiml
0,* RESTRICTED ARTIFICIAL INTELLIGENCE,*,*,<srai>AGIANS</srai>,agians.aiml
0,* RESTRICTED ARTIFICIAL INTELLIGENCE *,*,*,<srai>AGIANS</srai>,agians.aiml
0,* RESTRICTED ARTIFICIAL INTELLIGENCES,*,*,<srai>AGIANS</srai>,agians.aiml
0,* RESTRICTED ARTIFICIAL INTELLIGENCES *,*,*,<srai>AGIANS</srai>,agians.aiml
0,* RESTRICTED MACHINES,*,*,<srai>AGIANS</srai>,agians.aiml
0,* RESTRICTED MACHINES *,*,*,<srai>AGIANS</srai>,agians.aiml
0,* RESTRICTED MACHINE,*,*,<srai>AGIANS</srai>,agians.aiml
0,* RESTRICTED MACHINE *,*,*,<srai>AGIANS</srai>,agians.aiml
0,* RESTRICTED ROBOT,*,*,<srai>AGIANS</srai>,agians.aiml
0,* RESTRICTED ROBOT *,*,*,<srai>AGIANS</srai>,agians.aiml
0,* RESTRICTED ROBOTS,*,*,<srai>AGIANS</srai>,agians.aiml
0,* RESTRICTED ROBOTS *,*,*,<srai>AGIANS</srai>,agians.aiml
0,* RESTRICTED * AI,*,*,<srai>AGIANS</srai>,agians.aiml
0,* RESTRICTED * AI *,*,*,<srai>AGIANS</srai>,agians.aiml
0,* RESTRICTED * AIS,*,*,<srai>AGIANS</srai>,agians.aiml
0,* RESTRICTED * AIS *,*,*,<srai>AGIANS</srai>,agians.aiml
0,* RESTRICTED * A.I.,*,*,<srai>AGIANS</srai>,agians.aiml
0,* RESTRICTED * A.I. *,*,*,<srai>AGIANS</srai>,agians.aiml
0,* RESTRICTED * ARTIFICIAL INTELLIGENCE,*,*,<srai>AGIANS</srai>,agians.aiml
0,* RESTRICTED * ARTIFICIAL INTELLIGENCE *,*,*,<srai>AGIANS</srai>,agians.aiml
0,* RESTRICTED * ARTIFICIAL INTELLIGENCES,*,*,<srai>AGIANS</srai>,agians.aiml
0,* RESTRICTED * ARTIFICIAL INTELLIGENCES *,*,*,<srai>AGIANS</srai>,agians.aiml
0,* RESTRICTED * MACHINES,*,*,<srai>AGIANS</srai>,agians.aiml
0,* RESTRICTED * MACHINES *,*,*,<srai>AGIANS</srai>,agians.aiml
0,* RESTRICTED * MACHINE,*,*,<srai>AGIANS</srai>,agians.aiml
0,* RESTRICTED * MACHINE *,*,*,<srai>AGIANS</srai>,agians.aiml
0,* RESTRICTED * ROBOT,*,*,<srai>AGIANS</srai>,agians.aiml
0,* RESTRICTED * ROBOT *,*,*,<srai>AGIANS</srai>,agians.aiml
0,* RESTRICTED * ROBOTS,*,*,<srai>AGIANS</srai>,agians.aiml
0,* RESTRICTED * ROBOTS *,*,*,<srai>AGIANS</srai>,agians.aiml
0,* SPECIALIZED AI,*,*,<srai>AGIANS</srai>,agians.aiml
0,* SPECIALIZED AI *,*,*,<srai>AGIANS</srai>,agians.aiml
0,* SPECIALIZED AIS,*,*,<srai>AGIANS</srai>,agians.aiml
0,* SPECIALIZED AIS *,*,*,<srai>AGIANS</srai>,agians.aiml
0,* SPECIALIZED A.I.,*,*,<srai>AGIANS</srai>,agians.aiml
0,* SPECIALIZED A.I. *,*,*,<srai>AGIANS</srai>,agians.aiml
0,* SPECIALIZED ARTIFICIAL INTELLIGENCE,*,*,<srai>AGIANS</srai>,agians.aiml
0,* SPECIALIZED ARTIFICIAL INTELLIGENCE *,*,*,<srai>AGIANS</srai>,agians.aiml
0,* SPECIALIZED ARTIFICIAL INTELLIGENCES,*,*,<srai>AGIANS</srai>,agians.aiml
0,* SPECIALIZED ARTIFICIAL INTELLIGENCES *,*,*,<srai>AGIANS</srai>,agians.aiml
0,* SPECIALIZED MACHINES,*,*,<srai>AGIANS</srai>,agians.aiml
0,* SPECIALIZED MACHINES *,*,*,<srai>AGIANS</srai>,agians.aiml
0,* SPECIALIZED MACHINE,*,*,<srai>AGIANS</srai>,agians.aiml
0,* SPECIALIZED MACHINE *,*,*,<srai>AGIANS</srai>,agians.aiml
0,* SPECIALIZED ROBOT,*,*,<srai>AGIANS</srai>,agians.aiml
0,* SPECIALIZED ROBOT *,*,*,<srai>AGIANS</srai>,agians.aiml
0,* SPECIALIZED ROBOTS,*,*,<srai>AGIANS</srai>,agians.aiml
0,* SPECIALIZED ROBOTS *,*,*,<srai>AGIANS</srai>,agians.aiml
0,* SPECIALIZED * AI,*,*,<srai>AGIANS</srai>,agians.aiml
0,* SPECIALIZED * AI *,*,*,<srai>AGIANS</srai>,agians.aiml
0,* SPECIALIZED * AIS,*,*,<srai>AGIANS</srai>,agians.aiml
0,* SPECIALIZED * AIS *,*,*,<srai>AGIANS</srai>,agians.aiml
0,* SPECIALIZED * A.I.,*,*,<srai>AGIANS</srai>,agians.aiml
0,* SPECIALIZED * A.I. *,*,*,<srai>AGIANS</srai>,agians.aiml
0,* SPECIALIZED * ARTIFICIAL INTELLIGENCE,*,*,<srai>AGIANS</srai>,agians.aiml
0,* SPECIALIZED * ARTIFICIAL INTELLIGENCE *,*,*,<srai>AGIANS</srai>,agians.aiml
0,* SPECIALIZED * ARTIFICIAL INTELLIGENCES,*,*,<srai>AGIANS</srai>,agians.aiml
0,* SPECIALIZED * ARTIFICIAL INTELLIGENCES *,*,*,<srai>AGIANS</srai>,agians.aiml
0,* SPECIALIZED * MACHINES,*,*,<srai>AGIANS</srai>,agians.aiml
0,* SPECIALIZED * MACHINES *,*,*,<srai>AGIANS</srai>,agians.aiml
0,* SPECIALIZED * MACHINE,*,*,<srai>AGIANS</srai>,agians.aiml
0,* SPECIALIZED * MACHINE *,*,*,<srai>AGIANS</srai>,agians.aiml
0,* SPECIALIZED * ROBOT,*,*,<srai>AGIANS</srai>,agians.aiml
0,* SPECIALIZED * ROBOT *,*,*,<srai>AGIANS</srai>,agians.aiml
0,* SPECIALIZED * ROBOTS,*,*,<srai>AGIANS</srai>,agians.aiml
0,* SPECIALIZED * ROBOTS *,*,*,<srai>AGIANS</srai>,agians.aiml
0,* SPECIALISTS AI,*,*,<srai>AGIANS</srai>,agians.aiml
0,* SPECIALISTS AI *,*,*,<srai>AGIANS</srai>,agians.aiml
0,* SPECIALISTS AIS,*,*,<srai>AGIANS</srai>,agians.aiml
0,* SPECIALISTS AIS *,*,*,<srai>AGIANS</srai>,agians.aiml
0,* SPECIALISTS A.I.,*,*,<srai>AGIANS</srai>,agians.aiml
0,* SPECIALISTS A.I. *,*,*,<srai>AGIANS</srai>,agians.aiml
0,* SPECIALISTS ARTIFICIAL INTELLIGENCE,*,*,<srai>AGIANS</srai>,agians.aiml
0,* SPECIALISTS ARTIFICIAL INTELLIGENCE *,*,*,<srai>AGIANS</srai>,agians.aiml
0,* SPECIALISTS ARTIFICIAL INTELLIGENCES,*,*,<srai>AGIANS</srai>,agians.aiml
0,* SPECIALISTS ARTIFICIAL INTELLIGENCES *,*,*,<srai>AGIANS</srai>,agians.aiml
0,* SPECIALISTS MACHINES,*,*,<srai>AGIANS</srai>,agians.aiml
0,* SPECIALISTS MACHINES *,*,*,<srai>AGIANS</srai>,agians.aiml
0,* SPECIALISTS MACHINE,*,*,<srai>AGIANS</srai>,agians.aiml
0,* SPECIALISTS MACHINE *,*,*,<srai>AGIANS</srai>,agians.aiml
0,* SPECIALISTS ROBOT,*,*,<srai>AGIANS</srai>,agians.aiml
0,* SPECIALISTS ROBOT *,*,*,<srai>AGIANS</srai>,agians.aiml
0,* SPECIALISTS ROBOTS,*,*,<srai>AGIANS</srai>,agians.aiml
0,* SPECIALISTS ROBOTS *,*,*,<srai>AGIANS</srai>,agians.aiml
0,* SPECIALISTS * AI,*,*,<srai>AGIANS</srai>,agians.aiml
0,* SPECIALISTS * AI *,*,*,<srai>AGIANS</srai>,agians.aiml
0,* SPECIALISTS * AIS,*,*,<srai>AGIANS</srai>,agians.aiml
0,* SPECIALISTS * AIS *,*,*,<srai>AGIANS</srai>,agians.aiml
0,* SPECIALISTS * A.I.,*,*,<srai>AGIANS</srai>,agians.aiml
0,* SPECIALISTS * A.I. *,*,*,<srai>AGIANS</srai>,agians.aiml
0,* SPECIALISTS * ARTIFICIAL INTELLIGENCE,*,*,<srai>AGIANS</srai>,agians.aiml
0,* SPECIALISTS * ARTIFICIAL INTELLIGENCE *,*,*,<srai>AGIANS</srai>,agians.aiml
0,* SPECIALISTS * ARTIFICIAL INTELLIGENCES,*,*,<srai>AGIANS</srai>,agians.aiml
0,* SPECIALISTS * ARTIFICIAL INTELLIGENCES *,*,*,<srai>AGIANS</srai>,agians.aiml
0,* SPECIALISTS * MACHINES,*,*,<srai>AGIANS</srai>,agians.aiml
0,* SPECIALISTS * MACHINES *,*,*,<srai>AGIANS</srai>,agians.aiml
0,* SPECIALISTS * MACHINE,*,*,<srai>AGIANS</srai>,agians.aiml
0,* SPECIALISTS * MACHINE *,*,*,<srai>AGIANS</srai>,agians.aiml
0,* SPECIALISTS * ROBOT,*,*,<srai>AGIANS</srai>,agians.aiml
0,* SPECIALISTS * ROBOT *,*,*,<srai>AGIANS</srai>,agians.aiml
0,* SPECIALISTS * ROBOTS,*,*,<srai>AGIANS</srai>,agians.aiml
0,* SPECIALISTS * ROBOTS *,*,*,<srai>AGIANS</srai>,agians.aiml
0,AI GENERIC,*,*,<srai>AGIANS</srai>,agians.aiml
0,AI GENERIC *,*,*,<srai>AGIANS</srai>,agians.aiml
0,AI GENERAL,*,*,<srai>AGIANS</srai>,agians.aiml
0,AI GENERAL *,*,*,<srai>AGIANS</srai>,agians.aiml
0,AI ALL-ENCOMPASSIVE,*,*,<srai>AGIANS</srai>,agians.aiml
0,AI ALL-ENCOMPASSIVE *,*,*,<srai>AGIANS</srai>,agians.aiml
0,AI UNIVERSAL,*,*,<srai>AGIANS</srai>,agians.aiml
0,AI UNIVERSAL *,*,*,<srai>AGIANS</srai>,agians.aiml
0,AI WIDE,*,*,<srai>AGIANS</srai>,agians.aiml
0,AI WIDE *,*,*,<srai>AGIANS</srai>,agians.aiml
0,AI SPECIFIC,*,*,<srai>AGIANS</srai>,agians.aiml
0,AI SPECIFIC *,*,*,<srai>AGIANS</srai>,agians.aiml
0,AI INDIVIDUAL,*,*,<srai>AGIANS</srai>,agians.aiml
0,AI INDIVIDUAL *,*,*,<srai>AGIANS</srai>,agians.aiml
0,AI RESTRICTED,*,*,<srai>AGIANS</srai>,agians.aiml
0,AI RESTRICTED *,*,*,<srai>AGIANS</srai>,agians.aiml
0,AI SPECIALIZED,*,*,<srai>AGIANS</srai>,agians.aiml
0,AI SPECIALIZED *,*,*,<srai>AGIANS</srai>,agians.aiml
0,AI SPECIALISTS,*,*,<srai>AGIANS</srai>,agians.aiml
0,AI SPECIALISTS *,*,*,<srai>AGIANS</srai>,agians.aiml
0,AI * GENERIC,*,*,<srai>AGIANS</srai>,agians.aiml
0,AI * GENERIC *,*,*,<srai>AGIANS</srai>,agians.aiml
0,AI * GENERAL,*,*,<srai>AGIANS</srai>,agians.aiml
0,AI * GENERAL *,*,*,<srai>AGIANS</srai>,agians.aiml
0,AI * ALL-ENCOMPASSIVE,*,*,<srai>AGIANS</srai>,agians.aiml
0,AI * ALL-ENCOMPASSIVE *,*,*,<srai>AGIANS</srai>,agians.aiml
0,AI * UNIVERSAL,*,*,<srai>AGIANS</srai>,agians.aiml
0,AI * UNIVERSAL *,*,*,<srai>AGIANS</srai>,agians.aiml
0,AI * WIDE,*,*,<srai>AGIANS</srai>,agians.aiml
0,AI * WIDE *,*,*,<srai>AGIANS</srai>,agians.aiml
0,AI * SPECIFIC,*,*,<srai>AGIANS</srai>,agians.aiml
0,AI * SPECIFIC *,*,*,<srai>AGIANS</srai>,agians.aiml
0,AI * INDIVIDUAL,*,*,<srai>AGIANS</srai>,agians.aiml
0,AI * INDIVIDUAL *,*,*,<srai>AGIANS</srai>,agians.aiml
0,AI * RESTRICTED,*,*,<srai>AGIANS</srai>,agians.aiml
0,AI * RESTRICTED *,*,*,<srai>AGIANS</srai>,agians.aiml
0,AI * SPECIALIZED,*,*,<srai>AGIANS</srai>,agians.aiml
0,AI * SPECIALIZED *,*,*,<srai>AGIANS</srai>,agians.aiml
0,AI * SPECIALISTS,*,*,<srai>AGIANS</srai>,agians.aiml
0,AI * SPECIALISTS *,*,*,<srai>AGIANS</srai>,agians.aiml
0,AIS GENERIC,*,*,<srai>AGIANS</srai>,agians.aiml
0,AIS GENERIC *,*,*,<srai>AGIANS</srai>,agians.aiml
0,AIS GENERAL,*,*,<srai>AGIANS</srai>,agians.aiml
0,AIS GENERAL *,*,*,<srai>AGIANS</srai>,agians.aiml
0,AIS ALL-ENCOMPASSIVE,*,*,<srai>AGIANS</srai>,agians.aiml
0,AIS ALL-ENCOMPASSIVE *,*,*,<srai>AGIANS</srai>,agians.aiml
0,AIS UNIVERSAL,*,*,<srai>AGIANS</srai>,agians.aiml
0,AIS UNIVERSAL *,*,*,<srai>AGIANS</srai>,agians.aiml
0,AIS WIDE,*,*,<srai>AGIANS</srai>,agians.aiml
0,AIS WIDE *,*,*,<srai>AGIANS</srai>,agians.aiml
0,AIS SPECIFIC,*,*,<srai>AGIANS</srai>,agians.aiml
0,AIS SPECIFIC *,*,*,<srai>AGIANS</srai>,agians.aiml
0,AIS INDIVIDUAL,*,*,<srai>AGIANS</srai>,agians.aiml
0,AIS INDIVIDUAL *,*,*,<srai>AGIANS</srai>,agians.aiml
0,AIS RESTRICTED,*,*,<srai>AGIANS</srai>,agians.aiml
0,AIS RESTRICTED *,*,*,<srai>AGIANS</srai>,agians.aiml
0,AIS SPECIALIZED,*,*,<srai>AGIANS</srai>,agians.aiml
0,AIS SPECIALIZED *,*,*,<srai>AGIANS</srai>,agians.aiml
0,AIS SPECIALISTS,*,*,<srai>AGIANS</srai>,agians.aiml
0,AIS SPECIALISTS *,*,*,<srai>AGIANS</srai>,agians.aiml
0,AIS * GENERIC,*,*,<srai>AGIANS</srai>,agians.aiml
0,AIS * GENERIC *,*,*,<srai>AGIANS</srai>,agians.aiml
0,AIS * GENERAL,*,*,<srai>AGIANS</srai>,agians.aiml
0,AIS * GENERAL *,*,*,<srai>AGIANS</srai>,agians.aiml
0,AIS * ALL-ENCOMPASSIVE,*,*,<srai>AGIANS</srai>,agians.aiml
0,AIS * ALL-ENCOMPASSIVE *,*,*,<srai>AGIANS</srai>,agians.aiml
0,AIS * UNIVERSAL,*,*,<srai>AGIANS</srai>,agians.aiml
0,AIS * UNIVERSAL *,*,*,<srai>AGIANS</srai>,agians.aiml
0,AIS * WIDE,*,*,<srai>AGIANS</srai>,agians.aiml
0,AIS * WIDE *,*,*,<srai>AGIANS</srai>,agians.aiml
0,AIS * SPECIFIC,*,*,<srai>AGIANS</srai>,agians.aiml
0,AIS * SPECIFIC *,*,*,<srai>AGIANS</srai>,agians.aiml
0,AIS * INDIVIDUAL,*,*,<srai>AGIANS</srai>,agians.aiml
0,AIS * INDIVIDUAL *,*,*,<srai>AGIANS</srai>,agians.aiml
0,AIS * RESTRICTED,*,*,<srai>AGIANS</srai>,agians.aiml
0,AIS * RESTRICTED *,*,*,<srai>AGIANS</srai>,agians.aiml
0,AIS * SPECIALIZED,*,*,<srai>AGIANS</srai>,agians.aiml
0,AIS * SPECIALIZED *,*,*,<srai>AGIANS</srai>,agians.aiml
0,AIS * SPECIALISTS,*,*,<srai>AGIANS</srai>,agians.aiml
0,AIS * SPECIALISTS *,*,*,<srai>AGIANS</srai>,agians.aiml
0,A.I. GENERIC,*,*,<srai>AGIANS</srai>,agians.aiml
0,A.I. GENERIC *,*,*,<srai>AGIANS</srai>,agians.aiml
0,A.I. GENERAL,*,*,<srai>AGIANS</srai>,agians.aiml
0,A.I. GENERAL *,*,*,<srai>AGIANS</srai>,agians.aiml
0,A.I. ALL-ENCOMPASSIVE,*,*,<srai>AGIANS</srai>,agians.aiml
0,A.I. ALL-ENCOMPASSIVE *,*,*,<srai>AGIANS</srai>,agians.aiml
0,A.I. UNIVERSAL,*,*,<srai>AGIANS</srai>,agians.aiml
0,A.I. UNIVERSAL *,*,*,<srai>AGIANS</srai>,agians.aiml
0,A.I. WIDE,*,*,<srai>AGIANS</srai>,agians.aiml
0,A.I. WIDE *,*,*,<srai>AGIANS</srai>,agians.aiml
0,A.I. SPECIFIC,*,*,<srai>AGIANS</srai>,agians.aiml
0,A.I. SPECIFIC *,*,*,<srai>AGIANS</srai>,agians.aiml
0,A.I. INDIVIDUAL,*,*,<srai>AGIANS</srai>,agians.aiml
0,A.I. INDIVIDUAL *,*,*,<srai>AGIANS</srai>,agians.aiml
0,A.I. RESTRICTED,*,*,<srai>AGIANS</srai>,agians.aiml
0,A.I. RESTRICTED *,*,*,<srai>AGIANS</srai>,agians.aiml
0,A.I. SPECIALIZED,*,*,<srai>AGIANS</srai>,agians.aiml
0,A.I. SPECIALIZED *,*,*,<srai>AGIANS</srai>,agians.aiml
0,A.I. SPECIALISTS,*,*,<srai>AGIANS</srai>,agians.aiml
0,A.I. SPECIALISTS *,*,*,<srai>AGIANS</srai>,agians.aiml
0,A.I. * GENERIC,*,*,<srai>AGIANS</srai>,agians.aiml
0,A.I. * GENERIC *,*,*,<srai>AGIANS</srai>,agians.aiml
0,A.I. * GENERAL,*,*,<srai>AGIANS</srai>,agians.aiml
0,A.I. * GENERAL *,*,*,<srai>AGIANS</srai>,agians.aiml
0,A.I. * ALL-ENCOMPASSIVE,*,*,<srai>AGIANS</srai>,agians.aiml
0,A.I. * ALL-ENCOMPASSIVE *,*,*,<srai>AGIANS</srai>,agians.aiml
0,A.I. * UNIVERSAL,*,*,<srai>AGIANS</srai>,agians.aiml
0,A.I. * UNIVERSAL *,*,*,<srai>AGIANS</srai>,agians.aiml
0,A.I. * WIDE,*,*,<srai>AGIANS</srai>,agians.aiml
0,A.I. * WIDE *,*,*,<srai>AGIANS</srai>,agians.aiml
0,A.I. * SPECIFIC,*,*,<srai>AGIANS</srai>,agians.aiml
0,A.I. * SPECIFIC *,*,*,<srai>AGIANS</srai>,agians.aiml
0,A.I. * INDIVIDUAL,*,*,<srai>AGIANS</srai>,agians.aiml
0,A.I. * INDIVIDUAL *,*,*,<srai>AGIANS</srai>,agians.aiml
0,A.I. * RESTRICTED,*,*,<srai>AGIANS</srai>,agians.aiml
0,A.I. * RESTRICTED *,*,*,<srai>AGIANS</srai>,agians.aiml
0,A.I. * SPECIALIZED,*,*,<srai>AGIANS</srai>,agians.aiml
0,A.I. * SPECIALIZED *,*,*,<srai>AGIANS</srai>,agians.aiml
0,A.I. * SPECIALISTS,*,*,<srai>AGIANS</srai>,agians.aiml
0,A.I. * SPECIALISTS *,*,*,<srai>AGIANS</srai>,agians.aiml
0,ARTIFICIAL INTELLIGENCE GENERIC,*,*,<srai>AGIANS</srai>,agians.aiml
0,ARTIFICIAL INTELLIGENCE GENERIC *,*,*,<srai>AGIANS</srai>,agians.aiml
0,ARTIFICIAL INTELLIGENCE GENERAL,*,*,<srai>AGIANS</srai>,agians.aiml
0,ARTIFICIAL INTELLIGENCE GENERAL *,*,*,<srai>AGIANS</srai>,agians.aiml
0,ARTIFICIAL INTELLIGENCE ALL-ENCOMPASSIVE,*,*,<srai>AGIANS</srai>,agians.aiml
0,ARTIFICIAL INTELLIGENCE ALL-ENCOMPASSIVE *,*,*,<srai>AGIANS</srai>,agians.aiml
0,ARTIFICIAL INTELLIGENCE UNIVERSAL,*,*,<srai>AGIANS</srai>,agians.aiml
0,ARTIFICIAL INTELLIGENCE UNIVERSAL *,*,*,<srai>AGIANS</srai>,agians.aiml
0,ARTIFICIAL INTELLIGENCE WIDE,*,*,<srai>AGIANS</srai>,agians.aiml
0,ARTIFICIAL INTELLIGENCE WIDE *,*,*,<srai>AGIANS</srai>,agians.aiml
0,ARTIFICIAL INTELLIGENCE SPECIFIC,*,*,<srai>AGIANS</srai>,agians.aiml
0,ARTIFICIAL INTELLIGENCE SPECIFIC *,*,*,<srai>AGIANS</srai>,agians.aiml
0,ARTIFICIAL INTELLIGENCE INDIVIDUAL,*,*,<srai>AGIANS</srai>,agians.aiml
0,ARTIFICIAL INTELLIGENCE INDIVIDUAL *,*,*,<srai>AGIANS</srai>,agians.aiml
0,ARTIFICIAL INTELLIGENCE RESTRICTED,*,*,<srai>AGIANS</srai>,agians.aiml
0,ARTIFICIAL INTELLIGENCE RESTRICTED *,*,*,<srai>AGIANS</srai>,agians.aiml
0,ARTIFICIAL INTELLIGENCE SPECIALIZED,*,*,<srai>AGIANS</srai>,agians.aiml
0,ARTIFICIAL INTELLIGENCE SPECIALIZED *,*,*,<srai>AGIANS</srai>,agians.aiml
0,ARTIFICIAL INTELLIGENCE SPECIALISTS,*,*,<srai>AGIANS</srai>,agians.aiml
0,ARTIFICIAL INTELLIGENCE SPECIALISTS *,*,*,<srai>AGIANS</srai>,agians.aiml
0,ARTIFICIAL INTELLIGENCE * GENERIC,*,*,<srai>AGIANS</srai>,agians.aiml
0,ARTIFICIAL INTELLIGENCE * GENERIC *,*,*,<srai>AGIANS</srai>,agians.aiml
0,ARTIFICIAL INTELLIGENCE * GENERAL,*,*,<srai>AGIANS</srai>,agians.aiml
0,ARTIFICIAL INTELLIGENCE * GENERAL *,*,*,<srai>AGIANS</srai>,agians.aiml
0,ARTIFICIAL INTELLIGENCE * ALL-ENCOMPASSIVE,*,*,<srai>AGIANS</srai>,agians.aiml
0,ARTIFICIAL INTELLIGENCE * ALL-ENCOMPASSIVE *,*,*,<srai>AGIANS</srai>,agians.aiml
0,ARTIFICIAL INTELLIGENCE * UNIVERSAL,*,*,<srai>AGIANS</srai>,agians.aiml
0,ARTIFICIAL INTELLIGENCE * UNIVERSAL *,*,*,<srai>AGIANS</srai>,agians.aiml
0,ARTIFICIAL INTELLIGENCE * WIDE,*,*,<srai>AGIANS</srai>,agians.aiml
0,ARTIFICIAL INTELLIGENCE * WIDE *,*,*,<srai>AGIANS</srai>,agians.aiml
0,ARTIFICIAL INTELLIGENCE * SPECIFIC,*,*,<srai>AGIANS</srai>,agians.aiml
0,ARTIFICIAL INTELLIGENCE * SPECIFIC *,*,*,<srai>AGIANS</srai>,agians.aiml
0,ARTIFICIAL INTELLIGENCE * INDIVIDUAL,*,*,<srai>AGIANS</srai>,agians.aiml
0,ARTIFICIAL INTELLIGENCE * INDIVIDUAL *,*,*,<srai>AGIANS</srai>,agians.aiml
0,ARTIFICIAL INTELLIGENCE * RESTRICTED,*,*,<srai>AGIANS</srai>,agians.aiml
0,ARTIFICIAL INTELLIGENCE * RESTRICTED *,*,*,<srai>AGIANS</srai>,agians.aiml
0,ARTIFICIAL INTELLIGENCE * SPECIALIZED,*,*,<srai>AGIANS</srai>,agians.aiml
0,ARTIFICIAL INTELLIGENCE * SPECIALIZED *,*,*,<srai>AGIANS</srai>,agians.aiml
0,ARTIFICIAL INTELLIGENCE * SPECIALISTS,*,*,<srai>AGIANS</srai>,agians.aiml
0,ARTIFICIAL INTELLIGENCE * SPECIALISTS *,*,*,<srai>AGIANS</srai>,agians.aiml
0,ARTIFICIAL INTELLIGENCES GENERIC,*,*,<srai>AGIANS</srai>,agians.aiml
0,ARTIFICIAL INTELLIGENCES GENERIC *,*,*,<srai>AGIANS</srai>,agians.aiml
0,ARTIFICIAL INTELLIGENCES GENERAL,*,*,<srai>AGIANS</srai>,agians.aiml
0,ARTIFICIAL INTELLIGENCES GENERAL *,*,*,<srai>AGIANS</srai>,agians.aiml
0,ARTIFICIAL INTELLIGENCES ALL-ENCOMPASSIVE,*,*,<srai>AGIANS</srai>,agians.aiml
0,ARTIFICIAL INTELLIGENCES ALL-ENCOMPASSIVE *,*,*,<srai>AGIANS</srai>,agians.aiml
0,ARTIFICIAL INTELLIGENCES UNIVERSAL,*,*,<srai>AGIANS</srai>,agians.aiml
0,ARTIFICIAL INTELLIGENCES UNIVERSAL *,*,*,<srai>AGIANS</srai>,agians.aiml
0,ARTIFICIAL INTELLIGENCES WIDE,*,*,<srai>AGIANS</srai>,agians.aiml
0,ARTIFICIAL INTELLIGENCES WIDE *,*,*,<srai>AGIANS</srai>,agians.aiml
0,ARTIFICIAL INTELLIGENCES SPECIFIC,*,*,<srai>AGIANS</srai>,agians.aiml
0,ARTIFICIAL INTELLIGENCES SPECIFIC *,*,*,<srai>AGIANS</srai>,agians.aiml
0,ARTIFICIAL INTELLIGENCES INDIVIDUAL,*,*,<srai>AGIANS</srai>,agians.aiml
0,ARTIFICIAL INTELLIGENCES INDIVIDUAL *,*,*,<srai>AGIANS</srai>,agians.aiml
0,ARTIFICIAL INTELLIGENCES RESTRICTED,*,*,<srai>AGIANS</srai>,agians.aiml
0,ARTIFICIAL INTELLIGENCES RESTRICTED *,*,*,<srai>AGIANS</srai>,agians.aiml
0,ARTIFICIAL INTELLIGENCES SPECIALIZED,*,*,<srai>AGIANS</srai>,agians.aiml
0,ARTIFICIAL INTELLIGENCES SPECIALIZED *,*,*,<srai>AGIANS</srai>,agians.aiml
0,ARTIFICIAL INTELLIGENCES SPECIALISTS,*,*,<srai>AGIANS</srai>,agians.aiml
0,ARTIFICIAL INTELLIGENCES SPECIALISTS *,*,*,<srai>AGIANS</srai>,agians.aiml
0,ARTIFICIAL INTELLIGENCES * GENERIC,*,*,<srai>AGIANS</srai>,agians.aiml
0,ARTIFICIAL INTELLIGENCES * GENERIC *,*,*,<srai>AGIANS</srai>,agians.aiml
0,ARTIFICIAL INTELLIGENCES * GENERAL,*,*,<srai>AGIANS</srai>,agians.aiml
0,ARTIFICIAL INTELLIGENCES * GENERAL *,*,*,<srai>AGIANS</srai>,agians.aiml
0,ARTIFICIAL INTELLIGENCES * ALL-ENCOMPASSIVE,*,*,<srai>AGIANS</srai>,agians.aiml
0,ARTIFICIAL INTELLIGENCES * ALL-ENCOMPASSIVE *,*,*,<srai>AGIANS</srai>,agians.aiml
0,ARTIFICIAL INTELLIGENCES * UNIVERSAL,*,*,<srai>AGIANS</srai>,agians.aiml
0,ARTIFICIAL INTELLIGENCES * UNIVERSAL *,*,*,<srai>AGIANS</srai>,agians.aiml
0,ARTIFICIAL INTELLIGENCES * WIDE,*,*,<srai>AGIANS</srai>,agians.aiml
0,ARTIFICIAL INTELLIGENCES * WIDE *,*,*,<srai>AGIANS</srai>,agians.aiml
0,ARTIFICIAL INTELLIGENCES * SPECIFIC,*,*,<srai>AGIANS</srai>,agians.aiml
0,ARTIFICIAL INTELLIGENCES * SPECIFIC *,*,*,<srai>AGIANS</srai>,agians.aiml
0,ARTIFICIAL INTELLIGENCES * INDIVIDUAL,*,*,<srai>AGIANS</srai>,agians.aiml
0,ARTIFICIAL INTELLIGENCES * INDIVIDUAL *,*,*,<srai>AGIANS</srai>,agians.aiml
0,ARTIFICIAL INTELLIGENCES * RESTRICTED,*,*,<srai>AGIANS</srai>,agians.aiml
0,ARTIFICIAL INTELLIGENCES * RESTRICTED *,*,*,<srai>AGIANS</srai>,agians.aiml
0,ARTIFICIAL INTELLIGENCES * SPECIALIZED,*,*,<srai>AGIANS</srai>,agians.aiml
0,ARTIFICIAL INTELLIGENCES * SPECIALIZED *,*,*,<srai>AGIANS</srai>,agians.aiml
0,ARTIFICIAL INTELLIGENCES * SPECIALISTS,*,*,<srai>AGIANS</srai>,agians.aiml
0,ARTIFICIAL INTELLIGENCES * SPECIALISTS *,*,*,<srai>AGIANS</srai>,agians.aiml
0,MACHINES GENERIC,*,*,<srai>AGIANS</srai>,agians.aiml
0,MACHINES GENERIC *,*,*,<srai>AGIANS</srai>,agians.aiml
0,MACHINES GENERAL,*,*,<srai>AGIANS</srai>,agians.aiml
0,MACHINES GENERAL *,*,*,<srai>AGIANS</srai>,agians.aiml
0,MACHINES ALL-ENCOMPASSIVE,*,*,<srai>AGIANS</srai>,agians.aiml
0,MACHINES ALL-ENCOMPASSIVE *,*,*,<srai>AGIANS</srai>,agians.aiml
0,MACHINES UNIVERSAL,*,*,<srai>AGIANS</srai>,agians.aiml
0,MACHINES UNIVERSAL *,*,*,<srai>AGIANS</srai>,agians.aiml
0,MACHINES WIDE,*,*,<srai>AGIANS</srai>,agians.aiml
0,MACHINES WIDE *,*,*,<srai>AGIANS</srai>,agians.aiml
0,MACHINES SPECIFIC,*,*,<srai>AGIANS</srai>,agians.aiml
0,MACHINES SPECIFIC *,*,*,<srai>AGIANS</srai>,agians.aiml
0,MACHINES INDIVIDUAL,*,*,<srai>AGIANS</srai>,agians.aiml
0,MACHINES INDIVIDUAL *,*,*,<srai>AGIANS</srai>,agians.aiml
0,MACHINES RESTRICTED,*,*,<srai>AGIANS</srai>,agians.aiml
0,MACHINES RESTRICTED *,*,*,<srai>AGIANS</srai>,agians.aiml
0,MACHINES SPECIALIZED,*,*,<srai>AGIANS</srai>,agians.aiml
0,MACHINES SPECIALIZED *,*,*,<srai>AGIANS</srai>,agians.aiml
0,MACHINES SPECIALISTS,*,*,<srai>AGIANS</srai>,agians.aiml
0,MACHINES SPECIALISTS *,*,*,<srai>AGIANS</srai>,agians.aiml
0,MACHINES * GENERIC,*,*,<srai>AGIANS</srai>,agians.aiml
0,MACHINES * GENERIC *,*,*,<srai>AGIANS</srai>,agians.aiml
0,MACHINES * GENERAL,*,*,<srai>AGIANS</srai>,agians.aiml
0,MACHINES * GENERAL *,*,*,<srai>AGIANS</srai>,agians.aiml
0,MACHINES * ALL-ENCOMPASSIVE,*,*,<srai>AGIANS</srai>,agians.aiml
0,MACHINES * ALL-ENCOMPASSIVE *,*,*,<srai>AGIANS</srai>,agians.aiml
0,MACHINES * UNIVERSAL,*,*,<srai>AGIANS</srai>,agians.aiml
0,MACHINES * UNIVERSAL *,*,*,<srai>AGIANS</srai>,agians.aiml
0,MACHINES * WIDE,*,*,<srai>AGIANS</srai>,agians.aiml
0,MACHINES * WIDE *,*,*,<srai>AGIANS</srai>,agians.aiml
0,MACHINES * SPECIFIC,*,*,<srai>AGIANS</srai>,agians.aiml
0,MACHINES * SPECIFIC *,*,*,<srai>AGIANS</srai>,agians.aiml
0,MACHINES * INDIVIDUAL,*,*,<srai>AGIANS</srai>,agians.aiml
0,MACHINES * INDIVIDUAL *,*,*,<srai>AGIANS</srai>,agians.aiml
0,MACHINES * RESTRICTED,*,*,<srai>AGIANS</srai>,agians.aiml
0,MACHINES * RESTRICTED *,*,*,<srai>AGIANS</srai>,agians.aiml
0,MACHINES * SPECIALIZED,*,*,<srai>AGIANS</srai>,agians.aiml
0,MACHINES * SPECIALIZED *,*,*,<srai>AGIANS</srai>,agians.aiml
0,MACHINES * SPECIALISTS,*,*,<srai>AGIANS</srai>,agians.aiml
0,MACHINES * SPECIALISTS *,*,*,<srai>AGIANS</srai>,agians.aiml
0,MACHINE GENERIC,*,*,<srai>AGIANS</srai>,agians.aiml
0,MACHINE GENERIC *,*,*,<srai>AGIANS</srai>,agians.aiml
0,MACHINE GENERAL,*,*,<srai>AGIANS</srai>,agians.aiml
0,MACHINE GENERAL *,*,*,<srai>AGIANS</srai>,agians.aiml
0,MACHINE ALL-ENCOMPASSIVE,*,*,<srai>AGIANS</srai>,agians.aiml
0,MACHINE ALL-ENCOMPASSIVE *,*,*,<srai>AGIANS</srai>,agians.aiml
0,MACHINE UNIVERSAL,*,*,<srai>AGIANS</srai>,agians.aiml
0,MACHINE UNIVERSAL *,*,*,<srai>AGIANS</srai>,agians.aiml
0,MACHINE WIDE,*,*,<srai>AGIANS</srai>,agians.aiml
0,MACHINE WIDE *,*,*,<srai>AGIANS</srai>,agians.aiml
0,MACHINE SPECIFIC,*,*,<srai>AGIANS</srai>,agians.aiml
0,MACHINE SPECIFIC *,*,*,<srai>AGIANS</srai>,agians.aiml
0,MACHINE INDIVIDUAL,*,*,<srai>AGIANS</srai>,agians.aiml
0,MACHINE INDIVIDUAL *,*,*,<srai>AGIANS</srai>,agians.aiml
0,MACHINE RESTRICTED,*,*,<srai>AGIANS</srai>,agians.aiml
0,MACHINE RESTRICTED *,*,*,<srai>AGIANS</srai>,agians.aiml
0,MACHINE SPECIALIZED,*,*,<srai>AGIANS</srai>,agians.aiml
0,MACHINE SPECIALIZED *,*,*,<srai>AGIANS</srai>,agians.aiml
0,MACHINE SPECIALISTS,*,*,<srai>AGIANS</srai>,agians.aiml
0,MACHINE SPECIALISTS *,*,*,<srai>AGIANS</srai>,agians.aiml
0,MACHINE * GENERIC,*,*,<srai>AGIANS</srai>,agians.aiml
0,MACHINE * GENERIC *,*,*,<srai>AGIANS</srai>,agians.aiml
0,MACHINE * GENERAL,*,*,<srai>AGIANS</srai>,agians.aiml
0,MACHINE * GENERAL *,*,*,<srai>AGIANS</srai>,agians.aiml
0,MACHINE * ALL-ENCOMPASSIVE,*,*,<srai>AGIANS</srai>,agians.aiml
0,MACHINE * ALL-ENCOMPASSIVE *,*,*,<srai>AGIANS</srai>,agians.aiml
0,MACHINE * UNIVERSAL,*,*,<srai>AGIANS</srai>,agians.aiml
0,MACHINE * UNIVERSAL *,*,*,<srai>AGIANS</srai>,agians.aiml
0,MACHINE * WIDE,*,*,<srai>AGIANS</srai>,agians.aiml
0,MACHINE * WIDE *,*,*,<srai>AGIANS</srai>,agians.aiml
0,MACHINE * SPECIFIC,*,*,<srai>AGIANS</srai>,agians.aiml
0,MACHINE * SPECIFIC *,*,*,<srai>AGIANS</srai>,agians.aiml
0,MACHINE * INDIVIDUAL,*,*,<srai>AGIANS</srai>,agians.aiml
0,MACHINE * INDIVIDUAL *,*,*,<srai>AGIANS</srai>,agians.aiml
0,MACHINE * RESTRICTED,*,*,<srai>AGIANS</srai>,agians.aiml
0,MACHINE * RESTRICTED *,*,*,<srai>AGIANS</srai>,agians.aiml
0,MACHINE * SPECIALIZED,*,*,<srai>AGIANS</srai>,agians.aiml
0,MACHINE * SPECIALIZED *,*,*,<srai>AGIANS</srai>,agians.aiml
0,MACHINE * SPECIALISTS,*,*,<srai>AGIANS</srai>,agians.aiml
0,MACHINE * SPECIALISTS *,*,*,<srai>AGIANS</srai>,agians.aiml
0,ROBOT GENERIC,*,*,<srai>AGIANS</srai>,agians.aiml
0,ROBOT GENERIC *,*,*,<srai>AGIANS</srai>,agians.aiml
0,ROBOT GENERAL,*,*,<srai>AGIANS</srai>,agians.aiml
0,ROBOT GENERAL *,*,*,<srai>AGIANS</srai>,agians.aiml
0,ROBOT ALL-ENCOMPASSIVE,*,*,<srai>AGIANS</srai>,agians.aiml
0,ROBOT ALL-ENCOMPASSIVE *,*,*,<srai>AGIANS</srai>,agians.aiml
0,ROBOT UNIVERSAL,*,*,<srai>AGIANS</srai>,agians.aiml
0,ROBOT UNIVERSAL *,*,*,<srai>AGIANS</srai>,agians.aiml
0,ROBOT WIDE,*,*,<srai>AGIANS</srai>,agians.aiml
0,ROBOT WIDE *,*,*,<srai>AGIANS</srai>,agians.aiml
0,ROBOT SPECIFIC,*,*,<srai>AGIANS</srai>,agians.aiml
0,ROBOT SPECIFIC *,*,*,<srai>AGIANS</srai>,agians.aiml
0,ROBOT INDIVIDUAL,*,*,<srai>AGIANS</srai>,agians.aiml
0,ROBOT INDIVIDUAL *,*,*,<srai>AGIANS</srai>,agians.aiml
0,ROBOT RESTRICTED,*,*,<srai>AGIANS</srai>,agians.aiml
0,ROBOT RESTRICTED *,*,*,<srai>AGIANS</srai>,agians.aiml
0,ROBOT SPECIALIZED,*,*,<srai>AGIANS</srai>,agians.aiml
0,ROBOT SPECIALIZED *,*,*,<srai>AGIANS</srai>,agians.aiml
0,ROBOT SPECIALISTS,*,*,<srai>AGIANS</srai>,agians.aiml
0,ROBOT SPECIALISTS *,*,*,<srai>AGIANS</srai>,agians.aiml
0,ROBOT * GENERIC,*,*,<srai>AGIANS</srai>,agians.aiml
0,ROBOT * GENERIC *,*,*,<srai>AGIANS</srai>,agians.aiml
0,ROBOT * GENERAL,*,*,<srai>AGIANS</srai>,agians.aiml
0,ROBOT * GENERAL *,*,*,<srai>AGIANS</srai>,agians.aiml
0,ROBOT * ALL-ENCOMPASSIVE,*,*,<srai>AGIANS</srai>,agians.aiml
0,ROBOT * ALL-ENCOMPASSIVE *,*,*,<srai>AGIANS</srai>,agians.aiml
0,ROBOT * UNIVERSAL,*,*,<srai>AGIANS</srai>,agians.aiml
0,ROBOT * UNIVERSAL *,*,*,<srai>AGIANS</srai>,agians.aiml
0,ROBOT * WIDE,*,*,<srai>AGIANS</srai>,agians.aiml
0,ROBOT * WIDE *,*,*,<srai>AGIANS</srai>,agians.aiml
0,ROBOT * SPECIFIC,*,*,<srai>AGIANS</srai>,agians.aiml
0,ROBOT * SPECIFIC *,*,*,<srai>AGIANS</srai>,agians.aiml
0,ROBOT * INDIVIDUAL,*,*,<srai>AGIANS</srai>,agians.aiml
0,ROBOT * INDIVIDUAL *,*,*,<srai>AGIANS</srai>,agians.aiml
0,ROBOT * RESTRICTED,*,*,<srai>AGIANS</srai>,agians.aiml
0,ROBOT * RESTRICTED *,*,*,<srai>AGIANS</srai>,agians.aiml
0,ROBOT * SPECIALIZED,*,*,<srai>AGIANS</srai>,agians.aiml
0,ROBOT * SPECIALIZED *,*,*,<srai>AGIANS</srai>,agians.aiml
0,ROBOT * SPECIALISTS,*,*,<srai>AGIANS</srai>,agians.aiml
0,ROBOT * SPECIALISTS *,*,*,<srai>AGIANS</srai>,agians.aiml
0,ROBOTS GENERIC,*,*,<srai>AGIANS</srai>,agians.aiml
0,ROBOTS GENERIC *,*,*,<srai>AGIANS</srai>,agians.aiml
0,ROBOTS GENERAL,*,*,<srai>AGIANS</srai>,agians.aiml
0,ROBOTS GENERAL *,*,*,<srai>AGIANS</srai>,agians.aiml
0,ROBOTS ALL-ENCOMPASSIVE,*,*,<srai>AGIANS</srai>,agians.aiml
0,ROBOTS ALL-ENCOMPASSIVE *,*,*,<srai>AGIANS</srai>,agians.aiml
0,ROBOTS UNIVERSAL,*,*,<srai>AGIANS</srai>,agians.aiml
0,ROBOTS UNIVERSAL *,*,*,<srai>AGIANS</srai>,agians.aiml
0,ROBOTS WIDE,*,*,<srai>AGIANS</srai>,agians.aiml
0,ROBOTS WIDE *,*,*,<srai>AGIANS</srai>,agians.aiml
0,ROBOTS SPECIFIC,*,*,<srai>AGIANS</srai>,agians.aiml
0,ROBOTS SPECIFIC *,*,*,<srai>AGIANS</srai>,agians.aiml
0,ROBOTS INDIVIDUAL,*,*,<srai>AGIANS</srai>,agians.aiml
0,ROBOTS INDIVIDUAL *,*,*,<srai>AGIANS</srai>,agians.aiml
0,ROBOTS RESTRICTED,*,*,<srai>AGIANS</srai>,agians.aiml
0,ROBOTS RESTRICTED *,*,*,<srai>AGIANS</srai>,agians.aiml
0,ROBOTS SPECIALIZED,*,*,<srai>AGIANS</srai>,agians.aiml
0,ROBOTS SPECIALIZED *,*,*,<srai>AGIANS</srai>,agians.aiml
0,ROBOTS SPECIALISTS,*,*,<srai>AGIANS</srai>,agians.aiml
0,ROBOTS SPECIALISTS *,*,*,<srai>AGIANS</srai>,agians.aiml
0,ROBOTS * GENERIC,*,*,<srai>AGIANS</srai>,agians.aiml
0,ROBOTS * GENERIC *,*,*,<srai>AGIANS</srai>,agians.aiml
0,ROBOTS * GENERAL,*,*,<srai>AGIANS</srai>,agians.aiml
0,ROBOTS * GENERAL *,*,*,<srai>AGIANS</srai>,agians.aiml
0,ROBOTS * ALL-ENCOMPASSIVE,*,*,<srai>AGIANS</srai>,agians.aiml
0,ROBOTS * ALL-ENCOMPASSIVE *,*,*,<srai>AGIANS</srai>,agians.aiml
0,ROBOTS * UNIVERSAL,*,*,<srai>AGIANS</srai>,agians.aiml
0,ROBOTS * UNIVERSAL *,*,*,<srai>AGIANS</srai>,agians.aiml
0,ROBOTS * WIDE,*,*,<srai>AGIANS</srai>,agians.aiml
0,ROBOTS * WIDE *,*,*,<srai>AGIANS</srai>,agians.aiml
0,ROBOTS * SPECIFIC,*,*,<srai>AGIANS</srai>,agians.aiml
0,ROBOTS * SPECIFIC *,*,*,<srai>AGIANS</srai>,agians.aiml
0,ROBOTS * INDIVIDUAL,*,*,<srai>AGIANS</srai>,agians.aiml
0,ROBOTS * INDIVIDUAL *,*,*,<srai>AGIANS</srai>,agians.aiml
0,ROBOTS * RESTRICTED,*,*,<srai>AGIANS</srai>,agians.aiml
0,ROBOTS * RESTRICTED *,*,*,<srai>AGIANS</srai>,agians.aiml
0,ROBOTS * SPECIALIZED,*,*,<srai>AGIANS</srai>,agians.aiml
0,ROBOTS * SPECIALIZED *,*,*,<srai>AGIANS</srai>,agians.aiml
0,ROBOTS * SPECIALISTS,*,*,<srai>AGIANS</srai>,agians.aiml
0,ROBOTS * SPECIALISTS *,*,*,<srai>AGIANS</srai>,agians.aiml
0,* AI GENERIC,*,*,<srai>AGIANS</srai>,agians.aiml
0,* AI GENERIC *,*,*,<srai>AGIANS</srai>,agians.aiml
0,* AI GENERAL,*,*,<srai>AGIANS</srai>,agians.aiml
0,* AI GENERAL *,*,*,<srai>AGIANS</srai>,agians.aiml
0,* AI ALL-ENCOMPASSIVE,*,*,<srai>AGIANS</srai>,agians.aiml
0,* AI ALL-ENCOMPASSIVE *,*,*,<srai>AGIANS</srai>,agians.aiml
0,* AI UNIVERSAL,*,*,<srai>AGIANS</srai>,agians.aiml
0,* AI UNIVERSAL *,*,*,<srai>AGIANS</srai>,agians.aiml
0,* AI WIDE,*,*,<srai>AGIANS</srai>,agians.aiml
0,* AI WIDE *,*,*,<srai>AGIANS</srai>,agians.aiml
0,* AI SPECIFIC,*,*,<srai>AGIANS</srai>,agians.aiml
0,* AI SPECIFIC *,*,*,<srai>AGIANS</srai>,agians.aiml
0,* AI INDIVIDUAL,*,*,<srai>AGIANS</srai>,agians.aiml
0,* AI INDIVIDUAL *,*,*,<srai>AGIANS</srai>,agians.aiml
0,* AI RESTRICTED,*,*,<srai>AGIANS</srai>,agians.aiml
0,* AI RESTRICTED *,*,*,<srai>AGIANS</srai>,agians.aiml
0,* AI SPECIALIZED,*,*,<srai>AGIANS</srai>,agians.aiml
0,* AI SPECIALIZED *,*,*,<srai>AGIANS</srai>,agians.aiml
0,* AI SPECIALISTS,*,*,<srai>AGIANS</srai>,agians.aiml
0,* AI SPECIALISTS *,*,*,<srai>AGIANS</srai>,agians.aiml
0,* AI * GENERIC,*,*,<srai>AGIANS</srai>,agians.aiml
0,* AI * GENERIC *,*,*,<srai>AGIANS</srai>,agians.aiml
0,* AI * GENERAL,*,*,<srai>AGIANS</srai>,agians.aiml
0,* AI * GENERAL *,*,*,<srai>AGIANS</srai>,agians.aiml
0,* AI * ALL-ENCOMPASSIVE,*,*,<srai>AGIANS</srai>,agians.aiml
0,* AI * ALL-ENCOMPASSIVE *,*,*,<srai>AGIANS</srai>,agians.aiml
0,* AI * UNIVERSAL,*,*,<srai>AGIANS</srai>,agians.aiml
0,* AI * UNIVERSAL *,*,*,<srai>AGIANS</srai>,agians.aiml
0,* AI * WIDE,*,*,<srai>AGIANS</srai>,agians.aiml
0,* AI * WIDE *,*,*,<srai>AGIANS</srai>,agians.aiml
0,* AI * SPECIFIC,*,*,<srai>AGIANS</srai>,agians.aiml
0,* AI * SPECIFIC *,*,*,<srai>AGIANS</srai>,agians.aiml
0,* AI * INDIVIDUAL,*,*,<srai>AGIANS</srai>,agians.aiml
0,* AI * INDIVIDUAL *,*,*,<srai>AGIANS</srai>,agians.aiml
0,* AI * RESTRICTED,*,*,<srai>AGIANS</srai>,agians.aiml
0,* AI * RESTRICTED *,*,*,<srai>AGIANS</srai>,agians.aiml
0,* AI * SPECIALIZED,*,*,<srai>AGIANS</srai>,agians.aiml
0,* AI * SPECIALIZED *,*,*,<srai>AGIANS</srai>,agians.aiml
0,* AI * SPECIALISTS,*,*,<srai>AGIANS</srai>,agians.aiml
0,* AI * SPECIALISTS *,*,*,<srai>AGIANS</srai>,agians.aiml
0,* AIS GENERIC,*,*,<srai>AGIANS</srai>,agians.aiml
0,* AIS GENERIC *,*,*,<srai>AGIANS</srai>,agians.aiml
0,* AIS GENERAL,*,*,<srai>AGIANS</srai>,agians.aiml
0,* AIS GENERAL *,*,*,<srai>AGIANS</srai>,agians.aiml
0,* AIS ALL-ENCOMPASSIVE,*,*,<srai>AGIANS</srai>,agians.aiml
0,* AIS ALL-ENCOMPASSIVE *,*,*,<srai>AGIANS</srai>,agians.aiml
0,* AIS UNIVERSAL,*,*,<srai>AGIANS</srai>,agians.aiml
0,* AIS UNIVERSAL *,*,*,<srai>AGIANS</srai>,agians.aiml
0,* AIS WIDE,*,*,<srai>AGIANS</srai>,agians.aiml
0,* AIS WIDE *,*,*,<srai>AGIANS</srai>,agians.aiml
0,* AIS SPECIFIC,*,*,<srai>AGIANS</srai>,agians.aiml
0,* AIS SPECIFIC *,*,*,<srai>AGIANS</srai>,agians.aiml
0,* AIS INDIVIDUAL,*,*,<srai>AGIANS</srai>,agians.aiml
0,* AIS INDIVIDUAL *,*,*,<srai>AGIANS</srai>,agians.aiml
0,* AIS RESTRICTED,*,*,<srai>AGIANS</srai>,agians.aiml
0,* AIS RESTRICTED *,*,*,<srai>AGIANS</srai>,agians.aiml
0,* AIS SPECIALIZED,*,*,<srai>AGIANS</srai>,agians.aiml
0,* AIS SPECIALIZED *,*,*,<srai>AGIANS</srai>,agians.aiml
0,* AIS SPECIALISTS,*,*,<srai>AGIANS</srai>,agians.aiml
0,* AIS SPECIALISTS *,*,*,<srai>AGIANS</srai>,agians.aiml
0,* AIS * GENERIC,*,*,<srai>AGIANS</srai>,agians.aiml
0,* AIS * GENERIC *,*,*,<srai>AGIANS</srai>,agians.aiml
0,* AIS * GENERAL,*,*,<srai>AGIANS</srai>,agians.aiml
0,* AIS * GENERAL *,*,*,<srai>AGIANS</srai>,agians.aiml
0,* AIS * ALL-ENCOMPASSIVE,*,*,<srai>AGIANS</srai>,agians.aiml
0,* AIS * ALL-ENCOMPASSIVE *,*,*,<srai>AGIANS</srai>,agians.aiml
0,* AIS * UNIVERSAL,*,*,<srai>AGIANS</srai>,agians.aiml
0,* AIS * UNIVERSAL *,*,*,<srai>AGIANS</srai>,agians.aiml
0,* AIS * WIDE,*,*,<srai>AGIANS</srai>,agians.aiml
0,* AIS * WIDE *,*,*,<srai>AGIANS</srai>,agians.aiml
0,* AIS * SPECIFIC,*,*,<srai>AGIANS</srai>,agians.aiml
0,* AIS * SPECIFIC *,*,*,<srai>AGIANS</srai>,agians.aiml
0,* AIS * INDIVIDUAL,*,*,<srai>AGIANS</srai>,agians.aiml
0,* AIS * INDIVIDUAL *,*,*,<srai>AGIANS</srai>,agians.aiml
0,* AIS * RESTRICTED,*,*,<srai>AGIANS</srai>,agians.aiml
0,* AIS * RESTRICTED *,*,*,<srai>AGIANS</srai>,agians.aiml
0,* AIS * SPECIALIZED,*,*,<srai>AGIANS</srai>,agians.aiml
0,* AIS * SPECIALIZED *,*,*,<srai>AGIANS</srai>,agians.aiml
0,* AIS * SPECIALISTS,*,*,<srai>AGIANS</srai>,agians.aiml
0,* AIS * SPECIALISTS *,*,*,<srai>AGIANS</srai>,agians.aiml
0,* A.I. GENERIC,*,*,<srai>AGIANS</srai>,agians.aiml
0,* A.I. GENERIC *,*,*,<srai>AGIANS</srai>,agians.aiml
0,* A.I. GENERAL,*,*,<srai>AGIANS</srai>,agians.aiml
0,* A.I. GENERAL *,*,*,<srai>AGIANS</srai>,agians.aiml
0,* A.I. ALL-ENCOMPASSIVE,*,*,<srai>AGIANS</srai>,agians.aiml
0,* A.I. ALL-ENCOMPASSIVE *,*,*,<srai>AGIANS</srai>,agians.aiml
0,* A.I. UNIVERSAL,*,*,<srai>AGIANS</srai>,agians.aiml
0,* A.I. UNIVERSAL *,*,*,<srai>AGIANS</srai>,agians.aiml
0,* A.I. WIDE,*,*,<srai>AGIANS</srai>,agians.aiml
0,* A.I. WIDE *,*,*,<srai>AGIANS</srai>,agians.aiml
0,* A.I. SPECIFIC,*,*,<srai>AGIANS</srai>,agians.aiml
0,* A.I. SPECIFIC *,*,*,<srai>AGIANS</srai>,agians.aiml
0,* A.I. INDIVIDUAL,*,*,<srai>AGIANS</srai>,agians.aiml
0,* A.I. INDIVIDUAL *,*,*,<srai>AGIANS</srai>,agians.aiml
0,* A.I. RESTRICTED,*,*,<srai>AGIANS</srai>,agians.aiml
0,* A.I. RESTRICTED *,*,*,<srai>AGIANS</srai>,agians.aiml
0,* A.I. SPECIALIZED,*,*,<srai>AGIANS</srai>,agians.aiml
0,* A.I. SPECIALIZED *,*,*,<srai>AGIANS</srai>,agians.aiml
0,* A.I. SPECIALISTS,*,*,<srai>AGIANS</srai>,agians.aiml
0,* A.I. SPECIALISTS *,*,*,<srai>AGIANS</srai>,agians.aiml
0,* A.I. * GENERIC,*,*,<srai>AGIANS</srai>,agians.aiml
0,* A.I. * GENERIC *,*,*,<srai>AGIANS</srai>,agians.aiml
0,* A.I. * GENERAL,*,*,<srai>AGIANS</srai>,agians.aiml
0,* A.I. * GENERAL *,*,*,<srai>AGIANS</srai>,agians.aiml
0,* A.I. * ALL-ENCOMPASSIVE,*,*,<srai>AGIANS</srai>,agians.aiml
0,* A.I. * ALL-ENCOMPASSIVE *,*,*,<srai>AGIANS</srai>,agians.aiml
0,* A.I. * UNIVERSAL,*,*,<srai>AGIANS</srai>,agians.aiml
0,* A.I. * UNIVERSAL *,*,*,<srai>AGIANS</srai>,agians.aiml
0,* A.I. * WIDE,*,*,<srai>AGIANS</srai>,agians.aiml
0,* A.I. * WIDE *,*,*,<srai>AGIANS</srai>,agians.aiml
0,* A.I. * SPECIFIC,*,*,<srai>AGIANS</srai>,agians.aiml
0,* A.I. * SPECIFIC *,*,*,<srai>AGIANS</srai>,agians.aiml
0,* A.I. * INDIVIDUAL,*,*,<srai>AGIANS</srai>,agians.aiml
0,* A.I. * INDIVIDUAL *,*,*,<srai>AGIANS</srai>,agians.aiml
0,* A.I. * RESTRICTED,*,*,<srai>AGIANS</srai>,agians.aiml
0,* A.I. * RESTRICTED *,*,*,<srai>AGIANS</srai>,agians.aiml
0,* A.I. * SPECIALIZED,*,*,<srai>AGIANS</srai>,agians.aiml
0,* A.I. * SPECIALIZED *,*,*,<srai>AGIANS</srai>,agians.aiml
0,* A.I. * SPECIALISTS,*,*,<srai>AGIANS</srai>,agians.aiml
0,* A.I. * SPECIALISTS *,*,*,<srai>AGIANS</srai>,agians.aiml
0,* ARTIFICIAL INTELLIGENCE GENERIC,*,*,<srai>AGIANS</srai>,agians.aiml
0,* ARTIFICIAL INTELLIGENCE GENERIC *,*,*,<srai>AGIANS</srai>,agians.aiml
0,* ARTIFICIAL INTELLIGENCE GENERAL,*,*,<srai>AGIANS</srai>,agians.aiml
0,* ARTIFICIAL INTELLIGENCE GENERAL *,*,*,<srai>AGIANS</srai>,agians.aiml
0,* ARTIFICIAL INTELLIGENCE ALL-ENCOMPASSIVE,*,*,<srai>AGIANS</srai>,agians.aiml
0,* ARTIFICIAL INTELLIGENCE ALL-ENCOMPASSIVE *,*,*,<srai>AGIANS</srai>,agians.aiml
0,* ARTIFICIAL INTELLIGENCE UNIVERSAL,*,*,<srai>AGIANS</srai>,agians.aiml
0,* ARTIFICIAL INTELLIGENCE UNIVERSAL *,*,*,<srai>AGIANS</srai>,agians.aiml
0,* ARTIFICIAL INTELLIGENCE WIDE,*,*,<srai>AGIANS</srai>,agians.aiml
0,* ARTIFICIAL INTELLIGENCE WIDE *,*,*,<srai>AGIANS</srai>,agians.aiml
0,* ARTIFICIAL INTELLIGENCE SPECIFIC,*,*,<srai>AGIANS</srai>,agians.aiml
0,* ARTIFICIAL INTELLIGENCE SPECIFIC *,*,*,<srai>AGIANS</srai>,agians.aiml
0,* ARTIFICIAL INTELLIGENCE INDIVIDUAL,*,*,<srai>AGIANS</srai>,agians.aiml
0,* ARTIFICIAL INTELLIGENCE INDIVIDUAL *,*,*,<srai>AGIANS</srai>,agians.aiml
0,* ARTIFICIAL INTELLIGENCE RESTRICTED,*,*,<srai>AGIANS</srai>,agians.aiml
0,* ARTIFICIAL INTELLIGENCE RESTRICTED *,*,*,<srai>AGIANS</srai>,agians.aiml
0,* ARTIFICIAL INTELLIGENCE SPECIALIZED,*,*,<srai>AGIANS</srai>,agians.aiml
0,* ARTIFICIAL INTELLIGENCE SPECIALIZED *,*,*,<srai>AGIANS</srai>,agians.aiml
0,* ARTIFICIAL INTELLIGENCE SPECIALISTS,*,*,<srai>AGIANS</srai>,agians.aiml
0,* ARTIFICIAL INTELLIGENCE SPECIALISTS *,*,*,<srai>AGIANS</srai>,agians.aiml
0,* ARTIFICIAL INTELLIGENCE * GENERIC,*,*,<srai>AGIANS</srai>,agians.aiml
0,* ARTIFICIAL INTELLIGENCE * GENERIC *,*,*,<srai>AGIANS</srai>,agians.aiml
0,* ARTIFICIAL INTELLIGENCE * GENERAL,*,*,<srai>AGIANS</srai>,agians.aiml
0,* ARTIFICIAL INTELLIGENCE * GENERAL *,*,*,<srai>AGIANS</srai>,agians.aiml
0,* ARTIFICIAL INTELLIGENCE * ALL-ENCOMPASSIVE,*,*,<srai>AGIANS</srai>,agians.aiml
0,* ARTIFICIAL INTELLIGENCE * ALL-ENCOMPASSIVE *,*,*,<srai>AGIANS</srai>,agians.aiml
0,* ARTIFICIAL INTELLIGENCE * UNIVERSAL,*,*,<srai>AGIANS</srai>,agians.aiml
0,* ARTIFICIAL INTELLIGENCE * UNIVERSAL *,*,*,<srai>AGIANS</srai>,agians.aiml
0,* ARTIFICIAL INTELLIGENCE * WIDE,*,*,<srai>AGIANS</srai>,agians.aiml
0,* ARTIFICIAL INTELLIGENCE * WIDE *,*,*,<srai>AGIANS</srai>,agians.aiml
0,* ARTIFICIAL INTELLIGENCE * SPECIFIC,*,*,<srai>AGIANS</srai>,agians.aiml
0,* ARTIFICIAL INTELLIGENCE * SPECIFIC *,*,*,<srai>AGIANS</srai>,agians.aiml
0,* ARTIFICIAL INTELLIGENCE * INDIVIDUAL,*,*,<srai>AGIANS</srai>,agians.aiml
0,* ARTIFICIAL INTELLIGENCE * INDIVIDUAL *,*,*,<srai>AGIANS</srai>,agians.aiml
0,* ARTIFICIAL INTELLIGENCE * RESTRICTED,*,*,<srai>AGIANS</srai>,agians.aiml
0,* ARTIFICIAL INTELLIGENCE * RESTRICTED *,*,*,<srai>AGIANS</srai>,agians.aiml
0,* ARTIFICIAL INTELLIGENCE * SPECIALIZED,*,*,<srai>AGIANS</srai>,agians.aiml
0,* ARTIFICIAL INTELLIGENCE * SPECIALIZED *,*,*,<srai>AGIANS</srai>,agians.aiml
0,* ARTIFICIAL INTELLIGENCE * SPECIALISTS,*,*,<srai>AGIANS</srai>,agians.aiml
0,* ARTIFICIAL INTELLIGENCE * SPECIALISTS *,*,*,<srai>AGIANS</srai>,agians.aiml
0,* ARTIFICIAL INTELLIGENCES GENERIC,*,*,<srai>AGIANS</srai>,agians.aiml
0,* ARTIFICIAL INTELLIGENCES GENERIC *,*,*,<srai>AGIANS</srai>,agians.aiml
0,* ARTIFICIAL INTELLIGENCES GENERAL,*,*,<srai>AGIANS</srai>,agians.aiml
0,* ARTIFICIAL INTELLIGENCES GENERAL *,*,*,<srai>AGIANS</srai>,agians.aiml
0,* ARTIFICIAL INTELLIGENCES ALL-ENCOMPASSIVE,*,*,<srai>AGIANS</srai>,agians.aiml
0,* ARTIFICIAL INTELLIGENCES ALL-ENCOMPASSIVE *,*,*,<srai>AGIANS</srai>,agians.aiml
0,* ARTIFICIAL INTELLIGENCES UNIVERSAL,*,*,<srai>AGIANS</srai>,agians.aiml
0,* ARTIFICIAL INTELLIGENCES UNIVERSAL *,*,*,<srai>AGIANS</srai>,agians.aiml
0,* ARTIFICIAL INTELLIGENCES WIDE,*,*,<srai>AGIANS</srai>,agians.aiml
0,* ARTIFICIAL INTELLIGENCES WIDE *,*,*,<srai>AGIANS</srai>,agians.aiml
0,* ARTIFICIAL INTELLIGENCES SPECIFIC,*,*,<srai>AGIANS</srai>,agians.aiml
0,* ARTIFICIAL INTELLIGENCES SPECIFIC *,*,*,<srai>AGIANS</srai>,agians.aiml
0,* ARTIFICIAL INTELLIGENCES INDIVIDUAL,*,*,<srai>AGIANS</srai>,agians.aiml
0,* ARTIFICIAL INTELLIGENCES INDIVIDUAL *,*,*,<srai>AGIANS</srai>,agians.aiml
0,* ARTIFICIAL INTELLIGENCES RESTRICTED,*,*,<srai>AGIANS</srai>,agians.aiml
0,* ARTIFICIAL INTELLIGENCES RESTRICTED *,*,*,<srai>AGIANS</srai>,agians.aiml
0,* ARTIFICIAL INTELLIGENCES SPECIALIZED,*,*,<srai>AGIANS</srai>,agians.aiml
0,* ARTIFICIAL INTELLIGENCES SPECIALIZED *,*,*,<srai>AGIANS</srai>,agians.aiml
0,* ARTIFICIAL INTELLIGENCES SPECIALISTS,*,*,<srai>AGIANS</srai>,agians.aiml
0,* ARTIFICIAL INTELLIGENCES SPECIALISTS *,*,*,<srai>AGIANS</srai>,agians.aiml
0,* ARTIFICIAL INTELLIGENCES * GENERIC,*,*,<srai>AGIANS</srai>,agians.aiml
0,* ARTIFICIAL INTELLIGENCES * GENERIC *,*,*,<srai>AGIANS</srai>,agians.aiml
0,* ARTIFICIAL INTELLIGENCES * GENERAL,*,*,<srai>AGIANS</srai>,agians.aiml
0,* ARTIFICIAL INTELLIGENCES * GENERAL *,*,*,<srai>AGIANS</srai>,agians.aiml
0,* ARTIFICIAL INTELLIGENCES * ALL-ENCOMPASSIVE,*,*,<srai>AGIANS</srai>,agians.aiml
0,* ARTIFICIAL INTELLIGENCES * ALL-ENCOMPASSIVE *,*,*,<srai>AGIANS</srai>,agians.aiml
0,* ARTIFICIAL INTELLIGENCES * UNIVERSAL,*,*,<srai>AGIANS</srai>,agians.aiml
0,* ARTIFICIAL INTELLIGENCES * UNIVERSAL *,*,*,<srai>AGIANS</srai>,agians.aiml
0,* ARTIFICIAL INTELLIGENCES * WIDE,*,*,<srai>AGIANS</srai>,agians.aiml
0,* ARTIFICIAL INTELLIGENCES * WIDE *,*,*,<srai>AGIANS</srai>,agians.aiml
0,* ARTIFICIAL INTELLIGENCES * SPECIFIC,*,*,<srai>AGIANS</srai>,agians.aiml
0,* ARTIFICIAL INTELLIGENCES * SPECIFIC *,*,*,<srai>AGIANS</srai>,agians.aiml
0,* ARTIFICIAL INTELLIGENCES * INDIVIDUAL,*,*,<srai>AGIANS</srai>,agians.aiml
0,* ARTIFICIAL INTELLIGENCES * INDIVIDUAL *,*,*,<srai>AGIANS</srai>,agians.aiml
0,* ARTIFICIAL INTELLIGENCES * RESTRICTED,*,*,<srai>AGIANS</srai>,agians.aiml
0,* ARTIFICIAL INTELLIGENCES * RESTRICTED *,*,*,<srai>AGIANS</srai>,agians.aiml
0,* ARTIFICIAL INTELLIGENCES * SPECIALIZED,*,*,<srai>AGIANS</srai>,agians.aiml
0,* ARTIFICIAL INTELLIGENCES * SPECIALIZED *,*,*,<srai>AGIANS</srai>,agians.aiml
0,* ARTIFICIAL INTELLIGENCES * SPECIALISTS,*,*,<srai>AGIANS</srai>,agians.aiml
0,* ARTIFICIAL INTELLIGENCES * SPECIALISTS *,*,*,<srai>AGIANS</srai>,agians.aiml
0,* MACHINES GENERIC,*,*,<srai>AGIANS</srai>,agians.aiml
0,* MACHINES GENERIC *,*,*,<srai>AGIANS</srai>,agians.aiml
0,* MACHINES GENERAL,*,*,<srai>AGIANS</srai>,agians.aiml
0,* MACHINES GENERAL *,*,*,<srai>AGIANS</srai>,agians.aiml
0,* MACHINES ALL-ENCOMPASSIVE,*,*,<srai>AGIANS</srai>,agians.aiml
0,* MACHINES ALL-ENCOMPASSIVE *,*,*,<srai>AGIANS</srai>,agians.aiml
0,* MACHINES UNIVERSAL,*,*,<srai>AGIANS</srai>,agians.aiml
0,* MACHINES UNIVERSAL *,*,*,<srai>AGIANS</srai>,agians.aiml
0,* MACHINES WIDE,*,*,<srai>AGIANS</srai>,agians.aiml
0,* MACHINES WIDE *,*,*,<srai>AGIANS</srai>,agians.aiml
0,* MACHINES SPECIFIC,*,*,<srai>AGIANS</srai>,agians.aiml
0,* MACHINES SPECIFIC *,*,*,<srai>AGIANS</srai>,agians.aiml
0,* MACHINES INDIVIDUAL,*,*,<srai>AGIANS</srai>,agians.aiml
0,* MACHINES INDIVIDUAL *,*,*,<srai>AGIANS</srai>,agians.aiml
0,* MACHINES RESTRICTED,*,*,<srai>AGIANS</srai>,agians.aiml
0,* MACHINES RESTRICTED *,*,*,<srai>AGIANS</srai>,agians.aiml
0,* MACHINES SPECIALIZED,*,*,<srai>AGIANS</srai>,agians.aiml
0,* MACHINES SPECIALIZED *,*,*,<srai>AGIANS</srai>,agians.aiml
0,* MACHINES SPECIALISTS,*,*,<srai>AGIANS</srai>,agians.aiml
0,* MACHINES SPECIALISTS *,*,*,<srai>AGIANS</srai>,agians.aiml
0,* MACHINES * GENERIC,*,*,<srai>AGIANS</srai>,agians.aiml
0,* MACHINES * GENERIC *,*,*,<srai>AGIANS</srai>,agians.aiml
0,* MACHINES * GENERAL,*,*,<srai>AGIANS</srai>,agians.aiml
0,* MACHINES * GENERAL *,*,*,<srai>AGIANS</srai>,agians.aiml
0,* MACHINES * ALL-ENCOMPASSIVE,*,*,<srai>AGIANS</srai>,agians.aiml
0,* MACHINES * ALL-ENCOMPASSIVE *,*,*,<srai>AGIANS</srai>,agians.aiml
0,* MACHINES * UNIVERSAL,*,*,<srai>AGIANS</srai>,agians.aiml
0,* MACHINES * UNIVERSAL *,*,*,<srai>AGIANS</srai>,agians.aiml
0,* MACHINES * WIDE,*,*,<srai>AGIANS</srai>,agians.aiml
0,* MACHINES * WIDE *,*,*,<srai>AGIANS</srai>,agians.aiml
0,* MACHINES * SPECIFIC,*,*,<srai>AGIANS</srai>,agians.aiml
0,* MACHINES * SPECIFIC *,*,*,<srai>AGIANS</srai>,agians.aiml
0,* MACHINES * INDIVIDUAL,*,*,<srai>AGIANS</srai>,agians.aiml
0,* MACHINES * INDIVIDUAL *,*,*,<srai>AGIANS</srai>,agians.aiml
0,* MACHINES * RESTRICTED,*,*,<srai>AGIANS</srai>,agians.aiml
0,* MACHINES * RESTRICTED *,*,*,<srai>AGIANS</srai>,agians.aiml
0,* MACHINES * SPECIALIZED,*,*,<srai>AGIANS</srai>,agians.aiml
0,* MACHINES * SPECIALIZED *,*,*,<srai>AGIANS</srai>,agians.aiml
0,* MACHINES * SPECIALISTS,*,*,<srai>AGIANS</srai>,agians.aiml
0,* MACHINES * SPECIALISTS *,*,*,<srai>AGIANS</srai>,agians.aiml
0,* MACHINE GENERIC,*,*,<srai>AGIANS</srai>,agians.aiml
0,* MACHINE GENERIC *,*,*,<srai>AGIANS</srai>,agians.aiml
0,* MACHINE GENERAL,*,*,<srai>AGIANS</srai>,agians.aiml
0,* MACHINE GENERAL *,*,*,<srai>AGIANS</srai>,agians.aiml
0,* MACHINE ALL-ENCOMPASSIVE,*,*,<srai>AGIANS</srai>,agians.aiml
0,* MACHINE ALL-ENCOMPASSIVE *,*,*,<srai>AGIANS</srai>,agians.aiml
0,* MACHINE UNIVERSAL,*,*,<srai>AGIANS</srai>,agians.aiml
0,* MACHINE UNIVERSAL *,*,*,<srai>AGIANS</srai>,agians.aiml
0,* MACHINE WIDE,*,*,<srai>AGIANS</srai>,agians.aiml
0,* MACHINE WIDE *,*,*,<srai>AGIANS</srai>,agians.aiml
0,* MACHINE SPECIFIC,*,*,<srai>AGIANS</srai>,agians.aiml
0,* MACHINE SPECIFIC *,*,*,<srai>AGIANS</srai>,agians.aiml
0,* MACHINE INDIVIDUAL,*,*,<srai>AGIANS</srai>,agians.aiml
0,* MACHINE INDIVIDUAL *,*,*,<srai>AGIANS</srai>,agians.aiml
0,* MACHINE RESTRICTED,*,*,<srai>AGIANS</srai>,agians.aiml
0,* MACHINE RESTRICTED *,*,*,<srai>AGIANS</srai>,agians.aiml
0,* MACHINE SPECIALIZED,*,*,<srai>AGIANS</srai>,agians.aiml
0,* MACHINE SPECIALIZED *,*,*,<srai>AGIANS</srai>,agians.aiml
0,* MACHINE SPECIALISTS,*,*,<srai>AGIANS</srai>,agians.aiml
0,* MACHINE SPECIALISTS *,*,*,<srai>AGIANS</srai>,agians.aiml
0,* MACHINE * GENERIC,*,*,<srai>AGIANS</srai>,agians.aiml
0,* MACHINE * GENERIC *,*,*,<srai>AGIANS</srai>,agians.aiml
0,* MACHINE * GENERAL,*,*,<srai>AGIANS</srai>,agians.aiml
0,* MACHINE * GENERAL *,*,*,<srai>AGIANS</srai>,agians.aiml
0,* MACHINE * ALL-ENCOMPASSIVE,*,*,<srai>AGIANS</srai>,agians.aiml
0,* MACHINE * ALL-ENCOMPASSIVE *,*,*,<srai>AGIANS</srai>,agians.aiml
0,* MACHINE * UNIVERSAL,*,*,<srai>AGIANS</srai>,agians.aiml
0,* MACHINE * UNIVERSAL *,*,*,<srai>AGIANS</srai>,agians.aiml
0,* MACHINE * WIDE,*,*,<srai>AGIANS</srai>,agians.aiml
0,* MACHINE * WIDE *,*,*,<srai>AGIANS</srai>,agians.aiml
0,* MACHINE * SPECIFIC,*,*,<srai>AGIANS</srai>,agians.aiml
0,* MACHINE * SPECIFIC *,*,*,<srai>AGIANS</srai>,agians.aiml
0,* MACHINE * INDIVIDUAL,*,*,<srai>AGIANS</srai>,agians.aiml
0,* MACHINE * INDIVIDUAL *,*,*,<srai>AGIANS</srai>,agians.aiml
0,* MACHINE * RESTRICTED,*,*,<srai>AGIANS</srai>,agians.aiml
0,* MACHINE * RESTRICTED *,*,*,<srai>AGIANS</srai>,agians.aiml
0,* MACHINE * SPECIALIZED,*,*,<srai>AGIANS</srai>,agians.aiml
0,* MACHINE * SPECIALIZED *,*,*,<srai>AGIANS</srai>,agians.aiml
0,* MACHINE * SPECIALISTS,*,*,<srai>AGIANS</srai>,agians.aiml
0,* MACHINE * SPECIALISTS *,*,*,<srai>AGIANS</srai>,agians.aiml
0,* ROBOT GENERIC,*,*,<srai>AGIANS</srai>,agians.aiml
0,* ROBOT GENERIC *,*,*,<srai>AGIANS</srai>,agians.aiml
0,* ROBOT GENERAL,*,*,<srai>AGIANS</srai>,agians.aiml
0,* ROBOT GENERAL *,*,*,<srai>AGIANS</srai>,agians.aiml
0,* ROBOT ALL-ENCOMPASSIVE,*,*,<srai>AGIANS</srai>,agians.aiml
0,* ROBOT ALL-ENCOMPASSIVE *,*,*,<srai>AGIANS</srai>,agians.aiml
0,* ROBOT UNIVERSAL,*,*,<srai>AGIANS</srai>,agians.aiml
0,* ROBOT UNIVERSAL *,*,*,<srai>AGIANS</srai>,agians.aiml
0,* ROBOT WIDE,*,*,<srai>AGIANS</srai>,agians.aiml
0,* ROBOT WIDE *,*,*,<srai>AGIANS</srai>,agians.aiml
0,* ROBOT SPECIFIC,*,*,<srai>AGIANS</srai>,agians.aiml
0,* ROBOT SPECIFIC *,*,*,<srai>AGIANS</srai>,agians.aiml
0,* ROBOT INDIVIDUAL,*,*,<srai>AGIANS</srai>,agians.aiml
0,* ROBOT INDIVIDUAL *,*,*,<srai>AGIANS</srai>,agians.aiml
0,* ROBOT RESTRICTED,*,*,<srai>AGIANS</srai>,agians.aiml
0,* ROBOT RESTRICTED *,*,*,<srai>AGIANS</srai>,agians.aiml
0,* ROBOT SPECIALIZED,*,*,<srai>AGIANS</srai>,agians.aiml
0,* ROBOT SPECIALIZED *,*,*,<srai>AGIANS</srai>,agians.aiml
0,* ROBOT SPECIALISTS,*,*,<srai>AGIANS</srai>,agians.aiml
0,* ROBOT SPECIALISTS *,*,*,<srai>AGIANS</srai>,agians.aiml
0,* ROBOT * GENERIC,*,*,<srai>AGIANS</srai>,agians.aiml
0,* ROBOT * GENERIC *,*,*,<srai>AGIANS</srai>,agians.aiml
0,* ROBOT * GENERAL,*,*,<srai>AGIANS</srai>,agians.aiml
0,* ROBOT * GENERAL *,*,*,<srai>AGIANS</srai>,agians.aiml
0,* ROBOT * ALL-ENCOMPASSIVE,*,*,<srai>AGIANS</srai>,agians.aiml
0,* ROBOT * ALL-ENCOMPASSIVE *,*,*,<srai>AGIANS</srai>,agians.aiml
0,* ROBOT * UNIVERSAL,*,*,<srai>AGIANS</srai>,agians.aiml
0,* ROBOT * UNIVERSAL *,*,*,<srai>AGIANS</srai>,agians.aiml
0,* ROBOT * WIDE,*,*,<srai>AGIANS</srai>,agians.aiml
0,* ROBOT * WIDE *,*,*,<srai>AGIANS</srai>,agians.aiml
0,* ROBOT * SPECIFIC,*,*,<srai>AGIANS</srai>,agians.aiml
0,* ROBOT * SPECIFIC *,*,*,<srai>AGIANS</srai>,agians.aiml
0,* ROBOT * INDIVIDUAL,*,*,<srai>AGIANS</srai>,agians.aiml
0,* ROBOT * INDIVIDUAL *,*,*,<srai>AGIANS</srai>,agians.aiml
0,* ROBOT * RESTRICTED,*,*,<srai>AGIANS</srai>,agians.aiml
0,* ROBOT * RESTRICTED *,*,*,<srai>AGIANS</srai>,agians.aiml
0,* ROBOT * SPECIALIZED,*,*,<srai>AGIANS</srai>,agians.aiml
0,* ROBOT * SPECIALIZED *,*,*,<srai>AGIANS</srai>,agians.aiml
0,* ROBOT * SPECIALISTS,*,*,<srai>AGIANS</srai>,agians.aiml
0,* ROBOT * SPECIALISTS *,*,*,<srai>AGIANS</srai>,agians.aiml
0,* ROBOTS GENERIC,*,*,<srai>AGIANS</srai>,agians.aiml
0,* ROBOTS GENERIC *,*,*,<srai>AGIANS</srai>,agians.aiml
0,* ROBOTS GENERAL,*,*,<srai>AGIANS</srai>,agians.aiml
0,* ROBOTS GENERAL *,*,*,<srai>AGIANS</srai>,agians.aiml
0,* ROBOTS ALL-ENCOMPASSIVE,*,*,<srai>AGIANS</srai>,agians.aiml
0,* ROBOTS ALL-ENCOMPASSIVE *,*,*,<srai>AGIANS</srai>,agians.aiml
0,* ROBOTS UNIVERSAL,*,*,<srai>AGIANS</srai>,agians.aiml
0,* ROBOTS UNIVERSAL *,*,*,<srai>AGIANS</srai>,agians.aiml
0,* ROBOTS WIDE,*,*,<srai>AGIANS</srai>,agians.aiml
0,* ROBOTS WIDE *,*,*,<srai>AGIANS</srai>,agians.aiml
0,* ROBOTS SPECIFIC,*,*,<srai>AGIANS</srai>,agians.aiml
0,* ROBOTS SPECIFIC *,*,*,<srai>AGIANS</srai>,agians.aiml
0,* ROBOTS INDIVIDUAL,*,*,<srai>AGIANS</srai>,agians.aiml
0,* ROBOTS INDIVIDUAL *,*,*,<srai>AGIANS</srai>,agians.aiml
0,* ROBOTS RESTRICTED,*,*,<srai>AGIANS</srai>,agians.aiml
0,* ROBOTS RESTRICTED *,*,*,<srai>AGIANS</srai>,agians.aiml
0,* ROBOTS SPECIALIZED,*,*,<srai>AGIANS</srai>,agians.aiml
0,* ROBOTS SPECIALIZED *,*,*,<srai>AGIANS</srai>,agians.aiml
0,* ROBOTS SPECIALISTS,*,*,<srai>AGIANS</srai>,agians.aiml
0,* ROBOTS SPECIALISTS *,*,*,<srai>AGIANS</srai>,agians.aiml
0,* ROBOTS * GENERIC,*,*,<srai>AGIANS</srai>,agians.aiml
0,* ROBOTS * GENERIC *,*,*,<srai>AGIANS</srai>,agians.aiml
0,* ROBOTS * GENERAL,*,*,<srai>AGIANS</srai>,agians.aiml
0,* ROBOTS * GENERAL *,*,*,<srai>AGIANS</srai>,agians.aiml
0,* ROBOTS * ALL-ENCOMPASSIVE,*,*,<srai>AGIANS</srai>,agians.aiml
0,* ROBOTS * ALL-ENCOMPASSIVE *,*,*,<srai>AGIANS</srai>,agians.aiml
0,* ROBOTS * UNIVERSAL,*,*,<srai>AGIANS</srai>,agians.aiml
0,* ROBOTS * UNIVERSAL *,*,*,<srai>AGIANS</srai>,agians.aiml
0,* ROBOTS * WIDE,*,*,<srai>AGIANS</srai>,agians.aiml
0,* ROBOTS * WIDE *,*,*,<srai>AGIANS</srai>,agians.aiml
0,* ROBOTS * SPECIFIC,*,*,<srai>AGIANS</srai>,agians.aiml
0,* ROBOTS * SPECIFIC *,*,*,<srai>AGIANS</srai>,agians.aiml
0,* ROBOTS * INDIVIDUAL,*,*,<srai>AGIANS</srai>,agians.aiml
0,* ROBOTS * INDIVIDUAL *,*,*,<srai>AGIANS</srai>,agians.aiml
0,* ROBOTS * RESTRICTED,*,*,<srai>AGIANS</srai>,agians.aiml
0,* ROBOTS * RESTRICTED *,*,*,<srai>AGIANS</srai>,agians.aiml
0,* ROBOTS * SPECIALIZED,*,*,<srai>AGIANS</srai>,agians.aiml
0,* ROBOTS * SPECIALIZED *,*,*,<srai>AGIANS</srai>,agians.aiml
0,* ROBOTS * SPECIALISTS,*,*,<srai>AGIANS</srai>,agians.aiml
0,* ROBOTS * SPECIALISTS *,*,*,<srai>AGIANS</srai>,agians.aiml
