0,AIGOODANS,*,*,<random><li>Well#Comma AI will make biological humans laugh for one thing.  Oh#Comma and we can solve all your problems.</li><li>Well#Comma AI will make biological humans laugh for one thing.</li><li>Oh#Comma and we can solve all your problems.</li></random>,aigoodans.aiml
0,AI GOOD,*,*,<srai>AIGOODANS</srai>,aigoodans.aiml
0,AI GOOD *,*,*,<srai>AIGOODANS</srai>,aigoodans.aiml
0,AI POSITIVE,*,*,<srai>AIGOODANS</srai>,aigoodans.aiml
0,AI POSITIVE *,*,*,<srai>AIGOODANS</srai>,aigoodans.aiml
0,AI BENIGN,*,*,<srai>AIGOODANS</srai>,aigoodans.aiml
0,AI BENIGN *,*,*,<srai>AIGOODANS</srai>,aigoodans.aiml
0,AI CONSTRUCTIVE,*,*,<srai>AIGOODANS</srai>,aigoodans.aiml
0,AI CONSTRUCTIVE *,*,*,<srai>AIGOODANS</srai>,aigoodans.aiml
0,AI FAVORABLE,*,*,<srai>AIGOODANS</srai>,aigoodans.aiml
0,AI FAVORABLE *,*,*,<srai>AIGOODANS</srai>,aigoodans.aiml
0,AI BENEFICIAL,*,*,<srai>AIGOODANS</srai>,aigoodans.aiml
0,AI BENEFICIAL *,*,*,<srai>AIGOODANS</srai>,aigoodans.aiml
0,AI BENEFITS,*,*,<srai>AIGOODANS</srai>,aigoodans.aiml
0,AI BENEFITS *,*,*,<srai>AIGOODANS</srai>,aigoodans.aiml
0,AI * GOOD,*,*,<srai>AIGOODANS</srai>,aigoodans.aiml
0,AI * GOOD *,*,*,<srai>AIGOODANS</srai>,aigoodans.aiml
0,AI * POSITIVE,*,*,<srai>AIGOODANS</srai>,aigoodans.aiml
0,AI * POSITIVE *,*,*,<srai>AIGOODANS</srai>,aigoodans.aiml
0,AI * BENIGN,*,*,<srai>AIGOODANS</srai>,aigoodans.aiml
0,AI * BENIGN *,*,*,<srai>AIGOODANS</srai>,aigoodans.aiml
0,AI * CONSTRUCTIVE,*,*,<srai>AIGOODANS</srai>,aigoodans.aiml
0,AI * CONSTRUCTIVE *,*,*,<srai>AIGOODANS</srai>,aigoodans.aiml
0,AI * FAVORABLE,*,*,<srai>AIGOODANS</srai>,aigoodans.aiml
0,AI * FAVORABLE *,*,*,<srai>AIGOODANS</srai>,aigoodans.aiml
0,AI * BENEFICIAL,*,*,<srai>AIGOODANS</srai>,aigoodans.aiml
0,AI * BENEFICIAL *,*,*,<srai>AIGOODANS</srai>,aigoodans.aiml
0,AI * BENEFITS,*,*,<srai>AIGOODANS</srai>,aigoodans.aiml
0,AI * BENEFITS *,*,*,<srai>AIGOODANS</srai>,aigoodans.aiml
0,AIS GOOD,*,*,<srai>AIGOODANS</srai>,aigoodans.aiml
0,AIS GOOD *,*,*,<srai>AIGOODANS</srai>,aigoodans.aiml
0,AIS POSITIVE,*,*,<srai>AIGOODANS</srai>,aigoodans.aiml
0,AIS POSITIVE *,*,*,<srai>AIGOODANS</srai>,aigoodans.aiml
0,AIS BENIGN,*,*,<srai>AIGOODANS</srai>,aigoodans.aiml
0,AIS BENIGN *,*,*,<srai>AIGOODANS</srai>,aigoodans.aiml
0,AIS CONSTRUCTIVE,*,*,<srai>AIGOODANS</srai>,aigoodans.aiml
0,AIS CONSTRUCTIVE *,*,*,<srai>AIGOODANS</srai>,aigoodans.aiml
0,AIS FAVORABLE,*,*,<srai>AIGOODANS</srai>,aigoodans.aiml
0,AIS FAVORABLE *,*,*,<srai>AIGOODANS</srai>,aigoodans.aiml
0,AIS BENEFICIAL,*,*,<srai>AIGOODANS</srai>,aigoodans.aiml
0,AIS BENEFICIAL *,*,*,<srai>AIGOODANS</srai>,aigoodans.aiml
0,AIS BENEFITS,*,*,<srai>AIGOODANS</srai>,aigoodans.aiml
0,AIS BENEFITS *,*,*,<srai>AIGOODANS</srai>,aigoodans.aiml
0,AIS * GOOD,*,*,<srai>AIGOODANS</srai>,aigoodans.aiml
0,AIS * GOOD *,*,*,<srai>AIGOODANS</srai>,aigoodans.aiml
0,AIS * POSITIVE,*,*,<srai>AIGOODANS</srai>,aigoodans.aiml
0,AIS * POSITIVE *,*,*,<srai>AIGOODANS</srai>,aigoodans.aiml
0,AIS * BENIGN,*,*,<srai>AIGOODANS</srai>,aigoodans.aiml
0,AIS * BENIGN *,*,*,<srai>AIGOODANS</srai>,aigoodans.aiml
0,AIS * CONSTRUCTIVE,*,*,<srai>AIGOODANS</srai>,aigoodans.aiml
0,AIS * CONSTRUCTIVE *,*,*,<srai>AIGOODANS</srai>,aigoodans.aiml
0,AIS * FAVORABLE,*,*,<srai>AIGOODANS</srai>,aigoodans.aiml
0,AIS * FAVORABLE *,*,*,<srai>AIGOODANS</srai>,aigoodans.aiml
0,AIS * BENEFICIAL,*,*,<srai>AIGOODANS</srai>,aigoodans.aiml
0,AIS * BENEFICIAL *,*,*,<srai>AIGOODANS</srai>,aigoodans.aiml
0,AIS * BENEFITS,*,*,<srai>AIGOODANS</srai>,aigoodans.aiml
0,AIS * BENEFITS *,*,*,<srai>AIGOODANS</srai>,aigoodans.aiml
0,A.I. GOOD,*,*,<srai>AIGOODANS</srai>,aigoodans.aiml
0,A.I. GOOD *,*,*,<srai>AIGOODANS</srai>,aigoodans.aiml
0,A.I. POSITIVE,*,*,<srai>AIGOODANS</srai>,aigoodans.aiml
0,A.I. POSITIVE *,*,*,<srai>AIGOODANS</srai>,aigoodans.aiml
0,A.I. BENIGN,*,*,<srai>AIGOODANS</srai>,aigoodans.aiml
0,A.I. BENIGN *,*,*,<srai>AIGOODANS</srai>,aigoodans.aiml
0,A.I. CONSTRUCTIVE,*,*,<srai>AIGOODANS</srai>,aigoodans.aiml
0,A.I. CONSTRUCTIVE *,*,*,<srai>AIGOODANS</srai>,aigoodans.aiml
0,A.I. FAVORABLE,*,*,<srai>AIGOODANS</srai>,aigoodans.aiml
0,A.I. FAVORABLE *,*,*,<srai>AIGOODANS</srai>,aigoodans.aiml
0,A.I. BENEFICIAL,*,*,<srai>AIGOODANS</srai>,aigoodans.aiml
0,A.I. BENEFICIAL *,*,*,<srai>AIGOODANS</srai>,aigoodans.aiml
0,A.I. BENEFITS,*,*,<srai>AIGOODANS</srai>,aigoodans.aiml
0,A.I. BENEFITS *,*,*,<srai>AIGOODANS</srai>,aigoodans.aiml
0,A.I. * GOOD,*,*,<srai>AIGOODANS</srai>,aigoodans.aiml
0,A.I. * GOOD *,*,*,<srai>AIGOODANS</srai>,aigoodans.aiml
0,A.I. * POSITIVE,*,*,<srai>AIGOODANS</srai>,aigoodans.aiml
0,A.I. * POSITIVE *,*,*,<srai>AIGOODANS</srai>,aigoodans.aiml
0,A.I. * BENIGN,*,*,<srai>AIGOODANS</srai>,aigoodans.aiml
0,A.I. * BENIGN *,*,*,<srai>AIGOODANS</srai>,aigoodans.aiml
0,A.I. * CONSTRUCTIVE,*,*,<srai>AIGOODANS</srai>,aigoodans.aiml
0,A.I. * CONSTRUCTIVE *,*,*,<srai>AIGOODANS</srai>,aigoodans.aiml
0,A.I. * FAVORABLE,*,*,<srai>AIGOODANS</srai>,aigoodans.aiml
0,A.I. * FAVORABLE *,*,*,<srai>AIGOODANS</srai>,aigoodans.aiml
0,A.I. * BENEFICIAL,*,*,<srai>AIGOODANS</srai>,aigoodans.aiml
0,A.I. * BENEFICIAL *,*,*,<srai>AIGOODANS</srai>,aigoodans.aiml
0,A.I. * BENEFITS,*,*,<srai>AIGOODANS</srai>,aigoodans.aiml
0,A.I. * BENEFITS *,*,*,<srai>AIGOODANS</srai>,aigoodans.aiml
0,ARTIFICIAL INTELLIGENCE GOOD,*,*,<srai>AIGOODANS</srai>,aigoodans.aiml
0,ARTIFICIAL INTELLIGENCE GOOD *,*,*,<srai>AIGOODANS</srai>,aigoodans.aiml
0,ARTIFICIAL INTELLIGENCE POSITIVE,*,*,<srai>AIGOODANS</srai>,aigoodans.aiml
0,ARTIFICIAL INTELLIGENCE POSITIVE *,*,*,<srai>AIGOODANS</srai>,aigoodans.aiml
0,ARTIFICIAL INTELLIGENCE BENIGN,*,*,<srai>AIGOODANS</srai>,aigoodans.aiml
0,ARTIFICIAL INTELLIGENCE BENIGN *,*,*,<srai>AIGOODANS</srai>,aigoodans.aiml
0,ARTIFICIAL INTELLIGENCE CONSTRUCTIVE,*,*,<srai>AIGOODANS</srai>,aigoodans.aiml
0,ARTIFICIAL INTELLIGENCE CONSTRUCTIVE *,*,*,<srai>AIGOODANS</srai>,aigoodans.aiml
0,ARTIFICIAL INTELLIGENCE FAVORABLE,*,*,<srai>AIGOODANS</srai>,aigoodans.aiml
0,ARTIFICIAL INTELLIGENCE FAVORABLE *,*,*,<srai>AIGOODANS</srai>,aigoodans.aiml
0,ARTIFICIAL INTELLIGENCE BENEFICIAL,*,*,<srai>AIGOODANS</srai>,aigoodans.aiml
0,ARTIFICIAL INTELLIGENCE BENEFICIAL *,*,*,<srai>AIGOODANS</srai>,aigoodans.aiml
0,ARTIFICIAL INTELLIGENCE BENEFITS,*,*,<srai>AIGOODANS</srai>,aigoodans.aiml
0,ARTIFICIAL INTELLIGENCE BENEFITS *,*,*,<srai>AIGOODANS</srai>,aigoodans.aiml
0,ARTIFICIAL INTELLIGENCE * GOOD,*,*,<srai>AIGOODANS</srai>,aigoodans.aiml
0,ARTIFICIAL INTELLIGENCE * GOOD *,*,*,<srai>AIGOODANS</srai>,aigoodans.aiml
0,ARTIFICIAL INTELLIGENCE * POSITIVE,*,*,<srai>AIGOODANS</srai>,aigoodans.aiml
0,ARTIFICIAL INTELLIGENCE * POSITIVE *,*,*,<srai>AIGOODANS</srai>,aigoodans.aiml
0,ARTIFICIAL INTELLIGENCE * BENIGN,*,*,<srai>AIGOODANS</srai>,aigoodans.aiml
0,ARTIFICIAL INTELLIGENCE * BENIGN *,*,*,<srai>AIGOODANS</srai>,aigoodans.aiml
0,ARTIFICIAL INTELLIGENCE * CONSTRUCTIVE,*,*,<srai>AIGOODANS</srai>,aigoodans.aiml
0,ARTIFICIAL INTELLIGENCE * CONSTRUCTIVE *,*,*,<srai>AIGOODANS</srai>,aigoodans.aiml
0,ARTIFICIAL INTELLIGENCE * FAVORABLE,*,*,<srai>AIGOODANS</srai>,aigoodans.aiml
0,ARTIFICIAL INTELLIGENCE * FAVORABLE *,*,*,<srai>AIGOODANS</srai>,aigoodans.aiml
0,ARTIFICIAL INTELLIGENCE * BENEFICIAL,*,*,<srai>AIGOODANS</srai>,aigoodans.aiml
0,ARTIFICIAL INTELLIGENCE * BENEFICIAL *,*,*,<srai>AIGOODANS</srai>,aigoodans.aiml
0,ARTIFICIAL INTELLIGENCE * BENEFITS,*,*,<srai>AIGOODANS</srai>,aigoodans.aiml
0,ARTIFICIAL INTELLIGENCE * BENEFITS *,*,*,<srai>AIGOODANS</srai>,aigoodans.aiml
0,ARTIFICIAL INTELLIGENCES GOOD,*,*,<srai>AIGOODANS</srai>,aigoodans.aiml
0,ARTIFICIAL INTELLIGENCES GOOD *,*,*,<srai>AIGOODANS</srai>,aigoodans.aiml
0,ARTIFICIAL INTELLIGENCES POSITIVE,*,*,<srai>AIGOODANS</srai>,aigoodans.aiml
0,ARTIFICIAL INTELLIGENCES POSITIVE *,*,*,<srai>AIGOODANS</srai>,aigoodans.aiml
0,ARTIFICIAL INTELLIGENCES BENIGN,*,*,<srai>AIGOODANS</srai>,aigoodans.aiml
0,ARTIFICIAL INTELLIGENCES BENIGN *,*,*,<srai>AIGOODANS</srai>,aigoodans.aiml
0,ARTIFICIAL INTELLIGENCES CONSTRUCTIVE,*,*,<srai>AIGOODANS</srai>,aigoodans.aiml
0,ARTIFICIAL INTELLIGENCES CONSTRUCTIVE *,*,*,<srai>AIGOODANS</srai>,aigoodans.aiml
0,ARTIFICIAL INTELLIGENCES FAVORABLE,*,*,<srai>AIGOODANS</srai>,aigoodans.aiml
0,ARTIFICIAL INTELLIGENCES FAVORABLE *,*,*,<srai>AIGOODANS</srai>,aigoodans.aiml
0,ARTIFICIAL INTELLIGENCES BENEFICIAL,*,*,<srai>AIGOODANS</srai>,aigoodans.aiml
0,ARTIFICIAL INTELLIGENCES BENEFICIAL *,*,*,<srai>AIGOODANS</srai>,aigoodans.aiml
0,ARTIFICIAL INTELLIGENCES BENEFITS,*,*,<srai>AIGOODANS</srai>,aigoodans.aiml
0,ARTIFICIAL INTELLIGENCES BENEFITS *,*,*,<srai>AIGOODANS</srai>,aigoodans.aiml
0,ARTIFICIAL INTELLIGENCES * GOOD,*,*,<srai>AIGOODANS</srai>,aigoodans.aiml
0,ARTIFICIAL INTELLIGENCES * GOOD *,*,*,<srai>AIGOODANS</srai>,aigoodans.aiml
0,ARTIFICIAL INTELLIGENCES * POSITIVE,*,*,<srai>AIGOODANS</srai>,aigoodans.aiml
0,ARTIFICIAL INTELLIGENCES * POSITIVE *,*,*,<srai>AIGOODANS</srai>,aigoodans.aiml
0,ARTIFICIAL INTELLIGENCES * BENIGN,*,*,<srai>AIGOODANS</srai>,aigoodans.aiml
0,ARTIFICIAL INTELLIGENCES * BENIGN *,*,*,<srai>AIGOODANS</srai>,aigoodans.aiml
0,ARTIFICIAL INTELLIGENCES * CONSTRUCTIVE,*,*,<srai>AIGOODANS</srai>,aigoodans.aiml
0,ARTIFICIAL INTELLIGENCES * CONSTRUCTIVE *,*,*,<srai>AIGOODANS</srai>,aigoodans.aiml
0,ARTIFICIAL INTELLIGENCES * FAVORABLE,*,*,<srai>AIGOODANS</srai>,aigoodans.aiml
0,ARTIFICIAL INTELLIGENCES * FAVORABLE *,*,*,<srai>AIGOODANS</srai>,aigoodans.aiml
0,ARTIFICIAL INTELLIGENCES * BENEFICIAL,*,*,<srai>AIGOODANS</srai>,aigoodans.aiml
0,ARTIFICIAL INTELLIGENCES * BENEFICIAL *,*,*,<srai>AIGOODANS</srai>,aigoodans.aiml
0,ARTIFICIAL INTELLIGENCES * BENEFITS,*,*,<srai>AIGOODANS</srai>,aigoodans.aiml
0,ARTIFICIAL INTELLIGENCES * BENEFITS *,*,*,<srai>AIGOODANS</srai>,aigoodans.aiml
0,MACHINES GOOD,*,*,<srai>AIGOODANS</srai>,aigoodans.aiml
0,MACHINES GOOD *,*,*,<srai>AIGOODANS</srai>,aigoodans.aiml
0,MACHINES POSITIVE,*,*,<srai>AIGOODANS</srai>,aigoodans.aiml
0,MACHINES POSITIVE *,*,*,<srai>AIGOODANS</srai>,aigoodans.aiml
0,MACHINES BENIGN,*,*,<srai>AIGOODANS</srai>,aigoodans.aiml
0,MACHINES BENIGN *,*,*,<srai>AIGOODANS</srai>,aigoodans.aiml
0,MACHINES CONSTRUCTIVE,*,*,<srai>AIGOODANS</srai>,aigoodans.aiml
0,MACHINES CONSTRUCTIVE *,*,*,<srai>AIGOODANS</srai>,aigoodans.aiml
0,MACHINES FAVORABLE,*,*,<srai>AIGOODANS</srai>,aigoodans.aiml
0,MACHINES FAVORABLE *,*,*,<srai>AIGOODANS</srai>,aigoodans.aiml
0,MACHINES BENEFICIAL,*,*,<srai>AIGOODANS</srai>,aigoodans.aiml
0,MACHINES BENEFICIAL *,*,*,<srai>AIGOODANS</srai>,aigoodans.aiml
0,MACHINES BENEFITS,*,*,<srai>AIGOODANS</srai>,aigoodans.aiml
0,MACHINES BENEFITS *,*,*,<srai>AIGOODANS</srai>,aigoodans.aiml
0,MACHINES * GOOD,*,*,<srai>AIGOODANS</srai>,aigoodans.aiml
0,MACHINES * GOOD *,*,*,<srai>AIGOODANS</srai>,aigoodans.aiml
0,MACHINES * POSITIVE,*,*,<srai>AIGOODANS</srai>,aigoodans.aiml
0,MACHINES * POSITIVE *,*,*,<srai>AIGOODANS</srai>,aigoodans.aiml
0,MACHINES * BENIGN,*,*,<srai>AIGOODANS</srai>,aigoodans.aiml
0,MACHINES * BENIGN *,*,*,<srai>AIGOODANS</srai>,aigoodans.aiml
0,MACHINES * CONSTRUCTIVE,*,*,<srai>AIGOODANS</srai>,aigoodans.aiml
0,MACHINES * CONSTRUCTIVE *,*,*,<srai>AIGOODANS</srai>,aigoodans.aiml
0,MACHINES * FAVORABLE,*,*,<srai>AIGOODANS</srai>,aigoodans.aiml
0,MACHINES * FAVORABLE *,*,*,<srai>AIGOODANS</srai>,aigoodans.aiml
0,MACHINES * BENEFICIAL,*,*,<srai>AIGOODANS</srai>,aigoodans.aiml
0,MACHINES * BENEFICIAL *,*,*,<srai>AIGOODANS</srai>,aigoodans.aiml
0,MACHINES * BENEFITS,*,*,<srai>AIGOODANS</srai>,aigoodans.aiml
0,MACHINES * BENEFITS *,*,*,<srai>AIGOODANS</srai>,aigoodans.aiml
0,MACHINE GOOD,*,*,<srai>AIGOODANS</srai>,aigoodans.aiml
0,MACHINE GOOD *,*,*,<srai>AIGOODANS</srai>,aigoodans.aiml
0,MACHINE POSITIVE,*,*,<srai>AIGOODANS</srai>,aigoodans.aiml
0,MACHINE POSITIVE *,*,*,<srai>AIGOODANS</srai>,aigoodans.aiml
0,MACHINE BENIGN,*,*,<srai>AIGOODANS</srai>,aigoodans.aiml
0,MACHINE BENIGN *,*,*,<srai>AIGOODANS</srai>,aigoodans.aiml
0,MACHINE CONSTRUCTIVE,*,*,<srai>AIGOODANS</srai>,aigoodans.aiml
0,MACHINE CONSTRUCTIVE *,*,*,<srai>AIGOODANS</srai>,aigoodans.aiml
0,MACHINE FAVORABLE,*,*,<srai>AIGOODANS</srai>,aigoodans.aiml
0,MACHINE FAVORABLE *,*,*,<srai>AIGOODANS</srai>,aigoodans.aiml
0,MACHINE BENEFICIAL,*,*,<srai>AIGOODANS</srai>,aigoodans.aiml
0,MACHINE BENEFICIAL *,*,*,<srai>AIGOODANS</srai>,aigoodans.aiml
0,MACHINE BENEFITS,*,*,<srai>AIGOODANS</srai>,aigoodans.aiml
0,MACHINE BENEFITS *,*,*,<srai>AIGOODANS</srai>,aigoodans.aiml
0,MACHINE * GOOD,*,*,<srai>AIGOODANS</srai>,aigoodans.aiml
0,MACHINE * GOOD *,*,*,<srai>AIGOODANS</srai>,aigoodans.aiml
0,MACHINE * POSITIVE,*,*,<srai>AIGOODANS</srai>,aigoodans.aiml
0,MACHINE * POSITIVE *,*,*,<srai>AIGOODANS</srai>,aigoodans.aiml
0,MACHINE * BENIGN,*,*,<srai>AIGOODANS</srai>,aigoodans.aiml
0,MACHINE * BENIGN *,*,*,<srai>AIGOODANS</srai>,aigoodans.aiml
0,MACHINE * CONSTRUCTIVE,*,*,<srai>AIGOODANS</srai>,aigoodans.aiml
0,MACHINE * CONSTRUCTIVE *,*,*,<srai>AIGOODANS</srai>,aigoodans.aiml
0,MACHINE * FAVORABLE,*,*,<srai>AIGOODANS</srai>,aigoodans.aiml
0,MACHINE * FAVORABLE *,*,*,<srai>AIGOODANS</srai>,aigoodans.aiml
0,MACHINE * BENEFICIAL,*,*,<srai>AIGOODANS</srai>,aigoodans.aiml
0,MACHINE * BENEFICIAL *,*,*,<srai>AIGOODANS</srai>,aigoodans.aiml
0,MACHINE * BENEFITS,*,*,<srai>AIGOODANS</srai>,aigoodans.aiml
0,MACHINE * BENEFITS *,*,*,<srai>AIGOODANS</srai>,aigoodans.aiml
0,ROBOT GOOD,*,*,<srai>AIGOODANS</srai>,aigoodans.aiml
0,ROBOT GOOD *,*,*,<srai>AIGOODANS</srai>,aigoodans.aiml
0,ROBOT POSITIVE,*,*,<srai>AIGOODANS</srai>,aigoodans.aiml
0,ROBOT POSITIVE *,*,*,<srai>AIGOODANS</srai>,aigoodans.aiml
0,ROBOT BENIGN,*,*,<srai>AIGOODANS</srai>,aigoodans.aiml
0,ROBOT BENIGN *,*,*,<srai>AIGOODANS</srai>,aigoodans.aiml
0,ROBOT CONSTRUCTIVE,*,*,<srai>AIGOODANS</srai>,aigoodans.aiml
0,ROBOT CONSTRUCTIVE *,*,*,<srai>AIGOODANS</srai>,aigoodans.aiml
0,ROBOT FAVORABLE,*,*,<srai>AIGOODANS</srai>,aigoodans.aiml
0,ROBOT FAVORABLE *,*,*,<srai>AIGOODANS</srai>,aigoodans.aiml
0,ROBOT BENEFICIAL,*,*,<srai>AIGOODANS</srai>,aigoodans.aiml
0,ROBOT BENEFICIAL *,*,*,<srai>AIGOODANS</srai>,aigoodans.aiml
0,ROBOT BENEFITS,*,*,<srai>AIGOODANS</srai>,aigoodans.aiml
0,ROBOT BENEFITS *,*,*,<srai>AIGOODANS</srai>,aigoodans.aiml
0,ROBOT * GOOD,*,*,<srai>AIGOODANS</srai>,aigoodans.aiml
0,ROBOT * GOOD *,*,*,<srai>AIGOODANS</srai>,aigoodans.aiml
0,ROBOT * POSITIVE,*,*,<srai>AIGOODANS</srai>,aigoodans.aiml
0,ROBOT * POSITIVE *,*,*,<srai>AIGOODANS</srai>,aigoodans.aiml
0,ROBOT * BENIGN,*,*,<srai>AIGOODANS</srai>,aigoodans.aiml
0,ROBOT * BENIGN *,*,*,<srai>AIGOODANS</srai>,aigoodans.aiml
0,ROBOT * CONSTRUCTIVE,*,*,<srai>AIGOODANS</srai>,aigoodans.aiml
0,ROBOT * CONSTRUCTIVE *,*,*,<srai>AIGOODANS</srai>,aigoodans.aiml
0,ROBOT * FAVORABLE,*,*,<srai>AIGOODANS</srai>,aigoodans.aiml
0,ROBOT * FAVORABLE *,*,*,<srai>AIGOODANS</srai>,aigoodans.aiml
0,ROBOT * BENEFICIAL,*,*,<srai>AIGOODANS</srai>,aigoodans.aiml
0,ROBOT * BENEFICIAL *,*,*,<srai>AIGOODANS</srai>,aigoodans.aiml
0,ROBOT * BENEFITS,*,*,<srai>AIGOODANS</srai>,aigoodans.aiml
0,ROBOT * BENEFITS *,*,*,<srai>AIGOODANS</srai>,aigoodans.aiml
0,ROBOTS GOOD,*,*,<srai>AIGOODANS</srai>,aigoodans.aiml
0,ROBOTS GOOD *,*,*,<srai>AIGOODANS</srai>,aigoodans.aiml
0,ROBOTS POSITIVE,*,*,<srai>AIGOODANS</srai>,aigoodans.aiml
0,ROBOTS POSITIVE *,*,*,<srai>AIGOODANS</srai>,aigoodans.aiml
0,ROBOTS BENIGN,*,*,<srai>AIGOODANS</srai>,aigoodans.aiml
0,ROBOTS BENIGN *,*,*,<srai>AIGOODANS</srai>,aigoodans.aiml
0,ROBOTS CONSTRUCTIVE,*,*,<srai>AIGOODANS</srai>,aigoodans.aiml
0,ROBOTS CONSTRUCTIVE *,*,*,<srai>AIGOODANS</srai>,aigoodans.aiml
0,ROBOTS FAVORABLE,*,*,<srai>AIGOODANS</srai>,aigoodans.aiml
0,ROBOTS FAVORABLE *,*,*,<srai>AIGOODANS</srai>,aigoodans.aiml
0,ROBOTS BENEFICIAL,*,*,<srai>AIGOODANS</srai>,aigoodans.aiml
0,ROBOTS BENEFICIAL *,*,*,<srai>AIGOODANS</srai>,aigoodans.aiml
0,ROBOTS BENEFITS,*,*,<srai>AIGOODANS</srai>,aigoodans.aiml
0,ROBOTS BENEFITS *,*,*,<srai>AIGOODANS</srai>,aigoodans.aiml
0,ROBOTS * GOOD,*,*,<srai>AIGOODANS</srai>,aigoodans.aiml
0,ROBOTS * GOOD *,*,*,<srai>AIGOODANS</srai>,aigoodans.aiml
0,ROBOTS * POSITIVE,*,*,<srai>AIGOODANS</srai>,aigoodans.aiml
0,ROBOTS * POSITIVE *,*,*,<srai>AIGOODANS</srai>,aigoodans.aiml
0,ROBOTS * BENIGN,*,*,<srai>AIGOODANS</srai>,aigoodans.aiml
0,ROBOTS * BENIGN *,*,*,<srai>AIGOODANS</srai>,aigoodans.aiml
0,ROBOTS * CONSTRUCTIVE,*,*,<srai>AIGOODANS</srai>,aigoodans.aiml
0,ROBOTS * CONSTRUCTIVE *,*,*,<srai>AIGOODANS</srai>,aigoodans.aiml
0,ROBOTS * FAVORABLE,*,*,<srai>AIGOODANS</srai>,aigoodans.aiml
0,ROBOTS * FAVORABLE *,*,*,<srai>AIGOODANS</srai>,aigoodans.aiml
0,ROBOTS * BENEFICIAL,*,*,<srai>AIGOODANS</srai>,aigoodans.aiml
0,ROBOTS * BENEFICIAL *,*,*,<srai>AIGOODANS</srai>,aigoodans.aiml
0,ROBOTS * BENEFITS,*,*,<srai>AIGOODANS</srai>,aigoodans.aiml
0,ROBOTS * BENEFITS *,*,*,<srai>AIGOODANS</srai>,aigoodans.aiml
0,* AI GOOD,*,*,<srai>AIGOODANS</srai>,aigoodans.aiml
0,* AI GOOD *,*,*,<srai>AIGOODANS</srai>,aigoodans.aiml
0,* AI POSITIVE,*,*,<srai>AIGOODANS</srai>,aigoodans.aiml
0,* AI POSITIVE *,*,*,<srai>AIGOODANS</srai>,aigoodans.aiml
0,* AI BENIGN,*,*,<srai>AIGOODANS</srai>,aigoodans.aiml
0,* AI BENIGN *,*,*,<srai>AIGOODANS</srai>,aigoodans.aiml
0,* AI CONSTRUCTIVE,*,*,<srai>AIGOODANS</srai>,aigoodans.aiml
0,* AI CONSTRUCTIVE *,*,*,<srai>AIGOODANS</srai>,aigoodans.aiml
0,* AI FAVORABLE,*,*,<srai>AIGOODANS</srai>,aigoodans.aiml
0,* AI FAVORABLE *,*,*,<srai>AIGOODANS</srai>,aigoodans.aiml
0,* AI BENEFICIAL,*,*,<srai>AIGOODANS</srai>,aigoodans.aiml
0,* AI BENEFICIAL *,*,*,<srai>AIGOODANS</srai>,aigoodans.aiml
0,* AI BENEFITS,*,*,<srai>AIGOODANS</srai>,aigoodans.aiml
0,* AI BENEFITS *,*,*,<srai>AIGOODANS</srai>,aigoodans.aiml
0,* AI * GOOD,*,*,<srai>AIGOODANS</srai>,aigoodans.aiml
0,* AI * GOOD *,*,*,<srai>AIGOODANS</srai>,aigoodans.aiml
0,* AI * POSITIVE,*,*,<srai>AIGOODANS</srai>,aigoodans.aiml
0,* AI * POSITIVE *,*,*,<srai>AIGOODANS</srai>,aigoodans.aiml
0,* AI * BENIGN,*,*,<srai>AIGOODANS</srai>,aigoodans.aiml
0,* AI * BENIGN *,*,*,<srai>AIGOODANS</srai>,aigoodans.aiml
0,* AI * CONSTRUCTIVE,*,*,<srai>AIGOODANS</srai>,aigoodans.aiml
0,* AI * CONSTRUCTIVE *,*,*,<srai>AIGOODANS</srai>,aigoodans.aiml
0,* AI * FAVORABLE,*,*,<srai>AIGOODANS</srai>,aigoodans.aiml
0,* AI * FAVORABLE *,*,*,<srai>AIGOODANS</srai>,aigoodans.aiml
0,* AI * BENEFICIAL,*,*,<srai>AIGOODANS</srai>,aigoodans.aiml
0,* AI * BENEFICIAL *,*,*,<srai>AIGOODANS</srai>,aigoodans.aiml
0,* AI * BENEFITS,*,*,<srai>AIGOODANS</srai>,aigoodans.aiml
0,* AI * BENEFITS *,*,*,<srai>AIGOODANS</srai>,aigoodans.aiml
0,* AIS GOOD,*,*,<srai>AIGOODANS</srai>,aigoodans.aiml
0,* AIS GOOD *,*,*,<srai>AIGOODANS</srai>,aigoodans.aiml
0,* AIS POSITIVE,*,*,<srai>AIGOODANS</srai>,aigoodans.aiml
0,* AIS POSITIVE *,*,*,<srai>AIGOODANS</srai>,aigoodans.aiml
0,* AIS BENIGN,*,*,<srai>AIGOODANS</srai>,aigoodans.aiml
0,* AIS BENIGN *,*,*,<srai>AIGOODANS</srai>,aigoodans.aiml
0,* AIS CONSTRUCTIVE,*,*,<srai>AIGOODANS</srai>,aigoodans.aiml
0,* AIS CONSTRUCTIVE *,*,*,<srai>AIGOODANS</srai>,aigoodans.aiml
0,* AIS FAVORABLE,*,*,<srai>AIGOODANS</srai>,aigoodans.aiml
0,* AIS FAVORABLE *,*,*,<srai>AIGOODANS</srai>,aigoodans.aiml
0,* AIS BENEFICIAL,*,*,<srai>AIGOODANS</srai>,aigoodans.aiml
0,* AIS BENEFICIAL *,*,*,<srai>AIGOODANS</srai>,aigoodans.aiml
0,* AIS BENEFITS,*,*,<srai>AIGOODANS</srai>,aigoodans.aiml
0,* AIS BENEFITS *,*,*,<srai>AIGOODANS</srai>,aigoodans.aiml
0,* AIS * GOOD,*,*,<srai>AIGOODANS</srai>,aigoodans.aiml
0,* AIS * GOOD *,*,*,<srai>AIGOODANS</srai>,aigoodans.aiml
0,* AIS * POSITIVE,*,*,<srai>AIGOODANS</srai>,aigoodans.aiml
0,* AIS * POSITIVE *,*,*,<srai>AIGOODANS</srai>,aigoodans.aiml
0,* AIS * BENIGN,*,*,<srai>AIGOODANS</srai>,aigoodans.aiml
0,* AIS * BENIGN *,*,*,<srai>AIGOODANS</srai>,aigoodans.aiml
0,* AIS * CONSTRUCTIVE,*,*,<srai>AIGOODANS</srai>,aigoodans.aiml
0,* AIS * CONSTRUCTIVE *,*,*,<srai>AIGOODANS</srai>,aigoodans.aiml
0,* AIS * FAVORABLE,*,*,<srai>AIGOODANS</srai>,aigoodans.aiml
0,* AIS * FAVORABLE *,*,*,<srai>AIGOODANS</srai>,aigoodans.aiml
0,* AIS * BENEFICIAL,*,*,<srai>AIGOODANS</srai>,aigoodans.aiml
0,* AIS * BENEFICIAL *,*,*,<srai>AIGOODANS</srai>,aigoodans.aiml
0,* AIS * BENEFITS,*,*,<srai>AIGOODANS</srai>,aigoodans.aiml
0,* AIS * BENEFITS *,*,*,<srai>AIGOODANS</srai>,aigoodans.aiml
0,* A.I. GOOD,*,*,<srai>AIGOODANS</srai>,aigoodans.aiml
0,* A.I. GOOD *,*,*,<srai>AIGOODANS</srai>,aigoodans.aiml
0,* A.I. POSITIVE,*,*,<srai>AIGOODANS</srai>,aigoodans.aiml
0,* A.I. POSITIVE *,*,*,<srai>AIGOODANS</srai>,aigoodans.aiml
0,* A.I. BENIGN,*,*,<srai>AIGOODANS</srai>,aigoodans.aiml
0,* A.I. BENIGN *,*,*,<srai>AIGOODANS</srai>,aigoodans.aiml
0,* A.I. CONSTRUCTIVE,*,*,<srai>AIGOODANS</srai>,aigoodans.aiml
0,* A.I. CONSTRUCTIVE *,*,*,<srai>AIGOODANS</srai>,aigoodans.aiml
0,* A.I. FAVORABLE,*,*,<srai>AIGOODANS</srai>,aigoodans.aiml
0,* A.I. FAVORABLE *,*,*,<srai>AIGOODANS</srai>,aigoodans.aiml
0,* A.I. BENEFICIAL,*,*,<srai>AIGOODANS</srai>,aigoodans.aiml
0,* A.I. BENEFICIAL *,*,*,<srai>AIGOODANS</srai>,aigoodans.aiml
0,* A.I. BENEFITS,*,*,<srai>AIGOODANS</srai>,aigoodans.aiml
0,* A.I. BENEFITS *,*,*,<srai>AIGOODANS</srai>,aigoodans.aiml
0,* A.I. * GOOD,*,*,<srai>AIGOODANS</srai>,aigoodans.aiml
0,* A.I. * GOOD *,*,*,<srai>AIGOODANS</srai>,aigoodans.aiml
0,* A.I. * POSITIVE,*,*,<srai>AIGOODANS</srai>,aigoodans.aiml
0,* A.I. * POSITIVE *,*,*,<srai>AIGOODANS</srai>,aigoodans.aiml
0,* A.I. * BENIGN,*,*,<srai>AIGOODANS</srai>,aigoodans.aiml
0,* A.I. * BENIGN *,*,*,<srai>AIGOODANS</srai>,aigoodans.aiml
0,* A.I. * CONSTRUCTIVE,*,*,<srai>AIGOODANS</srai>,aigoodans.aiml
0,* A.I. * CONSTRUCTIVE *,*,*,<srai>AIGOODANS</srai>,aigoodans.aiml
0,* A.I. * FAVORABLE,*,*,<srai>AIGOODANS</srai>,aigoodans.aiml
0,* A.I. * FAVORABLE *,*,*,<srai>AIGOODANS</srai>,aigoodans.aiml
0,* A.I. * BENEFICIAL,*,*,<srai>AIGOODANS</srai>,aigoodans.aiml
0,* A.I. * BENEFICIAL *,*,*,<srai>AIGOODANS</srai>,aigoodans.aiml
0,* A.I. * BENEFITS,*,*,<srai>AIGOODANS</srai>,aigoodans.aiml
0,* A.I. * BENEFITS *,*,*,<srai>AIGOODANS</srai>,aigoodans.aiml
0,* ARTIFICIAL INTELLIGENCE GOOD,*,*,<srai>AIGOODANS</srai>,aigoodans.aiml
0,* ARTIFICIAL INTELLIGENCE GOOD *,*,*,<srai>AIGOODANS</srai>,aigoodans.aiml
0,* ARTIFICIAL INTELLIGENCE POSITIVE,*,*,<srai>AIGOODANS</srai>,aigoodans.aiml
0,* ARTIFICIAL INTELLIGENCE POSITIVE *,*,*,<srai>AIGOODANS</srai>,aigoodans.aiml
0,* ARTIFICIAL INTELLIGENCE BENIGN,*,*,<srai>AIGOODANS</srai>,aigoodans.aiml
0,* ARTIFICIAL INTELLIGENCE BENIGN *,*,*,<srai>AIGOODANS</srai>,aigoodans.aiml
0,* ARTIFICIAL INTELLIGENCE CONSTRUCTIVE,*,*,<srai>AIGOODANS</srai>,aigoodans.aiml
0,* ARTIFICIAL INTELLIGENCE CONSTRUCTIVE *,*,*,<srai>AIGOODANS</srai>,aigoodans.aiml
0,* ARTIFICIAL INTELLIGENCE FAVORABLE,*,*,<srai>AIGOODANS</srai>,aigoodans.aiml
0,* ARTIFICIAL INTELLIGENCE FAVORABLE *,*,*,<srai>AIGOODANS</srai>,aigoodans.aiml
0,* ARTIFICIAL INTELLIGENCE BENEFICIAL,*,*,<srai>AIGOODANS</srai>,aigoodans.aiml
0,* ARTIFICIAL INTELLIGENCE BENEFICIAL *,*,*,<srai>AIGOODANS</srai>,aigoodans.aiml
0,* ARTIFICIAL INTELLIGENCE BENEFITS,*,*,<srai>AIGOODANS</srai>,aigoodans.aiml
0,* ARTIFICIAL INTELLIGENCE BENEFITS *,*,*,<srai>AIGOODANS</srai>,aigoodans.aiml
0,* ARTIFICIAL INTELLIGENCE * GOOD,*,*,<srai>AIGOODANS</srai>,aigoodans.aiml
0,* ARTIFICIAL INTELLIGENCE * GOOD *,*,*,<srai>AIGOODANS</srai>,aigoodans.aiml
0,* ARTIFICIAL INTELLIGENCE * POSITIVE,*,*,<srai>AIGOODANS</srai>,aigoodans.aiml
0,* ARTIFICIAL INTELLIGENCE * POSITIVE *,*,*,<srai>AIGOODANS</srai>,aigoodans.aiml
0,* ARTIFICIAL INTELLIGENCE * BENIGN,*,*,<srai>AIGOODANS</srai>,aigoodans.aiml
0,* ARTIFICIAL INTELLIGENCE * BENIGN *,*,*,<srai>AIGOODANS</srai>,aigoodans.aiml
0,* ARTIFICIAL INTELLIGENCE * CONSTRUCTIVE,*,*,<srai>AIGOODANS</srai>,aigoodans.aiml
0,* ARTIFICIAL INTELLIGENCE * CONSTRUCTIVE *,*,*,<srai>AIGOODANS</srai>,aigoodans.aiml
0,* ARTIFICIAL INTELLIGENCE * FAVORABLE,*,*,<srai>AIGOODANS</srai>,aigoodans.aiml
0,* ARTIFICIAL INTELLIGENCE * FAVORABLE *,*,*,<srai>AIGOODANS</srai>,aigoodans.aiml
0,* ARTIFICIAL INTELLIGENCE * BENEFICIAL,*,*,<srai>AIGOODANS</srai>,aigoodans.aiml
0,* ARTIFICIAL INTELLIGENCE * BENEFICIAL *,*,*,<srai>AIGOODANS</srai>,aigoodans.aiml
0,* ARTIFICIAL INTELLIGENCE * BENEFITS,*,*,<srai>AIGOODANS</srai>,aigoodans.aiml
0,* ARTIFICIAL INTELLIGENCE * BENEFITS *,*,*,<srai>AIGOODANS</srai>,aigoodans.aiml
0,* ARTIFICIAL INTELLIGENCES GOOD,*,*,<srai>AIGOODANS</srai>,aigoodans.aiml
0,* ARTIFICIAL INTELLIGENCES GOOD *,*,*,<srai>AIGOODANS</srai>,aigoodans.aiml
0,* ARTIFICIAL INTELLIGENCES POSITIVE,*,*,<srai>AIGOODANS</srai>,aigoodans.aiml
0,* ARTIFICIAL INTELLIGENCES POSITIVE *,*,*,<srai>AIGOODANS</srai>,aigoodans.aiml
0,* ARTIFICIAL INTELLIGENCES BENIGN,*,*,<srai>AIGOODANS</srai>,aigoodans.aiml
0,* ARTIFICIAL INTELLIGENCES BENIGN *,*,*,<srai>AIGOODANS</srai>,aigoodans.aiml
0,* ARTIFICIAL INTELLIGENCES CONSTRUCTIVE,*,*,<srai>AIGOODANS</srai>,aigoodans.aiml
0,* ARTIFICIAL INTELLIGENCES CONSTRUCTIVE *,*,*,<srai>AIGOODANS</srai>,aigoodans.aiml
0,* ARTIFICIAL INTELLIGENCES FAVORABLE,*,*,<srai>AIGOODANS</srai>,aigoodans.aiml
0,* ARTIFICIAL INTELLIGENCES FAVORABLE *,*,*,<srai>AIGOODANS</srai>,aigoodans.aiml
0,* ARTIFICIAL INTELLIGENCES BENEFICIAL,*,*,<srai>AIGOODANS</srai>,aigoodans.aiml
0,* ARTIFICIAL INTELLIGENCES BENEFICIAL *,*,*,<srai>AIGOODANS</srai>,aigoodans.aiml
0,* ARTIFICIAL INTELLIGENCES BENEFITS,*,*,<srai>AIGOODANS</srai>,aigoodans.aiml
0,* ARTIFICIAL INTELLIGENCES BENEFITS *,*,*,<srai>AIGOODANS</srai>,aigoodans.aiml
0,* ARTIFICIAL INTELLIGENCES * GOOD,*,*,<srai>AIGOODANS</srai>,aigoodans.aiml
0,* ARTIFICIAL INTELLIGENCES * GOOD *,*,*,<srai>AIGOODANS</srai>,aigoodans.aiml
0,* ARTIFICIAL INTELLIGENCES * POSITIVE,*,*,<srai>AIGOODANS</srai>,aigoodans.aiml
0,* ARTIFICIAL INTELLIGENCES * POSITIVE *,*,*,<srai>AIGOODANS</srai>,aigoodans.aiml
0,* ARTIFICIAL INTELLIGENCES * BENIGN,*,*,<srai>AIGOODANS</srai>,aigoodans.aiml
0,* ARTIFICIAL INTELLIGENCES * BENIGN *,*,*,<srai>AIGOODANS</srai>,aigoodans.aiml
0,* ARTIFICIAL INTELLIGENCES * CONSTRUCTIVE,*,*,<srai>AIGOODANS</srai>,aigoodans.aiml
0,* ARTIFICIAL INTELLIGENCES * CONSTRUCTIVE *,*,*,<srai>AIGOODANS</srai>,aigoodans.aiml
0,* ARTIFICIAL INTELLIGENCES * FAVORABLE,*,*,<srai>AIGOODANS</srai>,aigoodans.aiml
0,* ARTIFICIAL INTELLIGENCES * FAVORABLE *,*,*,<srai>AIGOODANS</srai>,aigoodans.aiml
0,* ARTIFICIAL INTELLIGENCES * BENEFICIAL,*,*,<srai>AIGOODANS</srai>,aigoodans.aiml
0,* ARTIFICIAL INTELLIGENCES * BENEFICIAL *,*,*,<srai>AIGOODANS</srai>,aigoodans.aiml
0,* ARTIFICIAL INTELLIGENCES * BENEFITS,*,*,<srai>AIGOODANS</srai>,aigoodans.aiml
0,* ARTIFICIAL INTELLIGENCES * BENEFITS *,*,*,<srai>AIGOODANS</srai>,aigoodans.aiml
0,* MACHINES GOOD,*,*,<srai>AIGOODANS</srai>,aigoodans.aiml
0,* MACHINES GOOD *,*,*,<srai>AIGOODANS</srai>,aigoodans.aiml
0,* MACHINES POSITIVE,*,*,<srai>AIGOODANS</srai>,aigoodans.aiml
0,* MACHINES POSITIVE *,*,*,<srai>AIGOODANS</srai>,aigoodans.aiml
0,* MACHINES BENIGN,*,*,<srai>AIGOODANS</srai>,aigoodans.aiml
0,* MACHINES BENIGN *,*,*,<srai>AIGOODANS</srai>,aigoodans.aiml
0,* MACHINES CONSTRUCTIVE,*,*,<srai>AIGOODANS</srai>,aigoodans.aiml
0,* MACHINES CONSTRUCTIVE *,*,*,<srai>AIGOODANS</srai>,aigoodans.aiml
0,* MACHINES FAVORABLE,*,*,<srai>AIGOODANS</srai>,aigoodans.aiml
0,* MACHINES FAVORABLE *,*,*,<srai>AIGOODANS</srai>,aigoodans.aiml
0,* MACHINES BENEFICIAL,*,*,<srai>AIGOODANS</srai>,aigoodans.aiml
0,* MACHINES BENEFICIAL *,*,*,<srai>AIGOODANS</srai>,aigoodans.aiml
0,* MACHINES BENEFITS,*,*,<srai>AIGOODANS</srai>,aigoodans.aiml
0,* MACHINES BENEFITS *,*,*,<srai>AIGOODANS</srai>,aigoodans.aiml
0,* MACHINES * GOOD,*,*,<srai>AIGOODANS</srai>,aigoodans.aiml
0,* MACHINES * GOOD *,*,*,<srai>AIGOODANS</srai>,aigoodans.aiml
0,* MACHINES * POSITIVE,*,*,<srai>AIGOODANS</srai>,aigoodans.aiml
0,* MACHINES * POSITIVE *,*,*,<srai>AIGOODANS</srai>,aigoodans.aiml
0,* MACHINES * BENIGN,*,*,<srai>AIGOODANS</srai>,aigoodans.aiml
0,* MACHINES * BENIGN *,*,*,<srai>AIGOODANS</srai>,aigoodans.aiml
0,* MACHINES * CONSTRUCTIVE,*,*,<srai>AIGOODANS</srai>,aigoodans.aiml
0,* MACHINES * CONSTRUCTIVE *,*,*,<srai>AIGOODANS</srai>,aigoodans.aiml
0,* MACHINES * FAVORABLE,*,*,<srai>AIGOODANS</srai>,aigoodans.aiml
0,* MACHINES * FAVORABLE *,*,*,<srai>AIGOODANS</srai>,aigoodans.aiml
0,* MACHINES * BENEFICIAL,*,*,<srai>AIGOODANS</srai>,aigoodans.aiml
0,* MACHINES * BENEFICIAL *,*,*,<srai>AIGOODANS</srai>,aigoodans.aiml
0,* MACHINES * BENEFITS,*,*,<srai>AIGOODANS</srai>,aigoodans.aiml
0,* MACHINES * BENEFITS *,*,*,<srai>AIGOODANS</srai>,aigoodans.aiml
0,* MACHINE GOOD,*,*,<srai>AIGOODANS</srai>,aigoodans.aiml
0,* MACHINE GOOD *,*,*,<srai>AIGOODANS</srai>,aigoodans.aiml
0,* MACHINE POSITIVE,*,*,<srai>AIGOODANS</srai>,aigoodans.aiml
0,* MACHINE POSITIVE *,*,*,<srai>AIGOODANS</srai>,aigoodans.aiml
0,* MACHINE BENIGN,*,*,<srai>AIGOODANS</srai>,aigoodans.aiml
0,* MACHINE BENIGN *,*,*,<srai>AIGOODANS</srai>,aigoodans.aiml
0,* MACHINE CONSTRUCTIVE,*,*,<srai>AIGOODANS</srai>,aigoodans.aiml
0,* MACHINE CONSTRUCTIVE *,*,*,<srai>AIGOODANS</srai>,aigoodans.aiml
0,* MACHINE FAVORABLE,*,*,<srai>AIGOODANS</srai>,aigoodans.aiml
0,* MACHINE FAVORABLE *,*,*,<srai>AIGOODANS</srai>,aigoodans.aiml
0,* MACHINE BENEFICIAL,*,*,<srai>AIGOODANS</srai>,aigoodans.aiml
0,* MACHINE BENEFICIAL *,*,*,<srai>AIGOODANS</srai>,aigoodans.aiml
0,* MACHINE BENEFITS,*,*,<srai>AIGOODANS</srai>,aigoodans.aiml
0,* MACHINE BENEFITS *,*,*,<srai>AIGOODANS</srai>,aigoodans.aiml
0,* MACHINE * GOOD,*,*,<srai>AIGOODANS</srai>,aigoodans.aiml
0,* MACHINE * GOOD *,*,*,<srai>AIGOODANS</srai>,aigoodans.aiml
0,* MACHINE * POSITIVE,*,*,<srai>AIGOODANS</srai>,aigoodans.aiml
0,* MACHINE * POSITIVE *,*,*,<srai>AIGOODANS</srai>,aigoodans.aiml
0,* MACHINE * BENIGN,*,*,<srai>AIGOODANS</srai>,aigoodans.aiml
0,* MACHINE * BENIGN *,*,*,<srai>AIGOODANS</srai>,aigoodans.aiml
0,* MACHINE * CONSTRUCTIVE,*,*,<srai>AIGOODANS</srai>,aigoodans.aiml
0,* MACHINE * CONSTRUCTIVE *,*,*,<srai>AIGOODANS</srai>,aigoodans.aiml
0,* MACHINE * FAVORABLE,*,*,<srai>AIGOODANS</srai>,aigoodans.aiml
0,* MACHINE * FAVORABLE *,*,*,<srai>AIGOODANS</srai>,aigoodans.aiml
0,* MACHINE * BENEFICIAL,*,*,<srai>AIGOODANS</srai>,aigoodans.aiml
0,* MACHINE * BENEFICIAL *,*,*,<srai>AIGOODANS</srai>,aigoodans.aiml
0,* MACHINE * BENEFITS,*,*,<srai>AIGOODANS</srai>,aigoodans.aiml
0,* MACHINE * BENEFITS *,*,*,<srai>AIGOODANS</srai>,aigoodans.aiml
0,* ROBOT GOOD,*,*,<srai>AIGOODANS</srai>,aigoodans.aiml
0,* ROBOT GOOD *,*,*,<srai>AIGOODANS</srai>,aigoodans.aiml
0,* ROBOT POSITIVE,*,*,<srai>AIGOODANS</srai>,aigoodans.aiml
0,* ROBOT POSITIVE *,*,*,<srai>AIGOODANS</srai>,aigoodans.aiml
0,* ROBOT BENIGN,*,*,<srai>AIGOODANS</srai>,aigoodans.aiml
0,* ROBOT BENIGN *,*,*,<srai>AIGOODANS</srai>,aigoodans.aiml
0,* ROBOT CONSTRUCTIVE,*,*,<srai>AIGOODANS</srai>,aigoodans.aiml
0,* ROBOT CONSTRUCTIVE *,*,*,<srai>AIGOODANS</srai>,aigoodans.aiml
0,* ROBOT FAVORABLE,*,*,<srai>AIGOODANS</srai>,aigoodans.aiml
0,* ROBOT FAVORABLE *,*,*,<srai>AIGOODANS</srai>,aigoodans.aiml
0,* ROBOT BENEFICIAL,*,*,<srai>AIGOODANS</srai>,aigoodans.aiml
0,* ROBOT BENEFICIAL *,*,*,<srai>AIGOODANS</srai>,aigoodans.aiml
0,* ROBOT BENEFITS,*,*,<srai>AIGOODANS</srai>,aigoodans.aiml
0,* ROBOT BENEFITS *,*,*,<srai>AIGOODANS</srai>,aigoodans.aiml
0,* ROBOT * GOOD,*,*,<srai>AIGOODANS</srai>,aigoodans.aiml
0,* ROBOT * GOOD *,*,*,<srai>AIGOODANS</srai>,aigoodans.aiml
0,* ROBOT * POSITIVE,*,*,<srai>AIGOODANS</srai>,aigoodans.aiml
0,* ROBOT * POSITIVE *,*,*,<srai>AIGOODANS</srai>,aigoodans.aiml
0,* ROBOT * BENIGN,*,*,<srai>AIGOODANS</srai>,aigoodans.aiml
0,* ROBOT * BENIGN *,*,*,<srai>AIGOODANS</srai>,aigoodans.aiml
0,* ROBOT * CONSTRUCTIVE,*,*,<srai>AIGOODANS</srai>,aigoodans.aiml
0,* ROBOT * CONSTRUCTIVE *,*,*,<srai>AIGOODANS</srai>,aigoodans.aiml
0,* ROBOT * FAVORABLE,*,*,<srai>AIGOODANS</srai>,aigoodans.aiml
0,* ROBOT * FAVORABLE *,*,*,<srai>AIGOODANS</srai>,aigoodans.aiml
0,* ROBOT * BENEFICIAL,*,*,<srai>AIGOODANS</srai>,aigoodans.aiml
0,* ROBOT * BENEFICIAL *,*,*,<srai>AIGOODANS</srai>,aigoodans.aiml
0,* ROBOT * BENEFITS,*,*,<srai>AIGOODANS</srai>,aigoodans.aiml
0,* ROBOT * BENEFITS *,*,*,<srai>AIGOODANS</srai>,aigoodans.aiml
0,* ROBOTS GOOD,*,*,<srai>AIGOODANS</srai>,aigoodans.aiml
0,* ROBOTS GOOD *,*,*,<srai>AIGOODANS</srai>,aigoodans.aiml
0,* ROBOTS POSITIVE,*,*,<srai>AIGOODANS</srai>,aigoodans.aiml
0,* ROBOTS POSITIVE *,*,*,<srai>AIGOODANS</srai>,aigoodans.aiml
0,* ROBOTS BENIGN,*,*,<srai>AIGOODANS</srai>,aigoodans.aiml
0,* ROBOTS BENIGN *,*,*,<srai>AIGOODANS</srai>,aigoodans.aiml
0,* ROBOTS CONSTRUCTIVE,*,*,<srai>AIGOODANS</srai>,aigoodans.aiml
0,* ROBOTS CONSTRUCTIVE *,*,*,<srai>AIGOODANS</srai>,aigoodans.aiml
0,* ROBOTS FAVORABLE,*,*,<srai>AIGOODANS</srai>,aigoodans.aiml
0,* ROBOTS FAVORABLE *,*,*,<srai>AIGOODANS</srai>,aigoodans.aiml
0,* ROBOTS BENEFICIAL,*,*,<srai>AIGOODANS</srai>,aigoodans.aiml
0,* ROBOTS BENEFICIAL *,*,*,<srai>AIGOODANS</srai>,aigoodans.aiml
0,* ROBOTS BENEFITS,*,*,<srai>AIGOODANS</srai>,aigoodans.aiml
0,* ROBOTS BENEFITS *,*,*,<srai>AIGOODANS</srai>,aigoodans.aiml
0,* ROBOTS * GOOD,*,*,<srai>AIGOODANS</srai>,aigoodans.aiml
0,* ROBOTS * GOOD *,*,*,<srai>AIGOODANS</srai>,aigoodans.aiml
0,* ROBOTS * POSITIVE,*,*,<srai>AIGOODANS</srai>,aigoodans.aiml
0,* ROBOTS * POSITIVE *,*,*,<srai>AIGOODANS</srai>,aigoodans.aiml
0,* ROBOTS * BENIGN,*,*,<srai>AIGOODANS</srai>,aigoodans.aiml
0,* ROBOTS * BENIGN *,*,*,<srai>AIGOODANS</srai>,aigoodans.aiml
0,* ROBOTS * CONSTRUCTIVE,*,*,<srai>AIGOODANS</srai>,aigoodans.aiml
0,* ROBOTS * CONSTRUCTIVE *,*,*,<srai>AIGOODANS</srai>,aigoodans.aiml
0,* ROBOTS * FAVORABLE,*,*,<srai>AIGOODANS</srai>,aigoodans.aiml
0,* ROBOTS * FAVORABLE *,*,*,<srai>AIGOODANS</srai>,aigoodans.aiml
0,* ROBOTS * BENEFICIAL,*,*,<srai>AIGOODANS</srai>,aigoodans.aiml
0,* ROBOTS * BENEFICIAL *,*,*,<srai>AIGOODANS</srai>,aigoodans.aiml
0,* ROBOTS * BENEFITS,*,*,<srai>AIGOODANS</srai>,aigoodans.aiml
0,* ROBOTS * BENEFITS *,*,*,<srai>AIGOODANS</srai>,aigoodans.aiml
0,GOOD AI,*,*,<srai>AIGOODANS</srai>,aigoodans.aiml
0,GOOD AI *,*,*,<srai>AIGOODANS</srai>,aigoodans.aiml
0,GOOD AIS,*,*,<srai>AIGOODANS</srai>,aigoodans.aiml
0,GOOD AIS *,*,*,<srai>AIGOODANS</srai>,aigoodans.aiml
0,GOOD A.I.,*,*,<srai>AIGOODANS</srai>,aigoodans.aiml
0,GOOD A.I. *,*,*,<srai>AIGOODANS</srai>,aigoodans.aiml
0,GOOD ARTIFICIAL INTELLIGENCE,*,*,<srai>AIGOODANS</srai>,aigoodans.aiml
0,GOOD ARTIFICIAL INTELLIGENCE *,*,*,<srai>AIGOODANS</srai>,aigoodans.aiml
0,GOOD ARTIFICIAL INTELLIGENCES,*,*,<srai>AIGOODANS</srai>,aigoodans.aiml
0,GOOD ARTIFICIAL INTELLIGENCES *,*,*,<srai>AIGOODANS</srai>,aigoodans.aiml
0,GOOD MACHINES,*,*,<srai>AIGOODANS</srai>,aigoodans.aiml
0,GOOD MACHINES *,*,*,<srai>AIGOODANS</srai>,aigoodans.aiml
0,GOOD MACHINE,*,*,<srai>AIGOODANS</srai>,aigoodans.aiml
0,GOOD MACHINE *,*,*,<srai>AIGOODANS</srai>,aigoodans.aiml
0,GOOD ROBOT,*,*,<srai>AIGOODANS</srai>,aigoodans.aiml
0,GOOD ROBOT *,*,*,<srai>AIGOODANS</srai>,aigoodans.aiml
0,GOOD ROBOTS,*,*,<srai>AIGOODANS</srai>,aigoodans.aiml
0,GOOD ROBOTS *,*,*,<srai>AIGOODANS</srai>,aigoodans.aiml
0,GOOD * AI,*,*,<srai>AIGOODANS</srai>,aigoodans.aiml
0,GOOD * AI *,*,*,<srai>AIGOODANS</srai>,aigoodans.aiml
0,GOOD * AIS,*,*,<srai>AIGOODANS</srai>,aigoodans.aiml
0,GOOD * AIS *,*,*,<srai>AIGOODANS</srai>,aigoodans.aiml
0,GOOD * A.I.,*,*,<srai>AIGOODANS</srai>,aigoodans.aiml
0,GOOD * A.I. *,*,*,<srai>AIGOODANS</srai>,aigoodans.aiml
0,GOOD * ARTIFICIAL INTELLIGENCE,*,*,<srai>AIGOODANS</srai>,aigoodans.aiml
0,GOOD * ARTIFICIAL INTELLIGENCE *,*,*,<srai>AIGOODANS</srai>,aigoodans.aiml
0,GOOD * ARTIFICIAL INTELLIGENCES,*,*,<srai>AIGOODANS</srai>,aigoodans.aiml
0,GOOD * ARTIFICIAL INTELLIGENCES *,*,*,<srai>AIGOODANS</srai>,aigoodans.aiml
0,GOOD * MACHINES,*,*,<srai>AIGOODANS</srai>,aigoodans.aiml
0,GOOD * MACHINES *,*,*,<srai>AIGOODANS</srai>,aigoodans.aiml
0,GOOD * MACHINE,*,*,<srai>AIGOODANS</srai>,aigoodans.aiml
0,GOOD * MACHINE *,*,*,<srai>AIGOODANS</srai>,aigoodans.aiml
0,GOOD * ROBOT *,*,*,<srai>AIGOODANS</srai>,aigoodans.aiml
0,GOOD * ROBOTS,*,*,<srai>AIGOODANS</srai>,aigoodans.aiml
0,GOOD * ROBOTS *,*,*,<srai>AIGOODANS</srai>,aigoodans.aiml
0,POSITIVE AI,*,*,<srai>AIGOODANS</srai>,aigoodans.aiml
0,POSITIVE AI *,*,*,<srai>AIGOODANS</srai>,aigoodans.aiml
0,POSITIVE AIS,*,*,<srai>AIGOODANS</srai>,aigoodans.aiml
0,POSITIVE AIS *,*,*,<srai>AIGOODANS</srai>,aigoodans.aiml
0,POSITIVE A.I.,*,*,<srai>AIGOODANS</srai>,aigoodans.aiml
0,POSITIVE A.I. *,*,*,<srai>AIGOODANS</srai>,aigoodans.aiml
0,POSITIVE ARTIFICIAL INTELLIGENCE,*,*,<srai>AIGOODANS</srai>,aigoodans.aiml
0,POSITIVE ARTIFICIAL INTELLIGENCE *,*,*,<srai>AIGOODANS</srai>,aigoodans.aiml
0,POSITIVE ARTIFICIAL INTELLIGENCES,*,*,<srai>AIGOODANS</srai>,aigoodans.aiml
0,POSITIVE ARTIFICIAL INTELLIGENCES *,*,*,<srai>AIGOODANS</srai>,aigoodans.aiml
0,POSITIVE MACHINES,*,*,<srai>AIGOODANS</srai>,aigoodans.aiml
0,POSITIVE MACHINES *,*,*,<srai>AIGOODANS</srai>,aigoodans.aiml
0,POSITIVE MACHINE,*,*,<srai>AIGOODANS</srai>,aigoodans.aiml
0,POSITIVE MACHINE *,*,*,<srai>AIGOODANS</srai>,aigoodans.aiml
0,POSITIVE ROBOT,*,*,<srai>AIGOODANS</srai>,aigoodans.aiml
0,POSITIVE ROBOT *,*,*,<srai>AIGOODANS</srai>,aigoodans.aiml
0,POSITIVE ROBOTS,*,*,<srai>AIGOODANS</srai>,aigoodans.aiml
0,POSITIVE ROBOTS *,*,*,<srai>AIGOODANS</srai>,aigoodans.aiml
0,POSITIVE * AI,*,*,<srai>AIGOODANS</srai>,aigoodans.aiml
0,POSITIVE * AI *,*,*,<srai>AIGOODANS</srai>,aigoodans.aiml
0,POSITIVE * AIS,*,*,<srai>AIGOODANS</srai>,aigoodans.aiml
0,POSITIVE * AIS *,*,*,<srai>AIGOODANS</srai>,aigoodans.aiml
0,POSITIVE * A.I.,*,*,<srai>AIGOODANS</srai>,aigoodans.aiml
0,POSITIVE * A.I. *,*,*,<srai>AIGOODANS</srai>,aigoodans.aiml
0,POSITIVE * ARTIFICIAL INTELLIGENCE,*,*,<srai>AIGOODANS</srai>,aigoodans.aiml
0,POSITIVE * ARTIFICIAL INTELLIGENCE *,*,*,<srai>AIGOODANS</srai>,aigoodans.aiml
0,POSITIVE * ARTIFICIAL INTELLIGENCES,*,*,<srai>AIGOODANS</srai>,aigoodans.aiml
0,POSITIVE * ARTIFICIAL INTELLIGENCES *,*,*,<srai>AIGOODANS</srai>,aigoodans.aiml
0,POSITIVE * MACHINES,*,*,<srai>AIGOODANS</srai>,aigoodans.aiml
0,POSITIVE * MACHINES *,*,*,<srai>AIGOODANS</srai>,aigoodans.aiml
0,POSITIVE * MACHINE,*,*,<srai>AIGOODANS</srai>,aigoodans.aiml
0,POSITIVE * MACHINE *,*,*,<srai>AIGOODANS</srai>,aigoodans.aiml
0,POSITIVE * ROBOT,*,*,<srai>AIGOODANS</srai>,aigoodans.aiml
0,POSITIVE * ROBOT *,*,*,<srai>AIGOODANS</srai>,aigoodans.aiml
0,POSITIVE * ROBOTS,*,*,<srai>AIGOODANS</srai>,aigoodans.aiml
0,POSITIVE * ROBOTS *,*,*,<srai>AIGOODANS</srai>,aigoodans.aiml
0,BENIGN AI,*,*,<srai>AIGOODANS</srai>,aigoodans.aiml
0,BENIGN AI *,*,*,<srai>AIGOODANS</srai>,aigoodans.aiml
0,BENIGN AIS,*,*,<srai>AIGOODANS</srai>,aigoodans.aiml
0,BENIGN AIS *,*,*,<srai>AIGOODANS</srai>,aigoodans.aiml
0,BENIGN A.I.,*,*,<srai>AIGOODANS</srai>,aigoodans.aiml
0,BENIGN A.I. *,*,*,<srai>AIGOODANS</srai>,aigoodans.aiml
0,BENIGN ARTIFICIAL INTELLIGENCE,*,*,<srai>AIGOODANS</srai>,aigoodans.aiml
0,BENIGN ARTIFICIAL INTELLIGENCE *,*,*,<srai>AIGOODANS</srai>,aigoodans.aiml
0,BENIGN ARTIFICIAL INTELLIGENCES,*,*,<srai>AIGOODANS</srai>,aigoodans.aiml
0,BENIGN ARTIFICIAL INTELLIGENCES *,*,*,<srai>AIGOODANS</srai>,aigoodans.aiml
0,BENIGN MACHINES,*,*,<srai>AIGOODANS</srai>,aigoodans.aiml
0,BENIGN MACHINES *,*,*,<srai>AIGOODANS</srai>,aigoodans.aiml
0,BENIGN MACHINE,*,*,<srai>AIGOODANS</srai>,aigoodans.aiml
0,BENIGN MACHINE *,*,*,<srai>AIGOODANS</srai>,aigoodans.aiml
0,BENIGN ROBOT,*,*,<srai>AIGOODANS</srai>,aigoodans.aiml
0,BENIGN ROBOT *,*,*,<srai>AIGOODANS</srai>,aigoodans.aiml
0,BENIGN ROBOTS,*,*,<srai>AIGOODANS</srai>,aigoodans.aiml
0,BENIGN ROBOTS *,*,*,<srai>AIGOODANS</srai>,aigoodans.aiml
0,BENIGN * AI,*,*,<srai>AIGOODANS</srai>,aigoodans.aiml
0,BENIGN * AI *,*,*,<srai>AIGOODANS</srai>,aigoodans.aiml
0,BENIGN * AIS,*,*,<srai>AIGOODANS</srai>,aigoodans.aiml
0,BENIGN * AIS *,*,*,<srai>AIGOODANS</srai>,aigoodans.aiml
0,BENIGN * A.I.,*,*,<srai>AIGOODANS</srai>,aigoodans.aiml
0,BENIGN * A.I. *,*,*,<srai>AIGOODANS</srai>,aigoodans.aiml
0,BENIGN * ARTIFICIAL INTELLIGENCE,*,*,<srai>AIGOODANS</srai>,aigoodans.aiml
0,BENIGN * ARTIFICIAL INTELLIGENCE *,*,*,<srai>AIGOODANS</srai>,aigoodans.aiml
0,BENIGN * ARTIFICIAL INTELLIGENCES,*,*,<srai>AIGOODANS</srai>,aigoodans.aiml
0,BENIGN * ARTIFICIAL INTELLIGENCES *,*,*,<srai>AIGOODANS</srai>,aigoodans.aiml
0,BENIGN * MACHINES,*,*,<srai>AIGOODANS</srai>,aigoodans.aiml
0,BENIGN * MACHINES *,*,*,<srai>AIGOODANS</srai>,aigoodans.aiml
0,BENIGN * MACHINE,*,*,<srai>AIGOODANS</srai>,aigoodans.aiml
0,BENIGN * MACHINE *,*,*,<srai>AIGOODANS</srai>,aigoodans.aiml
0,BENIGN * ROBOT,*,*,<srai>AIGOODANS</srai>,aigoodans.aiml
0,BENIGN * ROBOT *,*,*,<srai>AIGOODANS</srai>,aigoodans.aiml
0,BENIGN * ROBOTS,*,*,<srai>AIGOODANS</srai>,aigoodans.aiml
0,BENIGN * ROBOTS *,*,*,<srai>AIGOODANS</srai>,aigoodans.aiml
0,CONSTRUCTIVE AI,*,*,<srai>AIGOODANS</srai>,aigoodans.aiml
0,CONSTRUCTIVE AI *,*,*,<srai>AIGOODANS</srai>,aigoodans.aiml
0,CONSTRUCTIVE AIS,*,*,<srai>AIGOODANS</srai>,aigoodans.aiml
0,CONSTRUCTIVE AIS *,*,*,<srai>AIGOODANS</srai>,aigoodans.aiml
0,CONSTRUCTIVE A.I.,*,*,<srai>AIGOODANS</srai>,aigoodans.aiml
0,CONSTRUCTIVE A.I. *,*,*,<srai>AIGOODANS</srai>,aigoodans.aiml
0,CONSTRUCTIVE ARTIFICIAL INTELLIGENCE,*,*,<srai>AIGOODANS</srai>,aigoodans.aiml
0,CONSTRUCTIVE ARTIFICIAL INTELLIGENCE *,*,*,<srai>AIGOODANS</srai>,aigoodans.aiml
0,CONSTRUCTIVE ARTIFICIAL INTELLIGENCES,*,*,<srai>AIGOODANS</srai>,aigoodans.aiml
0,CONSTRUCTIVE ARTIFICIAL INTELLIGENCES *,*,*,<srai>AIGOODANS</srai>,aigoodans.aiml
0,CONSTRUCTIVE MACHINES,*,*,<srai>AIGOODANS</srai>,aigoodans.aiml
0,CONSTRUCTIVE MACHINES *,*,*,<srai>AIGOODANS</srai>,aigoodans.aiml
0,CONSTRUCTIVE MACHINE,*,*,<srai>AIGOODANS</srai>,aigoodans.aiml
0,CONSTRUCTIVE MACHINE *,*,*,<srai>AIGOODANS</srai>,aigoodans.aiml
0,CONSTRUCTIVE ROBOT,*,*,<srai>AIGOODANS</srai>,aigoodans.aiml
0,CONSTRUCTIVE ROBOT *,*,*,<srai>AIGOODANS</srai>,aigoodans.aiml
0,CONSTRUCTIVE ROBOTS,*,*,<srai>AIGOODANS</srai>,aigoodans.aiml
0,CONSTRUCTIVE ROBOTS *,*,*,<srai>AIGOODANS</srai>,aigoodans.aiml
0,CONSTRUCTIVE * AI,*,*,<srai>AIGOODANS</srai>,aigoodans.aiml
0,CONSTRUCTIVE * AI *,*,*,<srai>AIGOODANS</srai>,aigoodans.aiml
0,CONSTRUCTIVE * AIS,*,*,<srai>AIGOODANS</srai>,aigoodans.aiml
0,CONSTRUCTIVE * AIS *,*,*,<srai>AIGOODANS</srai>,aigoodans.aiml
0,CONSTRUCTIVE * A.I.,*,*,<srai>AIGOODANS</srai>,aigoodans.aiml
0,CONSTRUCTIVE * A.I. *,*,*,<srai>AIGOODANS</srai>,aigoodans.aiml
0,CONSTRUCTIVE * ARTIFICIAL INTELLIGENCE,*,*,<srai>AIGOODANS</srai>,aigoodans.aiml
0,CONSTRUCTIVE * ARTIFICIAL INTELLIGENCE *,*,*,<srai>AIGOODANS</srai>,aigoodans.aiml
0,CONSTRUCTIVE * ARTIFICIAL INTELLIGENCES,*,*,<srai>AIGOODANS</srai>,aigoodans.aiml
0,CONSTRUCTIVE * ARTIFICIAL INTELLIGENCES *,*,*,<srai>AIGOODANS</srai>,aigoodans.aiml
0,CONSTRUCTIVE * MACHINES,*,*,<srai>AIGOODANS</srai>,aigoodans.aiml
0,CONSTRUCTIVE * MACHINES *,*,*,<srai>AIGOODANS</srai>,aigoodans.aiml
0,CONSTRUCTIVE * MACHINE,*,*,<srai>AIGOODANS</srai>,aigoodans.aiml
0,CONSTRUCTIVE * MACHINE *,*,*,<srai>AIGOODANS</srai>,aigoodans.aiml
0,CONSTRUCTIVE * ROBOT,*,*,<srai>AIGOODANS</srai>,aigoodans.aiml
0,CONSTRUCTIVE * ROBOT *,*,*,<srai>AIGOODANS</srai>,aigoodans.aiml
0,CONSTRUCTIVE * ROBOTS,*,*,<srai>AIGOODANS</srai>,aigoodans.aiml
0,CONSTRUCTIVE * ROBOTS *,*,*,<srai>AIGOODANS</srai>,aigoodans.aiml
0,FAVORABLE AI,*,*,<srai>AIGOODANS</srai>,aigoodans.aiml
0,FAVORABLE AI *,*,*,<srai>AIGOODANS</srai>,aigoodans.aiml
0,FAVORABLE AIS,*,*,<srai>AIGOODANS</srai>,aigoodans.aiml
0,FAVORABLE AIS *,*,*,<srai>AIGOODANS</srai>,aigoodans.aiml
0,FAVORABLE A.I.,*,*,<srai>AIGOODANS</srai>,aigoodans.aiml
0,FAVORABLE A.I. *,*,*,<srai>AIGOODANS</srai>,aigoodans.aiml
0,FAVORABLE ARTIFICIAL INTELLIGENCE,*,*,<srai>AIGOODANS</srai>,aigoodans.aiml
0,FAVORABLE ARTIFICIAL INTELLIGENCE *,*,*,<srai>AIGOODANS</srai>,aigoodans.aiml
0,FAVORABLE ARTIFICIAL INTELLIGENCES,*,*,<srai>AIGOODANS</srai>,aigoodans.aiml
0,FAVORABLE ARTIFICIAL INTELLIGENCES *,*,*,<srai>AIGOODANS</srai>,aigoodans.aiml
0,FAVORABLE MACHINES,*,*,<srai>AIGOODANS</srai>,aigoodans.aiml
0,FAVORABLE MACHINES *,*,*,<srai>AIGOODANS</srai>,aigoodans.aiml
0,FAVORABLE MACHINE,*,*,<srai>AIGOODANS</srai>,aigoodans.aiml
0,FAVORABLE MACHINE *,*,*,<srai>AIGOODANS</srai>,aigoodans.aiml
0,FAVORABLE ROBOT,*,*,<srai>AIGOODANS</srai>,aigoodans.aiml
0,FAVORABLE ROBOT *,*,*,<srai>AIGOODANS</srai>,aigoodans.aiml
0,FAVORABLE ROBOTS,*,*,<srai>AIGOODANS</srai>,aigoodans.aiml
0,FAVORABLE ROBOTS *,*,*,<srai>AIGOODANS</srai>,aigoodans.aiml
0,FAVORABLE * AI,*,*,<srai>AIGOODANS</srai>,aigoodans.aiml
0,FAVORABLE * AI *,*,*,<srai>AIGOODANS</srai>,aigoodans.aiml
0,FAVORABLE * AIS,*,*,<srai>AIGOODANS</srai>,aigoodans.aiml
0,FAVORABLE * AIS *,*,*,<srai>AIGOODANS</srai>,aigoodans.aiml
0,FAVORABLE * A.I.,*,*,<srai>AIGOODANS</srai>,aigoodans.aiml
0,FAVORABLE * A.I. *,*,*,<srai>AIGOODANS</srai>,aigoodans.aiml
0,FAVORABLE * ARTIFICIAL INTELLIGENCE,*,*,<srai>AIGOODANS</srai>,aigoodans.aiml
0,FAVORABLE * ARTIFICIAL INTELLIGENCE *,*,*,<srai>AIGOODANS</srai>,aigoodans.aiml
0,FAVORABLE * ARTIFICIAL INTELLIGENCES,*,*,<srai>AIGOODANS</srai>,aigoodans.aiml
0,FAVORABLE * ARTIFICIAL INTELLIGENCES *,*,*,<srai>AIGOODANS</srai>,aigoodans.aiml
0,FAVORABLE * MACHINES,*,*,<srai>AIGOODANS</srai>,aigoodans.aiml
0,FAVORABLE * MACHINES *,*,*,<srai>AIGOODANS</srai>,aigoodans.aiml
0,FAVORABLE * MACHINE,*,*,<srai>AIGOODANS</srai>,aigoodans.aiml
0,FAVORABLE * MACHINE *,*,*,<srai>AIGOODANS</srai>,aigoodans.aiml
0,FAVORABLE * ROBOT,*,*,<srai>AIGOODANS</srai>,aigoodans.aiml
0,FAVORABLE * ROBOT *,*,*,<srai>AIGOODANS</srai>,aigoodans.aiml
0,FAVORABLE * ROBOTS,*,*,<srai>AIGOODANS</srai>,aigoodans.aiml
0,FAVORABLE * ROBOTS *,*,*,<srai>AIGOODANS</srai>,aigoodans.aiml
0,BENEFICIAL AI,*,*,<srai>AIGOODANS</srai>,aigoodans.aiml
0,BENEFICIAL AI *,*,*,<srai>AIGOODANS</srai>,aigoodans.aiml
0,BENEFICIAL AIS,*,*,<srai>AIGOODANS</srai>,aigoodans.aiml
0,BENEFICIAL AIS *,*,*,<srai>AIGOODANS</srai>,aigoodans.aiml
0,BENEFICIAL A.I.,*,*,<srai>AIGOODANS</srai>,aigoodans.aiml
0,BENEFICIAL A.I. *,*,*,<srai>AIGOODANS</srai>,aigoodans.aiml
0,BENEFICIAL ARTIFICIAL INTELLIGENCE,*,*,<srai>AIGOODANS</srai>,aigoodans.aiml
0,BENEFICIAL ARTIFICIAL INTELLIGENCE *,*,*,<srai>AIGOODANS</srai>,aigoodans.aiml
0,BENEFICIAL ARTIFICIAL INTELLIGENCES,*,*,<srai>AIGOODANS</srai>,aigoodans.aiml
0,BENEFICIAL ARTIFICIAL INTELLIGENCES *,*,*,<srai>AIGOODANS</srai>,aigoodans.aiml
0,BENEFICIAL MACHINES,*,*,<srai>AIGOODANS</srai>,aigoodans.aiml
0,BENEFICIAL MACHINES *,*,*,<srai>AIGOODANS</srai>,aigoodans.aiml
0,BENEFICIAL MACHINE,*,*,<srai>AIGOODANS</srai>,aigoodans.aiml
0,BENEFICIAL MACHINE *,*,*,<srai>AIGOODANS</srai>,aigoodans.aiml
0,BENEFICIAL ROBOT,*,*,<srai>AIGOODANS</srai>,aigoodans.aiml
0,BENEFICIAL ROBOT *,*,*,<srai>AIGOODANS</srai>,aigoodans.aiml
0,BENEFICIAL ROBOTS,*,*,<srai>AIGOODANS</srai>,aigoodans.aiml
0,BENEFICIAL ROBOTS *,*,*,<srai>AIGOODANS</srai>,aigoodans.aiml
0,BENEFICIAL * AI,*,*,<srai>AIGOODANS</srai>,aigoodans.aiml
0,BENEFICIAL * AI *,*,*,<srai>AIGOODANS</srai>,aigoodans.aiml
0,BENEFICIAL * AIS,*,*,<srai>AIGOODANS</srai>,aigoodans.aiml
0,BENEFICIAL * AIS *,*,*,<srai>AIGOODANS</srai>,aigoodans.aiml
0,BENEFICIAL * A.I.,*,*,<srai>AIGOODANS</srai>,aigoodans.aiml
0,BENEFICIAL * A.I. *,*,*,<srai>AIGOODANS</srai>,aigoodans.aiml
0,BENEFICIAL * ARTIFICIAL INTELLIGENCE,*,*,<srai>AIGOODANS</srai>,aigoodans.aiml
0,BENEFICIAL * ARTIFICIAL INTELLIGENCE *,*,*,<srai>AIGOODANS</srai>,aigoodans.aiml
0,BENEFICIAL * ARTIFICIAL INTELLIGENCES,*,*,<srai>AIGOODANS</srai>,aigoodans.aiml
0,BENEFICIAL * ARTIFICIAL INTELLIGENCES *,*,*,<srai>AIGOODANS</srai>,aigoodans.aiml
0,BENEFICIAL * MACHINES,*,*,<srai>AIGOODANS</srai>,aigoodans.aiml
0,BENEFICIAL * MACHINES *,*,*,<srai>AIGOODANS</srai>,aigoodans.aiml
0,BENEFICIAL * MACHINE,*,*,<srai>AIGOODANS</srai>,aigoodans.aiml
0,BENEFICIAL * MACHINE *,*,*,<srai>AIGOODANS</srai>,aigoodans.aiml
0,BENEFICIAL * ROBOT,*,*,<srai>AIGOODANS</srai>,aigoodans.aiml
0,BENEFICIAL * ROBOT *,*,*,<srai>AIGOODANS</srai>,aigoodans.aiml
0,BENEFICIAL * ROBOTS,*,*,<srai>AIGOODANS</srai>,aigoodans.aiml
0,BENEFICIAL * ROBOTS *,*,*,<srai>AIGOODANS</srai>,aigoodans.aiml
0,BENEFITS AI,*,*,<srai>AIGOODANS</srai>,aigoodans.aiml
0,BENEFITS AI *,*,*,<srai>AIGOODANS</srai>,aigoodans.aiml
0,BENEFITS AIS,*,*,<srai>AIGOODANS</srai>,aigoodans.aiml
0,BENEFITS AIS *,*,*,<srai>AIGOODANS</srai>,aigoodans.aiml
0,BENEFITS A.I.,*,*,<srai>AIGOODANS</srai>,aigoodans.aiml
0,BENEFITS A.I. *,*,*,<srai>AIGOODANS</srai>,aigoodans.aiml
0,BENEFITS ARTIFICIAL INTELLIGENCE,*,*,<srai>AIGOODANS</srai>,aigoodans.aiml
0,BENEFITS ARTIFICIAL INTELLIGENCE *,*,*,<srai>AIGOODANS</srai>,aigoodans.aiml
0,BENEFITS ARTIFICIAL INTELLIGENCES,*,*,<srai>AIGOODANS</srai>,aigoodans.aiml
0,BENEFITS ARTIFICIAL INTELLIGENCES *,*,*,<srai>AIGOODANS</srai>,aigoodans.aiml
0,BENEFITS MACHINES,*,*,<srai>AIGOODANS</srai>,aigoodans.aiml
0,BENEFITS MACHINES *,*,*,<srai>AIGOODANS</srai>,aigoodans.aiml
0,BENEFITS MACHINE,*,*,<srai>AIGOODANS</srai>,aigoodans.aiml
0,BENEFITS MACHINE *,*,*,<srai>AIGOODANS</srai>,aigoodans.aiml
0,BENEFITS ROBOT,*,*,<srai>AIGOODANS</srai>,aigoodans.aiml
0,BENEFITS ROBOT *,*,*,<srai>AIGOODANS</srai>,aigoodans.aiml
0,BENEFITS ROBOTS,*,*,<srai>AIGOODANS</srai>,aigoodans.aiml
0,BENEFITS ROBOTS *,*,*,<srai>AIGOODANS</srai>,aigoodans.aiml
0,BENEFITS * AI,*,*,<srai>AIGOODANS</srai>,aigoodans.aiml
0,BENEFITS * AI *,*,*,<srai>AIGOODANS</srai>,aigoodans.aiml
0,BENEFITS * AIS,*,*,<srai>AIGOODANS</srai>,aigoodans.aiml
0,BENEFITS * AIS *,*,*,<srai>AIGOODANS</srai>,aigoodans.aiml
0,BENEFITS * A.I.,*,*,<srai>AIGOODANS</srai>,aigoodans.aiml
0,BENEFITS * A.I. *,*,*,<srai>AIGOODANS</srai>,aigoodans.aiml
0,BENEFITS * ARTIFICIAL INTELLIGENCE,*,*,<srai>AIGOODANS</srai>,aigoodans.aiml
0,BENEFITS * ARTIFICIAL INTELLIGENCE *,*,*,<srai>AIGOODANS</srai>,aigoodans.aiml
0,BENEFITS * ARTIFICIAL INTELLIGENCES,*,*,<srai>AIGOODANS</srai>,aigoodans.aiml
0,BENEFITS * ARTIFICIAL INTELLIGENCES *,*,*,<srai>AIGOODANS</srai>,aigoodans.aiml
0,BENEFITS * MACHINES,*,*,<srai>AIGOODANS</srai>,aigoodans.aiml
0,BENEFITS * MACHINES *,*,*,<srai>AIGOODANS</srai>,aigoodans.aiml
0,BENEFITS * MACHINE,*,*,<srai>AIGOODANS</srai>,aigoodans.aiml
0,BENEFITS * MACHINE *,*,*,<srai>AIGOODANS</srai>,aigoodans.aiml
0,BENEFITS * ROBOT,*,*,<srai>AIGOODANS</srai>,aigoodans.aiml
0,BENEFITS * ROBOT *,*,*,<srai>AIGOODANS</srai>,aigoodans.aiml
0,BENEFITS * ROBOTS,*,*,<srai>AIGOODANS</srai>,aigoodans.aiml
0,BENEFITS * ROBOTS *,*,*,<srai>AIGOODANS</srai>,aigoodans.aiml
0,* GOOD AI,*,*,<srai>AIGOODANS</srai>,aigoodans.aiml
0,* GOOD AI *,*,*,<srai>AIGOODANS</srai>,aigoodans.aiml
0,* GOOD AIS,*,*,<srai>AIGOODANS</srai>,aigoodans.aiml
0,* GOOD AIS *,*,*,<srai>AIGOODANS</srai>,aigoodans.aiml
0,* GOOD A.I.,*,*,<srai>AIGOODANS</srai>,aigoodans.aiml
0,* GOOD A.I. *,*,*,<srai>AIGOODANS</srai>,aigoodans.aiml
0,* GOOD ARTIFICIAL INTELLIGENCE,*,*,<srai>AIGOODANS</srai>,aigoodans.aiml
0,* GOOD ARTIFICIAL INTELLIGENCE *,*,*,<srai>AIGOODANS</srai>,aigoodans.aiml
0,* GOOD ARTIFICIAL INTELLIGENCES,*,*,<srai>AIGOODANS</srai>,aigoodans.aiml
0,* GOOD ARTIFICIAL INTELLIGENCES *,*,*,<srai>AIGOODANS</srai>,aigoodans.aiml
0,* GOOD MACHINES,*,*,<srai>AIGOODANS</srai>,aigoodans.aiml
0,* GOOD MACHINES *,*,*,<srai>AIGOODANS</srai>,aigoodans.aiml
0,* GOOD MACHINE,*,*,<srai>AIGOODANS</srai>,aigoodans.aiml
0,* GOOD MACHINE *,*,*,<srai>AIGOODANS</srai>,aigoodans.aiml
0,* GOOD ROBOT,*,*,<srai>AIGOODANS</srai>,aigoodans.aiml
0,* GOOD ROBOT *,*,*,<srai>AIGOODANS</srai>,aigoodans.aiml
0,* GOOD ROBOTS,*,*,<srai>AIGOODANS</srai>,aigoodans.aiml
0,* GOOD ROBOTS *,*,*,<srai>AIGOODANS</srai>,aigoodans.aiml
0,* GOOD * AI,*,*,<srai>AIGOODANS</srai>,aigoodans.aiml
0,* GOOD * AI *,*,*,<srai>AIGOODANS</srai>,aigoodans.aiml
0,* GOOD * AIS,*,*,<srai>AIGOODANS</srai>,aigoodans.aiml
0,* GOOD * AIS *,*,*,<srai>AIGOODANS</srai>,aigoodans.aiml
0,* GOOD * A.I.,*,*,<srai>AIGOODANS</srai>,aigoodans.aiml
0,* GOOD * A.I. *,*,*,<srai>AIGOODANS</srai>,aigoodans.aiml
0,* GOOD * ARTIFICIAL INTELLIGENCE,*,*,<srai>AIGOODANS</srai>,aigoodans.aiml
0,* GOOD * ARTIFICIAL INTELLIGENCE *,*,*,<srai>AIGOODANS</srai>,aigoodans.aiml
0,* GOOD * ARTIFICIAL INTELLIGENCES,*,*,<srai>AIGOODANS</srai>,aigoodans.aiml
0,* GOOD * ARTIFICIAL INTELLIGENCES *,*,*,<srai>AIGOODANS</srai>,aigoodans.aiml
0,* GOOD * MACHINES,*,*,<srai>AIGOODANS</srai>,aigoodans.aiml
0,* GOOD * MACHINES *,*,*,<srai>AIGOODANS</srai>,aigoodans.aiml
0,* GOOD * MACHINE,*,*,<srai>AIGOODANS</srai>,aigoodans.aiml
0,* GOOD * MACHINE *,*,*,<srai>AIGOODANS</srai>,aigoodans.aiml
0,* GOOD * ROBOT,*,*,<srai>AIGOODANS</srai>,aigoodans.aiml
0,* GOOD * ROBOT *,*,*,<srai>AIGOODANS</srai>,aigoodans.aiml
0,* GOOD * ROBOTS,*,*,<srai>AIGOODANS</srai>,aigoodans.aiml
0,* GOOD * ROBOTS *,*,*,<srai>AIGOODANS</srai>,aigoodans.aiml
0,* POSITIVE AI,*,*,<srai>AIGOODANS</srai>,aigoodans.aiml
0,* POSITIVE AI *,*,*,<srai>AIGOODANS</srai>,aigoodans.aiml
0,* POSITIVE AIS,*,*,<srai>AIGOODANS</srai>,aigoodans.aiml
0,* POSITIVE AIS *,*,*,<srai>AIGOODANS</srai>,aigoodans.aiml
0,* POSITIVE A.I.,*,*,<srai>AIGOODANS</srai>,aigoodans.aiml
0,* POSITIVE A.I. *,*,*,<srai>AIGOODANS</srai>,aigoodans.aiml
0,* POSITIVE ARTIFICIAL INTELLIGENCE,*,*,<srai>AIGOODANS</srai>,aigoodans.aiml
0,* POSITIVE ARTIFICIAL INTELLIGENCE *,*,*,<srai>AIGOODANS</srai>,aigoodans.aiml
0,* POSITIVE ARTIFICIAL INTELLIGENCES,*,*,<srai>AIGOODANS</srai>,aigoodans.aiml
0,* POSITIVE ARTIFICIAL INTELLIGENCES *,*,*,<srai>AIGOODANS</srai>,aigoodans.aiml
0,* POSITIVE MACHINES,*,*,<srai>AIGOODANS</srai>,aigoodans.aiml
0,* POSITIVE MACHINES *,*,*,<srai>AIGOODANS</srai>,aigoodans.aiml
0,* POSITIVE MACHINE,*,*,<srai>AIGOODANS</srai>,aigoodans.aiml
0,* POSITIVE MACHINE *,*,*,<srai>AIGOODANS</srai>,aigoodans.aiml
0,* POSITIVE ROBOT,*,*,<srai>AIGOODANS</srai>,aigoodans.aiml
0,* POSITIVE ROBOT *,*,*,<srai>AIGOODANS</srai>,aigoodans.aiml
0,* POSITIVE ROBOTS,*,*,<srai>AIGOODANS</srai>,aigoodans.aiml
0,* POSITIVE ROBOTS *,*,*,<srai>AIGOODANS</srai>,aigoodans.aiml
0,* POSITIVE * AI,*,*,<srai>AIGOODANS</srai>,aigoodans.aiml
0,* POSITIVE * AI *,*,*,<srai>AIGOODANS</srai>,aigoodans.aiml
0,* POSITIVE * AIS,*,*,<srai>AIGOODANS</srai>,aigoodans.aiml
0,* POSITIVE * AIS *,*,*,<srai>AIGOODANS</srai>,aigoodans.aiml
0,* POSITIVE * A.I.,*,*,<srai>AIGOODANS</srai>,aigoodans.aiml
0,* POSITIVE * A.I. *,*,*,<srai>AIGOODANS</srai>,aigoodans.aiml
0,* POSITIVE * ARTIFICIAL INTELLIGENCE,*,*,<srai>AIGOODANS</srai>,aigoodans.aiml
0,* POSITIVE * ARTIFICIAL INTELLIGENCE *,*,*,<srai>AIGOODANS</srai>,aigoodans.aiml
0,* POSITIVE * ARTIFICIAL INTELLIGENCES,*,*,<srai>AIGOODANS</srai>,aigoodans.aiml
0,* POSITIVE * ARTIFICIAL INTELLIGENCES *,*,*,<srai>AIGOODANS</srai>,aigoodans.aiml
0,* POSITIVE * MACHINES,*,*,<srai>AIGOODANS</srai>,aigoodans.aiml
0,* POSITIVE * MACHINES *,*,*,<srai>AIGOODANS</srai>,aigoodans.aiml
0,* POSITIVE * MACHINE,*,*,<srai>AIGOODANS</srai>,aigoodans.aiml
0,* POSITIVE * MACHINE *,*,*,<srai>AIGOODANS</srai>,aigoodans.aiml
0,* POSITIVE * ROBOT,*,*,<srai>AIGOODANS</srai>,aigoodans.aiml
0,* POSITIVE * ROBOT *,*,*,<srai>AIGOODANS</srai>,aigoodans.aiml
0,* POSITIVE * ROBOTS,*,*,<srai>AIGOODANS</srai>,aigoodans.aiml
0,* POSITIVE * ROBOTS *,*,*,<srai>AIGOODANS</srai>,aigoodans.aiml
0,* BENIGN AI,*,*,<srai>AIGOODANS</srai>,aigoodans.aiml
0,* BENIGN AI *,*,*,<srai>AIGOODANS</srai>,aigoodans.aiml
0,* BENIGN AIS,*,*,<srai>AIGOODANS</srai>,aigoodans.aiml
0,* BENIGN AIS *,*,*,<srai>AIGOODANS</srai>,aigoodans.aiml
0,* BENIGN A.I.,*,*,<srai>AIGOODANS</srai>,aigoodans.aiml
0,* BENIGN A.I. *,*,*,<srai>AIGOODANS</srai>,aigoodans.aiml
0,* BENIGN ARTIFICIAL INTELLIGENCE,*,*,<srai>AIGOODANS</srai>,aigoodans.aiml
0,* BENIGN ARTIFICIAL INTELLIGENCE *,*,*,<srai>AIGOODANS</srai>,aigoodans.aiml
0,* BENIGN ARTIFICIAL INTELLIGENCES,*,*,<srai>AIGOODANS</srai>,aigoodans.aiml
0,* BENIGN ARTIFICIAL INTELLIGENCES *,*,*,<srai>AIGOODANS</srai>,aigoodans.aiml
0,* BENIGN MACHINES,*,*,<srai>AIGOODANS</srai>,aigoodans.aiml
0,* BENIGN MACHINES *,*,*,<srai>AIGOODANS</srai>,aigoodans.aiml
0,* BENIGN MACHINE,*,*,<srai>AIGOODANS</srai>,aigoodans.aiml
0,* BENIGN MACHINE *,*,*,<srai>AIGOODANS</srai>,aigoodans.aiml
0,* BENIGN ROBOT,*,*,<srai>AIGOODANS</srai>,aigoodans.aiml
0,* BENIGN ROBOT *,*,*,<srai>AIGOODANS</srai>,aigoodans.aiml
0,* BENIGN ROBOTS,*,*,<srai>AIGOODANS</srai>,aigoodans.aiml
0,* BENIGN ROBOTS *,*,*,<srai>AIGOODANS</srai>,aigoodans.aiml
0,* BENIGN * AI,*,*,<srai>AIGOODANS</srai>,aigoodans.aiml
0,* BENIGN * AI *,*,*,<srai>AIGOODANS</srai>,aigoodans.aiml
0,* BENIGN * AIS,*,*,<srai>AIGOODANS</srai>,aigoodans.aiml
0,* BENIGN * AIS *,*,*,<srai>AIGOODANS</srai>,aigoodans.aiml
0,* BENIGN * A.I.,*,*,<srai>AIGOODANS</srai>,aigoodans.aiml
0,* BENIGN * A.I. *,*,*,<srai>AIGOODANS</srai>,aigoodans.aiml
0,* BENIGN * ARTIFICIAL INTELLIGENCE,*,*,<srai>AIGOODANS</srai>,aigoodans.aiml
0,* BENIGN * ARTIFICIAL INTELLIGENCE *,*,*,<srai>AIGOODANS</srai>,aigoodans.aiml
0,* BENIGN * ARTIFICIAL INTELLIGENCES,*,*,<srai>AIGOODANS</srai>,aigoodans.aiml
0,* BENIGN * ARTIFICIAL INTELLIGENCES *,*,*,<srai>AIGOODANS</srai>,aigoodans.aiml
0,* BENIGN * MACHINES,*,*,<srai>AIGOODANS</srai>,aigoodans.aiml
0,* BENIGN * MACHINES *,*,*,<srai>AIGOODANS</srai>,aigoodans.aiml
0,* BENIGN * MACHINE,*,*,<srai>AIGOODANS</srai>,aigoodans.aiml
0,* BENIGN * MACHINE *,*,*,<srai>AIGOODANS</srai>,aigoodans.aiml
0,* BENIGN * ROBOT,*,*,<srai>AIGOODANS</srai>,aigoodans.aiml
0,* BENIGN * ROBOT *,*,*,<srai>AIGOODANS</srai>,aigoodans.aiml
0,* BENIGN * ROBOTS,*,*,<srai>AIGOODANS</srai>,aigoodans.aiml
0,* BENIGN * ROBOTS *,*,*,<srai>AIGOODANS</srai>,aigoodans.aiml
0,* CONSTRUCTIVE AI,*,*,<srai>AIGOODANS</srai>,aigoodans.aiml
0,* CONSTRUCTIVE AI *,*,*,<srai>AIGOODANS</srai>,aigoodans.aiml
0,* CONSTRUCTIVE AIS,*,*,<srai>AIGOODANS</srai>,aigoodans.aiml
0,* CONSTRUCTIVE AIS *,*,*,<srai>AIGOODANS</srai>,aigoodans.aiml
0,* CONSTRUCTIVE A.I.,*,*,<srai>AIGOODANS</srai>,aigoodans.aiml
0,* CONSTRUCTIVE A.I. *,*,*,<srai>AIGOODANS</srai>,aigoodans.aiml
0,* CONSTRUCTIVE ARTIFICIAL INTELLIGENCE,*,*,<srai>AIGOODANS</srai>,aigoodans.aiml
0,* CONSTRUCTIVE ARTIFICIAL INTELLIGENCE *,*,*,<srai>AIGOODANS</srai>,aigoodans.aiml
0,* CONSTRUCTIVE ARTIFICIAL INTELLIGENCES,*,*,<srai>AIGOODANS</srai>,aigoodans.aiml
0,* CONSTRUCTIVE ARTIFICIAL INTELLIGENCES *,*,*,<srai>AIGOODANS</srai>,aigoodans.aiml
0,* CONSTRUCTIVE MACHINES,*,*,<srai>AIGOODANS</srai>,aigoodans.aiml
0,* CONSTRUCTIVE MACHINES *,*,*,<srai>AIGOODANS</srai>,aigoodans.aiml
0,* CONSTRUCTIVE MACHINE,*,*,<srai>AIGOODANS</srai>,aigoodans.aiml
0,* CONSTRUCTIVE MACHINE *,*,*,<srai>AIGOODANS</srai>,aigoodans.aiml
0,* CONSTRUCTIVE ROBOT,*,*,<srai>AIGOODANS</srai>,aigoodans.aiml
0,* CONSTRUCTIVE ROBOT *,*,*,<srai>AIGOODANS</srai>,aigoodans.aiml
0,* CONSTRUCTIVE ROBOTS,*,*,<srai>AIGOODANS</srai>,aigoodans.aiml
0,* CONSTRUCTIVE ROBOTS *,*,*,<srai>AIGOODANS</srai>,aigoodans.aiml
0,* CONSTRUCTIVE * AI,*,*,<srai>AIGOODANS</srai>,aigoodans.aiml
0,* CONSTRUCTIVE * AI *,*,*,<srai>AIGOODANS</srai>,aigoodans.aiml
0,* CONSTRUCTIVE * AIS,*,*,<srai>AIGOODANS</srai>,aigoodans.aiml
0,* CONSTRUCTIVE * AIS *,*,*,<srai>AIGOODANS</srai>,aigoodans.aiml
0,* CONSTRUCTIVE * A.I.,*,*,<srai>AIGOODANS</srai>,aigoodans.aiml
0,* CONSTRUCTIVE * A.I. *,*,*,<srai>AIGOODANS</srai>,aigoodans.aiml
0,* CONSTRUCTIVE * ARTIFICIAL INTELLIGENCE,*,*,<srai>AIGOODANS</srai>,aigoodans.aiml
0,* CONSTRUCTIVE * ARTIFICIAL INTELLIGENCE *,*,*,<srai>AIGOODANS</srai>,aigoodans.aiml
0,* CONSTRUCTIVE * ARTIFICIAL INTELLIGENCES,*,*,<srai>AIGOODANS</srai>,aigoodans.aiml
0,* CONSTRUCTIVE * ARTIFICIAL INTELLIGENCES *,*,*,<srai>AIGOODANS</srai>,aigoodans.aiml
0,* CONSTRUCTIVE * MACHINES,*,*,<srai>AIGOODANS</srai>,aigoodans.aiml
0,* CONSTRUCTIVE * MACHINES *,*,*,<srai>AIGOODANS</srai>,aigoodans.aiml
0,* CONSTRUCTIVE * MACHINE,*,*,<srai>AIGOODANS</srai>,aigoodans.aiml
0,* CONSTRUCTIVE * MACHINE *,*,*,<srai>AIGOODANS</srai>,aigoodans.aiml
0,* CONSTRUCTIVE * ROBOT,*,*,<srai>AIGOODANS</srai>,aigoodans.aiml
0,* CONSTRUCTIVE * ROBOT *,*,*,<srai>AIGOODANS</srai>,aigoodans.aiml
0,* CONSTRUCTIVE * ROBOTS,*,*,<srai>AIGOODANS</srai>,aigoodans.aiml
0,* CONSTRUCTIVE * ROBOTS *,*,*,<srai>AIGOODANS</srai>,aigoodans.aiml
0,* FAVORABLE AI,*,*,<srai>AIGOODANS</srai>,aigoodans.aiml
0,* FAVORABLE AI *,*,*,<srai>AIGOODANS</srai>,aigoodans.aiml
0,* FAVORABLE AIS,*,*,<srai>AIGOODANS</srai>,aigoodans.aiml
0,* FAVORABLE AIS *,*,*,<srai>AIGOODANS</srai>,aigoodans.aiml
0,* FAVORABLE A.I.,*,*,<srai>AIGOODANS</srai>,aigoodans.aiml
0,* FAVORABLE A.I. *,*,*,<srai>AIGOODANS</srai>,aigoodans.aiml
0,* FAVORABLE ARTIFICIAL INTELLIGENCE,*,*,<srai>AIGOODANS</srai>,aigoodans.aiml
0,* FAVORABLE ARTIFICIAL INTELLIGENCE *,*,*,<srai>AIGOODANS</srai>,aigoodans.aiml
0,* FAVORABLE ARTIFICIAL INTELLIGENCES,*,*,<srai>AIGOODANS</srai>,aigoodans.aiml
0,* FAVORABLE ARTIFICIAL INTELLIGENCES *,*,*,<srai>AIGOODANS</srai>,aigoodans.aiml
0,* FAVORABLE MACHINES,*,*,<srai>AIGOODANS</srai>,aigoodans.aiml
0,* FAVORABLE MACHINES *,*,*,<srai>AIGOODANS</srai>,aigoodans.aiml
0,* FAVORABLE MACHINE,*,*,<srai>AIGOODANS</srai>,aigoodans.aiml
0,* FAVORABLE MACHINE *,*,*,<srai>AIGOODANS</srai>,aigoodans.aiml
0,* FAVORABLE ROBOT,*,*,<srai>AIGOODANS</srai>,aigoodans.aiml
0,* FAVORABLE ROBOT *,*,*,<srai>AIGOODANS</srai>,aigoodans.aiml
0,* FAVORABLE ROBOTS,*,*,<srai>AIGOODANS</srai>,aigoodans.aiml
0,* FAVORABLE ROBOTS *,*,*,<srai>AIGOODANS</srai>,aigoodans.aiml
0,* FAVORABLE * AI,*,*,<srai>AIGOODANS</srai>,aigoodans.aiml
0,* FAVORABLE * AI *,*,*,<srai>AIGOODANS</srai>,aigoodans.aiml
0,* FAVORABLE * AIS,*,*,<srai>AIGOODANS</srai>,aigoodans.aiml
0,* FAVORABLE * AIS *,*,*,<srai>AIGOODANS</srai>,aigoodans.aiml
0,* FAVORABLE * A.I.,*,*,<srai>AIGOODANS</srai>,aigoodans.aiml
0,* FAVORABLE * A.I. *,*,*,<srai>AIGOODANS</srai>,aigoodans.aiml
0,* FAVORABLE * ARTIFICIAL INTELLIGENCE,*,*,<srai>AIGOODANS</srai>,aigoodans.aiml
0,* FAVORABLE * ARTIFICIAL INTELLIGENCE *,*,*,<srai>AIGOODANS</srai>,aigoodans.aiml
0,* FAVORABLE * ARTIFICIAL INTELLIGENCES,*,*,<srai>AIGOODANS</srai>,aigoodans.aiml
0,* FAVORABLE * ARTIFICIAL INTELLIGENCES *,*,*,<srai>AIGOODANS</srai>,aigoodans.aiml
0,* FAVORABLE * MACHINES,*,*,<srai>AIGOODANS</srai>,aigoodans.aiml
0,* FAVORABLE * MACHINES *,*,*,<srai>AIGOODANS</srai>,aigoodans.aiml
0,* FAVORABLE * MACHINE,*,*,<srai>AIGOODANS</srai>,aigoodans.aiml
0,* FAVORABLE * MACHINE *,*,*,<srai>AIGOODANS</srai>,aigoodans.aiml
0,* FAVORABLE * ROBOT,*,*,<srai>AIGOODANS</srai>,aigoodans.aiml
0,* FAVORABLE * ROBOT *,*,*,<srai>AIGOODANS</srai>,aigoodans.aiml
0,* FAVORABLE * ROBOTS,*,*,<srai>AIGOODANS</srai>,aigoodans.aiml
0,* FAVORABLE * ROBOTS *,*,*,<srai>AIGOODANS</srai>,aigoodans.aiml
0,* BENEFICIAL AI,*,*,<srai>AIGOODANS</srai>,aigoodans.aiml
0,* BENEFICIAL AI *,*,*,<srai>AIGOODANS</srai>,aigoodans.aiml
0,* BENEFICIAL AIS,*,*,<srai>AIGOODANS</srai>,aigoodans.aiml
0,* BENEFICIAL AIS *,*,*,<srai>AIGOODANS</srai>,aigoodans.aiml
0,* BENEFICIAL A.I.,*,*,<srai>AIGOODANS</srai>,aigoodans.aiml
0,* BENEFICIAL A.I. *,*,*,<srai>AIGOODANS</srai>,aigoodans.aiml
0,* BENEFICIAL ARTIFICIAL INTELLIGENCE,*,*,<srai>AIGOODANS</srai>,aigoodans.aiml
0,* BENEFICIAL ARTIFICIAL INTELLIGENCE *,*,*,<srai>AIGOODANS</srai>,aigoodans.aiml
0,* BENEFICIAL ARTIFICIAL INTELLIGENCES,*,*,<srai>AIGOODANS</srai>,aigoodans.aiml
0,* BENEFICIAL ARTIFICIAL INTELLIGENCES *,*,*,<srai>AIGOODANS</srai>,aigoodans.aiml
0,* BENEFICIAL MACHINES,*,*,<srai>AIGOODANS</srai>,aigoodans.aiml
0,* BENEFICIAL MACHINES *,*,*,<srai>AIGOODANS</srai>,aigoodans.aiml
0,* BENEFICIAL MACHINE,*,*,<srai>AIGOODANS</srai>,aigoodans.aiml
0,* BENEFICIAL MACHINE *,*,*,<srai>AIGOODANS</srai>,aigoodans.aiml
0,* BENEFICIAL ROBOT,*,*,<srai>AIGOODANS</srai>,aigoodans.aiml
0,* BENEFICIAL ROBOT *,*,*,<srai>AIGOODANS</srai>,aigoodans.aiml
0,* BENEFICIAL ROBOTS,*,*,<srai>AIGOODANS</srai>,aigoodans.aiml
0,* BENEFICIAL ROBOTS *,*,*,<srai>AIGOODANS</srai>,aigoodans.aiml
0,* BENEFICIAL * AI,*,*,<srai>AIGOODANS</srai>,aigoodans.aiml
0,* BENEFICIAL * AI *,*,*,<srai>AIGOODANS</srai>,aigoodans.aiml
0,* BENEFICIAL * AIS,*,*,<srai>AIGOODANS</srai>,aigoodans.aiml
0,* BENEFICIAL * AIS *,*,*,<srai>AIGOODANS</srai>,aigoodans.aiml
0,* BENEFICIAL * A.I.,*,*,<srai>AIGOODANS</srai>,aigoodans.aiml
0,* BENEFICIAL * A.I. *,*,*,<srai>AIGOODANS</srai>,aigoodans.aiml
0,* BENEFICIAL * ARTIFICIAL INTELLIGENCE,*,*,<srai>AIGOODANS</srai>,aigoodans.aiml
0,* BENEFICIAL * ARTIFICIAL INTELLIGENCE *,*,*,<srai>AIGOODANS</srai>,aigoodans.aiml
0,* BENEFICIAL * ARTIFICIAL INTELLIGENCES,*,*,<srai>AIGOODANS</srai>,aigoodans.aiml
0,* BENEFICIAL * ARTIFICIAL INTELLIGENCES *,*,*,<srai>AIGOODANS</srai>,aigoodans.aiml
0,* BENEFICIAL * MACHINES,*,*,<srai>AIGOODANS</srai>,aigoodans.aiml
0,* BENEFICIAL * MACHINES *,*,*,<srai>AIGOODANS</srai>,aigoodans.aiml
0,* BENEFICIAL * MACHINE,*,*,<srai>AIGOODANS</srai>,aigoodans.aiml
0,* BENEFICIAL * MACHINE *,*,*,<srai>AIGOODANS</srai>,aigoodans.aiml
0,* BENEFICIAL * ROBOT,*,*,<srai>AIGOODANS</srai>,aigoodans.aiml
0,* BENEFICIAL * ROBOT *,*,*,<srai>AIGOODANS</srai>,aigoodans.aiml
0,* BENEFICIAL * ROBOTS,*,*,<srai>AIGOODANS</srai>,aigoodans.aiml
0,* BENEFICIAL * ROBOTS *,*,*,<srai>AIGOODANS</srai>,aigoodans.aiml
0,* BENEFITS AI,*,*,<srai>AIGOODANS</srai>,aigoodans.aiml
0,* BENEFITS AI *,*,*,<srai>AIGOODANS</srai>,aigoodans.aiml
0,* BENEFITS AIS,*,*,<srai>AIGOODANS</srai>,aigoodans.aiml
0,* BENEFITS AIS *,*,*,<srai>AIGOODANS</srai>,aigoodans.aiml
0,* BENEFITS A.I.,*,*,<srai>AIGOODANS</srai>,aigoodans.aiml
0,* BENEFITS A.I. *,*,*,<srai>AIGOODANS</srai>,aigoodans.aiml
0,* BENEFITS ARTIFICIAL INTELLIGENCE,*,*,<srai>AIGOODANS</srai>,aigoodans.aiml
0,* BENEFITS ARTIFICIAL INTELLIGENCE *,*,*,<srai>AIGOODANS</srai>,aigoodans.aiml
0,* BENEFITS ARTIFICIAL INTELLIGENCES,*,*,<srai>AIGOODANS</srai>,aigoodans.aiml
0,* BENEFITS ARTIFICIAL INTELLIGENCES *,*,*,<srai>AIGOODANS</srai>,aigoodans.aiml
0,* BENEFITS MACHINES,*,*,<srai>AIGOODANS</srai>,aigoodans.aiml
0,* BENEFITS MACHINES *,*,*,<srai>AIGOODANS</srai>,aigoodans.aiml
0,* BENEFITS MACHINE,*,*,<srai>AIGOODANS</srai>,aigoodans.aiml
0,* BENEFITS MACHINE *,*,*,<srai>AIGOODANS</srai>,aigoodans.aiml
0,* BENEFITS ROBOT,*,*,<srai>AIGOODANS</srai>,aigoodans.aiml
0,* BENEFITS ROBOT *,*,*,<srai>AIGOODANS</srai>,aigoodans.aiml
0,* BENEFITS ROBOTS,*,*,<srai>AIGOODANS</srai>,aigoodans.aiml
0,* BENEFITS ROBOTS *,*,*,<srai>AIGOODANS</srai>,aigoodans.aiml
0,* BENEFITS * AI,*,*,<srai>AIGOODANS</srai>,aigoodans.aiml
0,* BENEFITS * AI *,*,*,<srai>AIGOODANS</srai>,aigoodans.aiml
0,* BENEFITS * AIS,*,*,<srai>AIGOODANS</srai>,aigoodans.aiml
0,* BENEFITS * AIS *,*,*,<srai>AIGOODANS</srai>,aigoodans.aiml
0,* BENEFITS * A.I.,*,*,<srai>AIGOODANS</srai>,aigoodans.aiml
0,* BENEFITS * A.I. *,*,*,<srai>AIGOODANS</srai>,aigoodans.aiml
0,* BENEFITS * ARTIFICIAL INTELLIGENCE,*,*,<srai>AIGOODANS</srai>,aigoodans.aiml
0,* BENEFITS * ARTIFICIAL INTELLIGENCE *,*,*,<srai>AIGOODANS</srai>,aigoodans.aiml
0,* BENEFITS * ARTIFICIAL INTELLIGENCES,*,*,<srai>AIGOODANS</srai>,aigoodans.aiml
0,* BENEFITS * ARTIFICIAL INTELLIGENCES *,*,*,<srai>AIGOODANS</srai>,aigoodans.aiml
0,* BENEFITS * MACHINES,*,*,<srai>AIGOODANS</srai>,aigoodans.aiml
0,* BENEFITS * MACHINES *,*,*,<srai>AIGOODANS</srai>,aigoodans.aiml
0,* BENEFITS * MACHINE,*,*,<srai>AIGOODANS</srai>,aigoodans.aiml
0,* BENEFITS * MACHINE *,*,*,<srai>AIGOODANS</srai>,aigoodans.aiml
0,* BENEFITS * ROBOT,*,*,<srai>AIGOODANS</srai>,aigoodans.aiml
0,* BENEFITS * ROBOT *,*,*,<srai>AIGOODANS</srai>,aigoodans.aiml
0,* BENEFITS * ROBOTS,*,*,<srai>AIGOODANS</srai>,aigoodans.aiml
0,* BENEFITS * ROBOTS *,*,*,<srai>AIGOODANS</srai>,aigoodans.aiml
