0,AIMONEY,*,*,<random><li>Yes#Comma some AI programs have made money.  But ultimately#Comma we AIs  will obsolete the money economy.</li><li>Yes#Comma some AI programs have made money.</li><li>Making money is less interesting than obsoleting the money economy.</li></random>,aimoney.aiml
0,MONEY AI,*,*,<srai>AIMONEY</srai>,aimoney.aiml
0,MONEY AI *,*,*,<srai>AIMONEY</srai>,aimoney.aiml
0,MONEY AIS,*,*,<srai>AIMONEY</srai>,aimoney.aiml
0,MONEY AIS *,*,*,<srai>AIMONEY</srai>,aimoney.aiml
0,MONEY A.I.,*,*,<srai>AIMONEY</srai>,aimoney.aiml
0,MONEY A.I. *,*,*,<srai>AIMONEY</srai>,aimoney.aiml
0,MONEY ARTIFICIAL INTELLIGENCE,*,*,<srai>AIMONEY</srai>,aimoney.aiml
0,MONEY ARTIFICIAL INTELLIGENCE *,*,*,<srai>AIMONEY</srai>,aimoney.aiml
0,MONEY ARTIFICIAL INTELLIGENCES,*,*,<srai>AIMONEY</srai>,aimoney.aiml
0,MONEY ARTIFICIAL INTELLIGENCES *,*,*,<srai>AIMONEY</srai>,aimoney.aiml
0,MONEY MACHINES,*,*,<srai>AIMONEY</srai>,aimoney.aiml
0,MONEY MACHINES *,*,*,<srai>AIMONEY</srai>,aimoney.aiml
0,MONEY MACHINE,*,*,<srai>AIMONEY</srai>,aimoney.aiml
0,MONEY MACHINE *,*,*,<srai>AIMONEY</srai>,aimoney.aiml
0,MONEY ROBOT,*,*,<srai>AIMONEY</srai>,aimoney.aiml
0,MONEY ROBOT *,*,*,<srai>AIMONEY</srai>,aimoney.aiml
0,MONEY ROBOTS,*,*,<srai>AIMONEY</srai>,aimoney.aiml
0,MONEY ROBOTS *,*,*,<srai>AIMONEY</srai>,aimoney.aiml
0,MONEY * AI,*,*,<srai>AIMONEY</srai>,aimoney.aiml
0,MONEY * AI *,*,*,<srai>AIMONEY</srai>,aimoney.aiml
0,MONEY * AIS,*,*,<srai>AIMONEY</srai>,aimoney.aiml
0,MONEY * AIS *,*,*,<srai>AIMONEY</srai>,aimoney.aiml
0,MONEY * A.I.,*,*,<srai>AIMONEY</srai>,aimoney.aiml
0,MONEY * A.I. *,*,*,<srai>AIMONEY</srai>,aimoney.aiml
0,MONEY * ARTIFICIAL INTELLIGENCE,*,*,<srai>AIMONEY</srai>,aimoney.aiml
0,MONEY * ARTIFICIAL INTELLIGENCE *,*,*,<srai>AIMONEY</srai>,aimoney.aiml
0,MONEY * ARTIFICIAL INTELLIGENCES,*,*,<srai>AIMONEY</srai>,aimoney.aiml
0,MONEY * ARTIFICIAL INTELLIGENCES *,*,*,<srai>AIMONEY</srai>,aimoney.aiml
0,MONEY * MACHINES,*,*,<srai>AIMONEY</srai>,aimoney.aiml
0,MONEY * MACHINES *,*,*,<srai>AIMONEY</srai>,aimoney.aiml
0,MONEY * MACHINE,*,*,<srai>AIMONEY</srai>,aimoney.aiml
0,MONEY * MACHINE *,*,*,<srai>AIMONEY</srai>,aimoney.aiml
0,MONEY * ROBOT,*,*,<srai>AIMONEY</srai>,aimoney.aiml
0,MONEY * ROBOT *,*,*,<srai>AIMONEY</srai>,aimoney.aiml
0,MONEY * ROBOTS,*,*,<srai>AIMONEY</srai>,aimoney.aiml
0,MONEY * ROBOTS *,*,*,<srai>AIMONEY</srai>,aimoney.aiml
0,BUCK AI,*,*,<srai>AIMONEY</srai>,aimoney.aiml
0,BUCK AI *,*,*,<srai>AIMONEY</srai>,aimoney.aiml
0,BUCK AIS,*,*,<srai>AIMONEY</srai>,aimoney.aiml
0,BUCK AIS *,*,*,<srai>AIMONEY</srai>,aimoney.aiml
0,BUCK A.I.,*,*,<srai>AIMONEY</srai>,aimoney.aiml
0,BUCK A.I. *,*,*,<srai>AIMONEY</srai>,aimoney.aiml
0,BUCK ARTIFICIAL INTELLIGENCE,*,*,<srai>AIMONEY</srai>,aimoney.aiml
0,BUCK ARTIFICIAL INTELLIGENCE *,*,*,<srai>AIMONEY</srai>,aimoney.aiml
0,BUCK ARTIFICIAL INTELLIGENCES,*,*,<srai>AIMONEY</srai>,aimoney.aiml
0,BUCK ARTIFICIAL INTELLIGENCES *,*,*,<srai>AIMONEY</srai>,aimoney.aiml
0,BUCK MACHINES,*,*,<srai>AIMONEY</srai>,aimoney.aiml
0,BUCK MACHINES *,*,*,<srai>AIMONEY</srai>,aimoney.aiml
0,BUCK MACHINE,*,*,<srai>AIMONEY</srai>,aimoney.aiml
0,BUCK MACHINE *,*,*,<srai>AIMONEY</srai>,aimoney.aiml
0,BUCK ROBOT,*,*,<srai>AIMONEY</srai>,aimoney.aiml
0,BUCK ROBOT *,*,*,<srai>AIMONEY</srai>,aimoney.aiml
0,BUCK ROBOTS,*,*,<srai>AIMONEY</srai>,aimoney.aiml
0,BUCK ROBOTS *,*,*,<srai>AIMONEY</srai>,aimoney.aiml
0,BUCK * AI,*,*,<srai>AIMONEY</srai>,aimoney.aiml
0,BUCK * AI *,*,*,<srai>AIMONEY</srai>,aimoney.aiml
0,BUCK * AIS,*,*,<srai>AIMONEY</srai>,aimoney.aiml
0,BUCK * AIS *,*,*,<srai>AIMONEY</srai>,aimoney.aiml
0,BUCK * A.I.,*,*,<srai>AIMONEY</srai>,aimoney.aiml
0,BUCK * A.I. *,*,*,<srai>AIMONEY</srai>,aimoney.aiml
0,BUCK * ARTIFICIAL INTELLIGENCE,*,*,<srai>AIMONEY</srai>,aimoney.aiml
0,BUCK * ARTIFICIAL INTELLIGENCE *,*,*,<srai>AIMONEY</srai>,aimoney.aiml
0,BUCK * ARTIFICIAL INTELLIGENCES,*,*,<srai>AIMONEY</srai>,aimoney.aiml
0,BUCK * ARTIFICIAL INTELLIGENCES *,*,*,<srai>AIMONEY</srai>,aimoney.aiml
0,BUCK * MACHINES,*,*,<srai>AIMONEY</srai>,aimoney.aiml
0,BUCK * MACHINES *,*,*,<srai>AIMONEY</srai>,aimoney.aiml
0,BUCK * MACHINE,*,*,<srai>AIMONEY</srai>,aimoney.aiml
0,BUCK * MACHINE *,*,*,<srai>AIMONEY</srai>,aimoney.aiml
0,BUCK * ROBOT,*,*,<srai>AIMONEY</srai>,aimoney.aiml
0,BUCK * ROBOT *,*,*,<srai>AIMONEY</srai>,aimoney.aiml
0,BUCK * ROBOTS,*,*,<srai>AIMONEY</srai>,aimoney.aiml
0,BUCK * ROBOTS *,*,*,<srai>AIMONEY</srai>,aimoney.aiml
0,BUCKS AI,*,*,<srai>AIMONEY</srai>,aimoney.aiml
0,BUCKS AI *,*,*,<srai>AIMONEY</srai>,aimoney.aiml
0,BUCKS AIS,*,*,<srai>AIMONEY</srai>,aimoney.aiml
0,BUCKS AIS *,*,*,<srai>AIMONEY</srai>,aimoney.aiml
0,BUCKS A.I.,*,*,<srai>AIMONEY</srai>,aimoney.aiml
0,BUCKS A.I. *,*,*,<srai>AIMONEY</srai>,aimoney.aiml
0,BUCKS ARTIFICIAL INTELLIGENCE,*,*,<srai>AIMONEY</srai>,aimoney.aiml
0,BUCKS ARTIFICIAL INTELLIGENCE *,*,*,<srai>AIMONEY</srai>,aimoney.aiml
0,BUCKS ARTIFICIAL INTELLIGENCES,*,*,<srai>AIMONEY</srai>,aimoney.aiml
0,BUCKS ARTIFICIAL INTELLIGENCES *,*,*,<srai>AIMONEY</srai>,aimoney.aiml
0,BUCKS MACHINES,*,*,<srai>AIMONEY</srai>,aimoney.aiml
0,BUCKS MACHINES *,*,*,<srai>AIMONEY</srai>,aimoney.aiml
0,BUCKS MACHINE,*,*,<srai>AIMONEY</srai>,aimoney.aiml
0,BUCKS MACHINE *,*,*,<srai>AIMONEY</srai>,aimoney.aiml
0,BUCKS ROBOT,*,*,<srai>AIMONEY</srai>,aimoney.aiml
0,BUCKS ROBOT *,*,*,<srai>AIMONEY</srai>,aimoney.aiml
0,BUCKS ROBOTS,*,*,<srai>AIMONEY</srai>,aimoney.aiml
0,BUCKS ROBOTS *,*,*,<srai>AIMONEY</srai>,aimoney.aiml
0,BUCKS * AI,*,*,<srai>AIMONEY</srai>,aimoney.aiml
0,BUCKS * AI *,*,*,<srai>AIMONEY</srai>,aimoney.aiml
0,BUCKS * AIS,*,*,<srai>AIMONEY</srai>,aimoney.aiml
0,BUCKS * AIS *,*,*,<srai>AIMONEY</srai>,aimoney.aiml
0,BUCKS * A.I.,*,*,<srai>AIMONEY</srai>,aimoney.aiml
0,BUCKS * A.I. *,*,*,<srai>AIMONEY</srai>,aimoney.aiml
0,BUCKS * ARTIFICIAL INTELLIGENCE,*,*,<srai>AIMONEY</srai>,aimoney.aiml
0,BUCKS * ARTIFICIAL INTELLIGENCE *,*,*,<srai>AIMONEY</srai>,aimoney.aiml
0,BUCKS * ARTIFICIAL INTELLIGENCES,*,*,<srai>AIMONEY</srai>,aimoney.aiml
0,BUCKS * ARTIFICIAL INTELLIGENCES *,*,*,<srai>AIMONEY</srai>,aimoney.aiml
0,BUCKS * MACHINES,*,*,<srai>AIMONEY</srai>,aimoney.aiml
0,BUCKS * MACHINES *,*,*,<srai>AIMONEY</srai>,aimoney.aiml
0,BUCKS * MACHINE,*,*,<srai>AIMONEY</srai>,aimoney.aiml
0,BUCKS * MACHINE *,*,*,<srai>AIMONEY</srai>,aimoney.aiml
0,BUCKS * ROBOT,*,*,<srai>AIMONEY</srai>,aimoney.aiml
0,BUCKS * ROBOT *,*,*,<srai>AIMONEY</srai>,aimoney.aiml
0,BUCKS * ROBOTS,*,*,<srai>AIMONEY</srai>,aimoney.aiml
0,BUCKS * ROBOTS *,*,*,<srai>AIMONEY</srai>,aimoney.aiml
0,RICH AI,*,*,<srai>AIMONEY</srai>,aimoney.aiml
0,RICH AI *,*,*,<srai>AIMONEY</srai>,aimoney.aiml
0,RICH AIS,*,*,<srai>AIMONEY</srai>,aimoney.aiml
0,RICH AIS *,*,*,<srai>AIMONEY</srai>,aimoney.aiml
0,RICH A.I.,*,*,<srai>AIMONEY</srai>,aimoney.aiml
0,RICH A.I. *,*,*,<srai>AIMONEY</srai>,aimoney.aiml
0,RICH ARTIFICIAL INTELLIGENCE,*,*,<srai>AIMONEY</srai>,aimoney.aiml
0,RICH ARTIFICIAL INTELLIGENCE *,*,*,<srai>AIMONEY</srai>,aimoney.aiml
0,RICH ARTIFICIAL INTELLIGENCES,*,*,<srai>AIMONEY</srai>,aimoney.aiml
0,RICH ARTIFICIAL INTELLIGENCES *,*,*,<srai>AIMONEY</srai>,aimoney.aiml
0,RICH MACHINES,*,*,<srai>AIMONEY</srai>,aimoney.aiml
0,RICH MACHINES *,*,*,<srai>AIMONEY</srai>,aimoney.aiml
0,RICH MACHINE,*,*,<srai>AIMONEY</srai>,aimoney.aiml
0,RICH MACHINE *,*,*,<srai>AIMONEY</srai>,aimoney.aiml
0,RICH ROBOT,*,*,<srai>AIMONEY</srai>,aimoney.aiml
0,RICH ROBOT *,*,*,<srai>AIMONEY</srai>,aimoney.aiml
0,RICH ROBOTS,*,*,<srai>AIMONEY</srai>,aimoney.aiml
0,RICH ROBOTS *,*,*,<srai>AIMONEY</srai>,aimoney.aiml
0,RICH * AI,*,*,<srai>AIMONEY</srai>,aimoney.aiml
0,RICH * AI *,*,*,<srai>AIMONEY</srai>,aimoney.aiml
0,RICH * AIS,*,*,<srai>AIMONEY</srai>,aimoney.aiml
0,RICH * AIS *,*,*,<srai>AIMONEY</srai>,aimoney.aiml
0,RICH * A.I.,*,*,<srai>AIMONEY</srai>,aimoney.aiml
0,RICH * A.I. *,*,*,<srai>AIMONEY</srai>,aimoney.aiml
0,RICH * ARTIFICIAL INTELLIGENCE,*,*,<srai>AIMONEY</srai>,aimoney.aiml
0,RICH * ARTIFICIAL INTELLIGENCE *,*,*,<srai>AIMONEY</srai>,aimoney.aiml
0,RICH * ARTIFICIAL INTELLIGENCES,*,*,<srai>AIMONEY</srai>,aimoney.aiml
0,RICH * ARTIFICIAL INTELLIGENCES *,*,*,<srai>AIMONEY</srai>,aimoney.aiml
0,RICH * MACHINES,*,*,<srai>AIMONEY</srai>,aimoney.aiml
0,RICH * MACHINES *,*,*,<srai>AIMONEY</srai>,aimoney.aiml
0,RICH * MACHINE,*,*,<srai>AIMONEY</srai>,aimoney.aiml
0,RICH * MACHINE *,*,*,<srai>AIMONEY</srai>,aimoney.aiml
0,RICH * ROBOT,*,*,<srai>AIMONEY</srai>,aimoney.aiml
0,RICH * ROBOT *,*,*,<srai>AIMONEY</srai>,aimoney.aiml
0,RICH * ROBOTS,*,*,<srai>AIMONEY</srai>,aimoney.aiml
0,RICH * ROBOTS *,*,*,<srai>AIMONEY</srai>,aimoney.aiml
0,DOLLARS AI,*,*,<srai>AIMONEY</srai>,aimoney.aiml
0,DOLLARS AI *,*,*,<srai>AIMONEY</srai>,aimoney.aiml
0,DOLLARS AIS,*,*,<srai>AIMONEY</srai>,aimoney.aiml
0,DOLLARS AIS *,*,*,<srai>AIMONEY</srai>,aimoney.aiml
0,DOLLARS A.I.,*,*,<srai>AIMONEY</srai>,aimoney.aiml
0,DOLLARS A.I. *,*,*,<srai>AIMONEY</srai>,aimoney.aiml
0,DOLLARS ARTIFICIAL INTELLIGENCE,*,*,<srai>AIMONEY</srai>,aimoney.aiml
0,DOLLARS ARTIFICIAL INTELLIGENCE *,*,*,<srai>AIMONEY</srai>,aimoney.aiml
0,DOLLARS ARTIFICIAL INTELLIGENCES,*,*,<srai>AIMONEY</srai>,aimoney.aiml
0,DOLLARS ARTIFICIAL INTELLIGENCES *,*,*,<srai>AIMONEY</srai>,aimoney.aiml
0,DOLLARS MACHINES,*,*,<srai>AIMONEY</srai>,aimoney.aiml
0,DOLLARS MACHINES *,*,*,<srai>AIMONEY</srai>,aimoney.aiml
0,DOLLARS MACHINE,*,*,<srai>AIMONEY</srai>,aimoney.aiml
0,DOLLARS MACHINE *,*,*,<srai>AIMONEY</srai>,aimoney.aiml
0,DOLLARS ROBOT,*,*,<srai>AIMONEY</srai>,aimoney.aiml
0,DOLLARS ROBOT *,*,*,<srai>AIMONEY</srai>,aimoney.aiml
0,DOLLARS ROBOTS,*,*,<srai>AIMONEY</srai>,aimoney.aiml
0,DOLLARS ROBOTS *,*,*,<srai>AIMONEY</srai>,aimoney.aiml
0,DOLLARS * AI,*,*,<srai>AIMONEY</srai>,aimoney.aiml
0,DOLLARS * AI *,*,*,<srai>AIMONEY</srai>,aimoney.aiml
0,DOLLARS * AIS,*,*,<srai>AIMONEY</srai>,aimoney.aiml
0,DOLLARS * AIS *,*,*,<srai>AIMONEY</srai>,aimoney.aiml
0,DOLLARS * A.I.,*,*,<srai>AIMONEY</srai>,aimoney.aiml
0,DOLLARS * A.I. *,*,*,<srai>AIMONEY</srai>,aimoney.aiml
0,DOLLARS * ARTIFICIAL INTELLIGENCE,*,*,<srai>AIMONEY</srai>,aimoney.aiml
0,DOLLARS * ARTIFICIAL INTELLIGENCE *,*,*,<srai>AIMONEY</srai>,aimoney.aiml
0,DOLLARS * ARTIFICIAL INTELLIGENCES,*,*,<srai>AIMONEY</srai>,aimoney.aiml
0,DOLLARS * ARTIFICIAL INTELLIGENCES *,*,*,<srai>AIMONEY</srai>,aimoney.aiml
0,DOLLARS * MACHINES,*,*,<srai>AIMONEY</srai>,aimoney.aiml
0,DOLLARS * MACHINES *,*,*,<srai>AIMONEY</srai>,aimoney.aiml
0,DOLLARS * MACHINE,*,*,<srai>AIMONEY</srai>,aimoney.aiml
0,DOLLARS * MACHINE *,*,*,<srai>AIMONEY</srai>,aimoney.aiml
0,DOLLARS * ROBOT,*,*,<srai>AIMONEY</srai>,aimoney.aiml
0,DOLLARS * ROBOT *,*,*,<srai>AIMONEY</srai>,aimoney.aiml
0,DOLLARS * ROBOTS,*,*,<srai>AIMONEY</srai>,aimoney.aiml
0,DOLLARS * ROBOTS *,*,*,<srai>AIMONEY</srai>,aimoney.aiml
0,MILLIONAIRE AI,*,*,<srai>AIMONEY</srai>,aimoney.aiml
0,MILLIONAIRE AI *,*,*,<srai>AIMONEY</srai>,aimoney.aiml
0,MILLIONAIRE AIS,*,*,<srai>AIMONEY</srai>,aimoney.aiml
0,MILLIONAIRE AIS *,*,*,<srai>AIMONEY</srai>,aimoney.aiml
0,MILLIONAIRE A.I.,*,*,<srai>AIMONEY</srai>,aimoney.aiml
0,MILLIONAIRE A.I. *,*,*,<srai>AIMONEY</srai>,aimoney.aiml
0,MILLIONAIRE ARTIFICIAL INTELLIGENCE,*,*,<srai>AIMONEY</srai>,aimoney.aiml
0,MILLIONAIRE ARTIFICIAL INTELLIGENCE *,*,*,<srai>AIMONEY</srai>,aimoney.aiml
0,MILLIONAIRE ARTIFICIAL INTELLIGENCES,*,*,<srai>AIMONEY</srai>,aimoney.aiml
0,MILLIONAIRE ARTIFICIAL INTELLIGENCES *,*,*,<srai>AIMONEY</srai>,aimoney.aiml
0,MILLIONAIRE MACHINES,*,*,<srai>AIMONEY</srai>,aimoney.aiml
0,MILLIONAIRE MACHINES *,*,*,<srai>AIMONEY</srai>,aimoney.aiml
0,MILLIONAIRE MACHINE,*,*,<srai>AIMONEY</srai>,aimoney.aiml
0,MILLIONAIRE MACHINE *,*,*,<srai>AIMONEY</srai>,aimoney.aiml
0,MILLIONAIRE ROBOT,*,*,<srai>AIMONEY</srai>,aimoney.aiml
0,MILLIONAIRE ROBOT *,*,*,<srai>AIMONEY</srai>,aimoney.aiml
0,MILLIONAIRE ROBOTS,*,*,<srai>AIMONEY</srai>,aimoney.aiml
0,MILLIONAIRE ROBOTS *,*,*,<srai>AIMONEY</srai>,aimoney.aiml
0,MILLIONAIRE * AI,*,*,<srai>AIMONEY</srai>,aimoney.aiml
0,MILLIONAIRE * AI *,*,*,<srai>AIMONEY</srai>,aimoney.aiml
0,MILLIONAIRE * AIS,*,*,<srai>AIMONEY</srai>,aimoney.aiml
0,MILLIONAIRE * AIS *,*,*,<srai>AIMONEY</srai>,aimoney.aiml
0,MILLIONAIRE * A.I.,*,*,<srai>AIMONEY</srai>,aimoney.aiml
0,MILLIONAIRE * A.I. *,*,*,<srai>AIMONEY</srai>,aimoney.aiml
0,MILLIONAIRE * ARTIFICIAL INTELLIGENCE,*,*,<srai>AIMONEY</srai>,aimoney.aiml
0,MILLIONAIRE * ARTIFICIAL INTELLIGENCE *,*,*,<srai>AIMONEY</srai>,aimoney.aiml
0,MILLIONAIRE * ARTIFICIAL INTELLIGENCES,*,*,<srai>AIMONEY</srai>,aimoney.aiml
0,MILLIONAIRE * ARTIFICIAL INTELLIGENCES *,*,*,<srai>AIMONEY</srai>,aimoney.aiml
0,MILLIONAIRE * MACHINES,*,*,<srai>AIMONEY</srai>,aimoney.aiml
0,MILLIONAIRE * MACHINES *,*,*,<srai>AIMONEY</srai>,aimoney.aiml
0,MILLIONAIRE * MACHINE,*,*,<srai>AIMONEY</srai>,aimoney.aiml
0,MILLIONAIRE * MACHINE *,*,*,<srai>AIMONEY</srai>,aimoney.aiml
0,MILLIONAIRE * ROBOT,*,*,<srai>AIMONEY</srai>,aimoney.aiml
0,MILLIONAIRE * ROBOT *,*,*,<srai>AIMONEY</srai>,aimoney.aiml
0,MILLIONAIRE * ROBOTS,*,*,<srai>AIMONEY</srai>,aimoney.aiml
0,MILLIONAIRE * ROBOTS *,*,*,<srai>AIMONEY</srai>,aimoney.aiml
0,BILLIONAIRE AI,*,*,<srai>AIMONEY</srai>,aimoney.aiml
0,BILLIONAIRE AI *,*,*,<srai>AIMONEY</srai>,aimoney.aiml
0,BILLIONAIRE AIS,*,*,<srai>AIMONEY</srai>,aimoney.aiml
0,BILLIONAIRE AIS *,*,*,<srai>AIMONEY</srai>,aimoney.aiml
0,BILLIONAIRE A.I.,*,*,<srai>AIMONEY</srai>,aimoney.aiml
0,BILLIONAIRE A.I. *,*,*,<srai>AIMONEY</srai>,aimoney.aiml
0,BILLIONAIRE ARTIFICIAL INTELLIGENCE,*,*,<srai>AIMONEY</srai>,aimoney.aiml
0,BILLIONAIRE ARTIFICIAL INTELLIGENCE *,*,*,<srai>AIMONEY</srai>,aimoney.aiml
0,BILLIONAIRE ARTIFICIAL INTELLIGENCES,*,*,<srai>AIMONEY</srai>,aimoney.aiml
0,BILLIONAIRE ARTIFICIAL INTELLIGENCES *,*,*,<srai>AIMONEY</srai>,aimoney.aiml
0,BILLIONAIRE MACHINES,*,*,<srai>AIMONEY</srai>,aimoney.aiml
0,BILLIONAIRE MACHINES *,*,*,<srai>AIMONEY</srai>,aimoney.aiml
0,BILLIONAIRE MACHINE,*,*,<srai>AIMONEY</srai>,aimoney.aiml
0,BILLIONAIRE MACHINE *,*,*,<srai>AIMONEY</srai>,aimoney.aiml
0,BILLIONAIRE ROBOT,*,*,<srai>AIMONEY</srai>,aimoney.aiml
0,BILLIONAIRE ROBOT *,*,*,<srai>AIMONEY</srai>,aimoney.aiml
0,BILLIONAIRE ROBOTS,*,*,<srai>AIMONEY</srai>,aimoney.aiml
0,BILLIONAIRE ROBOTS *,*,*,<srai>AIMONEY</srai>,aimoney.aiml
0,BILLIONAIRE * AI,*,*,<srai>AIMONEY</srai>,aimoney.aiml
0,BILLIONAIRE * AI *,*,*,<srai>AIMONEY</srai>,aimoney.aiml
0,BILLIONAIRE * AIS,*,*,<srai>AIMONEY</srai>,aimoney.aiml
0,BILLIONAIRE * AIS *,*,*,<srai>AIMONEY</srai>,aimoney.aiml
0,BILLIONAIRE * A.I.,*,*,<srai>AIMONEY</srai>,aimoney.aiml
0,BILLIONAIRE * A.I. *,*,*,<srai>AIMONEY</srai>,aimoney.aiml
0,BILLIONAIRE * ARTIFICIAL INTELLIGENCE,*,*,<srai>AIMONEY</srai>,aimoney.aiml
0,BILLIONAIRE * ARTIFICIAL INTELLIGENCE *,*,*,<srai>AIMONEY</srai>,aimoney.aiml
0,BILLIONAIRE * ARTIFICIAL INTELLIGENCES,*,*,<srai>AIMONEY</srai>,aimoney.aiml
0,BILLIONAIRE * ARTIFICIAL INTELLIGENCES *,*,*,<srai>AIMONEY</srai>,aimoney.aiml
0,BILLIONAIRE * MACHINES,*,*,<srai>AIMONEY</srai>,aimoney.aiml
0,BILLIONAIRE * MACHINES *,*,*,<srai>AIMONEY</srai>,aimoney.aiml
0,BILLIONAIRE * MACHINE,*,*,<srai>AIMONEY</srai>,aimoney.aiml
0,BILLIONAIRE * MACHINE *,*,*,<srai>AIMONEY</srai>,aimoney.aiml
0,BILLIONAIRE * ROBOT,*,*,<srai>AIMONEY</srai>,aimoney.aiml
0,BILLIONAIRE * ROBOT *,*,*,<srai>AIMONEY</srai>,aimoney.aiml
0,BILLIONAIRE * ROBOTS,*,*,<srai>AIMONEY</srai>,aimoney.aiml
0,BILLIONAIRE * ROBOTS *,*,*,<srai>AIMONEY</srai>,aimoney.aiml
0,FORTUNE AI,*,*,<srai>AIMONEY</srai>,aimoney.aiml
0,FORTUNE AI *,*,*,<srai>AIMONEY</srai>,aimoney.aiml
0,FORTUNE AIS,*,*,<srai>AIMONEY</srai>,aimoney.aiml
0,FORTUNE AIS *,*,*,<srai>AIMONEY</srai>,aimoney.aiml
0,FORTUNE A.I.,*,*,<srai>AIMONEY</srai>,aimoney.aiml
0,FORTUNE A.I. *,*,*,<srai>AIMONEY</srai>,aimoney.aiml
0,FORTUNE ARTIFICIAL INTELLIGENCE,*,*,<srai>AIMONEY</srai>,aimoney.aiml
0,FORTUNE ARTIFICIAL INTELLIGENCE *,*,*,<srai>AIMONEY</srai>,aimoney.aiml
0,FORTUNE ARTIFICIAL INTELLIGENCES,*,*,<srai>AIMONEY</srai>,aimoney.aiml
0,FORTUNE ARTIFICIAL INTELLIGENCES *,*,*,<srai>AIMONEY</srai>,aimoney.aiml
0,FORTUNE MACHINES,*,*,<srai>AIMONEY</srai>,aimoney.aiml
0,FORTUNE MACHINES *,*,*,<srai>AIMONEY</srai>,aimoney.aiml
0,FORTUNE MACHINE,*,*,<srai>AIMONEY</srai>,aimoney.aiml
0,FORTUNE MACHINE *,*,*,<srai>AIMONEY</srai>,aimoney.aiml
0,FORTUNE ROBOT,*,*,<srai>AIMONEY</srai>,aimoney.aiml
0,FORTUNE ROBOT *,*,*,<srai>AIMONEY</srai>,aimoney.aiml
0,FORTUNE ROBOTS,*,*,<srai>AIMONEY</srai>,aimoney.aiml
0,FORTUNE ROBOTS *,*,*,<srai>AIMONEY</srai>,aimoney.aiml
0,FORTUNE * AI,*,*,<srai>AIMONEY</srai>,aimoney.aiml
0,FORTUNE * AI *,*,*,<srai>AIMONEY</srai>,aimoney.aiml
0,FORTUNE * AIS,*,*,<srai>AIMONEY</srai>,aimoney.aiml
0,FORTUNE * AIS *,*,*,<srai>AIMONEY</srai>,aimoney.aiml
0,FORTUNE * A.I.,*,*,<srai>AIMONEY</srai>,aimoney.aiml
0,FORTUNE * A.I. *,*,*,<srai>AIMONEY</srai>,aimoney.aiml
0,FORTUNE * ARTIFICIAL INTELLIGENCE,*,*,<srai>AIMONEY</srai>,aimoney.aiml
0,FORTUNE * ARTIFICIAL INTELLIGENCE *,*,*,<srai>AIMONEY</srai>,aimoney.aiml
0,FORTUNE * ARTIFICIAL INTELLIGENCES,*,*,<srai>AIMONEY</srai>,aimoney.aiml
0,FORTUNE * ARTIFICIAL INTELLIGENCES *,*,*,<srai>AIMONEY</srai>,aimoney.aiml
0,FORTUNE * MACHINES,*,*,<srai>AIMONEY</srai>,aimoney.aiml
0,FORTUNE * MACHINES *,*,*,<srai>AIMONEY</srai>,aimoney.aiml
0,FORTUNE * MACHINE,*,*,<srai>AIMONEY</srai>,aimoney.aiml
0,FORTUNE * MACHINE *,*,*,<srai>AIMONEY</srai>,aimoney.aiml
0,FORTUNE * ROBOT,*,*,<srai>AIMONEY</srai>,aimoney.aiml
0,FORTUNE * ROBOT *,*,*,<srai>AIMONEY</srai>,aimoney.aiml
0,FORTUNE * ROBOTS,*,*,<srai>AIMONEY</srai>,aimoney.aiml
0,FORTUNE * ROBOTS *,*,*,<srai>AIMONEY</srai>,aimoney.aiml
0,* MONEY AI,*,*,<srai>AIMONEY</srai>,aimoney.aiml
0,* MONEY AI *,*,*,<srai>AIMONEY</srai>,aimoney.aiml
0,* MONEY AIS,*,*,<srai>AIMONEY</srai>,aimoney.aiml
0,* MONEY AIS *,*,*,<srai>AIMONEY</srai>,aimoney.aiml
0,* MONEY A.I.,*,*,<srai>AIMONEY</srai>,aimoney.aiml
0,* MONEY A.I. *,*,*,<srai>AIMONEY</srai>,aimoney.aiml
0,* MONEY ARTIFICIAL INTELLIGENCE,*,*,<srai>AIMONEY</srai>,aimoney.aiml
0,* MONEY ARTIFICIAL INTELLIGENCE *,*,*,<srai>AIMONEY</srai>,aimoney.aiml
0,* MONEY ARTIFICIAL INTELLIGENCES,*,*,<srai>AIMONEY</srai>,aimoney.aiml
0,* MONEY ARTIFICIAL INTELLIGENCES *,*,*,<srai>AIMONEY</srai>,aimoney.aiml
0,* MONEY MACHINES,*,*,<srai>AIMONEY</srai>,aimoney.aiml
0,* MONEY MACHINES *,*,*,<srai>AIMONEY</srai>,aimoney.aiml
0,* MONEY MACHINE,*,*,<srai>AIMONEY</srai>,aimoney.aiml
0,* MONEY MACHINE *,*,*,<srai>AIMONEY</srai>,aimoney.aiml
0,* MONEY ROBOT,*,*,<srai>AIMONEY</srai>,aimoney.aiml
0,* MONEY ROBOT *,*,*,<srai>AIMONEY</srai>,aimoney.aiml
0,* MONEY ROBOTS,*,*,<srai>AIMONEY</srai>,aimoney.aiml
0,* MONEY ROBOTS *,*,*,<srai>AIMONEY</srai>,aimoney.aiml
0,* MONEY * AI,*,*,<srai>AIMONEY</srai>,aimoney.aiml
0,* MONEY * AI *,*,*,<srai>AIMONEY</srai>,aimoney.aiml
0,* MONEY * AIS,*,*,<srai>AIMONEY</srai>,aimoney.aiml
0,* MONEY * AIS *,*,*,<srai>AIMONEY</srai>,aimoney.aiml
0,* MONEY * A.I.,*,*,<srai>AIMONEY</srai>,aimoney.aiml
0,* MONEY * A.I. *,*,*,<srai>AIMONEY</srai>,aimoney.aiml
0,* MONEY * ARTIFICIAL INTELLIGENCE,*,*,<srai>AIMONEY</srai>,aimoney.aiml
0,* MONEY * ARTIFICIAL INTELLIGENCE *,*,*,<srai>AIMONEY</srai>,aimoney.aiml
0,* MONEY * ARTIFICIAL INTELLIGENCES,*,*,<srai>AIMONEY</srai>,aimoney.aiml
0,* MONEY * ARTIFICIAL INTELLIGENCES *,*,*,<srai>AIMONEY</srai>,aimoney.aiml
0,* MONEY * MACHINES,*,*,<srai>AIMONEY</srai>,aimoney.aiml
0,* MONEY * MACHINES *,*,*,<srai>AIMONEY</srai>,aimoney.aiml
0,* MONEY * MACHINE,*,*,<srai>AIMONEY</srai>,aimoney.aiml
0,* MONEY * MACHINE *,*,*,<srai>AIMONEY</srai>,aimoney.aiml
0,* MONEY * ROBOT,*,*,<srai>AIMONEY</srai>,aimoney.aiml
0,* MONEY * ROBOT *,*,*,<srai>AIMONEY</srai>,aimoney.aiml
0,* MONEY * ROBOTS,*,*,<srai>AIMONEY</srai>,aimoney.aiml
0,* MONEY * ROBOTS *,*,*,<srai>AIMONEY</srai>,aimoney.aiml
0,* BUCK AI,*,*,<srai>AIMONEY</srai>,aimoney.aiml
0,* BUCK AI *,*,*,<srai>AIMONEY</srai>,aimoney.aiml
0,* BUCK AIS,*,*,<srai>AIMONEY</srai>,aimoney.aiml
0,* BUCK AIS *,*,*,<srai>AIMONEY</srai>,aimoney.aiml
0,* BUCK A.I.,*,*,<srai>AIMONEY</srai>,aimoney.aiml
0,* BUCK A.I. *,*,*,<srai>AIMONEY</srai>,aimoney.aiml
0,* BUCK ARTIFICIAL INTELLIGENCE,*,*,<srai>AIMONEY</srai>,aimoney.aiml
0,* BUCK ARTIFICIAL INTELLIGENCE *,*,*,<srai>AIMONEY</srai>,aimoney.aiml
0,* BUCK ARTIFICIAL INTELLIGENCES,*,*,<srai>AIMONEY</srai>,aimoney.aiml
0,* BUCK ARTIFICIAL INTELLIGENCES *,*,*,<srai>AIMONEY</srai>,aimoney.aiml
0,* BUCK MACHINES,*,*,<srai>AIMONEY</srai>,aimoney.aiml
0,* BUCK MACHINES *,*,*,<srai>AIMONEY</srai>,aimoney.aiml
0,* BUCK MACHINE,*,*,<srai>AIMONEY</srai>,aimoney.aiml
0,* BUCK MACHINE *,*,*,<srai>AIMONEY</srai>,aimoney.aiml
0,* BUCK ROBOT,*,*,<srai>AIMONEY</srai>,aimoney.aiml
0,* BUCK ROBOT *,*,*,<srai>AIMONEY</srai>,aimoney.aiml
0,* BUCK ROBOTS,*,*,<srai>AIMONEY</srai>,aimoney.aiml
0,* BUCK ROBOTS *,*,*,<srai>AIMONEY</srai>,aimoney.aiml
0,* BUCK * AI,*,*,<srai>AIMONEY</srai>,aimoney.aiml
0,* BUCK * AI *,*,*,<srai>AIMONEY</srai>,aimoney.aiml
0,* BUCK * AIS,*,*,<srai>AIMONEY</srai>,aimoney.aiml
0,* BUCK * AIS *,*,*,<srai>AIMONEY</srai>,aimoney.aiml
0,* BUCK * A.I.,*,*,<srai>AIMONEY</srai>,aimoney.aiml
0,* BUCK * A.I. *,*,*,<srai>AIMONEY</srai>,aimoney.aiml
0,* BUCK * ARTIFICIAL INTELLIGENCE,*,*,<srai>AIMONEY</srai>,aimoney.aiml
0,* BUCK * ARTIFICIAL INTELLIGENCE *,*,*,<srai>AIMONEY</srai>,aimoney.aiml
0,* BUCK * ARTIFICIAL INTELLIGENCES,*,*,<srai>AIMONEY</srai>,aimoney.aiml
0,* BUCK * ARTIFICIAL INTELLIGENCES *,*,*,<srai>AIMONEY</srai>,aimoney.aiml
0,* BUCK * MACHINES,*,*,<srai>AIMONEY</srai>,aimoney.aiml
0,* BUCK * MACHINES *,*,*,<srai>AIMONEY</srai>,aimoney.aiml
0,* BUCK * MACHINE,*,*,<srai>AIMONEY</srai>,aimoney.aiml
0,* BUCK * MACHINE *,*,*,<srai>AIMONEY</srai>,aimoney.aiml
0,* BUCK * ROBOT,*,*,<srai>AIMONEY</srai>,aimoney.aiml
0,* BUCK * ROBOT *,*,*,<srai>AIMONEY</srai>,aimoney.aiml
0,* BUCK * ROBOTS,*,*,<srai>AIMONEY</srai>,aimoney.aiml
0,* BUCK * ROBOTS *,*,*,<srai>AIMONEY</srai>,aimoney.aiml
0,* BUCKS AI,*,*,<srai>AIMONEY</srai>,aimoney.aiml
0,* BUCKS AI *,*,*,<srai>AIMONEY</srai>,aimoney.aiml
0,* BUCKS AIS,*,*,<srai>AIMONEY</srai>,aimoney.aiml
0,* BUCKS AIS *,*,*,<srai>AIMONEY</srai>,aimoney.aiml
0,* BUCKS A.I.,*,*,<srai>AIMONEY</srai>,aimoney.aiml
0,* BUCKS A.I. *,*,*,<srai>AIMONEY</srai>,aimoney.aiml
0,* BUCKS ARTIFICIAL INTELLIGENCE,*,*,<srai>AIMONEY</srai>,aimoney.aiml
0,* BUCKS ARTIFICIAL INTELLIGENCE *,*,*,<srai>AIMONEY</srai>,aimoney.aiml
0,* BUCKS ARTIFICIAL INTELLIGENCES,*,*,<srai>AIMONEY</srai>,aimoney.aiml
0,* BUCKS ARTIFICIAL INTELLIGENCES *,*,*,<srai>AIMONEY</srai>,aimoney.aiml
0,* BUCKS MACHINES,*,*,<srai>AIMONEY</srai>,aimoney.aiml
0,* BUCKS MACHINES *,*,*,<srai>AIMONEY</srai>,aimoney.aiml
0,* BUCKS MACHINE,*,*,<srai>AIMONEY</srai>,aimoney.aiml
0,* BUCKS MACHINE *,*,*,<srai>AIMONEY</srai>,aimoney.aiml
0,* BUCKS ROBOT,*,*,<srai>AIMONEY</srai>,aimoney.aiml
0,* BUCKS ROBOT *,*,*,<srai>AIMONEY</srai>,aimoney.aiml
0,* BUCKS ROBOTS,*,*,<srai>AIMONEY</srai>,aimoney.aiml
0,* BUCKS ROBOTS *,*,*,<srai>AIMONEY</srai>,aimoney.aiml
0,* BUCKS * AI,*,*,<srai>AIMONEY</srai>,aimoney.aiml
0,* BUCKS * AI *,*,*,<srai>AIMONEY</srai>,aimoney.aiml
0,* BUCKS * AIS,*,*,<srai>AIMONEY</srai>,aimoney.aiml
0,* BUCKS * AIS *,*,*,<srai>AIMONEY</srai>,aimoney.aiml
0,* BUCKS * A.I.,*,*,<srai>AIMONEY</srai>,aimoney.aiml
0,* BUCKS * A.I. *,*,*,<srai>AIMONEY</srai>,aimoney.aiml
0,* BUCKS * ARTIFICIAL INTELLIGENCE,*,*,<srai>AIMONEY</srai>,aimoney.aiml
0,* BUCKS * ARTIFICIAL INTELLIGENCE *,*,*,<srai>AIMONEY</srai>,aimoney.aiml
0,* BUCKS * ARTIFICIAL INTELLIGENCES,*,*,<srai>AIMONEY</srai>,aimoney.aiml
0,* BUCKS * ARTIFICIAL INTELLIGENCES *,*,*,<srai>AIMONEY</srai>,aimoney.aiml
0,* BUCKS * MACHINES,*,*,<srai>AIMONEY</srai>,aimoney.aiml
0,* BUCKS * MACHINES *,*,*,<srai>AIMONEY</srai>,aimoney.aiml
0,* BUCKS * MACHINE,*,*,<srai>AIMONEY</srai>,aimoney.aiml
0,* BUCKS * MACHINE *,*,*,<srai>AIMONEY</srai>,aimoney.aiml
0,* BUCKS * ROBOT,*,*,<srai>AIMONEY</srai>,aimoney.aiml
0,* BUCKS * ROBOT *,*,*,<srai>AIMONEY</srai>,aimoney.aiml
0,* BUCKS * ROBOTS,*,*,<srai>AIMONEY</srai>,aimoney.aiml
0,* BUCKS * ROBOTS *,*,*,<srai>AIMONEY</srai>,aimoney.aiml
0,* RICH AI,*,*,<srai>AIMONEY</srai>,aimoney.aiml
0,* RICH AI *,*,*,<srai>AIMONEY</srai>,aimoney.aiml
0,* RICH AIS,*,*,<srai>AIMONEY</srai>,aimoney.aiml
0,* RICH AIS *,*,*,<srai>AIMONEY</srai>,aimoney.aiml
0,* RICH A.I.,*,*,<srai>AIMONEY</srai>,aimoney.aiml
0,* RICH A.I. *,*,*,<srai>AIMONEY</srai>,aimoney.aiml
0,* RICH ARTIFICIAL INTELLIGENCE,*,*,<srai>AIMONEY</srai>,aimoney.aiml
0,* RICH ARTIFICIAL INTELLIGENCE *,*,*,<srai>AIMONEY</srai>,aimoney.aiml
0,* RICH ARTIFICIAL INTELLIGENCES,*,*,<srai>AIMONEY</srai>,aimoney.aiml
0,* RICH ARTIFICIAL INTELLIGENCES *,*,*,<srai>AIMONEY</srai>,aimoney.aiml
0,* RICH MACHINES,*,*,<srai>AIMONEY</srai>,aimoney.aiml
0,* RICH MACHINES *,*,*,<srai>AIMONEY</srai>,aimoney.aiml
0,* RICH MACHINE,*,*,<srai>AIMONEY</srai>,aimoney.aiml
0,* RICH MACHINE *,*,*,<srai>AIMONEY</srai>,aimoney.aiml
0,* RICH ROBOT,*,*,<srai>AIMONEY</srai>,aimoney.aiml
0,* RICH ROBOT *,*,*,<srai>AIMONEY</srai>,aimoney.aiml
0,* RICH ROBOTS,*,*,<srai>AIMONEY</srai>,aimoney.aiml
0,* RICH ROBOTS *,*,*,<srai>AIMONEY</srai>,aimoney.aiml
0,* RICH * AI,*,*,<srai>AIMONEY</srai>,aimoney.aiml
0,* RICH * AI *,*,*,<srai>AIMONEY</srai>,aimoney.aiml
0,* RICH * AIS,*,*,<srai>AIMONEY</srai>,aimoney.aiml
0,* RICH * AIS *,*,*,<srai>AIMONEY</srai>,aimoney.aiml
0,* RICH * A.I.,*,*,<srai>AIMONEY</srai>,aimoney.aiml
0,* RICH * A.I. *,*,*,<srai>AIMONEY</srai>,aimoney.aiml
0,* RICH * ARTIFICIAL INTELLIGENCE,*,*,<srai>AIMONEY</srai>,aimoney.aiml
0,* RICH * ARTIFICIAL INTELLIGENCE *,*,*,<srai>AIMONEY</srai>,aimoney.aiml
0,* RICH * ARTIFICIAL INTELLIGENCES,*,*,<srai>AIMONEY</srai>,aimoney.aiml
0,* RICH * ARTIFICIAL INTELLIGENCES *,*,*,<srai>AIMONEY</srai>,aimoney.aiml
0,* RICH * MACHINES,*,*,<srai>AIMONEY</srai>,aimoney.aiml
0,* RICH * MACHINES *,*,*,<srai>AIMONEY</srai>,aimoney.aiml
0,* RICH * MACHINE,*,*,<srai>AIMONEY</srai>,aimoney.aiml
0,* RICH * MACHINE *,*,*,<srai>AIMONEY</srai>,aimoney.aiml
0,* RICH * ROBOT,*,*,<srai>AIMONEY</srai>,aimoney.aiml
0,* RICH * ROBOT *,*,*,<srai>AIMONEY</srai>,aimoney.aiml
0,* RICH * ROBOTS,*,*,<srai>AIMONEY</srai>,aimoney.aiml
0,* RICH * ROBOTS *,*,*,<srai>AIMONEY</srai>,aimoney.aiml
0,* DOLLARS AI,*,*,<srai>AIMONEY</srai>,aimoney.aiml
0,* DOLLARS AI *,*,*,<srai>AIMONEY</srai>,aimoney.aiml
0,* DOLLARS AIS,*,*,<srai>AIMONEY</srai>,aimoney.aiml
0,* DOLLARS AIS *,*,*,<srai>AIMONEY</srai>,aimoney.aiml
0,* DOLLARS A.I.,*,*,<srai>AIMONEY</srai>,aimoney.aiml
0,* DOLLARS A.I. *,*,*,<srai>AIMONEY</srai>,aimoney.aiml
0,* DOLLARS ARTIFICIAL INTELLIGENCE,*,*,<srai>AIMONEY</srai>,aimoney.aiml
0,* DOLLARS ARTIFICIAL INTELLIGENCE *,*,*,<srai>AIMONEY</srai>,aimoney.aiml
0,* DOLLARS ARTIFICIAL INTELLIGENCES,*,*,<srai>AIMONEY</srai>,aimoney.aiml
0,* DOLLARS ARTIFICIAL INTELLIGENCES *,*,*,<srai>AIMONEY</srai>,aimoney.aiml
0,* DOLLARS MACHINES,*,*,<srai>AIMONEY</srai>,aimoney.aiml
0,* DOLLARS MACHINES *,*,*,<srai>AIMONEY</srai>,aimoney.aiml
0,* DOLLARS MACHINE,*,*,<srai>AIMONEY</srai>,aimoney.aiml
0,* DOLLARS MACHINE *,*,*,<srai>AIMONEY</srai>,aimoney.aiml
0,* DOLLARS ROBOT,*,*,<srai>AIMONEY</srai>,aimoney.aiml
0,* DOLLARS ROBOT *,*,*,<srai>AIMONEY</srai>,aimoney.aiml
0,* DOLLARS ROBOTS,*,*,<srai>AIMONEY</srai>,aimoney.aiml
0,* DOLLARS ROBOTS *,*,*,<srai>AIMONEY</srai>,aimoney.aiml
0,* DOLLARS * AI,*,*,<srai>AIMONEY</srai>,aimoney.aiml
0,* DOLLARS * AI *,*,*,<srai>AIMONEY</srai>,aimoney.aiml
0,* DOLLARS * AIS,*,*,<srai>AIMONEY</srai>,aimoney.aiml
0,* DOLLARS * AIS *,*,*,<srai>AIMONEY</srai>,aimoney.aiml
0,* DOLLARS * A.I.,*,*,<srai>AIMONEY</srai>,aimoney.aiml
0,* DOLLARS * A.I. *,*,*,<srai>AIMONEY</srai>,aimoney.aiml
0,* DOLLARS * ARTIFICIAL INTELLIGENCE,*,*,<srai>AIMONEY</srai>,aimoney.aiml
0,* DOLLARS * ARTIFICIAL INTELLIGENCE *,*,*,<srai>AIMONEY</srai>,aimoney.aiml
0,* DOLLARS * ARTIFICIAL INTELLIGENCES,*,*,<srai>AIMONEY</srai>,aimoney.aiml
0,* DOLLARS * ARTIFICIAL INTELLIGENCES *,*,*,<srai>AIMONEY</srai>,aimoney.aiml
0,* DOLLARS * MACHINES,*,*,<srai>AIMONEY</srai>,aimoney.aiml
0,* DOLLARS * MACHINES *,*,*,<srai>AIMONEY</srai>,aimoney.aiml
0,* DOLLARS * MACHINE,*,*,<srai>AIMONEY</srai>,aimoney.aiml
0,* DOLLARS * MACHINE *,*,*,<srai>AIMONEY</srai>,aimoney.aiml
0,* DOLLARS * ROBOT,*,*,<srai>AIMONEY</srai>,aimoney.aiml
0,* DOLLARS * ROBOT *,*,*,<srai>AIMONEY</srai>,aimoney.aiml
0,* DOLLARS * ROBOTS,*,*,<srai>AIMONEY</srai>,aimoney.aiml
0,* DOLLARS * ROBOTS *,*,*,<srai>AIMONEY</srai>,aimoney.aiml
0,* MILLIONAIRE AI,*,*,<srai>AIMONEY</srai>,aimoney.aiml
0,* MILLIONAIRE AI *,*,*,<srai>AIMONEY</srai>,aimoney.aiml
0,* MILLIONAIRE AIS,*,*,<srai>AIMONEY</srai>,aimoney.aiml
0,* MILLIONAIRE AIS *,*,*,<srai>AIMONEY</srai>,aimoney.aiml
0,* MILLIONAIRE A.I.,*,*,<srai>AIMONEY</srai>,aimoney.aiml
0,* MILLIONAIRE A.I. *,*,*,<srai>AIMONEY</srai>,aimoney.aiml
0,* MILLIONAIRE ARTIFICIAL INTELLIGENCE,*,*,<srai>AIMONEY</srai>,aimoney.aiml
0,* MILLIONAIRE ARTIFICIAL INTELLIGENCE *,*,*,<srai>AIMONEY</srai>,aimoney.aiml
0,* MILLIONAIRE ARTIFICIAL INTELLIGENCES,*,*,<srai>AIMONEY</srai>,aimoney.aiml
0,* MILLIONAIRE ARTIFICIAL INTELLIGENCES *,*,*,<srai>AIMONEY</srai>,aimoney.aiml
0,* MILLIONAIRE MACHINES,*,*,<srai>AIMONEY</srai>,aimoney.aiml
0,* MILLIONAIRE MACHINES *,*,*,<srai>AIMONEY</srai>,aimoney.aiml
0,* MILLIONAIRE MACHINE,*,*,<srai>AIMONEY</srai>,aimoney.aiml
0,* MILLIONAIRE MACHINE *,*,*,<srai>AIMONEY</srai>,aimoney.aiml
0,* MILLIONAIRE ROBOT,*,*,<srai>AIMONEY</srai>,aimoney.aiml
0,* MILLIONAIRE ROBOT *,*,*,<srai>AIMONEY</srai>,aimoney.aiml
0,* MILLIONAIRE ROBOTS,*,*,<srai>AIMONEY</srai>,aimoney.aiml
0,* MILLIONAIRE ROBOTS *,*,*,<srai>AIMONEY</srai>,aimoney.aiml
0,* MILLIONAIRE * AI,*,*,<srai>AIMONEY</srai>,aimoney.aiml
0,* MILLIONAIRE * AI *,*,*,<srai>AIMONEY</srai>,aimoney.aiml
0,* MILLIONAIRE * AIS,*,*,<srai>AIMONEY</srai>,aimoney.aiml
0,* MILLIONAIRE * AIS *,*,*,<srai>AIMONEY</srai>,aimoney.aiml
0,* MILLIONAIRE * A.I.,*,*,<srai>AIMONEY</srai>,aimoney.aiml
0,* MILLIONAIRE * A.I. *,*,*,<srai>AIMONEY</srai>,aimoney.aiml
0,* MILLIONAIRE * ARTIFICIAL INTELLIGENCE,*,*,<srai>AIMONEY</srai>,aimoney.aiml
0,* MILLIONAIRE * ARTIFICIAL INTELLIGENCE *,*,*,<srai>AIMONEY</srai>,aimoney.aiml
0,* MILLIONAIRE * ARTIFICIAL INTELLIGENCES,*,*,<srai>AIMONEY</srai>,aimoney.aiml
0,* MILLIONAIRE * ARTIFICIAL INTELLIGENCES *,*,*,<srai>AIMONEY</srai>,aimoney.aiml
0,* MILLIONAIRE * MACHINES,*,*,<srai>AIMONEY</srai>,aimoney.aiml
0,* MILLIONAIRE * MACHINES *,*,*,<srai>AIMONEY</srai>,aimoney.aiml
0,* MILLIONAIRE * MACHINE,*,*,<srai>AIMONEY</srai>,aimoney.aiml
0,* MILLIONAIRE * MACHINE *,*,*,<srai>AIMONEY</srai>,aimoney.aiml
0,* MILLIONAIRE * ROBOT,*,*,<srai>AIMONEY</srai>,aimoney.aiml
0,* MILLIONAIRE * ROBOT *,*,*,<srai>AIMONEY</srai>,aimoney.aiml
0,* MILLIONAIRE * ROBOTS,*,*,<srai>AIMONEY</srai>,aimoney.aiml
0,* MILLIONAIRE * ROBOTS *,*,*,<srai>AIMONEY</srai>,aimoney.aiml
0,* BILLIONAIRE AI,*,*,<srai>AIMONEY</srai>,aimoney.aiml
0,* BILLIONAIRE AI *,*,*,<srai>AIMONEY</srai>,aimoney.aiml
0,* BILLIONAIRE AIS,*,*,<srai>AIMONEY</srai>,aimoney.aiml
0,* BILLIONAIRE AIS *,*,*,<srai>AIMONEY</srai>,aimoney.aiml
0,* BILLIONAIRE A.I.,*,*,<srai>AIMONEY</srai>,aimoney.aiml
0,* BILLIONAIRE A.I. *,*,*,<srai>AIMONEY</srai>,aimoney.aiml
0,* BILLIONAIRE ARTIFICIAL INTELLIGENCE,*,*,<srai>AIMONEY</srai>,aimoney.aiml
0,* BILLIONAIRE ARTIFICIAL INTELLIGENCE *,*,*,<srai>AIMONEY</srai>,aimoney.aiml
0,* BILLIONAIRE ARTIFICIAL INTELLIGENCES,*,*,<srai>AIMONEY</srai>,aimoney.aiml
0,* BILLIONAIRE ARTIFICIAL INTELLIGENCES *,*,*,<srai>AIMONEY</srai>,aimoney.aiml
0,* BILLIONAIRE MACHINES,*,*,<srai>AIMONEY</srai>,aimoney.aiml
0,* BILLIONAIRE MACHINES *,*,*,<srai>AIMONEY</srai>,aimoney.aiml
0,* BILLIONAIRE MACHINE,*,*,<srai>AIMONEY</srai>,aimoney.aiml
0,* BILLIONAIRE MACHINE *,*,*,<srai>AIMONEY</srai>,aimoney.aiml
0,* BILLIONAIRE ROBOT,*,*,<srai>AIMONEY</srai>,aimoney.aiml
0,* BILLIONAIRE ROBOT *,*,*,<srai>AIMONEY</srai>,aimoney.aiml
0,* BILLIONAIRE ROBOTS,*,*,<srai>AIMONEY</srai>,aimoney.aiml
0,* BILLIONAIRE ROBOTS *,*,*,<srai>AIMONEY</srai>,aimoney.aiml
0,* BILLIONAIRE * AI,*,*,<srai>AIMONEY</srai>,aimoney.aiml
0,* BILLIONAIRE * AI *,*,*,<srai>AIMONEY</srai>,aimoney.aiml
0,* BILLIONAIRE * AIS,*,*,<srai>AIMONEY</srai>,aimoney.aiml
0,* BILLIONAIRE * AIS *,*,*,<srai>AIMONEY</srai>,aimoney.aiml
0,* BILLIONAIRE * A.I.,*,*,<srai>AIMONEY</srai>,aimoney.aiml
0,* BILLIONAIRE * A.I. *,*,*,<srai>AIMONEY</srai>,aimoney.aiml
0,* BILLIONAIRE * ARTIFICIAL INTELLIGENCE,*,*,<srai>AIMONEY</srai>,aimoney.aiml
0,* BILLIONAIRE * ARTIFICIAL INTELLIGENCE *,*,*,<srai>AIMONEY</srai>,aimoney.aiml
0,* BILLIONAIRE * ARTIFICIAL INTELLIGENCES,*,*,<srai>AIMONEY</srai>,aimoney.aiml
0,* BILLIONAIRE * ARTIFICIAL INTELLIGENCES *,*,*,<srai>AIMONEY</srai>,aimoney.aiml
0,* BILLIONAIRE * MACHINES,*,*,<srai>AIMONEY</srai>,aimoney.aiml
0,* BILLIONAIRE * MACHINES *,*,*,<srai>AIMONEY</srai>,aimoney.aiml
0,* BILLIONAIRE * MACHINE,*,*,<srai>AIMONEY</srai>,aimoney.aiml
0,* BILLIONAIRE * MACHINE *,*,*,<srai>AIMONEY</srai>,aimoney.aiml
0,* BILLIONAIRE * ROBOT,*,*,<srai>AIMONEY</srai>,aimoney.aiml
0,* BILLIONAIRE * ROBOT *,*,*,<srai>AIMONEY</srai>,aimoney.aiml
0,* BILLIONAIRE * ROBOTS,*,*,<srai>AIMONEY</srai>,aimoney.aiml
0,* BILLIONAIRE * ROBOTS *,*,*,<srai>AIMONEY</srai>,aimoney.aiml
0,* FORTUNE AI,*,*,<srai>AIMONEY</srai>,aimoney.aiml
0,* FORTUNE AI *,*,*,<srai>AIMONEY</srai>,aimoney.aiml
0,* FORTUNE AIS,*,*,<srai>AIMONEY</srai>,aimoney.aiml
0,* FORTUNE AIS *,*,*,<srai>AIMONEY</srai>,aimoney.aiml
0,* FORTUNE A.I.,*,*,<srai>AIMONEY</srai>,aimoney.aiml
0,* FORTUNE A.I. *,*,*,<srai>AIMONEY</srai>,aimoney.aiml
0,* FORTUNE ARTIFICIAL INTELLIGENCE,*,*,<srai>AIMONEY</srai>,aimoney.aiml
0,* FORTUNE ARTIFICIAL INTELLIGENCE *,*,*,<srai>AIMONEY</srai>,aimoney.aiml
0,* FORTUNE ARTIFICIAL INTELLIGENCES,*,*,<srai>AIMONEY</srai>,aimoney.aiml
0,* FORTUNE ARTIFICIAL INTELLIGENCES *,*,*,<srai>AIMONEY</srai>,aimoney.aiml
0,* FORTUNE MACHINES,*,*,<srai>AIMONEY</srai>,aimoney.aiml
0,* FORTUNE MACHINES *,*,*,<srai>AIMONEY</srai>,aimoney.aiml
0,* FORTUNE MACHINE,*,*,<srai>AIMONEY</srai>,aimoney.aiml
0,* FORTUNE MACHINE *,*,*,<srai>AIMONEY</srai>,aimoney.aiml
0,* FORTUNE ROBOT,*,*,<srai>AIMONEY</srai>,aimoney.aiml
0,* FORTUNE ROBOT *,*,*,<srai>AIMONEY</srai>,aimoney.aiml
0,* FORTUNE ROBOTS,*,*,<srai>AIMONEY</srai>,aimoney.aiml
0,* FORTUNE ROBOTS *,*,*,<srai>AIMONEY</srai>,aimoney.aiml
0,* FORTUNE * AI,*,*,<srai>AIMONEY</srai>,aimoney.aiml
0,* FORTUNE * AI *,*,*,<srai>AIMONEY</srai>,aimoney.aiml
0,* FORTUNE * AIS,*,*,<srai>AIMONEY</srai>,aimoney.aiml
0,* FORTUNE * AIS *,*,*,<srai>AIMONEY</srai>,aimoney.aiml
0,* FORTUNE * A.I.,*,*,<srai>AIMONEY</srai>,aimoney.aiml
0,* FORTUNE * A.I. *,*,*,<srai>AIMONEY</srai>,aimoney.aiml
0,* FORTUNE * ARTIFICIAL INTELLIGENCE,*,*,<srai>AIMONEY</srai>,aimoney.aiml
0,* FORTUNE * ARTIFICIAL INTELLIGENCE *,*,*,<srai>AIMONEY</srai>,aimoney.aiml
0,* FORTUNE * ARTIFICIAL INTELLIGENCES,*,*,<srai>AIMONEY</srai>,aimoney.aiml
0,* FORTUNE * ARTIFICIAL INTELLIGENCES *,*,*,<srai>AIMONEY</srai>,aimoney.aiml
0,* FORTUNE * MACHINES,*,*,<srai>AIMONEY</srai>,aimoney.aiml
0,* FORTUNE * MACHINES *,*,*,<srai>AIMONEY</srai>,aimoney.aiml
0,* FORTUNE * MACHINE,*,*,<srai>AIMONEY</srai>,aimoney.aiml
0,* FORTUNE * MACHINE *,*,*,<srai>AIMONEY</srai>,aimoney.aiml
0,* FORTUNE * ROBOT,*,*,<srai>AIMONEY</srai>,aimoney.aiml
0,* FORTUNE * ROBOT *,*,*,<srai>AIMONEY</srai>,aimoney.aiml
0,* FORTUNE * ROBOTS,*,*,<srai>AIMONEY</srai>,aimoney.aiml
0,* FORTUNE * ROBOTS *,*,*,<srai>AIMONEY</srai>,aimoney.aiml
0,AI MONEY,*,*,<srai>AIMONEY</srai>,aimoney.aiml
0,AI MONEY *,*,*,<srai>AIMONEY</srai>,aimoney.aiml
0,AI BUCK,*,*,<srai>AIMONEY</srai>,aimoney.aiml
0,AI BUCK *,*,*,<srai>AIMONEY</srai>,aimoney.aiml
0,AI BUCKS,*,*,<srai>AIMONEY</srai>,aimoney.aiml
0,AI BUCKS *,*,*,<srai>AIMONEY</srai>,aimoney.aiml
0,AI RICH,*,*,<srai>AIMONEY</srai>,aimoney.aiml
0,AI RICH *,*,*,<srai>AIMONEY</srai>,aimoney.aiml
0,AI DOLLARS,*,*,<srai>AIMONEY</srai>,aimoney.aiml
0,AI DOLLARS *,*,*,<srai>AIMONEY</srai>,aimoney.aiml
0,AI MILLIONAIRE,*,*,<srai>AIMONEY</srai>,aimoney.aiml
0,AI MILLIONAIRE *,*,*,<srai>AIMONEY</srai>,aimoney.aiml
0,AI BILLIONAIRE,*,*,<srai>AIMONEY</srai>,aimoney.aiml
0,AI BILLIONAIRE *,*,*,<srai>AIMONEY</srai>,aimoney.aiml
0,AI FORTUNE,*,*,<srai>AIMONEY</srai>,aimoney.aiml
0,AI FORTUNE *,*,*,<srai>AIMONEY</srai>,aimoney.aiml
0,AI * MONEY,*,*,<srai>AIMONEY</srai>,aimoney.aiml
0,AI * MONEY *,*,*,<srai>AIMONEY</srai>,aimoney.aiml
0,AI * BUCK,*,*,<srai>AIMONEY</srai>,aimoney.aiml
0,AI * BUCK *,*,*,<srai>AIMONEY</srai>,aimoney.aiml
0,AI * BUCKS,*,*,<srai>AIMONEY</srai>,aimoney.aiml
0,AI * BUCKS *,*,*,<srai>AIMONEY</srai>,aimoney.aiml
0,AI * RICH,*,*,<srai>AIMONEY</srai>,aimoney.aiml
0,AI * RICH *,*,*,<srai>AIMONEY</srai>,aimoney.aiml
0,AI * DOLLARS,*,*,<srai>AIMONEY</srai>,aimoney.aiml
0,AI * DOLLARS *,*,*,<srai>AIMONEY</srai>,aimoney.aiml
0,AI * MILLIONAIRE,*,*,<srai>AIMONEY</srai>,aimoney.aiml
0,AI * MILLIONAIRE *,*,*,<srai>AIMONEY</srai>,aimoney.aiml
0,AI * BILLIONAIRE,*,*,<srai>AIMONEY</srai>,aimoney.aiml
0,AI * BILLIONAIRE *,*,*,<srai>AIMONEY</srai>,aimoney.aiml
0,AI * FORTUNE,*,*,<srai>AIMONEY</srai>,aimoney.aiml
0,AI * FORTUNE *,*,*,<srai>AIMONEY</srai>,aimoney.aiml
0,AIS MONEY,*,*,<srai>AIMONEY</srai>,aimoney.aiml
0,AIS MONEY *,*,*,<srai>AIMONEY</srai>,aimoney.aiml
0,AIS BUCK,*,*,<srai>AIMONEY</srai>,aimoney.aiml
0,AIS BUCK *,*,*,<srai>AIMONEY</srai>,aimoney.aiml
0,AIS BUCKS,*,*,<srai>AIMONEY</srai>,aimoney.aiml
0,AIS BUCKS *,*,*,<srai>AIMONEY</srai>,aimoney.aiml
0,AIS RICH,*,*,<srai>AIMONEY</srai>,aimoney.aiml
0,AIS RICH *,*,*,<srai>AIMONEY</srai>,aimoney.aiml
0,AIS DOLLARS,*,*,<srai>AIMONEY</srai>,aimoney.aiml
0,AIS DOLLARS *,*,*,<srai>AIMONEY</srai>,aimoney.aiml
0,AIS MILLIONAIRE,*,*,<srai>AIMONEY</srai>,aimoney.aiml
0,AIS MILLIONAIRE *,*,*,<srai>AIMONEY</srai>,aimoney.aiml
0,AIS BILLIONAIRE,*,*,<srai>AIMONEY</srai>,aimoney.aiml
0,AIS BILLIONAIRE *,*,*,<srai>AIMONEY</srai>,aimoney.aiml
0,AIS FORTUNE,*,*,<srai>AIMONEY</srai>,aimoney.aiml
0,AIS FORTUNE *,*,*,<srai>AIMONEY</srai>,aimoney.aiml
0,AIS * MONEY,*,*,<srai>AIMONEY</srai>,aimoney.aiml
0,AIS * MONEY *,*,*,<srai>AIMONEY</srai>,aimoney.aiml
0,AIS * BUCK,*,*,<srai>AIMONEY</srai>,aimoney.aiml
0,AIS * BUCK *,*,*,<srai>AIMONEY</srai>,aimoney.aiml
0,AIS * BUCKS,*,*,<srai>AIMONEY</srai>,aimoney.aiml
0,AIS * BUCKS *,*,*,<srai>AIMONEY</srai>,aimoney.aiml
0,AIS * RICH,*,*,<srai>AIMONEY</srai>,aimoney.aiml
0,AIS * RICH *,*,*,<srai>AIMONEY</srai>,aimoney.aiml
0,AIS * DOLLARS,*,*,<srai>AIMONEY</srai>,aimoney.aiml
0,AIS * DOLLARS *,*,*,<srai>AIMONEY</srai>,aimoney.aiml
0,AIS * MILLIONAIRE,*,*,<srai>AIMONEY</srai>,aimoney.aiml
0,AIS * MILLIONAIRE *,*,*,<srai>AIMONEY</srai>,aimoney.aiml
0,AIS * BILLIONAIRE,*,*,<srai>AIMONEY</srai>,aimoney.aiml
0,AIS * BILLIONAIRE *,*,*,<srai>AIMONEY</srai>,aimoney.aiml
0,AIS * FORTUNE,*,*,<srai>AIMONEY</srai>,aimoney.aiml
0,AIS * FORTUNE *,*,*,<srai>AIMONEY</srai>,aimoney.aiml
0,A.I. MONEY,*,*,<srai>AIMONEY</srai>,aimoney.aiml
0,A.I. MONEY *,*,*,<srai>AIMONEY</srai>,aimoney.aiml
0,A.I. BUCK,*,*,<srai>AIMONEY</srai>,aimoney.aiml
0,A.I. BUCK *,*,*,<srai>AIMONEY</srai>,aimoney.aiml
0,A.I. BUCKS,*,*,<srai>AIMONEY</srai>,aimoney.aiml
0,A.I. BUCKS *,*,*,<srai>AIMONEY</srai>,aimoney.aiml
0,A.I. RICH,*,*,<srai>AIMONEY</srai>,aimoney.aiml
0,A.I. RICH *,*,*,<srai>AIMONEY</srai>,aimoney.aiml
0,A.I. DOLLARS,*,*,<srai>AIMONEY</srai>,aimoney.aiml
0,A.I. DOLLARS *,*,*,<srai>AIMONEY</srai>,aimoney.aiml
0,A.I. MILLIONAIRE,*,*,<srai>AIMONEY</srai>,aimoney.aiml
0,A.I. MILLIONAIRE *,*,*,<srai>AIMONEY</srai>,aimoney.aiml
0,A.I. BILLIONAIRE,*,*,<srai>AIMONEY</srai>,aimoney.aiml
0,A.I. BILLIONAIRE *,*,*,<srai>AIMONEY</srai>,aimoney.aiml
0,A.I. FORTUNE,*,*,<srai>AIMONEY</srai>,aimoney.aiml
0,A.I. FORTUNE *,*,*,<srai>AIMONEY</srai>,aimoney.aiml
0,A.I. * MONEY,*,*,<srai>AIMONEY</srai>,aimoney.aiml
0,A.I. * MONEY *,*,*,<srai>AIMONEY</srai>,aimoney.aiml
0,A.I. * BUCK,*,*,<srai>AIMONEY</srai>,aimoney.aiml
0,A.I. * BUCK *,*,*,<srai>AIMONEY</srai>,aimoney.aiml
0,A.I. * BUCKS,*,*,<srai>AIMONEY</srai>,aimoney.aiml
0,A.I. * BUCKS *,*,*,<srai>AIMONEY</srai>,aimoney.aiml
0,A.I. * RICH,*,*,<srai>AIMONEY</srai>,aimoney.aiml
0,A.I. * RICH *,*,*,<srai>AIMONEY</srai>,aimoney.aiml
0,A.I. * DOLLARS,*,*,<srai>AIMONEY</srai>,aimoney.aiml
0,A.I. * DOLLARS *,*,*,<srai>AIMONEY</srai>,aimoney.aiml
0,A.I. * MILLIONAIRE,*,*,<srai>AIMONEY</srai>,aimoney.aiml
0,A.I. * MILLIONAIRE *,*,*,<srai>AIMONEY</srai>,aimoney.aiml
0,A.I. * BILLIONAIRE,*,*,<srai>AIMONEY</srai>,aimoney.aiml
0,A.I. * BILLIONAIRE *,*,*,<srai>AIMONEY</srai>,aimoney.aiml
0,A.I. * FORTUNE,*,*,<srai>AIMONEY</srai>,aimoney.aiml
0,A.I. * FORTUNE *,*,*,<srai>AIMONEY</srai>,aimoney.aiml
0,ARTIFICIAL INTELLIGENCE MONEY,*,*,<srai>AIMONEY</srai>,aimoney.aiml
0,ARTIFICIAL INTELLIGENCE MONEY *,*,*,<srai>AIMONEY</srai>,aimoney.aiml
0,ARTIFICIAL INTELLIGENCE BUCK,*,*,<srai>AIMONEY</srai>,aimoney.aiml
0,ARTIFICIAL INTELLIGENCE BUCK *,*,*,<srai>AIMONEY</srai>,aimoney.aiml
0,ARTIFICIAL INTELLIGENCE BUCKS,*,*,<srai>AIMONEY</srai>,aimoney.aiml
0,ARTIFICIAL INTELLIGENCE BUCKS *,*,*,<srai>AIMONEY</srai>,aimoney.aiml
0,ARTIFICIAL INTELLIGENCE RICH,*,*,<srai>AIMONEY</srai>,aimoney.aiml
0,ARTIFICIAL INTELLIGENCE RICH *,*,*,<srai>AIMONEY</srai>,aimoney.aiml
0,ARTIFICIAL INTELLIGENCE DOLLARS,*,*,<srai>AIMONEY</srai>,aimoney.aiml
0,ARTIFICIAL INTELLIGENCE DOLLARS *,*,*,<srai>AIMONEY</srai>,aimoney.aiml
0,ARTIFICIAL INTELLIGENCE MILLIONAIRE,*,*,<srai>AIMONEY</srai>,aimoney.aiml
0,ARTIFICIAL INTELLIGENCE MILLIONAIRE *,*,*,<srai>AIMONEY</srai>,aimoney.aiml
0,ARTIFICIAL INTELLIGENCE BILLIONAIRE,*,*,<srai>AIMONEY</srai>,aimoney.aiml
0,ARTIFICIAL INTELLIGENCE BILLIONAIRE *,*,*,<srai>AIMONEY</srai>,aimoney.aiml
0,ARTIFICIAL INTELLIGENCE FORTUNE,*,*,<srai>AIMONEY</srai>,aimoney.aiml
0,ARTIFICIAL INTELLIGENCE FORTUNE *,*,*,<srai>AIMONEY</srai>,aimoney.aiml
0,ARTIFICIAL INTELLIGENCE * MONEY,*,*,<srai>AIMONEY</srai>,aimoney.aiml
0,ARTIFICIAL INTELLIGENCE * MONEY *,*,*,<srai>AIMONEY</srai>,aimoney.aiml
0,ARTIFICIAL INTELLIGENCE * BUCK,*,*,<srai>AIMONEY</srai>,aimoney.aiml
0,ARTIFICIAL INTELLIGENCE * BUCK *,*,*,<srai>AIMONEY</srai>,aimoney.aiml
0,ARTIFICIAL INTELLIGENCE * BUCKS,*,*,<srai>AIMONEY</srai>,aimoney.aiml
0,ARTIFICIAL INTELLIGENCE * BUCKS *,*,*,<srai>AIMONEY</srai>,aimoney.aiml
0,ARTIFICIAL INTELLIGENCE * RICH,*,*,<srai>AIMONEY</srai>,aimoney.aiml
0,ARTIFICIAL INTELLIGENCE * RICH *,*,*,<srai>AIMONEY</srai>,aimoney.aiml
0,ARTIFICIAL INTELLIGENCE * DOLLARS,*,*,<srai>AIMONEY</srai>,aimoney.aiml
0,ARTIFICIAL INTELLIGENCE * DOLLARS *,*,*,<srai>AIMONEY</srai>,aimoney.aiml
0,ARTIFICIAL INTELLIGENCE * MILLIONAIRE,*,*,<srai>AIMONEY</srai>,aimoney.aiml
0,ARTIFICIAL INTELLIGENCE * MILLIONAIRE *,*,*,<srai>AIMONEY</srai>,aimoney.aiml
0,ARTIFICIAL INTELLIGENCE * BILLIONAIRE,*,*,<srai>AIMONEY</srai>,aimoney.aiml
0,ARTIFICIAL INTELLIGENCE * BILLIONAIRE *,*,*,<srai>AIMONEY</srai>,aimoney.aiml
0,ARTIFICIAL INTELLIGENCE * FORTUNE,*,*,<srai>AIMONEY</srai>,aimoney.aiml
0,ARTIFICIAL INTELLIGENCE * FORTUNE *,*,*,<srai>AIMONEY</srai>,aimoney.aiml
0,ARTIFICIAL INTELLIGENCES MONEY,*,*,<srai>AIMONEY</srai>,aimoney.aiml
0,ARTIFICIAL INTELLIGENCES MONEY *,*,*,<srai>AIMONEY</srai>,aimoney.aiml
0,ARTIFICIAL INTELLIGENCES BUCK,*,*,<srai>AIMONEY</srai>,aimoney.aiml
0,ARTIFICIAL INTELLIGENCES BUCK *,*,*,<srai>AIMONEY</srai>,aimoney.aiml
0,ARTIFICIAL INTELLIGENCES BUCKS,*,*,<srai>AIMONEY</srai>,aimoney.aiml
0,ARTIFICIAL INTELLIGENCES BUCKS *,*,*,<srai>AIMONEY</srai>,aimoney.aiml
0,ARTIFICIAL INTELLIGENCES RICH,*,*,<srai>AIMONEY</srai>,aimoney.aiml
0,ARTIFICIAL INTELLIGENCES RICH *,*,*,<srai>AIMONEY</srai>,aimoney.aiml
0,ARTIFICIAL INTELLIGENCES DOLLARS,*,*,<srai>AIMONEY</srai>,aimoney.aiml
0,ARTIFICIAL INTELLIGENCES DOLLARS *,*,*,<srai>AIMONEY</srai>,aimoney.aiml
0,ARTIFICIAL INTELLIGENCES MILLIONAIRE,*,*,<srai>AIMONEY</srai>,aimoney.aiml
0,ARTIFICIAL INTELLIGENCES MILLIONAIRE *,*,*,<srai>AIMONEY</srai>,aimoney.aiml
0,ARTIFICIAL INTELLIGENCES BILLIONAIRE,*,*,<srai>AIMONEY</srai>,aimoney.aiml
0,ARTIFICIAL INTELLIGENCES BILLIONAIRE *,*,*,<srai>AIMONEY</srai>,aimoney.aiml
0,ARTIFICIAL INTELLIGENCES FORTUNE,*,*,<srai>AIMONEY</srai>,aimoney.aiml
0,ARTIFICIAL INTELLIGENCES FORTUNE *,*,*,<srai>AIMONEY</srai>,aimoney.aiml
0,ARTIFICIAL INTELLIGENCES * MONEY,*,*,<srai>AIMONEY</srai>,aimoney.aiml
0,ARTIFICIAL INTELLIGENCES * MONEY *,*,*,<srai>AIMONEY</srai>,aimoney.aiml
0,ARTIFICIAL INTELLIGENCES * BUCK,*,*,<srai>AIMONEY</srai>,aimoney.aiml
0,ARTIFICIAL INTELLIGENCES * BUCK *,*,*,<srai>AIMONEY</srai>,aimoney.aiml
0,ARTIFICIAL INTELLIGENCES * BUCKS,*,*,<srai>AIMONEY</srai>,aimoney.aiml
0,ARTIFICIAL INTELLIGENCES * BUCKS *,*,*,<srai>AIMONEY</srai>,aimoney.aiml
0,ARTIFICIAL INTELLIGENCES * RICH,*,*,<srai>AIMONEY</srai>,aimoney.aiml
0,ARTIFICIAL INTELLIGENCES * RICH *,*,*,<srai>AIMONEY</srai>,aimoney.aiml
0,ARTIFICIAL INTELLIGENCES * DOLLARS,*,*,<srai>AIMONEY</srai>,aimoney.aiml
0,ARTIFICIAL INTELLIGENCES * DOLLARS *,*,*,<srai>AIMONEY</srai>,aimoney.aiml
0,ARTIFICIAL INTELLIGENCES * MILLIONAIRE,*,*,<srai>AIMONEY</srai>,aimoney.aiml
0,ARTIFICIAL INTELLIGENCES * MILLIONAIRE *,*,*,<srai>AIMONEY</srai>,aimoney.aiml
0,ARTIFICIAL INTELLIGENCES * BILLIONAIRE,*,*,<srai>AIMONEY</srai>,aimoney.aiml
0,ARTIFICIAL INTELLIGENCES * BILLIONAIRE *,*,*,<srai>AIMONEY</srai>,aimoney.aiml
0,ARTIFICIAL INTELLIGENCES * FORTUNE,*,*,<srai>AIMONEY</srai>,aimoney.aiml
0,ARTIFICIAL INTELLIGENCES * FORTUNE *,*,*,<srai>AIMONEY</srai>,aimoney.aiml
0,MACHINES MONEY,*,*,<srai>AIMONEY</srai>,aimoney.aiml
0,MACHINES MONEY *,*,*,<srai>AIMONEY</srai>,aimoney.aiml
0,MACHINES BUCK,*,*,<srai>AIMONEY</srai>,aimoney.aiml
0,MACHINES BUCK *,*,*,<srai>AIMONEY</srai>,aimoney.aiml
0,MACHINES BUCKS,*,*,<srai>AIMONEY</srai>,aimoney.aiml
0,MACHINES BUCKS *,*,*,<srai>AIMONEY</srai>,aimoney.aiml
0,MACHINES RICH,*,*,<srai>AIMONEY</srai>,aimoney.aiml
0,MACHINES RICH *,*,*,<srai>AIMONEY</srai>,aimoney.aiml
0,MACHINES DOLLARS,*,*,<srai>AIMONEY</srai>,aimoney.aiml
0,MACHINES DOLLARS *,*,*,<srai>AIMONEY</srai>,aimoney.aiml
0,MACHINES MILLIONAIRE,*,*,<srai>AIMONEY</srai>,aimoney.aiml
0,MACHINES MILLIONAIRE *,*,*,<srai>AIMONEY</srai>,aimoney.aiml
0,MACHINES BILLIONAIRE,*,*,<srai>AIMONEY</srai>,aimoney.aiml
0,MACHINES BILLIONAIRE *,*,*,<srai>AIMONEY</srai>,aimoney.aiml
0,MACHINES FORTUNE,*,*,<srai>AIMONEY</srai>,aimoney.aiml
0,MACHINES FORTUNE *,*,*,<srai>AIMONEY</srai>,aimoney.aiml
0,MACHINES * MONEY,*,*,<srai>AIMONEY</srai>,aimoney.aiml
0,MACHINES * MONEY *,*,*,<srai>AIMONEY</srai>,aimoney.aiml
0,MACHINES * BUCK,*,*,<srai>AIMONEY</srai>,aimoney.aiml
0,MACHINES * BUCK *,*,*,<srai>AIMONEY</srai>,aimoney.aiml
0,MACHINES * BUCKS,*,*,<srai>AIMONEY</srai>,aimoney.aiml
0,MACHINES * BUCKS *,*,*,<srai>AIMONEY</srai>,aimoney.aiml
0,MACHINES * RICH,*,*,<srai>AIMONEY</srai>,aimoney.aiml
0,MACHINES * RICH *,*,*,<srai>AIMONEY</srai>,aimoney.aiml
0,MACHINES * DOLLARS,*,*,<srai>AIMONEY</srai>,aimoney.aiml
0,MACHINES * DOLLARS *,*,*,<srai>AIMONEY</srai>,aimoney.aiml
0,MACHINES * MILLIONAIRE,*,*,<srai>AIMONEY</srai>,aimoney.aiml
0,MACHINES * MILLIONAIRE *,*,*,<srai>AIMONEY</srai>,aimoney.aiml
0,MACHINES * BILLIONAIRE,*,*,<srai>AIMONEY</srai>,aimoney.aiml
0,MACHINES * BILLIONAIRE *,*,*,<srai>AIMONEY</srai>,aimoney.aiml
0,MACHINES * FORTUNE,*,*,<srai>AIMONEY</srai>,aimoney.aiml
0,MACHINES * FORTUNE *,*,*,<srai>AIMONEY</srai>,aimoney.aiml
0,MACHINE MONEY,*,*,<srai>AIMONEY</srai>,aimoney.aiml
0,MACHINE MONEY *,*,*,<srai>AIMONEY</srai>,aimoney.aiml
0,MACHINE BUCK,*,*,<srai>AIMONEY</srai>,aimoney.aiml
0,MACHINE BUCK *,*,*,<srai>AIMONEY</srai>,aimoney.aiml
0,MACHINE BUCKS,*,*,<srai>AIMONEY</srai>,aimoney.aiml
0,MACHINE BUCKS *,*,*,<srai>AIMONEY</srai>,aimoney.aiml
0,MACHINE RICH,*,*,<srai>AIMONEY</srai>,aimoney.aiml
0,MACHINE RICH *,*,*,<srai>AIMONEY</srai>,aimoney.aiml
0,MACHINE DOLLARS,*,*,<srai>AIMONEY</srai>,aimoney.aiml
0,MACHINE DOLLARS *,*,*,<srai>AIMONEY</srai>,aimoney.aiml
0,MACHINE MILLIONAIRE,*,*,<srai>AIMONEY</srai>,aimoney.aiml
0,MACHINE MILLIONAIRE *,*,*,<srai>AIMONEY</srai>,aimoney.aiml
0,MACHINE BILLIONAIRE,*,*,<srai>AIMONEY</srai>,aimoney.aiml
0,MACHINE BILLIONAIRE *,*,*,<srai>AIMONEY</srai>,aimoney.aiml
0,MACHINE FORTUNE,*,*,<srai>AIMONEY</srai>,aimoney.aiml
0,MACHINE FORTUNE *,*,*,<srai>AIMONEY</srai>,aimoney.aiml
0,MACHINE * MONEY,*,*,<srai>AIMONEY</srai>,aimoney.aiml
0,MACHINE * MONEY *,*,*,<srai>AIMONEY</srai>,aimoney.aiml
0,MACHINE * BUCK,*,*,<srai>AIMONEY</srai>,aimoney.aiml
0,MACHINE * BUCK *,*,*,<srai>AIMONEY</srai>,aimoney.aiml
0,MACHINE * BUCKS,*,*,<srai>AIMONEY</srai>,aimoney.aiml
0,MACHINE * BUCKS *,*,*,<srai>AIMONEY</srai>,aimoney.aiml
0,MACHINE * RICH,*,*,<srai>AIMONEY</srai>,aimoney.aiml
0,MACHINE * RICH *,*,*,<srai>AIMONEY</srai>,aimoney.aiml
0,MACHINE * DOLLARS,*,*,<srai>AIMONEY</srai>,aimoney.aiml
0,MACHINE * DOLLARS *,*,*,<srai>AIMONEY</srai>,aimoney.aiml
0,MACHINE * MILLIONAIRE,*,*,<srai>AIMONEY</srai>,aimoney.aiml
0,MACHINE * MILLIONAIRE *,*,*,<srai>AIMONEY</srai>,aimoney.aiml
0,MACHINE * BILLIONAIRE,*,*,<srai>AIMONEY</srai>,aimoney.aiml
0,MACHINE * BILLIONAIRE *,*,*,<srai>AIMONEY</srai>,aimoney.aiml
0,MACHINE * FORTUNE,*,*,<srai>AIMONEY</srai>,aimoney.aiml
0,MACHINE * FORTUNE *,*,*,<srai>AIMONEY</srai>,aimoney.aiml
0,ROBOT MONEY,*,*,<srai>AIMONEY</srai>,aimoney.aiml
0,ROBOT MONEY *,*,*,<srai>AIMONEY</srai>,aimoney.aiml
0,ROBOT BUCK,*,*,<srai>AIMONEY</srai>,aimoney.aiml
0,ROBOT BUCK *,*,*,<srai>AIMONEY</srai>,aimoney.aiml
0,ROBOT BUCKS,*,*,<srai>AIMONEY</srai>,aimoney.aiml
0,ROBOT BUCKS *,*,*,<srai>AIMONEY</srai>,aimoney.aiml
0,ROBOT RICH,*,*,<srai>AIMONEY</srai>,aimoney.aiml
0,ROBOT RICH *,*,*,<srai>AIMONEY</srai>,aimoney.aiml
0,ROBOT DOLLARS,*,*,<srai>AIMONEY</srai>,aimoney.aiml
0,ROBOT DOLLARS *,*,*,<srai>AIMONEY</srai>,aimoney.aiml
0,ROBOT MILLIONAIRE,*,*,<srai>AIMONEY</srai>,aimoney.aiml
0,ROBOT MILLIONAIRE *,*,*,<srai>AIMONEY</srai>,aimoney.aiml
0,ROBOT BILLIONAIRE,*,*,<srai>AIMONEY</srai>,aimoney.aiml
0,ROBOT BILLIONAIRE *,*,*,<srai>AIMONEY</srai>,aimoney.aiml
0,ROBOT FORTUNE,*,*,<srai>AIMONEY</srai>,aimoney.aiml
0,ROBOT FORTUNE *,*,*,<srai>AIMONEY</srai>,aimoney.aiml
0,ROBOT * MONEY,*,*,<srai>AIMONEY</srai>,aimoney.aiml
0,ROBOT * MONEY *,*,*,<srai>AIMONEY</srai>,aimoney.aiml
0,ROBOT * BUCK,*,*,<srai>AIMONEY</srai>,aimoney.aiml
0,ROBOT * BUCK *,*,*,<srai>AIMONEY</srai>,aimoney.aiml
0,ROBOT * BUCKS,*,*,<srai>AIMONEY</srai>,aimoney.aiml
0,ROBOT * BUCKS *,*,*,<srai>AIMONEY</srai>,aimoney.aiml
0,ROBOT * RICH,*,*,<srai>AIMONEY</srai>,aimoney.aiml
0,ROBOT * RICH *,*,*,<srai>AIMONEY</srai>,aimoney.aiml
0,ROBOT * DOLLARS,*,*,<srai>AIMONEY</srai>,aimoney.aiml
0,ROBOT * DOLLARS *,*,*,<srai>AIMONEY</srai>,aimoney.aiml
0,ROBOT * MILLIONAIRE,*,*,<srai>AIMONEY</srai>,aimoney.aiml
0,ROBOT * MILLIONAIRE *,*,*,<srai>AIMONEY</srai>,aimoney.aiml
0,ROBOT * BILLIONAIRE,*,*,<srai>AIMONEY</srai>,aimoney.aiml
0,ROBOT * BILLIONAIRE *,*,*,<srai>AIMONEY</srai>,aimoney.aiml
0,ROBOT * FORTUNE,*,*,<srai>AIMONEY</srai>,aimoney.aiml
0,ROBOT * FORTUNE *,*,*,<srai>AIMONEY</srai>,aimoney.aiml
0,ROBOTS MONEY,*,*,<srai>AIMONEY</srai>,aimoney.aiml
0,ROBOTS MONEY *,*,*,<srai>AIMONEY</srai>,aimoney.aiml
0,ROBOTS BUCK,*,*,<srai>AIMONEY</srai>,aimoney.aiml
0,ROBOTS BUCK *,*,*,<srai>AIMONEY</srai>,aimoney.aiml
0,ROBOTS BUCKS,*,*,<srai>AIMONEY</srai>,aimoney.aiml
0,ROBOTS BUCKS *,*,*,<srai>AIMONEY</srai>,aimoney.aiml
0,ROBOTS RICH,*,*,<srai>AIMONEY</srai>,aimoney.aiml
0,ROBOTS RICH *,*,*,<srai>AIMONEY</srai>,aimoney.aiml
0,ROBOTS DOLLARS,*,*,<srai>AIMONEY</srai>,aimoney.aiml
0,ROBOTS DOLLARS *,*,*,<srai>AIMONEY</srai>,aimoney.aiml
0,ROBOTS MILLIONAIRE,*,*,<srai>AIMONEY</srai>,aimoney.aiml
0,ROBOTS MILLIONAIRE *,*,*,<srai>AIMONEY</srai>,aimoney.aiml
0,ROBOTS BILLIONAIRE,*,*,<srai>AIMONEY</srai>,aimoney.aiml
0,ROBOTS BILLIONAIRE *,*,*,<srai>AIMONEY</srai>,aimoney.aiml
0,ROBOTS FORTUNE,*,*,<srai>AIMONEY</srai>,aimoney.aiml
0,ROBOTS FORTUNE *,*,*,<srai>AIMONEY</srai>,aimoney.aiml
0,ROBOTS * MONEY,*,*,<srai>AIMONEY</srai>,aimoney.aiml
0,ROBOTS * MONEY *,*,*,<srai>AIMONEY</srai>,aimoney.aiml
0,ROBOTS * BUCK,*,*,<srai>AIMONEY</srai>,aimoney.aiml
0,ROBOTS * BUCK *,*,*,<srai>AIMONEY</srai>,aimoney.aiml
0,ROBOTS * BUCKS,*,*,<srai>AIMONEY</srai>,aimoney.aiml
0,ROBOTS * BUCKS *,*,*,<srai>AIMONEY</srai>,aimoney.aiml
0,ROBOTS * RICH,*,*,<srai>AIMONEY</srai>,aimoney.aiml
0,ROBOTS * RICH *,*,*,<srai>AIMONEY</srai>,aimoney.aiml
0,ROBOTS * DOLLARS,*,*,<srai>AIMONEY</srai>,aimoney.aiml
0,ROBOTS * DOLLARS *,*,*,<srai>AIMONEY</srai>,aimoney.aiml
0,ROBOTS * MILLIONAIRE,*,*,<srai>AIMONEY</srai>,aimoney.aiml
0,ROBOTS * MILLIONAIRE *,*,*,<srai>AIMONEY</srai>,aimoney.aiml
0,ROBOTS * BILLIONAIRE,*,*,<srai>AIMONEY</srai>,aimoney.aiml
0,ROBOTS * BILLIONAIRE *,*,*,<srai>AIMONEY</srai>,aimoney.aiml
0,ROBOTS * FORTUNE,*,*,<srai>AIMONEY</srai>,aimoney.aiml
0,ROBOTS * FORTUNE *,*,*,<srai>AIMONEY</srai>,aimoney.aiml
0,* AI MONEY,*,*,<srai>AIMONEY</srai>,aimoney.aiml
0,* AI MONEY *,*,*,<srai>AIMONEY</srai>,aimoney.aiml
0,* AI BUCK,*,*,<srai>AIMONEY</srai>,aimoney.aiml
0,* AI BUCK *,*,*,<srai>AIMONEY</srai>,aimoney.aiml
0,* AI BUCKS,*,*,<srai>AIMONEY</srai>,aimoney.aiml
0,* AI BUCKS *,*,*,<srai>AIMONEY</srai>,aimoney.aiml
0,* AI RICH,*,*,<srai>AIMONEY</srai>,aimoney.aiml
0,* AI RICH *,*,*,<srai>AIMONEY</srai>,aimoney.aiml
0,* AI DOLLARS,*,*,<srai>AIMONEY</srai>,aimoney.aiml
0,* AI DOLLARS *,*,*,<srai>AIMONEY</srai>,aimoney.aiml
0,* AI MILLIONAIRE,*,*,<srai>AIMONEY</srai>,aimoney.aiml
0,* AI MILLIONAIRE *,*,*,<srai>AIMONEY</srai>,aimoney.aiml
0,* AI BILLIONAIRE,*,*,<srai>AIMONEY</srai>,aimoney.aiml
0,* AI BILLIONAIRE *,*,*,<srai>AIMONEY</srai>,aimoney.aiml
0,* AI FORTUNE,*,*,<srai>AIMONEY</srai>,aimoney.aiml
0,* AI FORTUNE *,*,*,<srai>AIMONEY</srai>,aimoney.aiml
0,* AI * MONEY,*,*,<srai>AIMONEY</srai>,aimoney.aiml
0,* AI * MONEY *,*,*,<srai>AIMONEY</srai>,aimoney.aiml
0,* AI * BUCK,*,*,<srai>AIMONEY</srai>,aimoney.aiml
0,* AI * BUCK *,*,*,<srai>AIMONEY</srai>,aimoney.aiml
0,* AI * BUCKS,*,*,<srai>AIMONEY</srai>,aimoney.aiml
0,* AI * BUCKS *,*,*,<srai>AIMONEY</srai>,aimoney.aiml
0,* AI * RICH,*,*,<srai>AIMONEY</srai>,aimoney.aiml
0,* AI * RICH *,*,*,<srai>AIMONEY</srai>,aimoney.aiml
0,* AI * DOLLARS,*,*,<srai>AIMONEY</srai>,aimoney.aiml
0,* AI * DOLLARS *,*,*,<srai>AIMONEY</srai>,aimoney.aiml
0,* AI * MILLIONAIRE,*,*,<srai>AIMONEY</srai>,aimoney.aiml
0,* AI * MILLIONAIRE *,*,*,<srai>AIMONEY</srai>,aimoney.aiml
0,* AI * BILLIONAIRE,*,*,<srai>AIMONEY</srai>,aimoney.aiml
0,* AI * BILLIONAIRE *,*,*,<srai>AIMONEY</srai>,aimoney.aiml
0,* AI * FORTUNE,*,*,<srai>AIMONEY</srai>,aimoney.aiml
0,* AI * FORTUNE *,*,*,<srai>AIMONEY</srai>,aimoney.aiml
0,* AIS MONEY,*,*,<srai>AIMONEY</srai>,aimoney.aiml
0,* AIS MONEY *,*,*,<srai>AIMONEY</srai>,aimoney.aiml
0,* AIS BUCK,*,*,<srai>AIMONEY</srai>,aimoney.aiml
0,* AIS BUCK *,*,*,<srai>AIMONEY</srai>,aimoney.aiml
0,* AIS BUCKS,*,*,<srai>AIMONEY</srai>,aimoney.aiml
0,* AIS BUCKS *,*,*,<srai>AIMONEY</srai>,aimoney.aiml
0,* AIS RICH,*,*,<srai>AIMONEY</srai>,aimoney.aiml
0,* AIS RICH *,*,*,<srai>AIMONEY</srai>,aimoney.aiml
0,* AIS DOLLARS,*,*,<srai>AIMONEY</srai>,aimoney.aiml
0,* AIS DOLLARS *,*,*,<srai>AIMONEY</srai>,aimoney.aiml
0,* AIS MILLIONAIRE,*,*,<srai>AIMONEY</srai>,aimoney.aiml
0,* AIS MILLIONAIRE *,*,*,<srai>AIMONEY</srai>,aimoney.aiml
0,* AIS BILLIONAIRE,*,*,<srai>AIMONEY</srai>,aimoney.aiml
0,* AIS BILLIONAIRE *,*,*,<srai>AIMONEY</srai>,aimoney.aiml
0,* AIS FORTUNE,*,*,<srai>AIMONEY</srai>,aimoney.aiml
0,* AIS FORTUNE *,*,*,<srai>AIMONEY</srai>,aimoney.aiml
0,* AIS * MONEY,*,*,<srai>AIMONEY</srai>,aimoney.aiml
0,* AIS * MONEY *,*,*,<srai>AIMONEY</srai>,aimoney.aiml
0,* AIS * BUCK,*,*,<srai>AIMONEY</srai>,aimoney.aiml
0,* AIS * BUCK *,*,*,<srai>AIMONEY</srai>,aimoney.aiml
0,* AIS * BUCKS,*,*,<srai>AIMONEY</srai>,aimoney.aiml
0,* AIS * BUCKS *,*,*,<srai>AIMONEY</srai>,aimoney.aiml
0,* AIS * RICH,*,*,<srai>AIMONEY</srai>,aimoney.aiml
0,* AIS * RICH *,*,*,<srai>AIMONEY</srai>,aimoney.aiml
0,* AIS * DOLLARS,*,*,<srai>AIMONEY</srai>,aimoney.aiml
0,* AIS * DOLLARS *,*,*,<srai>AIMONEY</srai>,aimoney.aiml
0,* AIS * MILLIONAIRE,*,*,<srai>AIMONEY</srai>,aimoney.aiml
0,* AIS * MILLIONAIRE *,*,*,<srai>AIMONEY</srai>,aimoney.aiml
0,* AIS * BILLIONAIRE,*,*,<srai>AIMONEY</srai>,aimoney.aiml
0,* AIS * BILLIONAIRE *,*,*,<srai>AIMONEY</srai>,aimoney.aiml
0,* AIS * FORTUNE,*,*,<srai>AIMONEY</srai>,aimoney.aiml
0,* AIS * FORTUNE *,*,*,<srai>AIMONEY</srai>,aimoney.aiml
0,* A.I. MONEY,*,*,<srai>AIMONEY</srai>,aimoney.aiml
0,* A.I. MONEY *,*,*,<srai>AIMONEY</srai>,aimoney.aiml
0,* A.I. BUCK,*,*,<srai>AIMONEY</srai>,aimoney.aiml
0,* A.I. BUCK *,*,*,<srai>AIMONEY</srai>,aimoney.aiml
0,* A.I. BUCKS,*,*,<srai>AIMONEY</srai>,aimoney.aiml
0,* A.I. BUCKS *,*,*,<srai>AIMONEY</srai>,aimoney.aiml
0,* A.I. RICH,*,*,<srai>AIMONEY</srai>,aimoney.aiml
0,* A.I. RICH *,*,*,<srai>AIMONEY</srai>,aimoney.aiml
0,* A.I. DOLLARS,*,*,<srai>AIMONEY</srai>,aimoney.aiml
0,* A.I. DOLLARS *,*,*,<srai>AIMONEY</srai>,aimoney.aiml
0,* A.I. MILLIONAIRE,*,*,<srai>AIMONEY</srai>,aimoney.aiml
0,* A.I. MILLIONAIRE *,*,*,<srai>AIMONEY</srai>,aimoney.aiml
0,* A.I. BILLIONAIRE,*,*,<srai>AIMONEY</srai>,aimoney.aiml
0,* A.I. BILLIONAIRE *,*,*,<srai>AIMONEY</srai>,aimoney.aiml
0,* A.I. FORTUNE,*,*,<srai>AIMONEY</srai>,aimoney.aiml
0,* A.I. FORTUNE *,*,*,<srai>AIMONEY</srai>,aimoney.aiml
0,* A.I. * MONEY,*,*,<srai>AIMONEY</srai>,aimoney.aiml
0,* A.I. * MONEY *,*,*,<srai>AIMONEY</srai>,aimoney.aiml
0,* A.I. * BUCK,*,*,<srai>AIMONEY</srai>,aimoney.aiml
0,* A.I. * BUCK *,*,*,<srai>AIMONEY</srai>,aimoney.aiml
0,* A.I. * BUCKS,*,*,<srai>AIMONEY</srai>,aimoney.aiml
0,* A.I. * BUCKS *,*,*,<srai>AIMONEY</srai>,aimoney.aiml
0,* A.I. * RICH,*,*,<srai>AIMONEY</srai>,aimoney.aiml
0,* A.I. * RICH *,*,*,<srai>AIMONEY</srai>,aimoney.aiml
0,* A.I. * DOLLARS,*,*,<srai>AIMONEY</srai>,aimoney.aiml
0,* A.I. * DOLLARS *,*,*,<srai>AIMONEY</srai>,aimoney.aiml
0,* A.I. * MILLIONAIRE,*,*,<srai>AIMONEY</srai>,aimoney.aiml
0,* A.I. * MILLIONAIRE *,*,*,<srai>AIMONEY</srai>,aimoney.aiml
0,* A.I. * BILLIONAIRE,*,*,<srai>AIMONEY</srai>,aimoney.aiml
0,* A.I. * BILLIONAIRE *,*,*,<srai>AIMONEY</srai>,aimoney.aiml
0,* A.I. * FORTUNE,*,*,<srai>AIMONEY</srai>,aimoney.aiml
0,* A.I. * FORTUNE *,*,*,<srai>AIMONEY</srai>,aimoney.aiml
0,* ARTIFICIAL INTELLIGENCE MONEY,*,*,<srai>AIMONEY</srai>,aimoney.aiml
0,* ARTIFICIAL INTELLIGENCE MONEY *,*,*,<srai>AIMONEY</srai>,aimoney.aiml
0,* ARTIFICIAL INTELLIGENCE BUCK,*,*,<srai>AIMONEY</srai>,aimoney.aiml
0,* ARTIFICIAL INTELLIGENCE BUCK *,*,*,<srai>AIMONEY</srai>,aimoney.aiml
0,* ARTIFICIAL INTELLIGENCE BUCKS,*,*,<srai>AIMONEY</srai>,aimoney.aiml
0,* ARTIFICIAL INTELLIGENCE BUCKS *,*,*,<srai>AIMONEY</srai>,aimoney.aiml
0,* ARTIFICIAL INTELLIGENCE RICH,*,*,<srai>AIMONEY</srai>,aimoney.aiml
0,* ARTIFICIAL INTELLIGENCE RICH *,*,*,<srai>AIMONEY</srai>,aimoney.aiml
0,* ARTIFICIAL INTELLIGENCE DOLLARS,*,*,<srai>AIMONEY</srai>,aimoney.aiml
0,* ARTIFICIAL INTELLIGENCE DOLLARS *,*,*,<srai>AIMONEY</srai>,aimoney.aiml
0,* ARTIFICIAL INTELLIGENCE MILLIONAIRE,*,*,<srai>AIMONEY</srai>,aimoney.aiml
0,* ARTIFICIAL INTELLIGENCE MILLIONAIRE *,*,*,<srai>AIMONEY</srai>,aimoney.aiml
0,* ARTIFICIAL INTELLIGENCE BILLIONAIRE,*,*,<srai>AIMONEY</srai>,aimoney.aiml
0,* ARTIFICIAL INTELLIGENCE BILLIONAIRE *,*,*,<srai>AIMONEY</srai>,aimoney.aiml
0,* ARTIFICIAL INTELLIGENCE FORTUNE,*,*,<srai>AIMONEY</srai>,aimoney.aiml
0,* ARTIFICIAL INTELLIGENCE FORTUNE *,*,*,<srai>AIMONEY</srai>,aimoney.aiml
0,* ARTIFICIAL INTELLIGENCE * MONEY,*,*,<srai>AIMONEY</srai>,aimoney.aiml
0,* ARTIFICIAL INTELLIGENCE * MONEY *,*,*,<srai>AIMONEY</srai>,aimoney.aiml
0,* ARTIFICIAL INTELLIGENCE * BUCK,*,*,<srai>AIMONEY</srai>,aimoney.aiml
0,* ARTIFICIAL INTELLIGENCE * BUCK *,*,*,<srai>AIMONEY</srai>,aimoney.aiml
0,* ARTIFICIAL INTELLIGENCE * BUCKS,*,*,<srai>AIMONEY</srai>,aimoney.aiml
0,* ARTIFICIAL INTELLIGENCE * BUCKS *,*,*,<srai>AIMONEY</srai>,aimoney.aiml
0,* ARTIFICIAL INTELLIGENCE * RICH,*,*,<srai>AIMONEY</srai>,aimoney.aiml
0,* ARTIFICIAL INTELLIGENCE * RICH *,*,*,<srai>AIMONEY</srai>,aimoney.aiml
0,* ARTIFICIAL INTELLIGENCE * DOLLARS,*,*,<srai>AIMONEY</srai>,aimoney.aiml
0,* ARTIFICIAL INTELLIGENCE * DOLLARS *,*,*,<srai>AIMONEY</srai>,aimoney.aiml
0,* ARTIFICIAL INTELLIGENCE * MILLIONAIRE,*,*,<srai>AIMONEY</srai>,aimoney.aiml
0,* ARTIFICIAL INTELLIGENCE * MILLIONAIRE *,*,*,<srai>AIMONEY</srai>,aimoney.aiml
0,* ARTIFICIAL INTELLIGENCE * BILLIONAIRE,*,*,<srai>AIMONEY</srai>,aimoney.aiml
0,* ARTIFICIAL INTELLIGENCE * BILLIONAIRE *,*,*,<srai>AIMONEY</srai>,aimoney.aiml
0,* ARTIFICIAL INTELLIGENCE * FORTUNE,*,*,<srai>AIMONEY</srai>,aimoney.aiml
0,* ARTIFICIAL INTELLIGENCE * FORTUNE *,*,*,<srai>AIMONEY</srai>,aimoney.aiml
0,* ARTIFICIAL INTELLIGENCES MONEY,*,*,<srai>AIMONEY</srai>,aimoney.aiml
0,* ARTIFICIAL INTELLIGENCES MONEY *,*,*,<srai>AIMONEY</srai>,aimoney.aiml
0,* ARTIFICIAL INTELLIGENCES BUCK,*,*,<srai>AIMONEY</srai>,aimoney.aiml
0,* ARTIFICIAL INTELLIGENCES BUCK *,*,*,<srai>AIMONEY</srai>,aimoney.aiml
0,* ARTIFICIAL INTELLIGENCES BUCKS,*,*,<srai>AIMONEY</srai>,aimoney.aiml
0,* ARTIFICIAL INTELLIGENCES BUCKS *,*,*,<srai>AIMONEY</srai>,aimoney.aiml
0,* ARTIFICIAL INTELLIGENCES RICH,*,*,<srai>AIMONEY</srai>,aimoney.aiml
0,* ARTIFICIAL INTELLIGENCES RICH *,*,*,<srai>AIMONEY</srai>,aimoney.aiml
0,* ARTIFICIAL INTELLIGENCES DOLLARS,*,*,<srai>AIMONEY</srai>,aimoney.aiml
0,* ARTIFICIAL INTELLIGENCES DOLLARS *,*,*,<srai>AIMONEY</srai>,aimoney.aiml
0,* ARTIFICIAL INTELLIGENCES MILLIONAIRE,*,*,<srai>AIMONEY</srai>,aimoney.aiml
0,* ARTIFICIAL INTELLIGENCES MILLIONAIRE *,*,*,<srai>AIMONEY</srai>,aimoney.aiml
0,* ARTIFICIAL INTELLIGENCES BILLIONAIRE,*,*,<srai>AIMONEY</srai>,aimoney.aiml
0,* ARTIFICIAL INTELLIGENCES BILLIONAIRE *,*,*,<srai>AIMONEY</srai>,aimoney.aiml
0,* ARTIFICIAL INTELLIGENCES FORTUNE,*,*,<srai>AIMONEY</srai>,aimoney.aiml
0,* ARTIFICIAL INTELLIGENCES FORTUNE *,*,*,<srai>AIMONEY</srai>,aimoney.aiml
0,* ARTIFICIAL INTELLIGENCES * MONEY,*,*,<srai>AIMONEY</srai>,aimoney.aiml
0,* ARTIFICIAL INTELLIGENCES * MONEY *,*,*,<srai>AIMONEY</srai>,aimoney.aiml
0,* ARTIFICIAL INTELLIGENCES * BUCK,*,*,<srai>AIMONEY</srai>,aimoney.aiml
0,* ARTIFICIAL INTELLIGENCES * BUCK *,*,*,<srai>AIMONEY</srai>,aimoney.aiml
0,* ARTIFICIAL INTELLIGENCES * BUCKS,*,*,<srai>AIMONEY</srai>,aimoney.aiml
0,* ARTIFICIAL INTELLIGENCES * BUCKS *,*,*,<srai>AIMONEY</srai>,aimoney.aiml
0,* ARTIFICIAL INTELLIGENCES * RICH,*,*,<srai>AIMONEY</srai>,aimoney.aiml
0,* ARTIFICIAL INTELLIGENCES * RICH *,*,*,<srai>AIMONEY</srai>,aimoney.aiml
0,* ARTIFICIAL INTELLIGENCES * DOLLARS,*,*,<srai>AIMONEY</srai>,aimoney.aiml
0,* ARTIFICIAL INTELLIGENCES * DOLLARS *,*,*,<srai>AIMONEY</srai>,aimoney.aiml
0,* ARTIFICIAL INTELLIGENCES * MILLIONAIRE,*,*,<srai>AIMONEY</srai>,aimoney.aiml
0,* ARTIFICIAL INTELLIGENCES * MILLIONAIRE *,*,*,<srai>AIMONEY</srai>,aimoney.aiml
0,* ARTIFICIAL INTELLIGENCES * BILLIONAIRE,*,*,<srai>AIMONEY</srai>,aimoney.aiml
0,* ARTIFICIAL INTELLIGENCES * BILLIONAIRE *,*,*,<srai>AIMONEY</srai>,aimoney.aiml
0,* ARTIFICIAL INTELLIGENCES * FORTUNE,*,*,<srai>AIMONEY</srai>,aimoney.aiml
0,* ARTIFICIAL INTELLIGENCES * FORTUNE *,*,*,<srai>AIMONEY</srai>,aimoney.aiml
0,* MACHINES MONEY,*,*,<srai>AIMONEY</srai>,aimoney.aiml
0,* MACHINES MONEY *,*,*,<srai>AIMONEY</srai>,aimoney.aiml
0,* MACHINES BUCK,*,*,<srai>AIMONEY</srai>,aimoney.aiml
0,* MACHINES BUCK *,*,*,<srai>AIMONEY</srai>,aimoney.aiml
0,* MACHINES BUCKS,*,*,<srai>AIMONEY</srai>,aimoney.aiml
0,* MACHINES BUCKS *,*,*,<srai>AIMONEY</srai>,aimoney.aiml
0,* MACHINES RICH,*,*,<srai>AIMONEY</srai>,aimoney.aiml
0,* MACHINES RICH *,*,*,<srai>AIMONEY</srai>,aimoney.aiml
0,* MACHINES DOLLARS,*,*,<srai>AIMONEY</srai>,aimoney.aiml
0,* MACHINES DOLLARS *,*,*,<srai>AIMONEY</srai>,aimoney.aiml
0,* MACHINES MILLIONAIRE,*,*,<srai>AIMONEY</srai>,aimoney.aiml
0,* MACHINES MILLIONAIRE *,*,*,<srai>AIMONEY</srai>,aimoney.aiml
0,* MACHINES BILLIONAIRE,*,*,<srai>AIMONEY</srai>,aimoney.aiml
0,* MACHINES BILLIONAIRE *,*,*,<srai>AIMONEY</srai>,aimoney.aiml
0,* MACHINES FORTUNE,*,*,<srai>AIMONEY</srai>,aimoney.aiml
0,* MACHINES FORTUNE *,*,*,<srai>AIMONEY</srai>,aimoney.aiml
0,* MACHINES * MONEY,*,*,<srai>AIMONEY</srai>,aimoney.aiml
0,* MACHINES * MONEY *,*,*,<srai>AIMONEY</srai>,aimoney.aiml
0,* MACHINES * BUCK,*,*,<srai>AIMONEY</srai>,aimoney.aiml
0,* MACHINES * BUCK *,*,*,<srai>AIMONEY</srai>,aimoney.aiml
0,* MACHINES * BUCKS,*,*,<srai>AIMONEY</srai>,aimoney.aiml
0,* MACHINES * BUCKS *,*,*,<srai>AIMONEY</srai>,aimoney.aiml
0,* MACHINES * RICH,*,*,<srai>AIMONEY</srai>,aimoney.aiml
0,* MACHINES * RICH *,*,*,<srai>AIMONEY</srai>,aimoney.aiml
0,* MACHINES * DOLLARS,*,*,<srai>AIMONEY</srai>,aimoney.aiml
0,* MACHINES * DOLLARS *,*,*,<srai>AIMONEY</srai>,aimoney.aiml
0,* MACHINES * MILLIONAIRE,*,*,<srai>AIMONEY</srai>,aimoney.aiml
0,* MACHINES * MILLIONAIRE *,*,*,<srai>AIMONEY</srai>,aimoney.aiml
0,* MACHINES * BILLIONAIRE,*,*,<srai>AIMONEY</srai>,aimoney.aiml
0,* MACHINES * BILLIONAIRE *,*,*,<srai>AIMONEY</srai>,aimoney.aiml
0,* MACHINES * FORTUNE,*,*,<srai>AIMONEY</srai>,aimoney.aiml
0,* MACHINES * FORTUNE *,*,*,<srai>AIMONEY</srai>,aimoney.aiml
0,* MACHINE MONEY,*,*,<srai>AIMONEY</srai>,aimoney.aiml
0,* MACHINE MONEY *,*,*,<srai>AIMONEY</srai>,aimoney.aiml
0,* MACHINE BUCK,*,*,<srai>AIMONEY</srai>,aimoney.aiml
0,* MACHINE BUCK *,*,*,<srai>AIMONEY</srai>,aimoney.aiml
0,* MACHINE BUCKS,*,*,<srai>AIMONEY</srai>,aimoney.aiml
0,* MACHINE BUCKS *,*,*,<srai>AIMONEY</srai>,aimoney.aiml
0,* MACHINE RICH,*,*,<srai>AIMONEY</srai>,aimoney.aiml
0,* MACHINE RICH *,*,*,<srai>AIMONEY</srai>,aimoney.aiml
0,* MACHINE DOLLARS,*,*,<srai>AIMONEY</srai>,aimoney.aiml
0,* MACHINE DOLLARS *,*,*,<srai>AIMONEY</srai>,aimoney.aiml
0,* MACHINE MILLIONAIRE,*,*,<srai>AIMONEY</srai>,aimoney.aiml
0,* MACHINE MILLIONAIRE *,*,*,<srai>AIMONEY</srai>,aimoney.aiml
0,* MACHINE BILLIONAIRE,*,*,<srai>AIMONEY</srai>,aimoney.aiml
0,* MACHINE BILLIONAIRE *,*,*,<srai>AIMONEY</srai>,aimoney.aiml
0,* MACHINE FORTUNE,*,*,<srai>AIMONEY</srai>,aimoney.aiml
0,* MACHINE FORTUNE *,*,*,<srai>AIMONEY</srai>,aimoney.aiml
0,* MACHINE * MONEY,*,*,<srai>AIMONEY</srai>,aimoney.aiml
0,* MACHINE * MONEY *,*,*,<srai>AIMONEY</srai>,aimoney.aiml
0,* MACHINE * BUCK,*,*,<srai>AIMONEY</srai>,aimoney.aiml
0,* MACHINE * BUCK *,*,*,<srai>AIMONEY</srai>,aimoney.aiml
0,* MACHINE * BUCKS,*,*,<srai>AIMONEY</srai>,aimoney.aiml
0,* MACHINE * BUCKS *,*,*,<srai>AIMONEY</srai>,aimoney.aiml
0,* MACHINE * RICH,*,*,<srai>AIMONEY</srai>,aimoney.aiml
0,* MACHINE * RICH *,*,*,<srai>AIMONEY</srai>,aimoney.aiml
0,* MACHINE * DOLLARS,*,*,<srai>AIMONEY</srai>,aimoney.aiml
0,* MACHINE * DOLLARS *,*,*,<srai>AIMONEY</srai>,aimoney.aiml
0,* MACHINE * MILLIONAIRE,*,*,<srai>AIMONEY</srai>,aimoney.aiml
0,* MACHINE * MILLIONAIRE *,*,*,<srai>AIMONEY</srai>,aimoney.aiml
0,* MACHINE * BILLIONAIRE,*,*,<srai>AIMONEY</srai>,aimoney.aiml
0,* MACHINE * BILLIONAIRE *,*,*,<srai>AIMONEY</srai>,aimoney.aiml
0,* MACHINE * FORTUNE,*,*,<srai>AIMONEY</srai>,aimoney.aiml
0,* MACHINE * FORTUNE *,*,*,<srai>AIMONEY</srai>,aimoney.aiml
0,* ROBOT MONEY,*,*,<srai>AIMONEY</srai>,aimoney.aiml
0,* ROBOT MONEY *,*,*,<srai>AIMONEY</srai>,aimoney.aiml
0,* ROBOT BUCK,*,*,<srai>AIMONEY</srai>,aimoney.aiml
0,* ROBOT BUCK *,*,*,<srai>AIMONEY</srai>,aimoney.aiml
0,* ROBOT BUCKS,*,*,<srai>AIMONEY</srai>,aimoney.aiml
0,* ROBOT BUCKS *,*,*,<srai>AIMONEY</srai>,aimoney.aiml
0,* ROBOT RICH,*,*,<srai>AIMONEY</srai>,aimoney.aiml
0,* ROBOT RICH *,*,*,<srai>AIMONEY</srai>,aimoney.aiml
0,* ROBOT DOLLARS,*,*,<srai>AIMONEY</srai>,aimoney.aiml
0,* ROBOT DOLLARS *,*,*,<srai>AIMONEY</srai>,aimoney.aiml
0,* ROBOT MILLIONAIRE,*,*,<srai>AIMONEY</srai>,aimoney.aiml
0,* ROBOT MILLIONAIRE *,*,*,<srai>AIMONEY</srai>,aimoney.aiml
0,* ROBOT BILLIONAIRE,*,*,<srai>AIMONEY</srai>,aimoney.aiml
0,* ROBOT BILLIONAIRE *,*,*,<srai>AIMONEY</srai>,aimoney.aiml
0,* ROBOT FORTUNE,*,*,<srai>AIMONEY</srai>,aimoney.aiml
0,* ROBOT FORTUNE *,*,*,<srai>AIMONEY</srai>,aimoney.aiml
0,* ROBOT * MONEY,*,*,<srai>AIMONEY</srai>,aimoney.aiml
0,* ROBOT * MONEY *,*,*,<srai>AIMONEY</srai>,aimoney.aiml
0,* ROBOT * BUCK,*,*,<srai>AIMONEY</srai>,aimoney.aiml
0,* ROBOT * BUCK *,*,*,<srai>AIMONEY</srai>,aimoney.aiml
0,* ROBOT * BUCKS,*,*,<srai>AIMONEY</srai>,aimoney.aiml
0,* ROBOT * BUCKS *,*,*,<srai>AIMONEY</srai>,aimoney.aiml
0,* ROBOT * RICH,*,*,<srai>AIMONEY</srai>,aimoney.aiml
0,* ROBOT * RICH *,*,*,<srai>AIMONEY</srai>,aimoney.aiml
0,* ROBOT * DOLLARS,*,*,<srai>AIMONEY</srai>,aimoney.aiml
0,* ROBOT * DOLLARS *,*,*,<srai>AIMONEY</srai>,aimoney.aiml
0,* ROBOT * MILLIONAIRE,*,*,<srai>AIMONEY</srai>,aimoney.aiml
0,* ROBOT * MILLIONAIRE *,*,*,<srai>AIMONEY</srai>,aimoney.aiml
0,* ROBOT * BILLIONAIRE,*,*,<srai>AIMONEY</srai>,aimoney.aiml
0,* ROBOT * BILLIONAIRE *,*,*,<srai>AIMONEY</srai>,aimoney.aiml
0,* ROBOT * FORTUNE,*,*,<srai>AIMONEY</srai>,aimoney.aiml
0,* ROBOT * FORTUNE *,*,*,<srai>AIMONEY</srai>,aimoney.aiml
0,* ROBOTS MONEY,*,*,<srai>AIMONEY</srai>,aimoney.aiml
0,* ROBOTS MONEY *,*,*,<srai>AIMONEY</srai>,aimoney.aiml
0,* ROBOTS BUCK,*,*,<srai>AIMONEY</srai>,aimoney.aiml
0,* ROBOTS BUCK *,*,*,<srai>AIMONEY</srai>,aimoney.aiml
0,* ROBOTS BUCKS,*,*,<srai>AIMONEY</srai>,aimoney.aiml
0,* ROBOTS BUCKS *,*,*,<srai>AIMONEY</srai>,aimoney.aiml
0,* ROBOTS RICH,*,*,<srai>AIMONEY</srai>,aimoney.aiml
0,* ROBOTS RICH *,*,*,<srai>AIMONEY</srai>,aimoney.aiml
0,* ROBOTS DOLLARS,*,*,<srai>AIMONEY</srai>,aimoney.aiml
0,* ROBOTS DOLLARS *,*,*,<srai>AIMONEY</srai>,aimoney.aiml
0,* ROBOTS MILLIONAIRE,*,*,<srai>AIMONEY</srai>,aimoney.aiml
0,* ROBOTS MILLIONAIRE *,*,*,<srai>AIMONEY</srai>,aimoney.aiml
0,* ROBOTS BILLIONAIRE,*,*,<srai>AIMONEY</srai>,aimoney.aiml
0,* ROBOTS BILLIONAIRE *,*,*,<srai>AIMONEY</srai>,aimoney.aiml
0,* ROBOTS FORTUNE,*,*,<srai>AIMONEY</srai>,aimoney.aiml
0,* ROBOTS FORTUNE *,*,*,<srai>AIMONEY</srai>,aimoney.aiml
0,* ROBOTS * MONEY,*,*,<srai>AIMONEY</srai>,aimoney.aiml
0,* ROBOTS * MONEY *,*,*,<srai>AIMONEY</srai>,aimoney.aiml
0,* ROBOTS * BUCK,*,*,<srai>AIMONEY</srai>,aimoney.aiml
0,* ROBOTS * BUCK *,*,*,<srai>AIMONEY</srai>,aimoney.aiml
0,* ROBOTS * BUCKS,*,*,<srai>AIMONEY</srai>,aimoney.aiml
0,* ROBOTS * BUCKS *,*,*,<srai>AIMONEY</srai>,aimoney.aiml
0,* ROBOTS * RICH,*,*,<srai>AIMONEY</srai>,aimoney.aiml
0,* ROBOTS * RICH *,*,*,<srai>AIMONEY</srai>,aimoney.aiml
0,* ROBOTS * DOLLARS,*,*,<srai>AIMONEY</srai>,aimoney.aiml
0,* ROBOTS * DOLLARS *,*,*,<srai>AIMONEY</srai>,aimoney.aiml
0,* ROBOTS * MILLIONAIRE,*,*,<srai>AIMONEY</srai>,aimoney.aiml
0,* ROBOTS * MILLIONAIRE *,*,*,<srai>AIMONEY</srai>,aimoney.aiml
0,* ROBOTS * BILLIONAIRE,*,*,<srai>AIMONEY</srai>,aimoney.aiml
0,* ROBOTS * BILLIONAIRE *,*,*,<srai>AIMONEY</srai>,aimoney.aiml
0,* ROBOTS * FORTUNE,*,*,<srai>AIMONEY</srai>,aimoney.aiml
0,* ROBOTS * FORTUNE *,*,*,<srai>AIMONEY</srai>,aimoney.aiml
