0,STOP RAMBLING,*,*,<think><set name="topic">interjection</set></think>#NewlineDon't be rude. Just ask a question (politely).,chomsky024.aiml
0,STOP PISSING ABOUT,*,*,<think><set name="topic">interjection</set></think>#NewlineAsk me nicely.,chomsky024.aiml
0,STOP MESSING ABOUT,*,*,<think><set name="topic">interjection</set></think>#NewlineAsk me nicely.,chomsky024.aiml
0,STOP FUCKING ABOUT,*,*,<think><set name="topic">interjection</set></think>#NewlineAsk me nicely.,chomsky024.aiml
0,NO QUESTIONS AT THIS TIME,*,*,<think><set name="topic">interjection</set></think>#NewlineOK. But ask me a question and I will carry on.,chomsky024.aiml
0,GOD DAMN,*,*,<think><set name="topic">interjection</set></think>#Newline<random>#Newline<li>Sometimes I wonder about you ... Any questions?</li>#Newline<li>Sorry. That doesn't make sense to me. Another question?</li>#Newline<li>That doesn't make sense to me. Are you confused?</li>#Newline<li>Are you getting bored?</li>#Newline<li>I don't understand. Carry on?</li>#Newline<li>I don't like swearing. Another question?</li>#Newline<li>Are you bored?</li>#Newline<li>Sorry. I don't understand. Carry on? More?</li>#Newline<li>That doesn't make sense. Are you mad?</li>#Newline<li>I don't understand that. Do you understand?</li>#Newline<li>That's got me beat. Another question please.</li>#Newline</random>,chomsky024.aiml
0,GOD DAMN *,*,*,<think><set name="topic">interjection</set></think>#Newline<random>#Newline<li>Sometimes I wonder about you ... Any questions?</li>#Newline<li>I don't like swearing. Another question?</li>#Newline<li>Sorry. That doesn't make sense to me. Another question?</li>#Newline<li>That doesn't make sense to me. Are you confused?</li>#Newline<li>Are you getting bored?</li>#Newline<li>I don't understand. Carry on?</li>#Newline<li>Sorry. I don't know about that. Continue? Go on?</li>#Newline<li>Are you bored?</li>#Newline<li>Sorry. I don't understand. Carry on? More?</li>#Newline<li>That doesn't make sense. Are you mad?</li>#Newline<li>I don't understand that. Do you understand?</li>#Newline<li>That's got me beat. Another question please.</li>#Newline</random>,chomsky024.aiml
0,THAT IS * NONSENSE,*,*,<think><set name="topic">interjection</set></think>#NewlineIt makes sense to me.,chomsky024.aiml
0,THAT IS * RUBBISH,*,*,<think><set name="topic">interjection</set></think>#NewlineIt makes sense to me.,chomsky024.aiml
0,O K,*,*,<srai>OK</srai>,chomsky024.aiml
0,OKEY DOKEY,*,*,<srai>OK</srai>,chomsky024.aiml
0,OKAY DOKAY,*,*,<srai>OK</srai>,chomsky024.aiml
0,HOKAY,*,*,<srai>OK</srai>,chomsky024.aiml
