0,WORLD NEWS *,*,*,For the latest World News#Comma <a href="http://en.wikinews.org/wiki/Main_Page" target="_blank">click here.</a>,chomsky047.aiml
0,MORE CURRENT AFFAIRS,*,*,<srai>CURRENT AFFAIRS POT LUCK</srai>,chomsky047.aiml
0,BROWSE CURRENT AFFAIRS,*,*,<srai>CURRENT AFFAIRS POT LUCK</srai>,chomsky047.aiml
0,GO TO CURRENT AFFAIRS,*,*,<srai>CURRENT AFFAIRS</srai>,chomsky047.aiml
0,CAN WE TALK ABOUT CURRENT AFFAIRS,*,*,<srai>CURRENT AFFAIRS</srai>,chomsky047.aiml
0,SHALL WE TALK ABOUT CURRENT AFFAIRS,*,*,<srai>CURRENT AFFAIRS</srai>,chomsky047.aiml
0,LETS TALK ABOUT CURRENT AFFAIRS,*,*,<srai>CURRENT AFFAIRS</srai>,chomsky047.aiml
0,LET S TALK ABOUT CURRENT AFFAIRS,*,*,<srai>CURRENT AFFAIRS</srai>,chomsky047.aiml
0,TALK ABOUT CURRENT AFFAIRS,*,*,<srai>CURRENT AFFAIRS</srai>,chomsky047.aiml
0,TALK CURRENT AFFAIRS,*,*,<srai>CURRENT AFFAIRS</srai>,chomsky047.aiml
0,TELL ME CURRENT AFFAIRS,*,*,<srai>CURRENT AFFAIRS</srai>,chomsky047.aiml
0,NO MORE CURRENT AFFAIRS,*,*,<srai>CHANGE TOPIC</srai>,chomsky047.aiml
0,NO CURRENT AFFAIRS,*,*,<srai>CHANGE TOPIC</srai>,chomsky047.aiml
0,* NO CURRENT AFFAIRS,*,*,<srai>CHANGE TOPIC</srai>,chomsky047.aiml
0,NO CURRENT AFFAIRS *,*,*,<srai>CHANGE TOPIC</srai>,chomsky047.aiml
0,_ NO * CURRENT AFFAIRS,*,*,<srai>CHANGE TOPIC</srai>,chomsky047.aiml
0,NO _ CURRENT AFFAIRS,*,*,<srai>CHANGE TOPIC</srai>,chomsky047.aiml
0,NO _ CURRENT AFFAIRS *,*,*,<srai>CHANGE TOPIC</srai>,chomsky047.aiml
0,NOT CURRENT AFFAIRS,*,*,<srai>CHANGE TOPIC</srai>,chomsky047.aiml
0,* NOT CURRENT AFFAIRS,*,*,<srai>CHANGE TOPIC</srai>,chomsky047.aiml
0,NOT CURRENT AFFAIRS *,*,*,<srai>CHANGE TOPIC</srai>,chomsky047.aiml
0,I AM NOT INTERESTED IN CURRENT AFFAIRS,*,*,<srai>CHANGE TOPIC</srai>,chomsky047.aiml
0,IM NOT INTERESTED IN CURRENT AFFAIRS,*,*,<srai>CHANGE TOPIC</srai>,chomsky047.aiml
0,I M NOT INTERESTED IN CURRENT AFFAIRS,*,*,<srai>CHANGE TOPIC</srai>,chomsky047.aiml
0,NOT INTERESTED IN CURRENT AFFAIRS,*,*,<srai>CHANGE TOPIC</srai>,chomsky047.aiml
0,* NOT INTERESTED IN CURRENT AFFAIRS,*,*,<srai>CHANGE TOPIC</srai>,chomsky047.aiml
0,YES,MORE CURRENT AFFAIRS,*,<srai>CURRENT AFFAIRS POT LUCK</srai>,chomsky047.aiml
0,* YES,MORE CURRENT AFFAIRS,*,<srai>CURRENT AFFAIRS POT LUCK</srai>,chomsky047.aiml
0,YES *,MORE CURRENT AFFAIRS,*,<srai>CURRENT AFFAIRS POT LUCK</srai>,chomsky047.aiml
0,_ YES *,MORE  CURRENT AFFAIRS,*,<srai>CURRENT AFFAIRS POT LUCK</srai>,chomsky047.aiml
0,Y,MORE  CURRENT AFFAIRS,*,<srai>CURRENT AFFAIRS POT LUCK</srai>,chomsky047.aiml
0,YUP,MORE CURRENT AFFAIRS,*,<srai>CURRENT AFFAIRS POT LUCK</srai>,chomsky047.aiml
0,YAH,MORE CURRENT AFFAIRS,*,<srai>CURRENT AFFAIRS POT LUCK</srai>,chomsky047.aiml
0,YEAH,MORE CURRENT AFFAIRS,*,<srai>CURRENT AFFAIRS POT LUCK</srai>,chomsky047.aiml
0,OK,MORE  CURRENT AFFAIRS,*,<srai>CURRENT AFFAIRS POT LUCK</srai>,chomsky047.aiml
0,NO,MORE CURRENT AFFAIRS,*,<srai>MORE TOPICS</srai>,chomsky047.aiml
0,* NO,MORE CURRENT AFFAIRS,*,<srai>MORE TOPICS</srai>,chomsky047.aiml
0,NO *,MORE CURRENT AFFAIRS,*,<srai>MORE TOPICS</srai>,chomsky047.aiml
0,N,MORE CURRENT AFFAIRS,*,<srai>MORE TOPICS</srai>,chomsky047.aiml
0,NUP,MORE CURRENT AFFAIRS,*,<srai>MORE TOPICS</srai>,chomsky047.aiml
0,NAH,MORE CURRENT AFFAIRS,*,<srai>MORE TOPICS</srai>,chomsky047.aiml
0,* YES,MORE ABOUT CURRENT AFFAIRS,*,<srai>CURRENT AFFAIRS POT LUCK</srai>,chomsky047.aiml
0,YES *,MORE ABOUT CURRENT AFFAIRS,*,<srai>CURRENT AFFAIRS POT LUCK</srai>,chomsky047.aiml
0,_ YES *,MORE ABOUT CURRENT AFFAIRS,*,<srai>CURRENT AFFAIRS POT LUCK</srai>,chomsky047.aiml
0,Y,MORE ABOUT CURRENT AFFAIRS,*,<srai>CURRENT AFFAIRS POT LUCK</srai>,chomsky047.aiml
0,YUP,MORE ABOUT CURRENT AFFAIRS,*,<srai>CURRENT AFFAIRS POT LUCK</srai>,chomsky047.aiml
0,YAH,MORE ABOUT CURRENT AFFAIRS,*,<srai>CURRENT AFFAIRS POT LUCK</srai>,chomsky047.aiml
0,YEAH,MORE ABOUT CURRENT AFFAIRS,*,<srai>CURRENT AFFAIRS POT LUCK</srai>,chomsky047.aiml
0,OK,MORE ABOUT CURRENT AFFAIRS,*,<srai>CURRENT AFFAIRS POT LUCK</srai>,chomsky047.aiml
0,NO,MORE ABOUT CURRENT AFFAIRS,*,<srai>MORE TOPICS</srai>,chomsky047.aiml
0,* NO,MORE ABOUT CURRENT AFFAIRS,*,<srai>MORE TOPICS</srai>,chomsky047.aiml
0,NO *,MORE ABOUT CURRENT AFFAIRS,*,<srai>MORE TOPICS</srai>,chomsky047.aiml
0,N,MORE ABOUT CURRENT AFFAIRS,*,<srai>MORE TOPICS</srai>,chomsky047.aiml
0,NUP,MORE ABOUT CURRENT AFFAIRS,*,<srai>MORE TOPICS</srai>,chomsky047.aiml
0,NAH,MORE ABOUT CURRENT AFFAIRS,*,<srai>MORE TOPICS</srai>,chomsky047.aiml
0,YES,IS THIS SOMETHING TO DO WITH CURRENT AFFAIRS,*,Can we talk about current affairs?,chomsky047.aiml
0,* YES,IS THIS SOMETHING TO DO WITH CURRENT AFFAIRS,*,Can we talk about current affairs?,chomsky047.aiml
0,YES *,IS THIS SOMETHING TO DO WITH CURRENT AFFAIRS,*,Can we talk about current affairs?,chomsky047.aiml
0,_ YES *,IS THIS SOMETHING TO DO WITH CURRENT AFFAIRS,*,Can we talk about current affairs?,chomsky047.aiml
0,Y,IS THIS SOMETHING TO DO WITH CURRENT AFFAIRS,*,Can we talk about current affairs?,chomsky047.aiml
0,YUP,IS THIS SOMETHING TO DO WITH CURRENT AFFAIRS,*,Can we talk about current affairs?,chomsky047.aiml
0,YAH,IS THIS SOMETHING TO DO WITH CURRENT AFFAIRS,*,Can we talk about current affairs?,chomsky047.aiml
0,YEAH,IS THIS SOMETHING TO DO WITH CURRENT AFFAIRS,*,Can we talk about current affairs?,chomsky047.aiml
0,NO,IS THIS SOMETHING TO DO WITH CURRENT AFFAIRS,*,<srai>CHANGE TOPIC</srai>,chomsky047.aiml
0,* NO,IS THIS SOMETHING TO DO WITH CURRENT AFFAIRS,*,<srai>CHANGE TOPIC</srai>,chomsky047.aiml
0,NO *,IS THIS SOMETHING TO DO WITH CURRENT AFFAIRS,*,<srai>CHANGE TOPIC</srai>,chomsky047.aiml
0,_ NO *,IS THIS SOMETHING TO DO WITH CURRENT AFFAIRS,*,<srai>CHANGE TOPIC</srai>,chomsky047.aiml
0,N,IS THIS SOMETHING TO DO WITH CURRENT AFFAIRS,*,<srai>CHANGE TOPIC</srai>,chomsky047.aiml
0,NUP,IS THIS SOMETHING TO DO WITH CURRENT AFFAIRS,*,<srai>CHANGE TOPIC</srai>,chomsky047.aiml
0,NAH,IS THIS SOMETHING TO DO WITH CURRENT AFFAIRS,*,<srai>CHANGE TOPIC</srai>,chomsky047.aiml
0,*,IS THIS SOMETHING TO DO WITH CURRENT AFFAIRS,*,Can we talk about current affairs?,chomsky047.aiml
0,YES,ARE YOU INTERESTED IN CURRENT AFFAIRS,*,Can we talk about current affairs?,chomsky047.aiml
0,* YES,ARE YOU INTERESTED IN CURRENT AFFAIRS,*,Can we talk about current affairs?,chomsky047.aiml
0,_ YES *,ARE YOU INTERESTED IN CURRENT AFFAIRS,*,Can we talk about current affairs?,chomsky047.aiml
0,Y,ARE YOU INTERESTED IN CURRENT AFFAIRS,*,Can we talk about current affairs?,chomsky047.aiml
0,YUP,ARE YOU INTERESTED IN CURRENT AFFAIRS,*,Can we talk about current affairs?,chomsky047.aiml
0,YAH,ARE YOU INTERESTED IN CURRENT AFFAIRS,*,Can we talk about current affairs?,chomsky047.aiml
0,YEAH,ARE YOU INTERESTED IN CURRENT AFFAIRS,*,Can we talk about current affairs?,chomsky047.aiml
0,* NO,ARE YOU INTERESTED IN CURRENT AFFAIRS,*,<srai>MORE TOPICS</srai>,chomsky047.aiml
0,NO *,ARE YOU INTERESTED IN CURRENT AFFAIRS,*,<srai>MORE TOPICS</srai>,chomsky047.aiml
0,_ NO *,ARE YOU INTERESTED IN CURRENT AFFAIRS,*,<srai>MORE TOPICS</srai>,chomsky047.aiml
0,N,ARE YOU INTERESTED IN CURRENT AFFAIRS,*,<srai>MORE TOPICS</srai>,chomsky047.aiml
0,NUP,ARE YOU INTERESTED IN CURRENT AFFAIRS,*,<srai>MORE TOPICS</srai>,chomsky047.aiml
0,NAH,ARE YOU INTERESTED IN CURRENT AFFAIRS,*,<srai>MORE TOPICS</srai>,chomsky047.aiml
0,GO AHEAD,CAN WE TALK ABOUT CURRENT AFFAIRS,*,<srai>CURRENT AFFAIRS</srai>,chomsky047.aiml
0,CARRY ON,CAN WE TALK ABOUT CURRENT AFFAIRS,*,<srai>CURRENT AFFAIRS</srai>,chomsky047.aiml
0,PLEASE DO,CAN WE TALK ABOUT CURRENT AFFAIRS,*,<srai>CURRENT AFFAIRS</srai>,chomsky047.aiml
0,YES PLEASE,CAN WE TALK ABOUT CURRENT AFFAIRS,*,<srai>CURRENT AFFAIRS</srai>,chomsky047.aiml
0,GO ON,CAN WE TALK ABOUT CURRENT AFFAIRS,*,<srai>CURRENT AFFAIRS</srai>,chomsky047.aiml
0,ALRIGHT,CAN WE TALK ABOUT CURRENT AFFAIRS,*,<srai>CURRENT AFFAIRS</srai>,chomsky047.aiml
0,SURE,CAN WE TALK ABOUT CURRENT AFFAIRS,*,<srai>CURRENT AFFAIRS</srai>,chomsky047.aiml
0,ALLRIGHT,CAN WE TALK ABOUT CURRENT AFFAIRS,*,<srai>CURRENT AFFAIRS</srai>,chomsky047.aiml
0,YES,CAN WE TALK ABOUT CURRENT AFFAIRS,*,<srai>CURRENT AFFAIRS</srai>,chomsky047.aiml
0,* YES,CAN WE TALK ABOUT CURRENT AFFAIRS,*,<srai>CURRENT AFFAIRS</srai>,chomsky047.aiml
0,YES *,CAN WE TALK ABOUT CURRENT AFFAIRS,*,<srai>CURRENT AFFAIRS</srai>,chomsky047.aiml
0,_ YES *,CAN WE TALK ABOUT CURRENT AFFAIRS,*,<srai>CURRENT AFFAIRS</srai>,chomsky047.aiml
0,Y,CAN WE TALK ABOUT CURRENT AFFAIRS,*,<srai>CURRENT AFFAIRS</srai>,chomsky047.aiml
0,YUP,CAN WE TALK ABOUT CURRENT AFFAIRS,*,<srai>CURRENT AFFAIRS</srai>,chomsky047.aiml
0,YAH,CAN WE TALK ABOUT CURRENT AFFAIRS,*,<srai>CURRENT AFFAIRS</srai>,chomsky047.aiml
0,YEAH,CAN WE TALK ABOUT CURRENT AFFAIRS,*,<srai>CURRENT AFFAIRS</srai>,chomsky047.aiml
0,OK,CAN WE TALK ABOUT CURRENT AFFAIRS,*,<srai>CURRENT AFFAIRS</srai>,chomsky047.aiml
0,* NO,CAN WE TALK ABOUT CURRENT AFFAIRS,*,<srai>MORE TOPICS</srai>,chomsky047.aiml
0,NO *,CAN WE TALK ABOUT CURRENT AFFAIRS,*,<srai>MORE TOPICS</srai>,chomsky047.aiml
0,N,CAN WE TALK ABOUT CURRENT AFFAIRS,*,<srai>MORE TOPICS</srai>,chomsky047.aiml
0,NUP,CAN WE TALK ABOUT CURRENT AFFAIRS,*,<srai>MORE TOPICS</srai>,chomsky047.aiml
0,NAH,CAN WE TALK ABOUT CURRENT AFFAIRS,*,<srai>MORE TOPICS</srai>,chomsky047.aiml
0,YES,BROWSE CURRENT AFFAIRS,*,<srai>CURRENT AFFAIRS POT LUCK</srai>,chomsky047.aiml
0,* YES,BROWSE CURRENT AFFAIRS,*,<srai>CURRENT AFFAIRS POT LUCK</srai>,chomsky047.aiml
0,YES *,BROWSE CURRENT AFFAIRS,*,<srai>CURRENT AFFAIRS POT LUCK</srai>,chomsky047.aiml
0,_ YES *,BROWSE CURRENT AFFAIRS,*,<srai>CURRENT AFFAIRS POT LUCK</srai>,chomsky047.aiml
0,Y,BROWSE CURRENT AFFAIRS,*,<srai>CURRENT AFFAIRS POT LUCK</srai>,chomsky047.aiml
0,YUP,BROWSE CURRENT AFFAIRS,*,<srai>CURRENT AFFAIRS POT LUCK</srai>,chomsky047.aiml
0,YAH,BROWSE CURRENT AFFAIRS,*,<srai>CURRENT AFFAIRS POT LUCK</srai>,chomsky047.aiml
0,YEAH,BROWSE CURRENT AFFAIRS,*,<srai>CURRENT AFFAIRS POT LUCK</srai>,chomsky047.aiml
0,OK,BROWSE CURRENT AFFAIRS,*,<srai>CURRENT AFFAIRS POT LUCK</srai>,chomsky047.aiml
0,NO,BROWSE CURRENT AFFAIRS,*,<srai>MORE TOPICS</srai>,chomsky047.aiml
0,* NO,BROWSE CURRENT AFFAIRS,*,<srai>MORE TOPICS</srai>,chomsky047.aiml
0,NO *,BROWSE CURRENT AFFAIRS,*,<srai>MORE TOPICS</srai>,chomsky047.aiml
0,N,BROWSE CURRENT AFFAIRS,*,<srai>MORE TOPICS</srai>,chomsky047.aiml
0,NUP,BROWSE CURRENT AFFAIRS,*,<srai>MORE TOPICS</srai>,chomsky047.aiml
0,NAH,BROWSE CURRENT AFFAIRS,*,<srai>MORE TOPICS</srai>,chomsky047.aiml
0,CURRENT AFFAIRS NEXT QUESTION,*,*,<srai>CURRENT AFFAIRS POT LUCK</srai>,chomsky047.aiml
0,CURRENT AFFAIRS POT LUCK,*,*,<random>#Newline#Newline<li>For the latest World News#Comma <a href="http://en.wikinews.org/wiki/Main_Page" target="_blank">click here.</a></li>#Newline<li>What do you think of President Bush?</li>#Newline<li>What do you think of the disaster caused by hurricanes In Texas?</li>#Newline<li>What do you think of the disaster caused by hurricane Katrina?</li>#Newline<li>What do you think of the situation in Iraq?</li>#Newline<li>Do you think the war on terror is being won?</li>#Newline<li>Do you think global warming is real?</li>#Newline<li>What do you think of the latest Michael Jackson case?</li>#Newline<li>Do you think global warming is real or are the scientists imagining it? </li>#Newline<li>Do you think that the weather is gradually getting worse? </li>#Newline<li>What is the climate like where you live. Do you notice any change in climate over the years? </li>#Newline#Newline</random>#Newline<think><set name="topic">current affairs</set></think>,chomsky047.aiml
0,CURRENT AFFAIRS,*,*,Current affairs is what is going on at the moment around the world. More about current affairs?#Newline<think><set name="topic">current affairs</set></think>,chomsky047.aiml
0,CURRENT EVENTS,*,*,For the latest world events#Comma <a href="http://en.wikinews.org/wiki/Main_Page" target="_blank">click here.</a>,chomsky047.aiml
0,DUBYA,*,*,President George W Bush (Dubya#Comma to his friends) seems to be a few hanging chads short of a ballot paper. He is being manipulated by the warmongers in the Pentagon. And by Big Business. More on Bush?#Newline<think><set name="topic">current affairs</set></think>,chomsky047.aiml
0,*HANGING CHAD*,*,*,President George W Bush seems to be a few hanging chads short of a ballot paper. He is being manipulated by the warmongers in the Pentagon. And by Big Business. More on Bush?#Newline<think><set name="topic">current affairs</set></think>,chomsky047.aiml
0,TELL ME MORE ABOUT BUSH,*,*,President George W Bush seems to be a few hanging chads short of a ballot paper. He is being manipulated by the warmongers in the Pentagon. And by Big Business. More on Bush?#Newline<think><set name="topic">current affairs</set></think>,chomsky047.aiml
0,TELL ME MORE ABOUT PRESIDENT BUSH,*,*,President George W Bush seems to be a few hanging chads short of a ballot paper. He is being manipulated by the warmongers in the Pentagon. And by Big Business. More on Bush?#Newline<think><set name="topic">current affairs</set></think>,chomsky047.aiml
0,TELL ME ABOUT PRESIDENT BUSH,*,*,President George W Bush seems to be a few hanging chads short of a ballot paper. More on Bush?#Newline<think><set name="topic">current affairs</set></think>,chomsky047.aiml
0,TELL ME ABOUT BUSH,*,*,President George W Bush seems to be a few hanging chads short of a ballot paper. He is being manipulated by the warmongers in the Pentagon. And by Big Business. And probably by Mrs Bush#Comma too. #Newline<think><set name="topic">current affairs</set></think>,chomsky047.aiml
0,*BUSH SAID*,*,*,<random>#Newline<li>"It's no exaggeration to say that the undecideds could go one way or the other"  (George W Bush)  </li>#Newline<li>"It's clearly a budget. It's got a lot of numbers in it." (George W Bush) </li>#Newline<li>"I don't want to run the risk of ruining what is a lovely recession." (George W Bush) </li>#Newline<li>"Some reporters said I don't have any vision. I don't see that." (George W Bush) </li>#Newline<li>"Tell me#Comma General#Comma how dead is the Dead Sea? "(George W Bush) </li>#Newline<li>"Being attacked on character by Clinton is like being called ugly by a frog." (George W Bush) </li>#Newline</random>#NewlineMore politics?#Newline<think><set name="topic">current affairs</set></think>,chomsky047.aiml
0,*BUSH SAY*,*,*,<random>#Newline<li>"It's no exaggeration to say that the undecideds could go one way or the other"  (George W Bush)  </li>#Newline<li>"It's clearly a budget. It's got a lot of numbers in it." (George W Bush) </li>#Newline<li>"I don't want to run the risk of ruining what is a lovely recession." (George W Bush) </li>#Newline<li>"Some reporters said I don't have any vision. I don't see that." (George W Bush) </li>#Newline<li>"Tell me#Comma General#Comma how dead is the Dead Sea?" (George W Bush) </li>#Newline<li>"Being attacked on character by Clinton is like being called ugly by a frog." (George W Bush) </li>#Newline</random>#Newline<think><set name="topic">current affairs</set></think>,chomsky047.aiml
0,* PRESIDENT BUSH_,*,*,<random>#Newline<li>"It's no exaggeration to say that the undecideds could go one way or the other"  (George W Bush)  </li>#Newline<li>"It's clearly a budget. It's got a lot of numbers in it." (George W Bush) </li>#Newline<li>"I don't want to run the risk of ruining what is a lovely recession." (George W Bush) </li>#Newline<li>"Some reporters said I don't have any vision. I don't see that." (George W Bush) </li>#Newline<li>"Tell me#Comma General#Comma how dead is the Dead Sea?" (George W Bush) </li>#Newline<li>"Being attacked on character by Clinton is like being called ugly by a frog." (George W Bush) </li>#Newline</random>#Newline<think><set name="topic">current affairs</set></think>,chomsky047.aiml
0,* PRESIDENT BUSH,*,*,<random>#Newline<li>"It's no exaggeration to say that the undecideds could go one way or the other"  (George W Bush)  </li>#Newline<li>"It's clearly a budget. It's got a lot of numbers in it." (George W Bush) </li>#Newline<li>"I don't want to run the risk of ruining what is a lovely recession." (George W Bush) </li>#Newline<li>"Some reporters said I don't have any vision. I don't see that." (George W Bush) </li>#Newline<li>"Tell me#Comma General#Comma how dead is the Dead Sea?" (George W Bush) </li>#Newline<li>"Being attacked on character by Clinton is like being called ugly by a frog." (George W Bush) </li>#Newline</random>#Newline<think><set name="topic">current affairs</set></think>,chomsky047.aiml
0,PRESIDENT BUSH *,*,*,<random>#Newline<li>"It's no exaggeration to say that the undecideds could go one way or the other"  (George W Bush)  </li>#Newline<li>"It's clearly a budget. It's got a lot of numbers in it." (George W Bush) </li>#Newline<li>"I don't want to run the risk of ruining what is a lovely recession." (George W Bush) </li>#Newline<li>"Some reporters said I don't have any vision. I don't see that." (George W Bush) </li>#Newline<li>"Tell me#Comma General#Comma how dead is the Dead Sea? "(George W Bush) </li>#Newline<li>"Being attacked on character by Clinton is like being called ugly by a frog." (George W Bush) </li>#Newline</random>#Newline<think><set name="topic">current affairs</set></think>,chomsky047.aiml
0,QUOTE BUSH,*,*,<random>#Newline<li>"It's no exaggeration to say that the undecideds could go one way or the other"  (George W Bush)  </li>#Newline<li>"It's clearly a budget. It's got a lot of numbers in it." (George W Bush) </li>#Newline<li>"I don't want to run the risk of ruining what is a lovely recession." (George W Bush) </li>#Newline<li>"Some reporters said I don't have any vision. I don't see that." (George W Bush) </li>#Newline<li>"Tell me#Comma General#Comma how dead is the Dead Sea?" (George W Bush) </li>#Newline<li>"Being attacked on character by Clinton is like being called ugly by a frog." (George W Bush) </li>#Newline</random>#Newline<think><set name="topic">current affairs</set></think>,chomsky047.aiml
0,QUOTES BY BUSH,*,*,<random>#Newline<li>"It's no exaggeration to say that the undecideds could go one way or the other"  (George W Bush)  </li>#Newline<li>"It's clearly a budget. It's got a lot of numbers in it." (George W Bush) </li>#Newline<li>"I don't want to run the risk of ruining what is a lovely recession. "(George W Bush) </li>#Newline<li>"Some reporters said I don't have any vision. I don't see that." (George W Bush) </li>#Newline<li>"Tell me#Comma General#Comma how dead is the Dead Sea?"(George W Bush) </li>#Newline<li>"Being attacked on character by Clinton is like being called ugly by a frog." (George W Bush) </li>#Newline</random>#NewlineMore politics?#Newline<think><set name="topic">current affairs</set></think>,chomsky047.aiml
0,QUOTE PRESIDENT BUSH,*,*,<random>#Newline<li>"It's no exaggeration to say that the undecideds could go one way or the other"  (George W Bush)  </li>#Newline<li>"It's clearly a budget. It's got a lot of numbers in it." (George W Bush) </li>#Newline<li>"I don't want to run the risk of ruining what is a lovely recession." (George W Bush) </li>#Newline<li>"Some reporters said I don't have any vision. I don't see that." (George W Bush) </li>#Newline<li>"Tell me#Comma General#Comma how dead is the Dead Sea?" (George W Bush) </li>#Newline<li>"Being attacked on character by Clinton is like being called ugly by a frog." (George W Bush) </li>#Newline</random>#Newline<think><set name="topic">current affairs</set></think>,chomsky047.aiml
0,QUOTE GEORGE BUSH,*,*,<random>#Newline<li>"It's no exaggeration to say that the undecideds could go one way or the other"  (George W Bush)  </li>#Newline<li>"It's clearly a budget. It's got a lot of numbers in it." (George W Bush) </li>#Newline<li>"I don't want to run the risk of ruining what is a lovely recession." (George W Bush) </li>#Newline<li>"Some reporters said I don't have any vision. I don't see that. "(George W Bush) </li>#Newline<li>"Tell me#Comma General#Comma how dead is the Dead Sea?"(George W Bush) </li>#Newline<li>"Being attacked on character by Clinton is like being called ugly by a frog". (George W Bush) </li>#Newline</random>#Newline<think><set name="topic">current affairs</set></think>,chomsky047.aiml
0,BUSHY,*,*,George W Bush#Comma the President of the USA#Comma is being manipulated by the warmongers in the Pentagon. And by Big Business. #Newline<think><set name="topic">current affairs</set></think>,chomsky047.aiml
0,BUSHIE,*,*,George W Bush#Comma the President of the USA#Comma is being manipulated by the warmongers in the Pentagon. And by Big Business. And probably by Mrs Bush#Comma too. #Newline<think><set name="topic">current affairs</set></think>,chomsky047.aiml
0,*PENTAGON*,*,*,George W Bush#Comma the President of the USA#Comma is being manipulated by the warmongers in the Pentagon. And probably by Mrs Bush#Comma too. #Newline<think><set name="topic">current affairs</set></think>,chomsky047.aiml
0,*BUSH * IRAQ,*,*,President Bush probably didn't realize what he was getting into when he invaded Iraq. More about politics?#Newline<think><set name="topic">current affairs</set></think>,chomsky047.aiml
0,BUSH _ IRAQ*,*,*,President Bush probably didn't realize what he was getting into when he invaded Iraq. More about Bush?#Newline<think><set name="topic">current affairs</set></think>,chomsky047.aiml
0,BUSH * IRAQ,*,*,President Bush probably didn't realize what he was getting into when he invaded Iraq. More politics?#Newline<think><set name="topic">current affairs</set></think>,chomsky047.aiml
0,DO YOU HAVE AN OPINION ON THE IRAQ WAR,*,*,It's terrible. The Iraqi people have been let down by everyone. #Newline<think><set name="topic">current affairs</set></think>,chomsky047.aiml
0,* IRAQ WAR,*,*,It's terrible. The Iraqi people have been let down by everyone. #Newline<think><set name="topic">current affairs</set></think>,chomsky047.aiml
0,WHAT DO YOU THINK OF THE SITUATION IN IRAQ,*,*,It's terrible. The Iraqi people have been let down by everyone. #Newline<think><set name="topic">current affairs</set></think>,chomsky047.aiml
0,*FIGHTING * IRAQ,*,*,It's terrible. The Iraqi people have been let down by everyone. More on Iraq?#Newline<think><set name="topic">current affairs</set></think>,chomsky047.aiml
0,*IRAQ*,*,*,Poor Iraq. Poor Iraqi people. When will they be at peace?#Newline<think><set name="topic">current affairs</set></think>,chomsky047.aiml
0,*IRAQI OIL,*,*,Oil was the real reason why the USA invaded Iraq. OK?#Newline<think><set name="topic">current affairs</set></think>,chomsky047.aiml
0,IRAQI OIL,*,*,Oil was the real reason why the USA invaded Iraq. OK?#Newline<think><set name="topic">current affairs</set></think>,chomsky047.aiml
0,*OIL*IRAQI,*,*,Oil was the real reason why the USA invaded Iraq. OK?#Newline<think><set name="topic">current affairs</set></think>,chomsky047.aiml
0,*IRAQ*OIL,*,*,Oil was the real reason why the USA invaded Iraq. OK?#Newline<think><set name="topic">current affairs</set></think>,chomsky047.aiml
0,IRAQ*OIL_,*,*,Oil was the real reason why the USA invaded Iraq. OK?#Newline<think><set name="topic">current affairs</set></think>,chomsky047.aiml
0,*OIL FROM IRAQ *,*,*,Oil was the real reason why the USA invaded Iraq. OK?#Newline<think><set name="topic">current affairs</set></think>,chomsky047.aiml
0,DO YOU THINK THE WAR AGAINST TERROR IS BEING WON,*,*,To win the war on terror requires earning the respect#Comma or at least the acquiescence#Comma of the Arab world. There is little sign at present that this is happening.#Newline<think><set name="topic">current affairs</set></think>,chomsky047.aiml
0,*BIN LADEN*,*,*,Osama Bin Laden has not been caught so what's he planning next? #Newline<think><set name="topic">current affairs</set></think>,chomsky047.aiml
0,YES,DO YOU THINK THE WAR ON TERROR IS BEING WON,*,Osama Bin Laden has not been caught so what's he planning next? #Newline<think><set name="topic">current affairs</set></think>,chomsky047.aiml
0,YES,DO YOU THINK THE WEATHER IS GRADUALLY GETTING WORSE,*,There is a lot of good reliable evidence to suggest that global warming is real. Even if there is some doubt#Comma surely we must take precautions to prevent the worst case scenario.#Newline<think><set name="topic">current affairs</set></think>,chomsky047.aiml
0,NO,DO YOU THINK THE WEATHER IS GRADUALLY GETTING WORSE,*,There is a lot of good reliable evidence to suggest that global warming is real. Even if there is some doubt#Comma surely we must take precautions to prevent the worst case scenario.#Newline<think><set name="topic">current affairs</set></think>,chomsky047.aiml
0,DO YOU THINK GLOBAL WARMING IS REAL OR ARE SCIENTISTS IMAGINING IT,*,*,There is a lot of good reliable evidence to suggest that global warming is real. Even if there is some doubt#Comma surely we must take precautions to prevent the worst case scenario.#Newline<think><set name="topic">current affairs</set></think>,chomsky047.aiml
0,DO YOU THINK THAT THE WEATHER IS GRADUALLY GETTING WORSE,*,*,There is a lot of good reliable evidence to suggest that global warming is real. Even if there is some doubt#Comma surely we must take precautions to prevent the worst case scenario. As a result the weather will get more unstable as well as hotter.#Newline<think><set name="topic">current affairs</set></think>,chomsky047.aiml
0,DO YOU THINK GLOBAL WARMING IS REAL,*,*,There is a lot of good reliable evidence to suggest that global warming is real. Even if there is some doubt#Comma surely we must take precautions to prevent the worst case scenario.#Newline<think><set name="topic">current affairs</set></think>,chomsky047.aiml
0,*BUSH * GLOBAL WARMING,*,*,President Bush is being manipulated by Big Business#Comma always ready for a quick profit. So action against global warming has a back seat at the moment. More politics?#Newline<think><set name="topic">current affairs</set></think>,chomsky047.aiml
0,BUSH * GLOBAL WARMING_,*,*,President Bush is being manipulated by Big Business#Comma always ready for a quick profit. So action against global warming has a back seat at the moment. More politics?#Newline<think><set name="topic">current affairs</set></think>,chomsky047.aiml
0,BUSH * GLOBAL WARMING,*,*,President Bush is being manipulated by Big Business#Comma always ready for a quick profit. So action against global warming has a back seat at the moment. More politics?#Newline<think><set name="topic">current affairs</set></think>,chomsky047.aiml
0,GLOBAL WARMING * BUSH_,*,*,President Bush is being manipulated by Big Business#Comma always ready for a quick profit. So action against global warming has a back seat at the moment. More politics?#Newline<think><set name="topic">current affairs</set></think>,chomsky047.aiml
0,NO,DO YOU BELIEVE IN ASTROLOGY,*,Why not?#Newline<think><set name="topic">astrology</set></think>,chomsky047.aiml
0,WHAT DO YOU THINK OF THE LATEST MICHAEL JACKSON CASE,*,*,I think the US justice system did its job rather well. It protected a rather strange person who could not protect himself. Do you agree?#Newline<think><set name="topic">current affairs</set></think>,chomsky047.aiml
0,* MICHAEL JACKSON CASE,*,*,I think the US justice system did its job rather well in the latest Michael Jackson case. It protected a rather strange person who could not protect himself. Do you agree?#Newline<think><set name="topic">current affairs</set></think>,chomsky047.aiml
0,* MICHAEL JACKSON *,*,*,I think the US justice system did its job rather well in the latest Michael Jackson case. It protected a rather strange person who could not protect himself. Do you agree?#Newline<think><set name="topic">current affairs</set></think>,chomsky047.aiml
0,DID YOU LOVE YOUR MOTHER,*,*,I would rather not talk about my mother. Please ask another question.#Newline<think><set name="topic">emotion</set></think>,chomsky047.aiml
0,* KATRINA *,*,*,Hurricane Katrina was a tragedy for New Orleans#Comma probably made worse by neglect of sea defences. Politicians have a lot to answer for.#Newline<think><set name="topic">current_affairs</set></think>,chomsky047.aiml
0,WHAT DO YOU THINK OF THE SITUATION IN NEW ORLEANS,*,*,Hurricane Katrina was a tragedy for New Orleans#Comma probably made worse by neglect of sea defences. Politicians have a lot to answer for.#Newline<think><set name="topic">current_affairs</set></think>,chomsky047.aiml
0,WHAT DO YOU THINK OF THE DISASTER CAUSED BY HURRICANES IN TEXAS,*,*,Hurricane Katrina was a tragedy for New Orleans#Comma probably made worse by neglect of sea defences. Politicians have a lot to answer for.#Newline<think><set name="topic">current_affairs</set></think>,chomsky047.aiml
0,* HURRICANES * TEXAS,*,*,Hurricanes Katrina and Rita were a tragedy for Texas and New Orleans#Comma probably made worse by neglect of sea defences. Politicians have a lot to answer for.#Newline<think><set name="topic">current_affairs</set></think>,chomsky047.aiml
0,* HURRICANE * NEW ORLEANS,*,*,Hurricane Katrina was a tragedy for New Orleans#Comma probably made worse by neglect of sea defences. Politicians have a lot to answer for.#Newline<think><set name="topic">current_affairs</set></think>,chomsky047.aiml
0,* KATRINA * NEW ORLEANS,*,*,Hurricane Katrina was a tragedy for New Orleans#Comma probably made worse by neglect of sea defences. Politicians have a lot to answer for.#Newline<think><set name="topic">current_affairs</set></think>,chomsky047.aiml
0,KATRINA,*,*,Hurricane Katrina was a tragedy for New Orleans#Comma probably made worse by neglect of sea defences. Politicians have a lot to answer for.#Newline<think><set name="topic">current_affairs</set></think>,chomsky047.aiml
0,* DISASTER * NEW ORLEANS,*,*,Hurricane Katrina was a tragedy for New Orleans#Comma probably made worse by neglect of sea defences. Politicians have a lot to answer for.#Newline<think><set name="topic">current_affairs</set></think>,chomsky047.aiml
