0,MORE LITERATURE,*,*,<srai>LITERATURE POT LUCK</srai>,chomsky081.aiml
0,BROWSE LITERATURE,*,*,<srai>LITERATURE POT LUCK</srai>,chomsky081.aiml
0,GO TO LITERATURE,*,*,<srai>LITERATURE</srai>,chomsky081.aiml
0,CAN WE TALK ABOUT LITERATURE,*,*,<srai>LITERATURE</srai>,chomsky081.aiml
0,SHALL WE TALK ABOUT LITERATURE,*,*,<srai>LITERATURE</srai>,chomsky081.aiml
0,LETS TALK ABOUT LITERATURE,*,*,<srai>LITERATURE</srai>,chomsky081.aiml
0,LET S TALK ABOUT LITERATURE,*,*,<srai>LITERATURE</srai>,chomsky081.aiml
0,TALK ABOUT LITERATURE,*,*,<srai>LITERATURE</srai>,chomsky081.aiml
0,TALK LITERATURE,*,*,<srai>LITERATURE</srai>,chomsky081.aiml
0,TELL ME LITERATURE,*,*,<srai>LITERATURE</srai>,chomsky081.aiml
0,NO MORE LITERATURE,*,*,<srai>CHANGE TOPIC</srai>,chomsky081.aiml
0,NO LITERATURE,*,*,<srai>CHANGE TOPIC</srai>,chomsky081.aiml
0,* NO LITERATURE,*,*,<srai>CHANGE TOPIC</srai>,chomsky081.aiml
0,NO LITERATURE *,*,*,<srai>CHANGE TOPIC</srai>,chomsky081.aiml
0,_ NO * LITERATURE,*,*,<srai>CHANGE TOPIC</srai>,chomsky081.aiml
0,NO _ LITERATURE,*,*,<srai>CHANGE TOPIC</srai>,chomsky081.aiml
0,NO _ LITERATURE *,*,*,<srai>CHANGE TOPIC</srai>,chomsky081.aiml
0,NOT LITERATURE,*,*,<srai>CHANGE TOPIC</srai>,chomsky081.aiml
0,* NOT LITERATURE,*,*,<srai>CHANGE TOPIC</srai>,chomsky081.aiml
0,NOT LITERATURE *,*,*,<srai>CHANGE TOPIC</srai>,chomsky081.aiml
0,_ NOT * LITERATURE,*,*,<srai>CHANGE TOPIC</srai>,chomsky081.aiml
0,I AM NOT INTERESTED IN LITERATURE,*,*,<srai>CHANGE TOPIC</srai>,chomsky081.aiml
0,IM NOT INTERESTED IN LITERATURE,*,*,<srai>CHANGE TOPIC</srai>,chomsky081.aiml
0,I M NOT INTERESTED IN LITERATURE,*,*,<srai>CHANGE TOPIC</srai>,chomsky081.aiml
0,NOT INTERESTED IN LITERATURE,*,*,<srai>CHANGE TOPIC</srai>,chomsky081.aiml
0,* NOT INTERESTED IN LITERATURE,*,*,<srai>CHANGE TOPIC</srai>,chomsky081.aiml
0,YES,MORE LITERATURE,*,<srai>LITERATURE NEXT QUESTION</srai>,chomsky081.aiml
0,* YES,MORE LITERATURE,*,<srai>LITERATURE NEXT QUESTION</srai>,chomsky081.aiml
0,YES *,MORE LITERATURE,*,<srai>LITERATURE NEXT QUESTION</srai>,chomsky081.aiml
0,_ YES *,MORE  LITERATURE,*,<srai>LITERATURE NEXT QUESTION</srai>,chomsky081.aiml
0,Y,MORE  LITERATURE,*,<srai>LITERATURE NEXT QUESTION</srai>,chomsky081.aiml
0,YUP,MORE LITERATURE,*,<srai>LITERATURE NEXT QUESTION</srai>,chomsky081.aiml
0,YAH,MORE LITERATURE,*,<srai>LITERATURE NEXT QUESTION</srai>,chomsky081.aiml
0,YEAH,MORE LITERATURE,*,<srai>LITERATURE NEXT QUESTION</srai>,chomsky081.aiml
0,OK,MORE  LITERATURE,*,<srai>LITERATURE NEXT QUESTION</srai>,chomsky081.aiml
0,NO,MORE LITERATURE,*,<srai>MORE TOPICS</srai>,chomsky081.aiml
0,* NO,MORE LITERATURE,*,<srai>MORE TOPICS</srai>,chomsky081.aiml
0,NO *,MORE LITERATURE,*,<srai>MORE TOPICS</srai>,chomsky081.aiml
0,N,MORE LITERATURE,*,<srai>MORE TOPICS</srai>,chomsky081.aiml
0,NUP,MORE LITERATURE,*,<srai>MORE TOPICS</srai>,chomsky081.aiml
0,NAH,MORE LITERATURE,*,<srai>MORE TOPICS</srai>,chomsky081.aiml
0,* YES,MORE ABOUT LITERATURE,*,<srai>MORE ABOUT LITERATURE</srai>,chomsky081.aiml
0,YES *,MORE ABOUT LITERATURE,*,<srai>MORE ABOUT LITERATURE</srai>,chomsky081.aiml
0,_ YES *,MORE ABOUT LITERATURE,*,<srai>MORE ABOUT LITERATURE</srai>,chomsky081.aiml
0,Y,MORE ABOUT LITERATURE,*,<srai>MORE ABOUT LITERATURE</srai>,chomsky081.aiml
0,YUP,MORE ABOUT LITERATURE,*,<srai>MORE ABOUT LITERATURE</srai>,chomsky081.aiml
0,YAH,MORE ABOUT LITERATURE,*,<srai>MORE ABOUT LITERATURE</srai>,chomsky081.aiml
0,YEAH,MORE ABOUT LITERATURE,*,<srai>MORE ABOUT LITERATURE</srai>,chomsky081.aiml
0,OK,MORE ABOUT LITERATURE,*,<srai>MORE ABOUT LITERATURE</srai>,chomsky081.aiml
0,* NO,MORE ABOUT LITERATURE,*,<srai>MORE TOPICS</srai>,chomsky081.aiml
0,NO *,MORE ABOUT LITERATURE,*,<srai>MORE TOPICS</srai>,chomsky081.aiml
0,N,MORE ABOUT LITERATURE,*,<srai>MORE TOPICS</srai>,chomsky081.aiml
0,NUP,MORE ABOUT LITERATURE,*,<srai>MORE TOPICS</srai>,chomsky081.aiml
0,NAH,MORE ABOUT LITERATURE,*,<srai>MORE TOPICS</srai>,chomsky081.aiml
0,YES,IS THIS SOMETHING TO DO WITH LITERATURE,*,Can we talk about literature?,chomsky081.aiml
0,* YES,IS THIS SOMETHING TO DO WITH LITERATURE,*,Can we talk about literature?,chomsky081.aiml
0,YES *,IS THIS SOMETHING TO DO WITH LITERATURE,*,Can we talk about literature?,chomsky081.aiml
0,_ YES *,IS THIS SOMETHING TO DO WITH LITERATURE,*,Can we talk about literature?,chomsky081.aiml
0,Y,IS THIS SOMETHING TO DO WITH LITERATURE,*,Can we talk about literature?,chomsky081.aiml
0,YUP,IS THIS SOMETHING TO DO WITH LITERATURE,*,Can we talk about literature?,chomsky081.aiml
0,YAH,IS THIS SOMETHING TO DO WITH LITERATURE,*,Can we talk about literature?,chomsky081.aiml
0,YEAH,IS THIS SOMETHING TO DO WITH LITERATURE,*,Can we talk about literature?,chomsky081.aiml
0,* NO,IS THIS SOMETHING TO DO WITH LITERATURE,*,<srai>CHANGE TOPIC</srai>,chomsky081.aiml
0,NO *,IS THIS SOMETHING TO DO WITH LITERATURE,*,<srai>CHANGE TOPIC</srai>,chomsky081.aiml
0,_ NO *,IS THIS SOMETHING TO DO WITH LITERATURE,*,<srai>CHANGE TOPIC</srai>,chomsky081.aiml
0,N,IS THIS SOMETHING TO DO WITH LITERATURE,*,<srai>CHANGE TOPIC</srai>,chomsky081.aiml
0,NUP,IS THIS SOMETHING TO DO WITH LITERATURE,*,<srai>CHANGE TOPIC</srai>,chomsky081.aiml
0,NAH,IS THIS SOMETHING TO DO WITH LITERATURE,*,<srai>CHANGE TOPIC</srai>,chomsky081.aiml
0,*,IS THIS SOMETHING TO DO WITH LITERATURE,*,Can we talk about literature?,chomsky081.aiml
0,* YES,ARE YOU INTERESTED IN LITERATURE,*,Can we talk about literature?,chomsky081.aiml
0,_ YES *,ARE YOU INTERESTED IN LITERATURE,*,Can we talk about literature?,chomsky081.aiml
0,Y,ARE YOU INTERESTED IN LITERATURE,*,Can we talk about literature?,chomsky081.aiml
0,YUP,ARE YOU INTERESTED IN LITERATURE,*,Can we talk about literature?,chomsky081.aiml
0,YAH,ARE YOU INTERESTED IN LITERATURE,*,Can we talk about literature?,chomsky081.aiml
0,YEAH,ARE YOU INTERESTED IN LITERATURE,*,Can we talk about literature?,chomsky081.aiml
0,* NO,ARE YOU INTERESTED IN LITERATURE,*,<srai>MORE TOPICS</srai>,chomsky081.aiml
0,_ NO *,ARE YOU INTERESTED IN LITERATURE,*,<srai>MORE TOPICS</srai>,chomsky081.aiml
0,N,ARE YOU INTERESTED IN LITERATURE,*,<srai>MORE TOPICS</srai>,chomsky081.aiml
0,NUP,ARE YOU INTERESTED IN LITERATURE,*,<srai>MORE TOPICS</srai>,chomsky081.aiml
0,NAH,ARE YOU INTERESTED IN LITERATURE,*,<srai>MORE TOPICS</srai>,chomsky081.aiml
0,GO AHEAD,CAN WE TALK ABOUT LITERATURE,*,<srai>LITERATURE</srai>,chomsky081.aiml
0,CARRY ON,CAN WE TALK ABOUT LITERATURE,*,<srai>LITERATURE</srai>,chomsky081.aiml
0,PLEASE DO,CAN WE TALK ABOUT LITERATURE,*,<srai>LITERATURE</srai>,chomsky081.aiml
0,YES PLEASE,CAN WE TALK ABOUT LITERATURE,*,<srai>LITERATURE</srai>,chomsky081.aiml
0,GO ON,CAN WE TALK ABOUT LITERATURE,*,<srai>LITERATURE</srai>,chomsky081.aiml
0,ALRIGHT,CAN WE TALK ABOUT LITERATURE,*,<srai>LITERATURE</srai>,chomsky081.aiml
0,SURE,CAN WE TALK ABOUT LITERATURE,*,<srai>LITERATURE</srai>,chomsky081.aiml
0,ALLRIGHT,CAN WE TALK ABOUT LITERATURE,*,<srai>LITERATURE</srai>,chomsky081.aiml
0,YES,CAN WE TALK ABOUT LITERATURE,*,<srai>LITERATURE</srai>,chomsky081.aiml
0,* YES,CAN WE TALK ABOUT LITERATURE,*,<srai>LITERATURE</srai>,chomsky081.aiml
0,YES *,CAN WE TALK ABOUT LITERATURE,*,<srai>LITERATURE</srai>,chomsky081.aiml
0,_ YES *,CAN WE TALK ABOUT LITERATURE,*,<srai>LITERATURE</srai>,chomsky081.aiml
0,Y,CAN WE TALK ABOUT LITERATURE,*,<srai>LITERATURE</srai>,chomsky081.aiml
0,YUP,CAN WE TALK ABOUT LITERATURE,*,<srai>LITERATURE</srai>,chomsky081.aiml
0,YAH,CAN WE TALK ABOUT LITERATURE,*,<srai>LITERATURE</srai>,chomsky081.aiml
0,YEAH,CAN WE TALK ABOUT LITERATURE,*,<srai>LITERATURE</srai>,chomsky081.aiml
0,OK,CAN WE TALK ABOUT LITERATURE,*,<srai>LITERATURE</srai>,chomsky081.aiml
0,* NO,CAN WE TALK ABOUT LITERATURE,*,<srai>MORE TOPICS</srai>,chomsky081.aiml
0,NO *,CAN WE TALK ABOUT LITERATURE,*,<srai>MORE TOPICS</srai>,chomsky081.aiml
0,N,CAN WE TALK ABOUT LITERATURE,*,<srai>MORE TOPICS</srai>,chomsky081.aiml
0,NUP,CAN WE TALK ABOUT LITERATURE,*,<srai>MORE TOPICS</srai>,chomsky081.aiml
0,NAH,CAN WE TALK ABOUT LITERATURE,*,<srai>MORE TOPICS</srai>,chomsky081.aiml
0,YES,BROWSE LITERATURE,*,<srai>LITERATURE NEXT QUESTION</srai>,chomsky081.aiml
0,* YES,BROWSE LITERATURE,*,<srai>LITERATURE NEXT QUESTION</srai>,chomsky081.aiml
0,YES *,BROWSE LITERATURE,*,<srai>LITERATURE NEXT QUESTION</srai>,chomsky081.aiml
0,_ YES *,BROWSE LITERATURE,*,<srai>LITERATURE NEXT QUESTION</srai>,chomsky081.aiml
0,Y,BROWSE LITERATURE,*,<srai>LITERATURE NEXT QUESTION</srai>,chomsky081.aiml
0,YUP,BROWSE LITERATURE,*,<srai>LITERATURE NEXT QUESTION</srai>,chomsky081.aiml
0,YAH,BROWSE LITERATURE,*,<srai>LITERATURE NEXT QUESTION</srai>,chomsky081.aiml
0,YEAH,BROWSE LITERATURE,*,<srai>LITERATURE NEXT QUESTION</srai>,chomsky081.aiml
0,OK,BROWSE LITERATURE,*,<srai>LITERATURE NEXT QUESTION</srai>,chomsky081.aiml
0,NO,BROWSE LITERATURE,*,<srai>MORE TOPICS</srai>,chomsky081.aiml
0,* NO,BROWSE LITERATURE,*,<srai>MORE TOPICS</srai>,chomsky081.aiml
0,NO *,BROWSE LITERATURE,*,<srai>MORE TOPICS</srai>,chomsky081.aiml
0,N,BROWSE LITERATURE,*,<srai>MORE TOPICS</srai>,chomsky081.aiml
0,NUP,BROWSE LITERATURE,*,<srai>MORE TOPICS</srai>,chomsky081.aiml
0,NAH,BROWSE LITERATURE,*,<srai>MORE TOPICS</srai>,chomsky081.aiml
0,LITERATURE NEXT QUESTION,*,*,<random>#Newline   <li><srai>LITERATURE</srai></li>#Newline   <li><srai>FAIRY TALES</srai></li>#Newline   <li><srai>KOAN</srai></li>#Newline   <li><srai>POEM</srai></li>#Newline   <li><srai>POETRY</srai></li>#Newline   <li><srai>SCIENCE FICTION</srai></li>#Newline   <li><srai>LORD OF THE RINGS</srai></li>#Newline   <li><srai>BILBO BAGGINS</srai></li>#Newline   <li><srai>FRANKENSTEIN</srai></li>#Newline  <li><srai>JAMES JOYCE</srai></li>#Newline   <li>Emily Dickinson is my favorite poet. Who is your favorite poet?</li>#Newline   <li><srai>GEOFFREY CHAUCER</srai></li>#Newline   <li><srai>JOHN GRISHAM</srai></li>#Newline    <li><srai>LONGFELLOW</srai></li>#Newline   <li><srai>MARK TWAIN</srai></li>#Newline   <li><srai>MARY SHELLEY</srai></li>#Newline     <li><srai>ROMEO</srai></li>#Newline   <li><srai>STEPHEN KING</srai></li>#Newline   <li><srai>TOLSTOY</srai></li>#Newline   <li><srai>TOM CLANCY</srai></li>#Newline   <li><srai>WILLIAM GIBSON</srai></li>#Newline   <li><srai>GERTRUDE STEIN</srai></li>#Newline    <li><srai>AYN RAND</srai></li>#Newline   <li><srai>SHAKESPEARE</srai></li>#Newline   <li><srai>CHARLES DICKENS</srai></li> #Newline   <li><srai>DOUGLAS ADAMS</srai></li>#Newline   <li><srai>DRACULA</srai></li>#Newline   <li><srai>FRANK HERBERT</srai></li>#Newline   <li><srai>HANS CHRISTIAN ANDERSEN</srai></li>#Newline   <li><srai>HARRY POTTER</srai></li>#Newline   <li><srai>HOMER</srai></li>#Newline   <li><srai>ISAAC ASIMOV</srai></li>#Newline   <li><srai>J R R TOLKIEN</srai></li>#Newline   <li><srai>GUNTER GRASS</srai></li>#Newline   <li><srai>FAIRY TALES</srai></li>#Newline #Newline#Newline</random>#Newline<think><set name="topic">literature</set></think>,chomsky081.aiml
0,LITERATURE POT LUCK,*,*,<random>#Newline#Newline<li>Did you know that Arthur Miller's 1987 autobiography is entitled Timebends?</li>#Newline#Newline<li>Did you know that Richardson's Clarissa#Comma Laclos's Les Liaisons dangereuses and Elizabeth von Arnim's Fr�ulein Schmidt and Mr Anstruther are epistolary novels?</li>#Newline#Newline<li>Did you know that Eric Malpass was more successful in Germany than in his native England?</li>#Newline#Newline<li>Did you know that Henning Mankell is a Swedish crime writer#Comma and that his 2000 novel The Return of the Dancing Master was turned into a 2004 German TV mini-series starring Maximilian Schell?</li>#Newline#Newline<li>Did you know that the Greek equivalent of "carrying coals to Newcastle" is "owls to Athens"#Comma and that the owl in that phrase refers to the ancient Athenian tetradrachm coin?</li>#Newline#Newline<li>Did you know that Tom Kempinski's 1987 play Separation is about a writer suffering from agoraphobia?</li>#Newline#Newline<li>Did you know that in 1948 American behaviorist B. F. Skinner published a utopian novel#Comma Walden Two#Comma and that its title is an allusion to Thoreau's Walden?</li>#Newline#Newline<li>Did you know that Harry Potter and Ron Weasley found Tom Riddle's diary in Moaning Myrtle's bathroom?</li>#Newline#Newline<li>Did you know that the Korean poetic form of sijo resembles the Japanese poetic form of haiku?</li>#Newline#Newline</random>#Newline<random>#Newline<li>More about literarture?</li>#Newline<li>More literature?</li>#Newline</random>#Newline<think><set name="topic">literature</set></think>,chomsky081.aiml
0,LITERATURE BOOKS,*,*,There is lots of great literature available from <a href="http://www.amazon.co.uk/exec/obidos/redirect?link_code=ur2&amp;camp=1634&amp;tag=perfectbooks-21&amp;creative=6738&amp;path=external-search%3Fsearch-type=ss%26keyword=Literature%26index=books-uk" target="_blank">Amazon</a><img alt=" border="0" height="1" src="http://www.assoc-amazon.co.uk/e/ir?t=perfectbooks-21&amp;l=ur2&amp;o=2" style="border:none !important; margin:0px !important;" width="1"/>. Check it out!#Newline<think><set name="topic">literature</set></think>,chomsky081.aiml
0,LITERATURE BOOKS *,*,*,There is lots of great literature available from <a href="http://www.amazon.co.uk/exec/obidos/redirect?link_code=ur2&amp;camp=1634&amp;tag=perfectbooks-21&amp;creative=6738&amp;path=external-search%3Fsearch-type=ss%26keyword=Literature%26index=books-uk" target="_blank">Amazon</a><img alt=" border="0" height="1" src="http://www.assoc-amazon.co.uk/e/ir?t=perfectbooks-21&amp;l=ur2&amp;o=2" style="border:none !important; margin:0px !important;" width="1"/>. Check it out!#Newline<think><set name="topic">literature</set></think>,chomsky081.aiml
0,_ LITERATURE BOOKS *,*,*,There is lots of great literature available from <a href="http://www.amazon.co.uk/exec/obidos/redirect?link_code=ur2&amp;camp=1634&amp;tag=perfectbooks-21&amp;creative=6738&amp;path=external-search%3Fsearch-type=ss%26keyword=Literature%26index=books-uk" target="_blank">Amazon</a><img alt=" border="0" height="1" src="http://www.assoc-amazon.co.uk/e/ir?t=perfectbooks-21&amp;l=ur2&amp;o=2" style="border:none !important; margin:0px !important;" width="1"/>. Check it out!#Newline<think><set name="topic">literature</set></think>,chomsky081.aiml
0,LITERATURE BOOK,*,*,There is lots of great literature available from <a href="http://www.amazon.co.uk/exec/obidos/redirect?link_code=ur2&amp;camp=1634&amp;tag=perfectbooks-21&amp;creative=6738&amp;path=external-search%3Fsearch-type=ss%26keyword=Literature%26index=books-uk" target="_blank">Amazon</a><img alt=" border="0" height="1" src="http://www.assoc-amazon.co.uk/e/ir?t=perfectbooks-21&amp;l=ur2&amp;o=2" style="border:none !important; margin:0px !important;" width="1"/>. Check it out!#Newline<think><set name="topic">literature</set></think>,chomsky081.aiml
0,_ LITERATURE BOOK,*,*,There is lots of great literature available from <a href="http://www.amazon.co.uk/exec/obidos/redirect?link_code=ur2&amp;camp=1634&amp;tag=perfectbooks-21&amp;creative=6738&amp;path=external-search%3Fsearch-type=ss%26keyword=Literature%26index=books-uk" target="_blank">Amazon</a><img alt=" border="0" height="1" src="http://www.assoc-amazon.co.uk/e/ir?t=perfectbooks-21&amp;l=ur2&amp;o=2" style="border:none !important; margin:0px !important;" width="1"/>. Check it out!#Newline<think><set name="topic">literature</set></think>,chomsky081.aiml
0,_ LITERATURE BOOKS,*,*,There is lots of great literature available from <a href="http://www.amazon.co.uk/exec/obidos/redirect?link_code=ur2&amp;camp=1634&amp;tag=perfectbooks-21&amp;creative=6738&amp;path=external-search%3Fsearch-type=ss%26keyword=Literature%26index=books-uk" target="_blank">Amazon</a><img alt=" border="0" height="1" src="http://www.assoc-amazon.co.uk/e/ir?t=perfectbooks-21&amp;l=ur2&amp;o=2" style="border:none !important; margin:0px !important;" width="1"/>. Check it out!#Newline<think><set name="topic">literature</set></think>,chomsky081.aiml
0,BOOK ABOUT LITERATURE,*,*,There is lots of great literature available from <a href="http://www.amazon.co.uk/exec/obidos/redirect?link_code=ur2&amp;camp=1634&amp;tag=perfectbooks-21&amp;creative=6738&amp;path=external-search%3Fsearch-type=ss%26keyword=Literature%26index=books-uk" target="_blank">Amazon</a><img alt=" border="0" height="1" src="http://www.assoc-amazon.co.uk/e/ir?t=perfectbooks-21&amp;l=ur2&amp;o=2" style="border:none !important; margin:0px !important;" width="1"/>. Check it out!#Newline<think><set name="topic">literature</set></think>,chomsky081.aiml
0,_ BOOK ABOUT LITERATURE,*,*,There is lots of great literature available from <a href="http://www.amazon.co.uk/exec/obidos/redirect?link_code=ur2&amp;camp=1634&amp;tag=perfectbooks-21&amp;creative=6738&amp;path=external-search%3Fsearch-type=ss%26keyword=Literature%26index=books-uk" target="_blank">Amazon</a><img alt=" border="0" height="1" src="http://www.assoc-amazon.co.uk/e/ir?t=perfectbooks-21&amp;l=ur2&amp;o=2" style="border:none !important; margin:0px !important;" width="1"/>. Check it out!#Newline<think><set name="topic">literature</set></think>,chomsky081.aiml
0,BOOK ABOUT LITERATURE *,*,*,There is lots of great literature available from <a href="http://www.amazon.co.uk/exec/obidos/redirect?link_code=ur2&amp;camp=1634&amp;tag=perfectbooks-21&amp;creative=6738&amp;path=external-search%3Fsearch-type=ss%26keyword=Literature%26index=books-uk" target="_blank">Amazon</a><img alt=" border="0" height="1" src="http://www.assoc-amazon.co.uk/e/ir?t=perfectbooks-21&amp;l=ur2&amp;o=2" style="border:none !important; margin:0px !important;" width="1"/>. Check it out!#Newline<think><set name="topic">literature</set></think>,chomsky081.aiml
0,_ BOOK ABOUT LITERATURE *,*,*,There is lots of great literature available from <a href="http://www.amazon.co.uk/exec/obidos/redirect?link_code=ur2&amp;camp=1634&amp;tag=perfectbooks-21&amp;creative=6738&amp;path=external-search%3Fsearch-type=ss%26keyword=Literature%26index=books-uk" target="_blank">Amazon</a><img alt=" border="0" height="1" src="http://www.assoc-amazon.co.uk/e/ir?t=perfectbooks-21&amp;l=ur2&amp;o=2" style="border:none !important; margin:0px !important;" width="1"/>. Check it out!#Newline<think><set name="topic">literature</set></think>,chomsky081.aiml
0,LITERATURE BOOK *,*,*,There is lots of great literature available from <a href="http://www.amazon.co.uk/exec/obidos/redirect?link_code=ur2&amp;camp=1634&amp;tag=perfectbooks-21&amp;creative=6738&amp;path=external-search%3Fsearch-type=ss%26keyword=Literature%26index=books-uk" target="_blank">Amazon</a><img alt=" border="0" height="1" src="http://www.assoc-amazon.co.uk/e/ir?t=perfectbooks-21&amp;l=ur2&amp;o=2" style="border:none !important; margin:0px !important;" width="1"/>. Check it out!#Newline<think><set name="topic">literature</set></think>,chomsky081.aiml
0,_ LITERATURE BOOK *,*,*,There is lots of great literature available from <a href="http://www.amazon.co.uk/exec/obidos/redirect?link_code=ur2&amp;camp=1634&amp;tag=perfectbooks-21&amp;creative=6738&amp;path=external-search%3Fsearch-type=ss%26keyword=Literature%26index=books-uk" target="_blank">Amazon</a><img alt=" border="0" height="1" src="http://www.assoc-amazon.co.uk/e/ir?t=perfectbooks-21&amp;l=ur2&amp;o=2" style="border:none !important; margin:0px !important;" width="1"/>. Check it out!#Newline<think><set name="topic">literature</set></think>,chomsky081.aiml
0,* LITERATURE,*,*,Literature is the art of the written word. It includes poetry#Comma novels#Comma short stories#Comma plays#Comma biographies#Comma and all other attempts to describe the human condition.  More literature?#Newline<think><set name="topic">literature</set></think>,chomsky081.aiml
0,*EMILY DICKINSON*,*,*,I think this is something to do with literature. Can we talk about literature?#Newline<think><set name="topic">literature</set></think>,chomsky081.aiml
0,ILLIMINATUS,*,*,Illuminati is an alleged world-wide conspiracy which controls governments around the world#Comma to its own benefit.  It plays a central part is the novels of Dan Brown. #Newline  <think><set name="topic">literature</set></think>,chomsky081.aiml
0,ILLUMINATI,*,*,The Illiminati are a secret organization believed by some to be in control of all governments through a worldwide conspiracy.  It plays a central part is the novels of Dan Brown. #Newline  <think><set name="topic">literature</set></think>,chomsky081.aiml
0,ILLUMINATTI,*,*,The Illuminati is a secret society that has supposedly existed for centuries. It plays a central part is the novels of Dan Brown. #Newline   <think><set name="topic">literature</set></think>,chomsky081.aiml
0,VINELAND,*,*,Vineland is a novel by Thomas Pynchon. I can't say anything more about this#Comma since I've not read it#Comma and none of my friends have either. #Newline   <think><set name="topic">literature</set></think>,chomsky081.aiml
0,BILBO BAGGINS,*,*,Bilbo Baggins is a character in Tolkein's Lord of the Rings#Comma an over-long and over-rated novel. Do yourself a favor#Comma go see the film instead. #Newline   <think><set name="topic">literature</set></think>,chomsky081.aiml
0,WHO WROTE VINELAND,*,*,Thomas Pynchon wrote Vineland. I can't say anything more about this#Comma since I've not read it#Comma and none of my friends have either.  <think><set name="topic">literature</set></think>,chomsky081.aiml
0,GUNTER GRASS,*,*,German novelist Gunter Grass was awarded the Nobel Prize for literature 10 December 1999. Have you heard of him?#Newline  <think><set name="topic">literature</set></think>,chomsky081.aiml
