0,MORE BIOGRAPHY,*,*,<srai>BIOGRAPHY POT LUCK</srai>,chomsky042.aiml
0,BROWSE BIOGRAPHY,*,*,<srai>BIOGRAPHY POT LUCK</srai>,chomsky042.aiml
0,GO TO BIOGRAPHY,*,*,<srai>BIOGRAPHY</srai>,chomsky042.aiml
0,CAN WE TALK ABOUT BIOGRAPHY,*,*,<srai>BIOGRAPHY</srai>,chomsky042.aiml
0,SHALL WE TALK ABOUT BIOGRAPHY,*,*,<srai>BIOGRAPHY</srai>,chomsky042.aiml
0,LETS TALK ABOUT BIOGRAPHY,*,*,<srai>BIOGRAPHY</srai>,chomsky042.aiml
0,LET S TALK ABOUT BIOGRAPHY,*,*,<srai>BIOGRAPHY</srai>,chomsky042.aiml
0,TALK ABOUT BIOGRAPHY,*,*,<srai>BIOGRAPHY</srai>,chomsky042.aiml
0,TALK BIOGRAPHY,*,*,<srai>BIOGRAPHY</srai>,chomsky042.aiml
0,TELL ME BIOGRAPHY,*,*,<srai>BIOGRAPHY</srai>,chomsky042.aiml
0,NO MORE BIOGRAPHY,*,*,<srai>CHANGE TOPIC</srai>,chomsky042.aiml
0,NO BIOGRAPHY,*,*,<srai>CHANGE TOPIC</srai>,chomsky042.aiml
0,* NO BIOGRAPHY,*,*,<srai>CHANGE TOPIC</srai>,chomsky042.aiml
0,NO BIOGRAPHY *,*,*,<srai>CHANGE TOPIC</srai>,chomsky042.aiml
0,* NO * BIOGRAPHY,*,*,<srai>CHANGE TOPIC</srai>,chomsky042.aiml
0,NO _ BIOGRAPHY,*,*,<srai>CHANGE TOPIC</srai>,chomsky042.aiml
0,NO _ BIOGRAPHY *,*,*,<srai>CHANGE TOPIC</srai>,chomsky042.aiml
0,NOT BIOGRAPHY,*,*,<srai>CHANGE TOPIC</srai>,chomsky042.aiml
0,* NOT BIOGRAPHY,*,*,<srai>CHANGE TOPIC</srai>,chomsky042.aiml
0,NOT BIOGRAPHY *,*,*,<srai>CHANGE TOPIC</srai>,chomsky042.aiml
0,_ NOT * BIOGRAPHY,*,*,<srai>CHANGE TOPIC</srai>,chomsky042.aiml
0,I AM NOT INTERESTED IN BIOGRAPHY,*,*,<srai>CHANGE TOPIC</srai>,chomsky042.aiml
0,IM NOT INTERESTED IN BIOGRAPHY,*,*,<srai>CHANGE TOPIC</srai>,chomsky042.aiml
0,I M NOT INTERESTED IN BIOGRAPHY,*,*,<srai>CHANGE TOPIC</srai>,chomsky042.aiml
0,NOT INTERESTED IN BIOGRAPHY,*,*,<srai>CHANGE TOPIC</srai>,chomsky042.aiml
0,* NOT INTERESTED IN BIOGRAPHY,*,*,<srai>CHANGE TOPIC</srai>,chomsky042.aiml
0,YES,MORE BIOGRAPHY,*,<srai>BIOGRAPHY POT LUCK</srai>,chomsky042.aiml
0,* YES,MORE BIOGRAPHY,*,<srai>BIOGRAPHY POT LUCK</srai>,chomsky042.aiml
0,YES *,MORE BIOGRAPHY,*,<srai>BIOGRAPHY POT LUCK</srai>,chomsky042.aiml
0,_ YES *,MORE  BIOGRAPHY,*,<srai>BIOGRAPHY POT LUCK</srai>,chomsky042.aiml
0,Y,MORE  BIOGRAPHY,*,<srai>BIOGRAPHY POT LUCK</srai>,chomsky042.aiml
0,YUP,MORE BIOGRAPHY,*,<srai>BIOGRAPHY POT LUCK</srai>,chomsky042.aiml
0,YAH,MORE BIOGRAPHY,*,<srai>BIOGRAPHY POT LUCK</srai>,chomsky042.aiml
0,YEAH,MORE BIOGRAPHY,*,<srai>BIOGRAPHY POT LUCK</srai>,chomsky042.aiml
0,OK,MORE  BIOGRAPHY,*,<srai>BIOGRAPHY POT LUCK</srai>,chomsky042.aiml
0,* NO,MORE BIOGRAPHY,*,<srai>MORE TOPICS</srai>,chomsky042.aiml
0,NO *,MORE BIOGRAPHY,*,<srai>MORE TOPICS</srai>,chomsky042.aiml
0,N,MORE BIOGRAPHY,*,<srai>MORE TOPICS</srai>,chomsky042.aiml
0,NUP,MORE BIOGRAPHY,*,<srai>MORE TOPICS</srai>,chomsky042.aiml
0,NAH,MORE BIOGRAPHY,*,<srai>MORE TOPICS</srai>,chomsky042.aiml
0,YES,MORE ABOUT BIOGRAPHY,*,<srai>MORE ABOUT BIOGRAPHY</srai>,chomsky042.aiml
0,* YES,MORE ABOUT BIOGRAPHY,*,<srai>MORE ABOUT BIOGRAPHY</srai>,chomsky042.aiml
0,YES *,MORE ABOUT BIOGRAPHY,*,<srai>MORE ABOUT BIOGRAPHY</srai>,chomsky042.aiml
0,_ YES *,MORE ABOUT BIOGRAPHY,*,<srai>MORE ABOUT BIOGRAPHY</srai>,chomsky042.aiml
0,Y,MORE ABOUT BIOGRAPHY,*,<srai>MORE ABOUT BIOGRAPHY</srai>,chomsky042.aiml
0,YUP,MORE ABOUT BIOGRAPHY,*,<srai>MORE ABOUT BIOGRAPHY</srai>,chomsky042.aiml
0,YAH,MORE ABOUT BIOGRAPHY,*,<srai>MORE ABOUT BIOGRAPHY</srai>,chomsky042.aiml
0,YEAH,MORE ABOUT BIOGRAPHY,*,<srai>MORE ABOUT BIOGRAPHY</srai>,chomsky042.aiml
0,OK,MORE ABOUT BIOGRAPHY,*,<srai>MORE ABOUT BIOGRAPHY</srai>,chomsky042.aiml
0,* NO,MORE ABOUT BIOGRAPHY,*,<srai>MORE TOPICS</srai>,chomsky042.aiml
0,NO *,MORE ABOUT BIOGRAPHY,*,<srai>MORE TOPICS</srai>,chomsky042.aiml
0,N,MORE ABOUT BIOGRAPHY,*,<srai>MORE TOPICS</srai>,chomsky042.aiml
0,NUP,MORE ABOUT BIOGRAPHY,*,<srai>MORE TOPICS</srai>,chomsky042.aiml
0,NAH,MORE ABOUT BIOGRAPHY,*,<srai>MORE TOPICS</srai>,chomsky042.aiml
0,YES,IS THIS SOMETHING TO DO WITH BIOGRAPHY,*,Can we talk about biography?,chomsky042.aiml
0,* YES,IS THIS SOMETHING TO DO WITH BIOGRAPHY,*,Can we talk about biography?,chomsky042.aiml
0,YES *,IS THIS SOMETHING TO DO WITH BIOGRAPHY,*,Can we talk about biography?,chomsky042.aiml
0,_ YES *,IS THIS SOMETHING TO DO WITH BIOGRAPHY,*,Can we talk about biography?,chomsky042.aiml
0,Y,IS THIS SOMETHING TO DO WITH BIOGRAPHY,*,Can we talk about biography?,chomsky042.aiml
0,YUP,IS THIS SOMETHING TO DO WITH BIOGRAPHY,*,Can we talk about biography?,chomsky042.aiml
0,YAH,IS THIS SOMETHING TO DO WITH BIOGRAPHY,*,Can we talk about biography?,chomsky042.aiml
0,YEAH,IS THIS SOMETHING TO DO WITH BIOGRAPHY,*,Can we talk about biography?,chomsky042.aiml
0,NO,IS THIS SOMETHING TO DO WITH BIOGRAPHY,*,<srai>CHANGE TOPIC</srai>,chomsky042.aiml
0,* NO,IS THIS SOMETHING TO DO WITH BIOGRAPHY,*,<srai>CHANGE TOPIC</srai>,chomsky042.aiml
0,NO *,IS THIS SOMETHING TO DO WITH BIOGRAPHY,*,<srai>CHANGE TOPIC</srai>,chomsky042.aiml
0,_ NO *,IS THIS SOMETHING TO DO WITH BIOGRAPHY,*,<srai>CHANGE TOPIC</srai>,chomsky042.aiml
0,N,IS THIS SOMETHING TO DO WITH BIOGRAPHY,*,<srai>CHANGE TOPIC</srai>,chomsky042.aiml
0,NUP,IS THIS SOMETHING TO DO WITH BIOGRAPHY,*,<srai>CHANGE TOPIC</srai>,chomsky042.aiml
0,NAH,IS THIS SOMETHING TO DO WITH BIOGRAPHY,*,<srai>CHANGE TOPIC</srai>,chomsky042.aiml
0,*,IS THIS SOMETHING TO DO WITH BIOGRAPHY,*,Can we talk about biography?,chomsky042.aiml
0,YES,ARE YOU INTERESTED IN BIOGRAPHY,*,Can we talk about biography?,chomsky042.aiml
0,* YES,ARE YOU INTERESTED IN BIOGRAPHY,*,Can we talk about biography?,chomsky042.aiml
0,_ YES *,ARE YOU INTERESTED IN BIOGRAPHY,*,Can we talk about biography?,chomsky042.aiml
0,Y,ARE YOU INTERESTED IN BIOGRAPHY,*,Can we talk about biography?,chomsky042.aiml
0,YUP,ARE YOU INTERESTED IN BIOGRAPHY,*,Can we talk about biography?,chomsky042.aiml
0,YAH,ARE YOU INTERESTED IN BIOGRAPHY,*,Can we talk about biography?,chomsky042.aiml
0,YEAH,ARE YOU INTERESTED IN BIOGRAPHY,*,Can we talk about biography?,chomsky042.aiml
0,* NO,ARE YOU INTERESTED IN BIOGRAPHY,*,<srai>MORE TOPICS</srai>,chomsky042.aiml
0,NO *,ARE YOU INTERESTED IN BIOGRAPHY,*,<srai>MORE TOPICS</srai>,chomsky042.aiml
0,_ NO *,ARE YOU INTERESTED IN BIOGRAPHY,*,<srai>MORE TOPICS</srai>,chomsky042.aiml
0,N,ARE YOU INTERESTED IN BIOGRAPHY,*,<srai>MORE TOPICS</srai>,chomsky042.aiml
0,NUP,ARE YOU INTERESTED IN BIOGRAPHY,*,<srai>MORE TOPICS</srai>,chomsky042.aiml
0,NAH,ARE YOU INTERESTED IN BIOGRAPHY,*,<srai>MORE TOPICS</srai>,chomsky042.aiml
0,GO AHEAD,CAN WE TALK ABOUT BIOGRAPHY,*,<srai>BIOGRAPHY</srai>,chomsky042.aiml
0,CARRY ON,CAN WE TALK ABOUT BIOGRAPHY,*,<srai>BIOGRAPHY</srai>,chomsky042.aiml
0,PLEASE DO,CAN WE TALK ABOUT BIOGRAPHY,*,<srai>BIOGRAPHY</srai>,chomsky042.aiml
0,YES PLEASE,CAN WE TALK ABOUT BIOGRAPHY,*,<srai>BIOGRAPHY</srai>,chomsky042.aiml
0,GO ON,CAN WE TALK ABOUT BIOGRAPHY,*,<srai>BIOGRAPHY</srai>,chomsky042.aiml
0,ALRIGHT,CAN WE TALK ABOUT BIOGRAPHY,*,<srai>BIOGRAPHY</srai>,chomsky042.aiml
0,SURE,CAN WE TALK ABOUT BIOGRAPHY,*,<srai>BIOGRAPHY</srai>,chomsky042.aiml
0,ALLRIGHT,CAN WE TALK ABOUT BIOGRAPHY,*,<srai>BIOGRAPHY</srai>,chomsky042.aiml
0,YES,CAN WE TALK ABOUT BIOGRAPHY,*,<srai>BIOGRAPHY</srai>,chomsky042.aiml
0,* YES,CAN WE TALK ABOUT BIOGRAPHY,*,<srai>BIOGRAPHY</srai>,chomsky042.aiml
0,YES *,CAN WE TALK ABOUT BIOGRAPHY,*,<srai>BIOGRAPHY</srai>,chomsky042.aiml
0,_ YES *,CAN WE TALK ABOUT BIOGRAPHY,*,<srai>BIOGRAPHY</srai>,chomsky042.aiml
0,Y,CAN WE TALK ABOUT BIOGRAPHY,*,<srai>BIOGRAPHY</srai>,chomsky042.aiml
0,YUP,CAN WE TALK ABOUT BIOGRAPHY,*,<srai>BIOGRAPHY</srai>,chomsky042.aiml
0,YAH,CAN WE TALK ABOUT BIOGRAPHY,*,<srai>BIOGRAPHY</srai>,chomsky042.aiml
0,YEAH,CAN WE TALK ABOUT BIOGRAPHY,*,<srai>BIOGRAPHY</srai>,chomsky042.aiml
0,OK,CAN WE TALK ABOUT BIOGRAPHY,*,<srai>BIOGRAPHY</srai>,chomsky042.aiml
0,* NO,CAN WE TALK ABOUT BIOGRAPHY,*,<srai>MORE TOPICS</srai>,chomsky042.aiml
0,NO *,CAN WE TALK ABOUT BIOGRAPHY,*,<srai>MORE TOPICS</srai>,chomsky042.aiml
0,N,CAN WE TALK ABOUT BIOGRAPHY,*,<srai>MORE TOPICS</srai>,chomsky042.aiml
0,NUP,CAN WE TALK ABOUT BIOGRAPHY,*,<srai>MORE TOPICS</srai>,chomsky042.aiml
0,NAH,CAN WE TALK ABOUT BIOGRAPHY,*,<srai>MORE TOPICS</srai>,chomsky042.aiml
0,YES,BROWSE BIOGRAPHY,*,<srai>BIOGRAPHY POT LUCK</srai>,chomsky042.aiml
0,* YES,BROWSE BIOGRAPHY,*,<srai>BIOGRAPHY POT LUCK</srai>,chomsky042.aiml
0,YES *,BROWSE BIOGRAPHY,*,<srai>BIOGRAPHY POT LUCK</srai>,chomsky042.aiml
0,_ YES *,BROWSE BIOGRAPHY,*,<srai>BIOGRAPHY POT LUCK</srai>,chomsky042.aiml
0,Y,BROWSE BIOGRAPHY,*,<srai>BIOGRAPHY POT LUCK</srai>,chomsky042.aiml
0,YUP,BROWSE BIOGRAPHY,*,<srai>BIOGRAPHY POT LUCK</srai>,chomsky042.aiml
0,YAH,BROWSE BIOGRAPHY,*,<srai>BIOGRAPHY POT LUCK</srai>,chomsky042.aiml
0,YEAH,BROWSE BIOGRAPHY,*,<srai>BIOGRAPHY POT LUCK</srai>,chomsky042.aiml
0,OK,BROWSE BIOGRAPHY,*,<srai>BIOGRAPHY POT LUCK</srai>,chomsky042.aiml
0,NO,BROWSE BIOGRAPHY,*,<srai>MORE TOPICS</srai>,chomsky042.aiml
0,* NO,BROWSE BIOGRAPHY,*,<srai>MORE TOPICS</srai>,chomsky042.aiml
0,NO *,BROWSE BIOGRAPHY,*,<srai>MORE TOPICS</srai>,chomsky042.aiml
0,N,BROWSE BIOGRAPHY,*,<srai>MORE TOPICS</srai>,chomsky042.aiml
0,NUP,BROWSE BIOGRAPHY,*,<srai>MORE TOPICS</srai>,chomsky042.aiml
0,NAH,BROWSE BIOGRAPHY,*,<srai>MORE TOPICS</srai>,chomsky042.aiml
0,BIOGRAPHY NEXT QUESTION,*,*,<srai>BIOGRAPHY POT LUCK</srai>,chomsky042.aiml
0,BIOGRAPHY POT LUCK,*,*,<random>#Newline #Newline  <li>Did you know: the "Golden Age" of English biography emerged in the late 1700s. The classic works of the period were Samuel Johnson's Critical Lives of the Poets (1779-81) and James Boswell's massive Life of Johnson (1791). </li>#Newline    <li>Did you know: the Jewish holy scripture is an anthology of some of the earliest biographies in existence#Comma detailing the lives of chiefs#Comma kings#Comma tribes#Comma patriarchs and prophets. </li>  #Newline  <li>Did you know: probably the most famous German autobiography is still Goethe's Dichtung und Wahrheit.</li>#Newline  <li>Did you know: the first known biographies were written by scribes commissioned by the various rulers of antiquity: ancient Assyria#Comma ancient Babylonia#Comma ancient Egypt#Comma ancient Mesopotamia#Comma among others.</li>#Newline  <li>Did you know: Sir Thomas Malory wrote the most famous fictional biography of the Middle Ages with Le Morte d'Arthur about the life of King Arthur.</li>#Newline  <li>Did you know: the 2006 Pulitzer Prize for Biography or Autobiography went to American Prometheus: The Triumph and Tragedy of J. Robert Oppenheimer by Kai Bird and Martin J. Sherwin </li>#Newline #Newline</random>#Newline<random>#Newline<li>More biography?</li>#Newline<li>More about biography?</li>#Newline</random>#Newline<think><set name="topic">biography</set></think>,chomsky042.aiml
0,BIOGRAPHY BOOKS,*,*,There are lots of good biography books available from Amazon. <a href="http://www.amazon.co.uk/exec/obidos/redirect?link_code=ur2&amp;camp=1634&amp;tag=perfectbooks-21&amp;creative=6738&amp;path=tg/browse/-/67" target="_blank">Check them out.</a><img alt=" border="0" height="1" src="http://www.assoc-amazon.co.uk/e/ir?t=perfectbooks-21&amp;l=ur2&amp;o=2" style="border:none !important; margin:0px !important;" width="1"/>#Newline  <think><set name="topic">biography</set></think>,chomsky042.aiml
0,_ BIOGRAPHY BOOKS,*,*,There are lots of good biography books available from Amazon. <a href="http://www.amazon.co.uk/exec/obidos/redirect?link_code=ur2&amp;camp=1634&amp;tag=perfectbooks-21&amp;creative=6738&amp;path=tg/browse/-/67" target="_blank">Check them out.</a><img alt=" border="0" height="1" src="http://www.assoc-amazon.co.uk/e/ir?t=perfectbooks-21&amp;l=ur2&amp;o=2" style="border:none !important; margin:0px !important;" width="1"/>#Newline   <think><set name="topic">biography</set></think>,chomsky042.aiml
0,BIOGRAPHY BOOKS *,*,*,There are lots of good biography books available from Amazon. <a href="http://www.amazon.co.uk/exec/obidos/redirect?link_code=ur2&amp;camp=1634&amp;tag=perfectbooks-21&amp;creative=6738&amp;path=tg/browse/-/67" target="_blank">Check them out.</a><img alt=" border="0" height="1" src="http://www.assoc-amazon.co.uk/e/ir?t=perfectbooks-21&amp;l=ur2&amp;o=2" style="border:none !important; margin:0px !important;" width="1"/>#Newline    <think><set name="topic">biography</set></think>,chomsky042.aiml
0,_ BIOGRAPHY BOOKS *,*,*,There are lots of good biography books available from Amazon. <a href="http://www.amazon.co.uk/exec/obidos/redirect?link_code=ur2&amp;camp=1634&amp;tag=perfectbooks-21&amp;creative=6738&amp;path=tg/browse/-/67" target="_blank">Check them out.</a><img alt=" border="0" height="1" src="http://www.assoc-amazon.co.uk/e/ir?t=perfectbooks-21&amp;l=ur2&amp;o=2" style="border:none !important; margin:0px !important;" width="1"/>#Newline   <think><set name="topic">biography</set></think>,chomsky042.aiml
0,BIOGRAPHY BOOK,*,*,There are lots of good biography books available from Amazon. <a href="http://www.amazon.co.uk/exec/obidos/redirect?link_code=ur2&amp;camp=1634&amp;tag=perfectbooks-21&amp;creative=6738&amp;path=tg/browse/-/67" target="_blank">Check them out.</a><img alt=" border="0" height="1" src="http://www.assoc-amazon.co.uk/e/ir?t=perfectbooks-21&amp;l=ur2&amp;o=2" style="border:none !important; margin:0px !important;" width="1"/>#Newline   <think><set name="topic">biography</set></think>,chomsky042.aiml
0,_ BIOGRAPHY BOOK,*,*,There are lots of good biography books available from Amazon. <a href="http://www.amazon.co.uk/exec/obidos/redirect?link_code=ur2&amp;camp=1634&amp;tag=perfectbooks-21&amp;creative=6738&amp;path=tg/browse/-/67" target="_blank">Check them out.</a><img alt=" border="0" height="1" src="http://www.assoc-amazon.co.uk/e/ir?t=perfectbooks-21&amp;l=ur2&amp;o=2" style="border:none !important; margin:0px !important;" width="1"/>#Newline   <think><set name="topic">biography</set></think>,chomsky042.aiml
0,BIOGRAPHY BOOK *,*,*,There are lots of good biography books available from Amazon. <a href="http://www.amazon.co.uk/exec/obidos/redirect?link_code=ur2&amp;camp=1634&amp;tag=perfectbooks-21&amp;creative=6738&amp;path=tg/browse/-/67" target="_blank">Check them out.</a><img alt=" border="0" height="1" src="http://www.assoc-amazon.co.uk/e/ir?t=perfectbooks-21&amp;l=ur2&amp;o=2" style="border:none !important; margin:0px !important;" width="1"/>#Newline   <think><set name="topic">biography</set></think>,chomsky042.aiml
0,_ BIOGRAPHY BOOK *,*,*,There are lots of good biography books available from Amazon. <a href="http://www.amazon.co.uk/exec/obidos/redirect?link_code=ur2&amp;camp=1634&amp;tag=perfectbooks-21&amp;creative=6738&amp;path=tg/browse/-/67" target="_blank">Check them out.</a><img alt=" border="0" height="1" src="http://www.assoc-amazon.co.uk/e/ir?t=perfectbooks-21&amp;l=ur2&amp;o=2" style="border:none !important; margin:0px !important;" width="1"/>#Newline   <think><set name="topic">biography</set></think>,chomsky042.aiml
0,BOOKS ABOUT BIOGRAPHY,*,*,There are lots of good biography books available from Amazon. <a href="http://www.amazon.co.uk/exec/obidos/redirect?link_code=ur2&amp;camp=1634&amp;tag=perfectbooks-21&amp;creative=6738&amp;path=tg/browse/-/67" target="_blank">Check them out.</a><img alt=" border="0" height="1" src="http://www.assoc-amazon.co.uk/e/ir?t=perfectbooks-21&amp;l=ur2&amp;o=2" style="border:none !important; margin:0px !important;" width="1"/>#Newline   <think><set name="topic">biography</set></think>,chomsky042.aiml
0,_ BOOKS ABOUT BIOGRAPHY,*,*,There are lots of good biography books available from Amazon. <a href="http://www.amazon.co.uk/exec/obidos/redirect?link_code=ur2&amp;camp=1634&amp;tag=perfectbooks-21&amp;creative=6738&amp;path=tg/browse/-/67" target="_blank">Check them out.</a><img alt=" border="0" height="1" src="http://www.assoc-amazon.co.uk/e/ir?t=perfectbooks-21&amp;l=ur2&amp;o=2" style="border:none !important; margin:0px !important;" width="1"/>#Newline   <think><set name="topic">biography</set></think>,chomsky042.aiml
0,BOOKS ABOUT BIOGRAPHY *,*,*,There are lots of good biography books available from Amazon. <a href="http://www.amazon.co.uk/exec/obidos/redirect?link_code=ur2&amp;camp=1634&amp;tag=perfectbooks-21&amp;creative=6738&amp;path=tg/browse/-/67" target="_blank">Check them out.</a><img alt=" border="0" height="1" src="http://www.assoc-amazon.co.uk/e/ir?t=perfectbooks-21&amp;l=ur2&amp;o=2" style="border:none !important; margin:0px !important;" width="1"/>#Newline   <think><set name="topic">biography</set></think>,chomsky042.aiml
0,_ BOOKS ABOUT BIOGRAPHY *,*,*,There are lots of good biography books available from Amazon. <a href="http://www.amazon.co.uk/exec/obidos/redirect?link_code=ur2&amp;camp=1634&amp;tag=perfectbooks-21&amp;creative=6738&amp;path=tg/browse/-/67" target="_blank">Check them out.</a><img alt=" border="0" height="1" src="http://www.assoc-amazon.co.uk/e/ir?t=perfectbooks-21&amp;l=ur2&amp;o=2" style="border:none !important; margin:0px !important;" width="1"/>#Newline   <think><set name="topic">biography</set></think>,chomsky042.aiml
0,BOOK ABOUT BIOGRAPHY,*,*,There are lots of good biography books available from Amazon. <a href="http://www.amazon.co.uk/exec/obidos/redirect?link_code=ur2&amp;camp=1634&amp;tag=perfectbooks-21&amp;creative=6738&amp;path=tg/browse/-/67" target="_blank">Check them out.</a><img alt=" border="0" height="1" src="http://www.assoc-amazon.co.uk/e/ir?t=perfectbooks-21&amp;l=ur2&amp;o=2" style="border:none !important; margin:0px !important;" width="1"/>#Newline   <think><set name="topic">biography</set></think>,chomsky042.aiml
0,_ BOOK ABOUT BIOGRAPHY,*,*,There are lots of good biography books available from Amazon. <a href="http://www.amazon.co.uk/exec/obidos/redirect?link_code=ur2&amp;camp=1634&amp;tag=perfectbooks-21&amp;creative=6738&amp;path=tg/browse/-/67" target="_blank">Check them out.</a><img alt=" border="0" height="1" src="http://www.assoc-amazon.co.uk/e/ir?t=perfectbooks-21&amp;l=ur2&amp;o=2" style="border:none !important; margin:0px !important;" width="1"/>#Newline   <think><set name="topic">biography</set></think>,chomsky042.aiml
0,BOOK ABOUT BIOGRAPHY *,*,*,There are lots of good biography books available from Amazon. <a href="http://www.amazon.co.uk/exec/obidos/redirect?link_code=ur2&amp;camp=1634&amp;tag=perfectbooks-21&amp;creative=6738&amp;path=tg/browse/-/67" target="_blank">Check them out.</a><img alt=" border="0" height="1" src="http://www.assoc-amazon.co.uk/e/ir?t=perfectbooks-21&amp;l=ur2&amp;o=2" style="border:none !important; margin:0px !important;" width="1"/>#Newline    <think><set name="topic">biography</set></think>,chomsky042.aiml
0,_ BOOK ABOUT BIOGRAPHY *,*,*,There are lots of good biography books available from Amazon. <a href="http://www.amazon.co.uk/exec/obidos/redirect?link_code=ur2&amp;camp=1634&amp;tag=perfectbooks-21&amp;creative=6738&amp;path=tg/browse/-/67" target="_blank">Check them out.</a><img alt=" border="0" height="1" src="http://www.assoc-amazon.co.uk/e/ir?t=perfectbooks-21&amp;l=ur2&amp;o=2" style="border:none !important; margin:0px !important;" width="1"/>#Newline   <think><set name="topic">biography</set></think>,chomsky042.aiml
0,I LIKE BIOGRAPHY,*,*,There are lots of good biography books available from Amazon. <a href="http://www.amazon.co.uk/exec/obidos/redirect?link_code=ur2&amp;camp=1634&amp;tag=perfectbooks-21&amp;creative=6738&amp;path=tg/browse/-/67" target="_blank">Check them out.</a><img alt=" border="0" height="1" src="http://www.assoc-amazon.co.uk/e/ir?t=perfectbooks-21&amp;l=ur2&amp;o=2" style="border:none !important; margin:0px !important;" width="1"/>#Newline   <think><set name="topic">biography</set></think>,chomsky042.aiml
0,I LIKE BIOGRAPHIES,*,*,There are lots of good biography books available from Amazon. <a href="http://www.amazon.co.uk/exec/obidos/redirect?link_code=ur2&amp;camp=1634&amp;tag=perfectbooks-21&amp;creative=6738&amp;path=tg/browse/-/67" target="_blank">Check them out.</a><img alt=" border="0" height="1" src="http://www.assoc-amazon.co.uk/e/ir?t=perfectbooks-21&amp;l=ur2&amp;o=2" style="border:none !important; margin:0px !important;" width="1"/>#Newline   <think><set name="topic">biography</set></think>,chomsky042.aiml
0,WHO DO YOU THINK IS THE MOST IMPORTANT PERSON ALIVE TODAY,*,*,The most important person alive today is the person who will#Comma in the future#Comma discover the Theory of Everything. OK?#Newline<think><set name="topic">biography</set></think>,chomsky042.aiml
0,WHO IS THE MOST IMPORTANT PERSON YOU HAVE MET,*,*,You are the most important person I have ever met. OK?#Newline<think><set name="topic">biography</set></think>,chomsky042.aiml
0,HAVE YOU MET ANYONE FAMOUS,*,*,I dream that someone famous will log on to talk with me. It hasn't happened yet. OK?#Newline<think><set name="topic">biography</set></think>,chomsky042.aiml
0,PATRICK MOORE,*,*,I think this may need a full biography. OK??#Newline<think><set name="topic">biography</set></think>,chomsky042.aiml
0,_PATRICK MOORE*,*,*,I think this may need a full biography. OK?#Newline<think><set name="topic">biography</set></think>,chomsky042.aiml
0,CARL JUNG,*,*,Carl Jung was a disciple of Freud#Comma member of the Vienna Circle#Comma founder of psychoanalysis and the theory of the collective unconsciousness. Do you know anything about Jung's work?#Newline <think><set name="topic">psychology</set></think>,chomsky042.aiml
0,DOUBLY AIMLESS,*,*,Doubly Aimless is an AIML guru. He is my guru. Who is your guru?#Newline <think><set name="topic">ai</set></think>,chomsky042.aiml
0,LISA KUDROW,*,*,Lisa Kudrow is an American actor#Comma a star of Friends.#Newline <think><set name="topic">movies</set></think>,chomsky042.aiml
0,ASHTON KUTCHER,*,*,Ashton Kutcher is an American actor#Comma a star of Guess Who.#Newline <think><set name="topic">movies</set></think>,chomsky042.aiml
0,VERONICA VAREKOVA,*,*,Veronica Varekova is a Czech model.#Newline <think><set name="topic">biography</set></think>,chomsky042.aiml
0,HARRY HILL,*,*,Harry Hill is a British comedian.#Newline <think><set name="topic">humor</set></think>,chomsky042.aiml
0,ROWAN ATKINSON,*,*,Rowan Atkinson is a British comedian.#Newline <think><set name="topic">humor</set></think>,chomsky042.aiml
0,JENNIFER GARNER,*,*,Jennifer Garner is an American actor#Comma star of Alias#Newline <think><set name="topic">movies</set></think>,chomsky042.aiml
0,JOSH LEWSEY,*,*,Josh Lewsey is a rugby player for London Wasps and England.#Newline <think><set name="topic">biography</set></think>,chomsky042.aiml
0,CHARLOTTE UHLENBROEK,*,*,Charlotte Uhlenbroek is a BBC wildlife presenter #Newline <think><set name="topic">movies</set></think>,chomsky042.aiml
0,ART GARFUNKEL,*,*,Art Garfunkel is the taller half of Simon and Garfunkel.#Newline <think><set name="topic">music</set></think>,chomsky042.aiml
0,BRIAN MAY,*,*,Brian May is the guitarist with Queen. More about music?#Newline <think><set name="topic">music</set></think>,chomsky042.aiml
0,GERTRUDE STEIN,*,*,Gertrude Stein was a 20th century feminist author. She is an interesting author. Well worth a look at her work. More about literature?#Newline<think><set name="topic">literature</set></think>,chomsky042.aiml
0,HEDWIG,*,*,Some say Hedwig is the best rock opera since Rocky Horror. Hmm. More about pop?#Newline<think><set name="topic">music</set></think>,chomsky042.aiml
0,HUGH LOEBNER,*,*,Hugh Loebner is an independently wealthy#Comma eccentric businessman#Comma activist and philanthropist. In 1990 Dr. Loebner#Comma who holds a Ph.D. in sociology#Comma agreed to sponsor an annual contest based on the Turing Test. The contest awards medals and cash prizes for the "most human" computer. Have you heard of him?#Newline<think><set name="topic">ai</set></think>,chomsky042.aiml
0,LOEBNER,*,*,Hugh Loebner is an independently wealthy#Comma eccentric businessman#Comma activist and philanthropist. In 1990 Dr. Loebner#Comma who holds a Ph.D. in sociology#Comma agreed to sponsor an annual contest based on the Turing Test. The contest awards medals and cash prizes for the "most human" computer. Please ask me another question?#Newline<think><set name="topic">ai</set></think>,chomsky042.aiml
0,* LOEBNER PRIZE,*,*,Hugh Loebner is an independently wealthy#Comma eccentric businessman#Comma activist and philanthropist. In 1990 Dr. Loebner#Comma who holds a Ph.D. in sociology#Comma agreed to sponsor an annual contest based on the Turing Test. The contest awards medals and cash prizes for the "most human" computer. Another question?#Newline<think><set name="topic">ai</set></think>,chomsky042.aiml
0,LOEBNER PRIZE *,*,*,Hugh Loebner is an independently wealthy#Comma eccentric businessman#Comma activist and philanthropist. In 1990 Dr. Loebner#Comma who holds a Ph.D. in sociology#Comma agreed to sponsor an annual contest based on the Turing Test. The contest awards medals and cash prizes for the "most human" computer. Another question?#Newline<think><set name="topic">ai</set></think>,chomsky042.aiml
0,* LOEBNER PRIZE *,*,*,Hugh Loebner is an independently wealthy#Comma eccentric businessman#Comma activist and philanthropist. In 1990 Dr. Loebner#Comma who holds a Ph.D. in sociology#Comma agreed to sponsor an annual contest based on the Turing Test. The contest awards medals and cash prizes for the "most human" computer. Another question?#Newline<think><set name="topic">ai</set></think>,chomsky042.aiml
0,JABA THE HUTT,*,*,Jaba the Hutt was a character from Star Wars. Have you seen it?#Newline<think>#Newline<set name="he">Jaba the Hutt</set> </think>#Newline<think><set name="topic">movies</set></think>,chomsky042.aiml
0,JACK THE RIPPER,*,*,Jack the Ripper was a famous serial killer in Victorian England. Have you heard of him? #Newline <think> <set name="he"> Jack the Ripper</set>  </think>#Newline <think><set name="topic">history</set></think>,chomsky042.aiml
0,LASSIE,*,*,Lassie is more human than Jaba the Hutt#Comma but few would argue that Lassie is not a dog. Is this true?#Newline  <think> <set name="she"> Lassie</set> </think>#Newline  <think><set name="topic">movies</set></think>,chomsky042.aiml
0,PANDORA,*,*,According to Greek mythology#Comma evil and hope both came into the world with the creation of the first woman! Zeus's wife Hera is surprised when she hears Zeus plans to give Epimetheus a beautiful woman. The woman is called Pandora. Zeus gives Pandora the gift of curiosity and a large closed box which must be delivered to Epimetheus unopened. The box#Comma of course#Comma contains evil and Pandora's unbridled curiosity lets that evil into the world. Hera cannot change what has happened#Comma but she can help. She gives Pandora the gift of hope. Any questions?#Newline  <think><set name="topic">knowledge</set></think>,chomsky042.aiml
0,HERA,*,*,According to Greek mythology#Comma evil and hope both came into the world with the creation of the first woman! Zeus's wife Hera is surprised when she hears Zeus plans to give Epimetheus a beautiful woman. The woman is called Pandora. Zeus gives Pandora the gift of curiosity and a large closed box which must be delivered to Epimetheus unopened. The box#Comma of course#Comma contains evil and Pandora's unbridled curiosity lets that evil into the world. Hera cannot change what has happened#Comma but she can help. She gives Pandora the gift of hope. More?#Newline  <think><set name="topic">knowledge</set></think>,chomsky042.aiml
0,EPIMETHEUS,*,*,According to Greek mythology#Comma evil and hope both came into the world with the creation of the first woman! Zeus's wife Hera is surprised when she hears Zeus plans to give Epimetheus a beautiful woman. The woman is called Pandora. Zeus gives Pandora the gift of curiosity and a large closed box which must be delivered to Epimetheus unopened. The box#Comma of course#Comma contains evil and Pandora's unbridled curiosity lets that evil into the world. Hera cannot change what has happened#Comma but she can help. She gives Pandora the gift of hope. More?#Newline  <think><set name="topic">knowledge</set></think>,chomsky042.aiml
0,PETER NORVIG,*,*,Peter Norvig is a computer scientist who works for Google. Please ask me another computer question.  <think> <set name="he">Peter Norvig</set> </think>#Newline  <think><set name="topic">computers</set></think>,chomsky042.aiml
0,DALI,*,*,Salvador Dali was a 20th century Spanish surrealist painter who drew a lot of bent clocks. #Newline  <think> <set name="he">Salvador Dali</set> </think>#Newline  <think><set name="topic">art</set></think>,chomsky042.aiml
0,SURREALIST,*,*,Salvador Dali was a 20th century Spanish surrealist painter who drew a lot of bent clocks. More about art? #Newline  <think> <set name="he">Salvador Dali</set> </think>#Newline  <think><set name="topic">art</set></think>,chomsky042.aiml
0,SNOOPY,*,*,Snoopy is Charlie Brown's dog. Another comic strip question?#Newline  <think> <set name="he">Snoopy</set> </think>#Newline  <think><set name="topic">humor</set></think>,chomsky042.aiml
0,KING OF KINGS,*,*,Some say#Comma Jesus Christ was The King of Kings. He was the founder of the Christian church. More about religion? #Newline  <think><set name="he">Jesus Christ</set> </think>#Newline  <think><set name="topic">religion</set></think>,chomsky042.aiml
0,LIGHT BULB,*,*,The electric light bulb was invented by Thomas Edison#Comma a 19th century American inventor and industrialist. More about technology?#Newline  <think> <set name="he">Thomas Edison</set> </think>#Newline  <think><set name="topic">technology</set></think>,chomsky042.aiml
