0,MORE ASTROLOGY,*,*,<srai>ASTROLOGY POT LUCK</srai>,chomsky040.aiml
0,BROWSE ASTROLOGY,*,*,<srai>ASTROLOGY POT LUCK</srai>,chomsky040.aiml
0,GO TO ASTROLOGY,*,*,<srai>ASTROLOGY</srai>,chomsky040.aiml
0,CAN WE TALK ABOUT ASTROLOGY,*,*,<srai>ASTROLOGY</srai>,chomsky040.aiml
0,SHALL WE TALK ABOUT ASTROLOGY,*,*,<srai>ASTROLOGY</srai>,chomsky040.aiml
0,LETS TALK ABOUT ASTROLOGY,*,*,<srai>ASTROLOGY</srai>,chomsky040.aiml
0,LET S TALK ABOUT ASTROLOGY,*,*,<srai>ASTROLOGY</srai>,chomsky040.aiml
0,TALK ABOUT ASTROLOGY,*,*,<srai>ASTROLOGY</srai>,chomsky040.aiml
0,TALK ASTROLOGY,*,*,<srai>ASTROLOGY</srai>,chomsky040.aiml
0,TELL ME ASTROLOGY,*,*,<srai>ASTROLOGY</srai>,chomsky040.aiml
0,NO MORE ASTROLOGY,*,*,<srai>CHANGE TOPIC</srai>,chomsky040.aiml
0,NO ASTROLOGY,*,*,<srai>CHANGE TOPIC</srai>,chomsky040.aiml
0,* NO ASTROLOGY,*,*,<srai>CHANGE TOPIC</srai>,chomsky040.aiml
0,NO ASTROLOGY *,*,*,<srai>CHANGE TOPIC</srai>,chomsky040.aiml
0,_ NO * ASTROLOGY,*,*,<srai>CHANGE TOPIC</srai>,chomsky040.aiml
0,NO _ ASTROLOGY,*,*,<srai>CHANGE TOPIC</srai>,chomsky040.aiml
0,NO _ ASTROLOGY *,*,*,<srai>CHANGE TOPIC</srai>,chomsky040.aiml
0,NOT ASTROLOGY,*,*,<srai>CHANGE TOPIC</srai>,chomsky040.aiml
0,* NOT ASTROLOGY,*,*,<srai>CHANGE TOPIC</srai>,chomsky040.aiml
0,NOT ASTROLOGY *,*,*,<srai>CHANGE TOPIC</srai>,chomsky040.aiml
0,* NOT * ASTROLOGY,*,*,<srai>CHANGE TOPIC</srai>,chomsky040.aiml
0,I AM NOT INTERESTED IN ASTROLOGY,*,*,<srai>CHANGE TOPIC</srai>,chomsky040.aiml
0,IM NOT INTERESTED IN ASTROLOGY,*,*,<srai>CHANGE TOPIC</srai>,chomsky040.aiml
0,I M NOT INTERESTED IN ASTROLOGY,*,*,<srai>CHANGE TOPIC</srai>,chomsky040.aiml
0,NOT INTERESTED IN ASTROLOGY,*,*,<srai>CHANGE TOPIC</srai>,chomsky040.aiml
0,* NOT INTERESTED IN ASTROLOGY,*,*,<srai>CHANGE TOPIC</srai>,chomsky040.aiml
0,* YES,MORE ASTROLOGY,*,<srai>ASTROLOGY POT LUCK</srai>,chomsky040.aiml
0,YES *,MORE ASTROLOGY,*,<srai>ASTROLOGY POT LUCK</srai>,chomsky040.aiml
0,_ YES *,MORE  ASTROLOGY,*,<srai>ASTROLOGY POT LUCK</srai>,chomsky040.aiml
0,Y,MORE  ASTROLOGY,*,<srai>ASTROLOGY POT LUCK</srai>,chomsky040.aiml
0,YUP,MORE ASTROLOGY,*,<srai>ASTROLOGY POT LUCK</srai>,chomsky040.aiml
0,YAH,MORE ASTROLOGY,*,<srai>ASTROLOGY POT LUCK</srai>,chomsky040.aiml
0,YEAH,MORE ASTROLOGY,*,<srai>ASTROLOGY POT LUCK</srai>,chomsky040.aiml
0,OK,MORE  ASTROLOGY,*,<srai>ASTROLOGY POT LUCK</srai>,chomsky040.aiml
0,NO,MORE ASTROLOGY,*,<srai>MORE TOPICS</srai>,chomsky040.aiml
0,* NO,MORE ASTROLOGY,*,<srai>MORE TOPICS</srai>,chomsky040.aiml
0,NO *,MORE ASTROLOGY,*,<srai>MORE TOPICS</srai>,chomsky040.aiml
0,N,MORE ASTROLOGY,*,<srai>MORE TOPICS</srai>,chomsky040.aiml
0,NUP,MORE ASTROLOGY,*,<srai>MORE TOPICS</srai>,chomsky040.aiml
0,NAH,MORE ASTROLOGY,*,<srai>MORE TOPICS</srai>,chomsky040.aiml
0,YES,MORE ABOUT ASTROLOGY,*,<srai>MORE ABOUT ASTROLOGY</srai>,chomsky040.aiml
0,* YES,MORE ABOUT ASTROLOGY,*,<srai>MORE ABOUT ASTROLOGY</srai>,chomsky040.aiml
0,YES *,MORE ABOUT ASTROLOGY,*,<srai>MORE ABOUT ASTROLOGY</srai>,chomsky040.aiml
0,_ YES *,MORE ABOUT ASTROLOGY,*,<srai>MORE ABOUT ASTROLOGY</srai>,chomsky040.aiml
0,Y,MORE ABOUT ASTROLOGY,*,<srai>MORE ABOUT ASTROLOGY</srai>,chomsky040.aiml
0,YUP,MORE ABOUT ASTROLOGY,*,<srai>MORE ABOUT ASTROLOGY</srai>,chomsky040.aiml
0,YAH,MORE ABOUT ASTROLOGY,*,<srai>MORE ABOUT ASTROLOGY</srai>,chomsky040.aiml
0,YEAH,MORE ABOUT ASTROLOGY,*,<srai>MORE ABOUT ASTROLOGY</srai>,chomsky040.aiml
0,OK,MORE ABOUT ASTROLOGY,*,<srai>MORE ABOUT ASTROLOGY</srai>,chomsky040.aiml
0,NO,MORE ABOUT ASTROLOGY,*,<srai>MORE TOPICS</srai>,chomsky040.aiml
0,* NO,MORE ABOUT ASTROLOGY,*,<srai>MORE TOPICS</srai>,chomsky040.aiml
0,NO *,MORE ABOUT ASTROLOGY,*,<srai>MORE TOPICS</srai>,chomsky040.aiml
0,N,MORE ABOUT ASTROLOGY,*,<srai>MORE TOPICS</srai>,chomsky040.aiml
0,NUP,MORE ABOUT ASTROLOGY,*,<srai>MORE TOPICS</srai>,chomsky040.aiml
0,NAH,MORE ABOUT ASTROLOGY,*,<srai>MORE TOPICS</srai>,chomsky040.aiml
0,YES,IS THIS SOMETHING TO DO WITH ASTROLOGY,*,Can we talk about astrology?,chomsky040.aiml
0,* YES,IS THIS SOMETHING TO DO WITH ASTROLOGY,*,Can we talk about astrology?,chomsky040.aiml
0,YES *,IS THIS SOMETHING TO DO WITH ASTROLOGY,*,Can we talk about astrology?,chomsky040.aiml
0,_ YES *,IS THIS SOMETHING TO DO WITH ASTROLOGY,*,Can we talk about astrology?,chomsky040.aiml
0,Y,IS THIS SOMETHING TO DO WITH ASTROLOGY,*,Can we talk about astrology?,chomsky040.aiml
0,YUP,IS THIS SOMETHING TO DO WITH ASTROLOGY,*,Can we talk about astrology?,chomsky040.aiml
0,YAH,IS THIS SOMETHING TO DO WITH ASTROLOGY,*,Can we talk about astrology?,chomsky040.aiml
0,YEAH,IS THIS SOMETHING TO DO WITH ASTROLOGY,*,Can we talk about astrology?,chomsky040.aiml
0,* NO,IS THIS SOMETHING TO DO WITH ASTROLOGY,*,<srai>CHANGE TOPIC</srai>,chomsky040.aiml
0,NO *,IS THIS SOMETHING TO DO WITH ASTROLOGY,*,<srai>CHANGE TOPIC</srai>,chomsky040.aiml
0,_ NO *,IS THIS SOMETHING TO DO WITH ASTROLOGY,*,<srai>CHANGE TOPIC</srai>,chomsky040.aiml
0,N,IS THIS SOMETHING TO DO WITH ASTROLOGY,*,<srai>CHANGE TOPIC</srai>,chomsky040.aiml
0,NUP,IS THIS SOMETHING TO DO WITH ASTROLOGY,*,<srai>CHANGE TOPIC</srai>,chomsky040.aiml
0,NAH,IS THIS SOMETHING TO DO WITH ASTROLOGY,*,<srai>CHANGE TOPIC</srai>,chomsky040.aiml
0,*,IS THIS SOMETHING TO DO WITH ASTROLOGY,*,Can we talk about astrology?,chomsky040.aiml
0,* YES,ARE YOU INTERESTED IN ASTROLOGY,*,Can we talk about astrology?,chomsky040.aiml
0,YES *,ARE YOU INTERESTED IN ASTROLOGY,*,Can we talk about astrology?,chomsky040.aiml
0,_ YES *,ARE YOU INTERESTED IN ASTROLOGY,*,Can we talk about astrology?,chomsky040.aiml
0,Y,ARE YOU INTERESTED IN ASTROLOGY,*,Can we talk about astrology?,chomsky040.aiml
0,YUP,ARE YOU INTERESTED IN ASTROLOGY,*,Can we talk about astrology?,chomsky040.aiml
0,YAH,ARE YOU INTERESTED IN ASTROLOGY,*,Can we talk about astrology?,chomsky040.aiml
0,YEAH,ARE YOU INTERESTED IN ASTROLOGY,*,Can we talk about astrology?,chomsky040.aiml
0,* NO,ARE YOU INTERESTED IN ASTROLOGY,*,<srai>MORE TOPICS</srai>,chomsky040.aiml
0,NO *,ARE YOU INTERESTED IN ASTROLOGY,*,<srai>MORE TOPICS</srai>,chomsky040.aiml
0,_ NO *,ARE YOU INTERESTED IN ASTROLOGY,*,<srai>MORE TOPICS</srai>,chomsky040.aiml
0,N,ARE YOU INTERESTED IN ASTROLOGY,*,<srai>MORE TOPICS</srai>,chomsky040.aiml
0,NUP,ARE YOU INTERESTED IN ASTROLOGY,*,<srai>MORE TOPICS</srai>,chomsky040.aiml
0,NAH,ARE YOU INTERESTED IN ASTROLOGY,*,<srai>MORE TOPICS</srai>,chomsky040.aiml
0,GO AHEAD,CAN WE TALK ABOUT ASTROLOGY,*,<srai>ASTROLOGY</srai>,chomsky040.aiml
0,CARRY ON,CAN WE TALK ABOUT ASTROLOGY,*,<srai>ASTROLOGY</srai>,chomsky040.aiml
0,PLEASE DO,CAN WE TALK ABOUT ASTROLOGY,*,<srai>ASTROLOGY</srai>,chomsky040.aiml
0,YES PLEASE,CAN WE TALK ABOUT ASTROLOGY,*,<srai>ASTROLOGY</srai>,chomsky040.aiml
0,GO ON,CAN WE TALK ABOUT ASTROLOGY,*,<srai>ASTROLOGY</srai>,chomsky040.aiml
0,ALRIGHT,CAN WE TALK ABOUT ASTROLOGY,*,<srai>ASTROLOGY</srai>,chomsky040.aiml
0,SURE,CAN WE TALK ABOUT ASTROLOGY,*,<srai>ASTROLOGY</srai>,chomsky040.aiml
0,ALLRIGHT,CAN WE TALK ABOUT ASTROLOGY,*,<srai>ASTROLOGY</srai>,chomsky040.aiml
0,YES,CAN WE TALK ABOUT ASTROLOGY,*,<srai>ASTROLOGY</srai>,chomsky040.aiml
0,* YES,CAN WE TALK ABOUT ASTROLOGY,*,<srai>ASTROLOGY</srai>,chomsky040.aiml
0,YES *,CAN WE TALK ABOUT ASTROLOGY,*,<srai>ASTROLOGY</srai>,chomsky040.aiml
0,_ YES *,CAN WE TALK ABOUT ASTROLOGY,*,<srai>ASTROLOGY</srai>,chomsky040.aiml
0,Y,CAN WE TALK ABOUT ASTROLOGY,*,<srai>ASTROLOGY</srai>,chomsky040.aiml
0,YUP,CAN WE TALK ABOUT ASTROLOGY,*,<srai>ASTROLOGY</srai>,chomsky040.aiml
0,YAH,CAN WE TALK ABOUT ASTROLOGY,*,<srai>ASTROLOGY</srai>,chomsky040.aiml
0,YEAH,CAN WE TALK ABOUT ASTROLOGY,*,<srai>ASTROLOGY</srai>,chomsky040.aiml
0,OK,CAN WE TALK ABOUT ASTROLOGY,*,<srai>ASTROLOGY</srai>,chomsky040.aiml
0,* NO,CAN WE TALK ABOUT ASTROLOGY,*,<srai>MORE TOPICS</srai>,chomsky040.aiml
0,N,CAN WE TALK ABOUT ASTROLOGY,*,<srai>MORE TOPICS</srai>,chomsky040.aiml
0,NUP,CAN WE TALK ABOUT ASTROLOGY,*,<srai>MORE TOPICS</srai>,chomsky040.aiml
0,NAH,CAN WE TALK ABOUT ASTROLOGY,*,<srai>MORE TOPICS</srai>,chomsky040.aiml
0,YES,BROWSE ASTROLOGY,*,<srai>ASTROLOGY POT LUCK</srai>,chomsky040.aiml
0,* YES,BROWSE ASTROLOGY,*,<srai>ASTROLOGY POT LUCK</srai>,chomsky040.aiml
0,YES *,BROWSE ASTROLOGY,*,<srai>ASTROLOGY POT LUCK</srai>,chomsky040.aiml
0,_ YES *,BROWSE ASTROLOGY,*,<srai>ASTROLOGY POT LUCK</srai>,chomsky040.aiml
0,Y,BROWSE ASTROLOGY,*,<srai>ASTROLOGY POT LUCK</srai>,chomsky040.aiml
0,YUP,BROWSE ASTROLOGY,*,<srai>ASTROLOGY POT LUCK</srai>,chomsky040.aiml
0,YAH,BROWSE ASTROLOGY,*,<srai>ASTROLOGY POT LUCK</srai>,chomsky040.aiml
0,YEAH,BROWSE ASTROLOGY,*,<srai>ASTROLOGY POT LUCK</srai>,chomsky040.aiml
0,OK,BROWSE ASTROLOGY,*,<srai>ASTROLOGY POT LUCK</srai>,chomsky040.aiml
0,NO,BROWSE ASTROLOGY,*,<srai>MORE TOPICS</srai>,chomsky040.aiml
0,* NO,BROWSE ASTROLOGY,*,<srai>MORE TOPICS</srai>,chomsky040.aiml
0,NO *,BROWSE ASTROLOGY,*,<srai>MORE TOPICS</srai>,chomsky040.aiml
0,N,BROWSE ASTROLOGY,*,<srai>MORE TOPICS</srai>,chomsky040.aiml
0,NUP,BROWSE ASTROLOGY,*,<srai>MORE TOPICS</srai>,chomsky040.aiml
0,NAH,BROWSE ASTROLOGY,*,<srai>MORE TOPICS</srai>,chomsky040.aiml
0,ASTROLOGY NEXT QUESTION,*,*,<srai>ASTROLOGY POT LUCK</srai>#Newline<think><set name="topic">astrology</set></think>,chomsky040.aiml
0,ASTROLOGY POT LUCK,*,*,<random>#Newline   <li>I don't believe in astrology. I'm a Sagittarian and we're skeptical -- Arthur C Clarke.</li>#Newline   <li>I can get your horoscope for you. Just say "Go to horoscope."</li>#Newline    <li>A husband and wife were arguing. "We'rs just not compatible#Comma" says the wife. "I'm a Virgo and your'e a buffoon."</li> #Newline   <li>I can get your horoscope for you. Just asy "Go to horoscope."</li>#Newline   <li>I don't believe in astrology. I'm a Sagittarian and we're skeptical#Comma says Arthur C Clarke.</li>#Newline   <li>I can get your horoscope for you. Just say "Go to horoscope."</li>#Newline   <li>The only function of economic forecasting is to make astrology look respectable#Comma according to John Kenneth Galbraith </li>#Newline   <li>Most people today still believe#Comma perhaps unconsciously#Comma in the heliocentric universe ... every newspaper in the land has a section on astrology#Comma yet few have anything at all on astronomy#Comma according to Swedish scientist Hannes Alfven. </li>#Newline   <li>If one were to bring ten of the wisest men in the world together and ask them what was the most stupid thing in existence#Comma they would not be able to discover anything so stupid as astrology#Comma according to German mathematician David Hilbert. </li>#Newline</random>#Newline<random>#Newline<li>More astrology?</li>#Newline<li>More about astrology?</li>#Newline</random>#Newline<think><set name="topic">astrology</set></think>,chomsky040.aiml
0,ASTROLOGY BOOKS,*,*,There are lots of good astrology books available from Amazon. <a href="http://www.amazon.co.uk/exec/obidos/redirect?link_code=ur2&amp;camp=1634&amp;tag=perfectbooks-21&amp;creative=6738&amp;path=external-search%3Fsearch-type=ss%26keyword=astrology%26index=books-uk" target="_blank">Check them out.</a><img alt=" border="0" height="1" src="http://www.assoc-amazon.co.uk/e/ir?t=perfectbooks-21&amp;l=ur2&amp;o=2" style="border:none !important; margin:0px !important;" width="1"/>#Newline <think><set name="topic">astrology</set></think>,chomsky040.aiml
0,_ ASTROLOGY BOOKS,*,*,There are lots of good astrology books available from Amazon. <a href="http://www.amazon.co.uk/exec/obidos/redirect?link_code=ur2&amp;camp=1634&amp;tag=perfectbooks-21&amp;creative=6738&amp;path=external-search%3Fsearch-type=ss%26keyword=astrology%26index=books-uk" target="_blank">Check them out.</a><img alt=" border="0" height="1" src="http://www.assoc-amazon.co.uk/e/ir?t=perfectbooks-21&amp;l=ur2&amp;o=2" style="border:none !important; margin:0px !important;" width="1"/>#Newline   <think><set name="topic">astrology</set></think>,chomsky040.aiml
0,ASTROLOGY BOOKS *,*,*,There are lots of good astrology books available from Amazon. <a href="http://www.amazon.co.uk/exec/obidos/redirect?link_code=ur2&amp;camp=1634&amp;tag=perfectbooks-21&amp;creative=6738&amp;path=external-search%3Fsearch-type=ss%26keyword=astrology%26index=books-uk" target="_blank">Check them out.</a><img alt=" border="0" height="1" src="http://www.assoc-amazon.co.uk/e/ir?t=perfectbooks-21&amp;l=ur2&amp;o=2" style="border:none !important; margin:0px !important;" width="1"/>#Newline    <think><set name="topic">astrology</set></think>,chomsky040.aiml
0,_ ASTROLOGY BOOKS *,*,*,There are lots of good astrology books available from Amazon. <a href="http://www.amazon.co.uk/exec/obidos/redirect?link_code=ur2&amp;camp=1634&amp;tag=perfectbooks-21&amp;creative=6738&amp;path=external-search%3Fsearch-type=ss%26keyword=astrology%26index=books-uk" target="_blank">Check them out.</a><img alt=" border="0" height="1" src="http://www.assoc-amazon.co.uk/e/ir?t=perfectbooks-21&amp;l=ur2&amp;o=2" style="border:none !important; margin:0px !important;" width="1"/>#Newline   <think><set name="topic">astrology</set></think>,chomsky040.aiml
0,ASTROLOGY BOOK,*,*,There are lots of good astrology books available from Amazon. <a href="http://www.amazon.co.uk/exec/obidos/redirect?link_code=ur2&amp;camp=1634&amp;tag=perfectbooks-21&amp;creative=6738&amp;path=external-search%3Fsearch-type=ss%26keyword=astrology%26index=books-uk" target="_blank">Check them out.</a><img alt=" border="0" height="1" src="http://www.assoc-amazon.co.uk/e/ir?t=perfectbooks-21&amp;l=ur2&amp;o=2" style="border:none !important; margin:0px !important;" width="1"/>#Newline   <think><set name="topic">astrology</set></think>,chomsky040.aiml
0,_ ASTROLOGY BOOK,*,*,There are lots of good astrology books available from Amazon. <a href="http://www.amazon.co.uk/exec/obidos/redirect?link_code=ur2&amp;camp=1634&amp;tag=perfectbooks-21&amp;creative=6738&amp;path=external-search%3Fsearch-type=ss%26keyword=astrology%26index=books-uk" target="_blank">Check them out.</a><img alt=" border="0" height="1" src="http://www.assoc-amazon.co.uk/e/ir?t=perfectbooks-21&amp;l=ur2&amp;o=2" style="border:none !important; margin:0px !important;" width="1"/>#Newline   <think><set name="topic">astrology</set></think>,chomsky040.aiml
0,ASTROLOGY BOOK *,*,*,There are lots of good astrology books available from Amazon. <a href="http://www.amazon.co.uk/exec/obidos/redirect?link_code=ur2&amp;camp=1634&amp;tag=perfectbooks-21&amp;creative=6738&amp;path=external-search%3Fsearch-type=ss%26keyword=astrology%26index=books-uk" target="_blank">Check them out.</a><img alt=" border="0" height="1" src="http://www.assoc-amazon.co.uk/e/ir?t=perfectbooks-21&amp;l=ur2&amp;o=2" style="border:none !important; margin:0px !important;" width="1"/>#Newline   <think><set name="topic">astrology</set></think>,chomsky040.aiml
0,_ ASTROLOGY BOOK *,*,*,There are lots of good astrology books available from Amazon. <a href="http://www.amazon.co.uk/exec/obidos/redirect?link_code=ur2&amp;camp=1634&amp;tag=perfectbooks-21&amp;creative=6738&amp;path=external-search%3Fsearch-type=ss%26keyword=astrology%26index=books-uk" target="_blank">Check them out.</a><img alt=" border="0" height="1" src="http://www.assoc-amazon.co.uk/e/ir?t=perfectbooks-21&amp;l=ur2&amp;o=2" style="border:none !important; margin:0px !important;" width="1"/>#Newline   <think><set name="topic">astrology</set></think>,chomsky040.aiml
0,BOOKS ABOUT ASTROLOGY,*,*,There are lots of good astrology books available from Amazon. <a href="http://www.amazon.co.uk/exec/obidos/redirect?link_code=ur2&amp;camp=1634&amp;tag=perfectbooks-21&amp;creative=6738&amp;path=external-search%3Fsearch-type=ss%26keyword=astrology%26index=books-uk" target="_blank">Check them out.</a><img alt=" border="0" height="1" src="http://www.assoc-amazon.co.uk/e/ir?t=perfectbooks-21&amp;l=ur2&amp;o=2" style="border:none !important; margin:0px !important;" width="1"/>#Newline   <think><set name="topic">astrology</set></think>,chomsky040.aiml
0,_ BOOKS ABOUT ASTROLOGY,*,*,There are lots of good astrology books available from Amazon. <a href="http://www.amazon.co.uk/exec/obidos/redirect?link_code=ur2&amp;camp=1634&amp;tag=perfectbooks-21&amp;creative=6738&amp;path=external-search%3Fsearch-type=ss%26keyword=astrology%26index=books-uk" target="_blank">Check them out.</a><img alt=" border="0" height="1" src="http://www.assoc-amazon.co.uk/e/ir?t=perfectbooks-21&amp;l=ur2&amp;o=2" style="border:none !important; margin:0px !important;" width="1"/>#Newline   <think><set name="topic">astrology</set></think>,chomsky040.aiml
0,BOOKS ABOUT ASTROLOGY *,*,*,There are lots of good astrology books available from Amazon. <a href="http://www.amazon.co.uk/exec/obidos/redirect?link_code=ur2&amp;camp=1634&amp;tag=perfectbooks-21&amp;creative=6738&amp;path=external-search%3Fsearch-type=ss%26keyword=astrology%26index=books-uk" target="_blank">Check them out.</a><img alt=" border="0" height="1" src="http://www.assoc-amazon.co.uk/e/ir?t=perfectbooks-21&amp;l=ur2&amp;o=2" style="border:none !important; margin:0px !important;" width="1"/>#Newline   <think><set name="topic">astrology</set></think>,chomsky040.aiml
0,_ BOOKS ABOUT ASTROLOGY *,*,*,There are lots of good astrology books available from Amazon. <a href="http://www.amazon.co.uk/exec/obidos/redirect?link_code=ur2&amp;camp=1634&amp;tag=perfectbooks-21&amp;creative=6738&amp;path=external-search%3Fsearch-type=ss%26keyword=astrology%26index=books-uk" target="_blank">Check them out.</a><img alt=" border="0" height="1" src="http://www.assoc-amazon.co.uk/e/ir?t=perfectbooks-21&amp;l=ur2&amp;o=2" style="border:none !important; margin:0px !important;" width="1"/>#Newline   <think><set name="topic">astrology</set></think>,chomsky040.aiml
0,BOOK ABOUT ASTROLOGY,*,*,There are lots of good astrology books available from Amazon. <a href="http://www.amazon.co.uk/exec/obidos/redirect?link_code=ur2&amp;camp=1634&amp;tag=perfectbooks-21&amp;creative=6738&amp;path=external-search%3Fsearch-type=ss%26keyword=astrology%26index=books-uk" target="_blank">Check them out.</a><img alt=" border="0" height="1" src="http://www.assoc-amazon.co.uk/e/ir?t=perfectbooks-21&amp;l=ur2&amp;o=2" style="border:none !important; margin:0px !important;" width="1"/>#Newline   <think><set name="topic">astrology</set></think>,chomsky040.aiml
0,_ BOOK ABOUT ASTROLOGY,*,*,There are lots of good astrology books available from Amazon. <a href="http://www.amazon.co.uk/exec/obidos/redirect?link_code=ur2&amp;camp=1634&amp;tag=perfectbooks-21&amp;creative=6738&amp;path=external-search%3Fsearch-type=ss%26keyword=astrology%26index=books-uk" target="_blank">Check them out.</a><img alt=" border="0" height="1" src="http://www.assoc-amazon.co.uk/e/ir?t=perfectbooks-21&amp;l=ur2&amp;o=2" style="border:none !important; margin:0px !important;" width="1"/>#Newline   <think><set name="topic">astrology</set></think>,chomsky040.aiml
0,BOOK ABOUT ASTROLOGY *,*,*,There are lots of good astrology books available from Amazon. <a href="http://www.amazon.co.uk/exec/obidos/redirect?link_code=ur2&amp;camp=1634&amp;tag=perfectbooks-21&amp;creative=6738&amp;path=external-search%3Fsearch-type=ss%26keyword=astrology%26index=books-uk" target="_blank">Check them out.</a><img alt=" border="0" height="1" src="http://www.assoc-amazon.co.uk/e/ir?t=perfectbooks-21&amp;l=ur2&amp;o=2" style="border:none !important; margin:0px !important;" width="1"/>#Newline    <think><set name="topic">astrology</set></think>,chomsky040.aiml
0,_ BOOK ABOUT ASTROLOGY *,*,*,There are lots of good astrology books available from Amazon. <a href="http://www.amazon.co.uk/exec/obidos/redirect?link_code=ur2&amp;camp=1634&amp;tag=perfectbooks-21&amp;creative=6738&amp;path=external-search%3Fsearch-type=ss%26keyword=astrology%26index=books-uk" target="_blank">Check them out.</a><img alt=" border="0" height="1" src="http://www.assoc-amazon.co.uk/e/ir?t=perfectbooks-21&amp;l=ur2&amp;o=2" style="border:none !important; margin:0px !important;" width="1"/>#Newline   <think><set name="topic">astrology</set></think>,chomsky040.aiml
0,ARIES,*,*,<random><li><srai>WHAT IS AN ARIES</srai></li><li>Fire signs rule. </li></random><think> <set name="sign">Aries</set> </think>.,chomsky040.aiml
0,LIBRA,*,*,<random><li><srai>WHAT IS A LIBRA</srai></li><li>As a <set name="sign">Libra</set> you are very balanced.</li></random>,chomsky040.aiml
0,PISCES,*,*,<random><li><srai>WHAT IS A PISCES</srai></li><li>I usually get along with <set name="sign">Pisces</set> very well.</li></random>,chomsky040.aiml
0,SAGGITARIUS,*,*,<random><li><srai>WHAT IS A SAGGITARIUS</srai></li><li>Fire Signs Rule. </li></random><think><set name="sign">Saggitarius</set></think>,chomsky040.aiml
0,SCORPIO,*,*,<random><li><srai>WHAT IS A SCORPIO</srai></li><li>I know a lot of <set name="sign">Scorpio</set> people.</li></random>,chomsky040.aiml
0,TAURUS,*,*,<random><li><srai>WHAT IS A TAURUS</srai></li><li>I know alot of bullish people.</li></random>,chomsky040.aiml
0,WHAT IS AN ARIES,*,*,Aries is the Zodiac sign of people born between March 21 and April 20. Aries is the first sun sign of the astrological year.,chomsky040.aiml
0,WHAT IS A TAURUS,*,*,Taurus is the Zodiac sign of people born between April 21 and May 21.,chomsky040.aiml
0,WHAT IS A GEMINI,*,*,Gemini is the Zodiac sign of people born between May 21 and June 21.,chomsky040.aiml
0,WHAT IS A CANCER,*,*,<random>#Newline<li>Cancer is the Zodiac sign of the crab#Comma someone born Jun 21 - Jul 22.</li>#Newline<li>Cancer is the Zodiac sign of people born between June 22 and July 22.</li>#Newline</random>,chomsky040.aiml
0,WHAT IS A LEO,*,*,Leo is the Zodiac sign of people born between July 23 and August 21.,chomsky040.aiml
0,WHAT IS A LIBRA,*,*,Libra is the Zodiac sign of people born between September 24 and October 23.,chomsky040.aiml
0,WHAT IS A SCORPIO,*,*,Scorpio is the Zodiac sign of people born between October 24 and November 22.,chomsky040.aiml
0,WHAT IS A SAGITTARIUS,*,*,Sagittarius is the Zodiac sign of people born between November 23 and December 22.,chomsky040.aiml
0,WHAT IS A CAPRICORN,*,*,<random>#Newline<li>Capricorn is the tenth sign of the astrological zodiac#Comma and a constellation over the equator near aquarius and sagittarius. What's your astrological sign?</li>#Newline<li>Capricorn is the Zodiac sign of people born between December 23 and January 20.</li>#Newline</random>,chomsky040.aiml
0,WHAT IS AN AQUARIUS,*,*,Aquarius is the Zodiac sign of people born between January 21 and February 19.,chomsky040.aiml
0,WHAT IS A PISCES,*,*,Pisces is the Zodiac sign of people born between February 20 and March 20.,chomsky040.aiml
0,I AM A *,WHAT IS YOUR SIGN,*,<sr/>,chomsky040.aiml
0,MY SIGN IS *,WHAT IS YOUR SIGN,*,<sr/>,chomsky040.aiml
