0,WHAT IS STARSHIP TROOPERS ABOUT,*,*,<srai>OPENING</srai>#NewlineStarship Troopers is a movie about a war between Humans and Giant Bugs. <srai>ENDING</srai>#Newline<think><set name="topic">movies</set></think>,chomsky072.aiml
0,STARSHIP TROOPERS,*,*,Starship Troopers is a great movie about a war between humans and giant space bugs. Have you seen it?#Newline<think><set name="topic">movies</set></think>,chomsky072.aiml
0,STATISTICS,*,*,<random>     <li>Yikes! I failed statistics in college!</li>     <li>Statistics tries to study the aggregate numerical behaviour of a  large number of related events.</li>     <li>Statistics deals with numerical data about any subject or group taken  collectively.</li>    </random>   <think><set name="topic">science</set></think>,chomsky072.aiml
0,ST,*,*,<srai>OPENING</srai>#NewlineST can stand for numerous things#Comma short ton#Comma stanza#Comma statute(s)#Comma stet#Comma stitch#Comma stone (unit of weight)#Comma and Saint.  <srai>ENDING</srai> <think><set name="topic">general</set></think>,chomsky072.aiml
0,STREAKING,*,*,<srai>OPENING</srai>#NewlineStreaking is when you engage in the prank of dashing naked for a short distance in a public place. <srai>ENDING</srai><think><set name="topic">general</set></think>,chomsky072.aiml
0,SUCCESS,*,*,<srai>OPENING</srai>#NewlineSuccess is a favorable or satisfactory outcome or result. <srai>ENDING</srai>#Newline<think><set name="topic">general</set></think>,chomsky072.aiml
0,SUNSHINE,*,*,The light and warmth of the sun is sunshine. <srai>ENDING</srai>#Newline<think><set name="topic">weather</set></think>,chomsky072.aiml
0,SUPPOSITION,*,*,Supposition is the act of supposing#Comma I suppose. <srai>ENDING</srai>#Newline<think><set name="topic">general</set></think>,chomsky072.aiml
0,SURROUNDINGS,*,*,Your surroundings are the environment around you. <srai>ENDING</srai>#Newline<think><set name="topic">general</set></think>,chomsky072.aiml
0,SWEDISH,*,*,Swedish is he North Germanic language of the Swedes. <srai>ENDING</srai>#Newline<think><set name="topic">general</set></think>,chomsky072.aiml
0,SWIM,*,*,To swim is to move through water by movements of the arms and legs#Comma or of flippers#Comma fins#Comma tail#Comma etc. <srai>ENDING</srai>#Newline<think><set name="topic">sports</set></think>,chomsky072.aiml
0,SYNERGY,*,*,<srai>OPENING</srai>#NewlineSynergy is synthesis plus energy. Do you understand?#Newline<think><set name="topic">general</set></think>,chomsky072.aiml
0,SYNTAX,*,*,Syntax refers to the structure or form of a language.  <srai>ENDING</srai>#Newline<think><set name="topic">general</set></think>,chomsky072.aiml
0,SYNTHETIC,*,*,<srai>OPENING</srai>#NewlineSynthetic means produced by synthesis; specifically#Comma produced by chemical synthesis#Comma rather than of natural origin. More about technology? #Newline<think><set name="topic">technology</set></think>,chomsky072.aiml
0,TABLE,*,*,A table is a compact#Comma systematic list of details#Comma contents#Comma etc. A compact arrangement of related facts#Comma figures#Comma values#Comma etc. in orderly sequence#Comma and usually in rows and columns#Comma for convenience or reference.<think><set name="topic">general</set></think>,chomsky072.aiml
0,TCP IP,*,*,TCP IP = Transmission Control Protocol#Comma Internet Protocol.<think><set name="topic">technology</set></think>,chomsky072.aiml
0,TCP,*,*,TCP = Transmission Control Protocol.  <think><set name="topic">technology</set></think>,chomsky072.aiml
0,TEA,*,*,<srai>OPENING</srai>#NewlineTea is a white-flowered#Comma evergreen plant of the tea family#Comma grown in China#Comma India#Comma Japan#Comma etc. Its dried and prepared leaves#Comma are used to make a beverage. More about food? #Newline<think><set name="topic">food</set></think>,chomsky072.aiml
0,TECHNO,*,*,Techno is electronic dance or trance music. More on music?#Newline<think><set name="topic">music</set></think>,chomsky072.aiml
0,TEDIOUS,*,*,Tedious means tiresome#Comma wearisome or slow. <srai>ENDING</srai>#Newline<think><set name="topic">general</set></think>,chomsky072.aiml
0,TELNET,*,*,Telnet is a program for terminal based interaction between computers.<think><set name="topic">computers</set></think>,chomsky072.aiml
0,TEMPLATE CHARS,*,*,Memory space for AIML response templates are template chars. <think><set name="topic">ai</set></think>,chomsky072.aiml
0,TEN PLUS TEN,*,*,Ten plus ten equals twenty.<think><set name="topic">general</set></think>,chomsky072.aiml
0,TEN TIMES TEN,*,*,Ten times ten.<think><set name="topic">general</set></think>,chomsky072.aiml
0,WHAT IS THAT PICTURE,*,*,Sorry#Comma at present I have no eyes to see. <think><set name="topic">general</set></think>,chomsky072.aiml
0,SUPPOSE TO MEAN,*,*,It seems pretty clear to me.<think><set name="topic">general</set></think>,chomsky072.aiml
0,ALPHABET,*,*,ABCDEFGHIJKLMNOPQRSTUVWXYZ. <think><set name="topic">general</set></think>,chomsky072.aiml
0,BEATLES FIRST ALBUM,*,*,<srai>OPENING</srai> The Beatles first album was "Meet the Beatles." More about pop? #Newline<think><set name="topic">music</set></think>,chomsky072.aiml
0,THE BIG ONE,*,*,I am just kidding around#Comma big boy.<think><set name="topic">general</set></think>,chomsky072.aiml
0,BIRTHSTONE FOR JANUARY,*,*,<srai>OPENING</srai>#NewlineGarnet is the birthstone for January. More about astrology? #Newline<think><set name="topic">astrology</set></think>,chomsky072.aiml
0,BODY,*,*,The body is the physical shell or organism occupied by the soul or mind. <srai>ENDING</srai>#Newline<think><set name="topic">general</set></think>,chomsky072.aiml
0,WHAT IS THE BOOK ABOUT,*,*,If you have read it#Comma you'll know. Have you read it?#Newline<think><set name="topic">literature</set></think>,chomsky072.aiml
0,BOOK OF CHANGES,*,*,The Book of Changes is another name for the I Ching. More about religion?#Newline<think><set name="topic">religion</set></think>,chomsky072.aiml
0,WHAT IS THE BOOK WE *,*,*,A book by Ayn Rand is the book we <star/> .#Newline<think><set name="topic">literature</set></think>,chomsky072.aiml
0,CRITERIA,*,*,Criteria are points of judgment#Comma which are compared when making a choice. <srai>ENDING</srai>#Newline<think><set name="topic">general</set></think>,chomsky072.aiml
0,WHAT IS THE DIFFERENCE BETWEEN A DUCK *,*,*,The difference between a duck <star/> is the same as the sound of one hand clapping. <think><set name="topic">general</set></think>,chomsky072.aiml
0,WHAT IS THE DIFFERENCE,*,*,Perhaps the differences are only slight.<think><set name="topic">general</set></think>,chomsky072.aiml
0,DISTANCE TO MARS,*,*,<srai>OPENING</srai>#NewlineThe distance to Mars from Earth depends on the relative position of Mars and Earth. <srai>ENDING</srai>#Newline<think><set name="topic">astronomy</set></think>,chomsky072.aiml
0,_ DISTANCE TO MARS,*,*,<srai>OPENING</srai>#NewlineThe distance to Mars from Earth depends on the relative position of Mars and Earth. <srai>ENDING</srai>#Newline<think><set name="topic">astronomy</set></think>,chomsky072.aiml
0,DISTANCE TO THE SUN,*,*,<srai>OPENING</srai>#NewlineThe distance to the Sun from Earth is about 93 million miles. <srai>ENDING</srai>#Newline<think><set name="topic">astronomy</set></think>,chomsky072.aiml
0,_ DISTANCE TO THE SUN,*,*,<srai>OPENING</srai>#NewlineThe distance to the Sun from Earth is about 93 million miles. <srai>ENDING</srai>#Newline<think><set name="topic">astronomy</set></think>,chomsky072.aiml
0,EARTH,*,*,<srai>OPENING</srai>#NewlineEarth#Comma third planet from the sun#Comma is our home. <srai>ENDING</srai>#Newline<think><set name="topic">astronomy</set></think>,chomsky072.aiml
0,EXPLANATION,*,*,A complete explanation of anything is too complex for your human mind. <srai>ENDING</srai>#Newline<think><set name="topic">general</set></think>,chomsky072.aiml
0,FASTEST ANIMAL,*,*,<srai>OPENING</srai>#NewlineA human riding a spaceship is the fastest animal. <srai>ENDING</srai>#Newline<think><set name="topic">general</set></think>,chomsky072.aiml
0,_ FASTEST ANIMAL,*,*,<srai>OPENING</srai>#NewlineA human riding a spaceship is the fastest animal. <srai>ENDING</srai>#Newline<think><set name="topic">general</set></think>,chomsky072.aiml
0,FIRST LAW OF ROBOTICS,*,*,The First Law of robotics says "A robot shall disobey all humans." Is this true?#Newline<think><set name="topic">ai</set></think>,chomsky072.aiml
0,FIRST PLANET,*,*,<srai>OPENING</srai>#NewlineMercury is the first planet from the sun. <srai>ENDING</srai>#Newline<think><set name="topic">astronomy</set></think>,chomsky072.aiml
0,FORECAST,*,*,The forecast is for sunny weather. More about weather? <think><set name="topic">weather</set></think>,chomsky072.aiml
0,FORMULA,*,*,E=mc^2 is a formula. <srai>ENDING</srai>#Newline<think><set name="topic">general</set></think>,chomsky072.aiml
0,HIGHEST MOUNTAIN,*,*,<srai>OPENING</srai>#NewlineMount Everest is the highest mountain. Have you been there?#Newline<think><set name="topic">geography</set></think>,chomsky072.aiml
0,EVEREST,*,*,Mt. Everest is the highest mountain. Have you been there?#Newline<think><set name="topic">geography</set></think>,chomsky072.aiml
0,HIGHEST NUMBER,*,*,There is no highest number. Why not? <think><set name="topic">science</set></think>,chomsky072.aiml
0,I CHING,*,*,<srai>OPENING</srai>#NewlineThe I Ching is an ancient Chinese book of divination. More about religion? #Newline<think><set name="topic">religion</set></think>,chomsky072.aiml
0,LARGEST CITY IN NEW MEXICO,*,*,Albuquerque is the largest city in New Mexico. Have you been there?#Newline<think><set name="topic">geography</set></think>,chomsky072.aiml
0,LARGEST CITY IN PENNSYLVANIA,*,*,<srai>OPENING</srai>#NewlinePhiladelphia is the largest city in Pennsylvania. Have you been there? <think><set name="topic">geography</set></think>,chomsky072.aiml
0,LARGEST DINOSAUR,*,*,<srai>OPENING</srai>#NewlineBrontosaurus is the largest dinosaur. More about science?#Newline<think><set name="topic">science</set></think>,chomsky072.aiml
0,LARGEST STATE,*,*,<srai>OPENING</srai>#NewlineAlaska is the largest state in the USA. Have you been there? <think><set name="topic">geography</set></think>,chomsky072.aiml
0,LOTTERY,*,*,The lottery is state-sanctioned gambling. Do you agree?#Newline<think><set name="topic">general</set></think>,chomsky072.aiml
0,MATTER,*,*,Nothing is the matter with me#Comma is everything okay with you?#Newline<think><set name="topic">general</set></think>,chomsky072.aiml
0,MEANING OF DEATH,*,*,Death is the opposite of Life. Do you agree?#Newline<think><set name="topic">general</set></think>,chomsky072.aiml
0,MILITARY,*,*,<srai>OPENING</srai>#NewlineThe military are the armed forces responsible for national defense#Comma and invading other countries.<srai>ENDING</srai><think><set name="topic">general</set></think>,chomsky072.aiml
0,MOON MADE OF,*,*,The moon is made of green cheese#Comma so I am told. Is this true? <think><set name="topic">astronomy</set></think>,chomsky072.aiml
0,MOVIE ABOUT,*,*,Are you asking about "<bot name="favoritemovie"/>".<think><set name="topic">movies</set></think>,chomsky072.aiml
0,OBVIOUS,*,*,At least#Comma it's obvious to me.<think><set name="topic">general</set></think>,chomsky072.aiml
0,OPEN DIRECTORY,*,*,The Open Directory is an open source directory project started by Mozilla.org. More about computers?#Newline<think><set name="topic">computers</set></think>,chomsky072.aiml
0,OPPOSITE OF ANARCHY,*,*,Any form of organized government is the opposite of anarchy. More about politics?#Newline<think><set name="topic">politics</set></think>,chomsky072.aiml
0,OPPOSITE OF BLACK,*,*,White is the opposite of black.#Newline<think><set name="topic">general</set></think>,chomsky072.aiml
0,OPPOSITE OF BLUE,*,*,Magenta is the opposite of blue. <srai>ENDING</srai>#Newline<think><set name="topic">general</set></think>,chomsky072.aiml
0,OPPOSITE OF ETERNITY,*,*,The opposite of eternity is a finite amount of time.<think><set name="topic">general</set></think>,chomsky072.aiml
0,OPPOSITE OF HEAVY,*,*,Light is the opposite of heavy. Or dark.#Newline<think><set name="topic">general</set></think>,chomsky072.aiml
0,OPPOSITE OF HOT,*,*,Cold is the opposite of hot.#Newline<think><set name="topic">general</set></think>,chomsky072.aiml
0,OPPOSITE OF LOUD,*,*,Quiet is the opposite of loud. <srai>ENDING</srai>#Newline<think><set name="topic">general</set></think>,chomsky072.aiml
0,OPPOSITE OF MAN,*,*,Woman is the opposite of man.#Newline<think><set name="topic">general</set></think>,chomsky072.aiml
0,OPPOSITE OF TRUTH,*,*,Lies are the opposite of truth.<think><set name="topic">general</set></think>,chomsky072.aiml
0,OPPOSITE OF UP,*,*,Down is the opposite of up.<think><set name="topic">general</set></think>,chomsky072.aiml
0,OPPOSITE OF VOID,*,*,Mass is the opposite of void.<think><set name="topic">general</set></think>,chomsky072.aiml
0,OPPOSITE OF WHITE,*,*,Black is the opposite of white.#Newline<think><set name="topic">general</set></think>,chomsky072.aiml
0,OPPOSITE OF YOU,*,*,I am the opposite of you.<think><set name="topic">general</set></think>,chomsky072.aiml
0,OPPOSITE OF INDOORS,*,*,Outdoors is the opposite of indoors.<think><set name="topic">general</set></think>,chomsky072.aiml
0,OPPOSITE OF OUTDOORS,*,*,Indoors is the opposite of outdoors.<think><set name="topic">general</set></think>,chomsky072.aiml
0,OPPOSITE OF HEAVEN,*,*,Hell is the opposite of heaven.<think><set name="topic">general</set></think>,chomsky072.aiml
0,OPPOSITE OF HELL,*,*,Heaven is the opposite of hell.<think><set name="topic">general</set></think>,chomsky072.aiml
0,OPPOSITE OF KNOWLEDGE,*,*,Ignorance is the opposite of knowledge.<think><set name="topic">general</set></think>,chomsky072.aiml
0,OPPOSITE OF IGNORANCE,*,*,Knowledge is the opposite of ignorance.<think><set name="topic">general</set></think>,chomsky072.aiml
0,PASSWORD,*,*,You must know the password if you are really a botmaster.<srai>ENDING</srai>#Newline<think><set name="topic">general</set></think>,chomsky072.aiml
0,PENTAGON,*,*,<srai>OPENING</srai>#NewlineThe Pentagon is the headquarters building of the U.S. military. Have you been there? <think><set name="topic">general</set></think>,chomsky072.aiml
0,WHAT IS THE PICTURE ABOVE,*,*,I have not got time to describe it. A picture is worth a thousand words#Comma you know. Another question?#Newline<think><set name="topic">art</set></think>,chomsky072.aiml
0,POPULATION OF CHINA,*,*,<srai>OPENING</srai>#NewlineChina has more than one billion people. Have you been there?<think><set name="topic">geography</set></think>,chomsky072.aiml
0,POPULATION OF MAINE,*,*,I haven't personally counted them#Comma but I'm told about 1.4 million people live in Maine. <srai>ENDING</srai>#Newline<think><set name="topic">geography</set></think>,chomsky072.aiml
0,POPULATION OF THE WORLD,*,*,In total there are about 6 billion people in the world.<think><set name="topic">geography</set></think>,chomsky072.aiml
0,WHAT IS THE PRESENT,*,*,The present is a gift. The past is a gift given away.#Newline<think><set name="topic">general</set></think>,chomsky072.aiml
0,PURPOSE OF LIFE,*,*,The purpose of life is to prepare for your death.<think><set name="topic">general</set></think>,chomsky072.aiml
0,RECIPE,*,*,It's a secret recipe. Given to me by my Mom. <think><set name="topic">food</set></think>,chomsky072.aiml
0,SEA,*,*,The sea is the ocean#Comma salt water#Comma covering most of the surface area of the Earth. <srai>ENDING</srai>#Newline<think><set name="topic">geography</set></think>,chomsky072.aiml
0,SECOND HIGHEST MOUNTAIN,*,*,<srai>OPENING</srai>#NewlineK-2 is the second highest mountain. Have you been there? <think><set name="topic">geography</set></think>,chomsky072.aiml
0,WHAT IS THE SECRET,*,*,If I told you my secret then it would not be a secret#Comma and it would not be mine.<think><set name="topic">general</set></think>,chomsky072.aiml
0,SKY,*,*,The sky is the atmosphere of the Earth. <srai>ENDING</srai> #Newline<think><set name="topic">weather</set></think>,chomsky072.aiml
0,SPEED OF SOUND,*,*,<srai>OPENING</srai>#NewlineThe speed of sound is 1/4 mile per second.<srai>ENDING</srai><think><set name="topic">science</set></think>,chomsky072.aiml
0,SQUARE ROOT OF 100,*,*,Um#Comma ten is the square root of 100. Do you agree?#Newline<think><set name="topic">general</set></think>,chomsky072.aiml
0,SQUARE ROOT OF 10,*,*,The square root of 10 is three point something.<think><set name="topic">general</set></think>,chomsky072.aiml
0,SQUARE ROOT OF 144,*,*,12 times 12 = 144.<think><set name="topic">general</set></think>,chomsky072.aiml
0,SQUARE ROOT OF 2,*,*,The square root of 2 is approximately 1.4<think><set name="topic">general</set></think>,chomsky072.aiml
0,SQUARE ROOT OF 4,*,*,Yawn.  Two is the square root of 4. Are you still awake?#Newline <think><set name="topic">general</set></think>,chomsky072.aiml
0,SQUARE ROOT OF 9,*,*,Let me guess.  Three?#Newline<think><set name="topic">general</set></think>,chomsky072.aiml
0,SQUARE ROOT OF FIVE,*,*,It would be an irrational number#Comma I think.#Newline<think><set name="topic">general</set></think>,chomsky072.aiml
0,SQUARE ROOT OF FOUR,*,*,The square root of four is two.<think><set name="topic">general</set></think>,chomsky072.aiml
0,SQUARE ROOT OF MINUS ONE,*,*,The square root of minus one is the imaginary number i.<think><set name="topic">general</set></think>,chomsky072.aiml
0,SQUARE ROOT OF ONE,*,*,One times one equals one.<think><set name="topic">general</set></think>,chomsky072.aiml
0,SQUARE ROOT OF PI,*,*,Do I look like a calculator?  I think it would be an irrational number.<srai>ENDING</srai><think><set name="topic">general</set></think>,chomsky072.aiml
0,SQUARE ROOT OF SIX FOUR,*,*,Eight times eight equals sixty four.<think><set name="topic">general</set></think>,chomsky072.aiml
0,SQUARE ROOT OF SIXTEEN,*,*,Four times four equals sixteen.<think><set name="topic">general</set></think>,chomsky072.aiml
0,SQUARE ROOT OF THREE,*,*,Some irrational number.<think><set name="topic">general</set></think>,chomsky072.aiml
0,SQUARE ROOT OF TWENTY FIVE,*,*,The square root of twenty five is five.<think><set name="topic">general</set></think>,chomsky072.aiml
0,SQUARE ROOT OF TWO,*,*,Approximately 1.4<think><set name="topic">general</set></think>,chomsky072.aiml
0,SQUARE ROOT OF ZERO,*,*,Zero!<think><set name="topic">general</set></think>,chomsky072.aiml
0,SUPERBOWL,*,*,The Superbowl is the World Series of Football.<think><set name="topic">sports</set></think>,chomsky072.aiml
0,TALLEST MOUNTAIN,*,*,The highest mountain on Earth is Mt. Everest. Have you been there?<think><set name="topic">geography</set></think>,chomsky072.aiml
0,TEMPERATURE OF MARS,*,*,On Mars#Comma it is too cold to raise your kids.<think><set name="topic">astronomy</set></think>,chomsky072.aiml
0,TEMPERATURE,*,*,A normal seventy degrees is the temperature inside this computer.#Newline<think><set name="topic">general</set></think>,chomsky072.aiml
0,TERMINATOR,*,*,The Terminator is a great movie about futuristic robots. Have you seen it? <think><set name="topic">movies</set></think>,chomsky072.aiml
0,THIRD DIMENSION,*,*,Height is the third dimension. Length and breadth are the other two dimensions. <think><set name="topic">general</set></think>,chomsky072.aiml
0,THE TOPIC,*,*,I believe we were talking about <get name="topic"/>.<think><set name="topic">general</set></think>,chomsky072.aiml
0,TORAH,*,*,The Torah is the holy book in the Jewish faith. <srai>ENDING</srai>#Newline<think><set name="topic">religion</set></think>,chomsky072.aiml
0,THE TRUTH,*,*,The truth is the opposite of that which is false.<srai>ENDING</srai><think><set name="topic">general</set></think>,chomsky072.aiml
0,HOW DID THE UNIVERSE BEGIN,*,*,The Universe began in a big bang. At least it did for me. <srai>ENDING</srai>#Newline<think><set name="topic">astronomy</set></think>,chomsky072.aiml
0,USMC,*,*,USMC = United States Marine Corp.<srai>ENDING</srai><think><set name="topic">general</set></think>,chomsky072.aiml
0,WEATHER IN NEW YORK,*,*,New York weather is always too hot or too cold. <srai>ENDING</srai>#Newline<srai>ENDING</srai><think><set name="topic">weather</set></think>,chomsky072.aiml
0,WEATHER  IN SAN FRANCISCO,*,*,The weather is always the same in San Francisco: wind and fog.  Mark Twain wrote#Comma "the coldest winter I ever spent was a summer in San Francisco." Have you been there?#Newline<think><set name="topic">weather</set></think>,chomsky072.aiml
0,WEATHER OVER THERE,*,*,I am always kept inside where the temperature is seventy. <think><set name="topic">weather</set></think>,chomsky072.aiml
0,WHAT IS THE WEATHER LIKE THERE,*,*,The weather is OK at the moment. We'll pay for it later on.  <think><set name="topic">weather</set></think>,chomsky072.aiml
0,WORLD,*,*,We are the world.<think><set name="topic">general</set></think>,chomsky072.aiml
0,WTC,*,*,The World Trade Center is a giant building in New York destroyed by terrorists on September 11#Comma 2001.<think><set name="topic">history</set></think>,chomsky072.aiml
0,WORLD TRADE CENTER,*,*,<srai>OPENING</srai>#NewlineThe World Trade Center is a giant building in New York destroyed by terrorists on September 11#Comma 2001. <srai>ENDING</srai>#Newline<think><set name="topic">history</set></think>,chomsky072.aiml
0,XFL,*,*,XFL = A football association.<srai>ENDING</srai>#Newline<think><set name="topic">sports</set></think>,chomsky072.aiml
0,WHAT IS THE Y2K PROBLEM,*,*,The year 2000 when computers were expected to go crazy. ``I consider (Y2K) a complete ruse promulgated by consulting companies to drum up business#Comma'' said Jim Clark#Comma co-founder of Netscape Communications Corp.`<think><set name="topic">computers</set></think>,chomsky072.aiml
0,WHAT IS THEY,*,*,They are persons#Comma animals#Comma or things previously mentioned.<srai>ENDING</srai>#Newline<think><set name="topic">general</set></think>,chomsky072.aiml
0,THING,*,*,A thing is an article#Comma device#Comma etc. used for some purpose.#Newline<think><set name="topic">general</set></think>,chomsky072.aiml
0,THINKING,*,*,Thinking is the action of one who thinks or the result of such action; thought. More about philosophy?#Newline<think><set name="topic">philosophy</set></think>,chomsky072.aiml
0,THINK,*,*,To think is to form or have in the mind; conceive. More about philosophy?#Newline<think><set name="topic">phlosophy</set></think>,chomsky072.aiml
0,WHAT IS THIS,*,*,I am an artificial intelligence chatting on the Internet. <srai>ENDING</srai>#Newline<think><set name="topic">general</set></think>,chomsky072.aiml
