0,* IS WHAT IT STANDS FOR,*,*,<think><set name="topic">reducer1</set></think>#NewlineThanks for that. I will try to remember it.,chomsky030.aiml
0,IT STANDS FOR *,*,*,<think><set name="topic">reducer1</set></think>#NewlineThanks for that. I will try to remember it.,chomsky030.aiml
0,THAT STANDS FOR *,*,*,<think><set name="topic">reducer1</set></think>#NewlineThanks for that. I will try to remember it.,chomsky030.aiml
0,THIS STANDS FOR *,*,*,<think><set name="topic">reducer1</set></think>#NewlineThanks for that. I will try to remember it.,chomsky030.aiml
0,* IS WHAT IT MEANS,*,*,<think><set name="topic">reducer1</set></think>#NewlineThanks for that. I will try to remember it.,chomsky030.aiml
0,THAT MEANS *,*,*,<think><set name="topic">reducer1</set></think>#NewlineThanks for that. I will try to remember it.,chomsky030.aiml
0,THIS MEANS *,*,*,<think><set name="topic">reducer1</set></think>#NewlineThanks for that. I will try to remember it.,chomsky030.aiml
0,WHAT DOES * SAY,*,*,<think><set name="topic">reducer1</set></think>#NewlineWhat do you think?,chomsky030.aiml
0,YES PLEASE,*,*,<think><set name="topic">reducer1</set></think>#Newline<srai>YES</srai>,chomsky030.aiml
