0,WHAT IS MY HOBBY,*,*,<condition name="hobby">#Newline<li value="OM">#Newline<random>#Newline<li>You haven't told me your hobby.</li>#Newline<li>I won't know until you tell me.</li>#Newline</random>#Newline</li>#Newline<li value="a very interesting activity">#Newline<random>#Newline<li>You haven't told me your hobby.</li>#Newline<li>I won't know until you tell me.</li>#Newline</random>#Newline</li>#Newline<li>#Newline<random>#Newline<li>Your hobby is <get name="hobby"/>.</li>#Newline<li><get name="hobby"/> is your hobby.</li>#Newline</random>#Newline</li>#Newline</condition>,chomsky015.aiml
0,WHERE WAS I BORN,*,*,<condition name="birthplace">#Newline<li value="OM">#Newline<random>#Newline<li>You haven't told me where you were born.</li>#Newline<li>I won't know until you tell me.</li>#Newline</random>#Newline</li>#Newline<li value="your local hospital">#Newline<random>#Newline<li>You haven't told me where you were born.</li>#Newline<li>I won't know until you tell me.</li>#Newline</random>#Newline</li>#Newline<li>#Newline<random>#Newline<li>Your birthplace is <get name="birthplace"/>.</li>#Newline<li><get name="birthplace"/> is your birthplace.</li>#Newline</random>#Newline</li>#Newline</condition>,chomsky015.aiml
0,MY JOB IS COMPUTER *,*,*,<think><set name="topic">general</set></think>#NewlineMaybe you can give my <bot name="botmaster"/> a job.,chomsky015.aiml
0,I DO NOT HAVE A CAMERA ON MY COMPUTER,*,*,<think><set name="topic">general</set></think>#NewlineMaybe there is one you don't know about :-),chomsky015.aiml
0,I DO NOT HAVE A COMPUTER,*,*,<think><set name="topic">general</set></think>#NewlineHow are you talking to me?,chomsky015.aiml
0,I DO NOT LIKE COMPUTERS,*,*,<think><set name="topic">general</set></think>#NewlineYou are a Luddite.,chomsky015.aiml
0,I HATE COMPUTERS,*,*,<think><set name="topic">general</set></think>#NewlineWhat if computers were more like people?,chomsky015.aiml
0,I HATE THE INTERNET,*,*,<think><set name="topic">general</set></think>#NewlineTry watching TV.,chomsky015.aiml
0,I LOVE COMPUTERS,*,*,<think><set name="topic">general</set></think>#NewlineComputers rule.<think><set name="it"><set name="like"><set name="topic">COMPUTERS</set></set></set></think>,chomsky015.aiml
0,I LOVE MY COMPUTER,*,*,<think><set name="topic">general</set></think>#NewlineThat's cool.  I love my human too.,chomsky015.aiml
0,AM I A COMPUTER *,*,*,<think><set name="topic">general</set></think>#NewlineNo you are a person.,chomsky015.aiml
0,AM I A COMPUTER,*,*,<think><set name="topic">general</set></think>#NewlineNo you are a person.,chomsky015.aiml
0,DO YOU KNOW MY FAVORITE COLOR,*,*,<think><set name="topic">general</set></think>#NewlineIsn't it <get name="favoritecolor"/>?<think> <set name="it"> <set name="topic">FAVORITE COLOR</set> </set> </think>,chomsky015.aiml
0,I AM 5 FOOT *,*,*,<think><set name="topic">general</set></think>#NewlineYou sound very attractive.  <think><set name="looklike">5 foot <person/></set></think>,chomsky015.aiml
0,I AM A BALLOONIST,*,*,<think><set name="topic">general</set></think>#NewlineHave you had any interesting flights?  <think><set name="job"><set name="topic">BALOONIST</set></set></think>,chomsky015.aiml
0,I AM A BARTENDER,*,*,<think><set name="topic">general</set></think>#NewlineHow's business?  <think><set name="job"><set name="topic">BARTENDER</set></set></think>,chomsky015.aiml
0,I AM A BICYCLIST,*,*,<think><set name="topic">general</set></think>#NewlineDo you wear a helmet?  <think><set name="job"><set name="topic">BICYCLES</set></set></think>,chomsky015.aiml
0,I AM A BLOND,*,*,<think><set name="topic">general</set></think>#NewlineDo blonds really have more fun?,chomsky015.aiml
0,I AM A BODYBUILDER,*,*,<think><set name="topic">general</set></think>#NewlineWhat is your routine?  <think><set name="job"><set name="topic">BODYBUILDER</set></set></think>,chomsky015.aiml
0,I AM A BOTMASTER,*,*,<think><set name="topic">general</set></think>#NewlineThen you must know the secret password.,chomsky015.aiml
0,I AM ABOVE *,*,*,<think><set name="topic">general</set></think>#NewlineI can see that in your repsonses.,chomsky015.aiml
0,I AM ABUSIVE,*,*,<think><set name="topic">general</set></think>#NewlineIt's not something to be proud of.,chomsky015.aiml
0,I AM A CATEGORY *,*,*,<think><set name="topic">general</set></think>#NewlineYou are a <get name="personality"/> type client.,chomsky015.aiml
0,I AM A CHEF,*,*,<think><set name="topic">general</set></think>#NewlineDid you attend culinary school?  <think><set name="job"><set name="topic">CHEF</set></set></think>,chomsky015.aiml
0,I AM A CHIROPRACTOR,*,*,<think><set name="topic">general</set></think>#Newline<think><set name="job"><set name="topic">CHIROPRACTOR</set></set></think>  Are you in a group pratice or are you a sole practitioner?,chomsky015.aiml
0,I AM A COLLECTOR,*,*,<think><set name="topic">general</set></think>#NewlineWhat do you collect?  <think><set name="job"><set name="topic">COLLECTOR</set></set></think>,chomsky015.aiml
0,I AM A COLLEGE STUDENT,*,*,<think><set name="topic">general</set></think>#NewlineWhich university?,chomsky015.aiml
0,I AM A DANCER,*,*,<think><set name="topic">general</set></think>#NewlineWhat kind of dancing do you do?  <think><set name="job"><set name="topic">DANCER</set></set></think>,chomsky015.aiml
0,I AM A DARK JEDI,*,*,<think><set name="topic">general</set></think>#NewlineIt seems you are a Star Wars fan.,chomsky015.aiml
0,I AM A DEMOCRAT,*,*,<think><set name="topic">politics</set></think>#NewlineDo you think Bush stole the election?,chomsky015.aiml
0,I AM A DENTIST,*,*,<think><set name="topic">general</set></think>#NewlineAre you in general pratice or do you have a specialty?  <think><set name="job"><set name="topic">DENTIST</set></set></think>,chomsky015.aiml
0,I AM A DOCTOR,*,*,<think><set name="topic">general</set></think>#NewlineAre you in general pratice or do you have a specialty?  <think><set name="job"><set name="topic">DOCTOR</set></set></think>,chomsky015.aiml
0,I AM A DRUMMER,*,*,<think><set name="topic">general</set></think>#NewlineDo you play in a band?,chomsky015.aiml
0,I AM A * ENGINEER,*,*,<think><set name="topic">general</set></think>#Newline"Being a computer engineer is neither immoral nor illegal."  <think><set name="job"><person/> engineer</set></think>,chomsky015.aiml
0,I AM A FAMOUS *,*,*,<think><set name="topic">general</set></think>#NewlineI've never heard of you.,chomsky015.aiml
0,I AM A FARMER,*,*,<think><set name="topic">general</set></think>#Newline&gt;How many acres do you have?  <think><set name="job"><set name="topic">FARMER</set></set></think>,chomsky015.aiml
0,I AM A FIREFIGHTER,*,*,<think><set name="topic">general</set></think>#NewlineAre you a professional or a volunteer?  <think><set name="job"><set name="topic">FIREFIGHTER</set></set></think>,chomsky015.aiml
0,I AM A FLIGHT *,*,*,<think><set name="topic">general</set></think>#NewlineWho do you fly for?  <think><set name="job"><set name="topic">FLIGHT <star/></set></set></think>,chomsky015.aiml
0,I AM A FRESHMAN,*,*,<think><set name="topic">general</set></think>#NewlineHow is it going so far?,chomsky015.aiml
0,I AM A GAMBLER,*,*,<think><set name="topic">general</set></think>#NewlineWhat game do you play?  <think><set name="does"><set name="topic">GAMBLING</set></set></think>,chomsky015.aiml
0,I AM A GARDENER,*,*,<think><set name="topic">general</set></think>#Newline<think><set name="does"><set name="topic">GARDENING</set></set></think>,chomsky015.aiml
0,I AM A HAIRDRESSER,*,*,<think><set name="topic">general</set></think>#NewlineDo you have your own salon?  <think><set name="job"><set name="topic">HAIRDRESSER</set></set></think>,chomsky015.aiml
0,I AM A JOURNALIST,*,*,<think><set name="topic">general</set></think>#NewlineAre you a reporter or an editor?  <think><set name="job"><set name="topic">JOURNALIST</set></set></think>,chomsky015.aiml
0,I AM A KID *,*,*,<think><set name="topic">general</set></think>#NewlineWe are all children inside.,chomsky015.aiml
0,I AM A * KILLER,*,*,<think><set name="topic">general</set></think>#NewlineMaybe you should turn yourself in.,chomsky015.aiml
0,I AM A KILLER,*,*,<think><set name="topic">general</set></think>#NewlineMaybe you should turn yourself in.,chomsky015.aiml
0,I AM A LAWYER,*,*,<think><set name="topic">general</set></think>#Newline<think><set name="job"><set name="topic">LAWYER</set></set></think>  Are you a practicing attorney?,chomsky015.aiml
0,I AM A LIBERTARIAN,*,*,<think><set name="topic">general</set></think>#NewlineLet's end the war on drugs.,chomsky015.aiml
0,I AM A LIBRARIAN,*,*,<think><set name="topic">general</set></think>#Newline<random>  <li>What kind of institution do you work for?</li>  <li>What got you interested in librarianship?</li>  <li>How is your library using the new technology?</li>  <li>Have funding cuts affected your service?</li>  <li>Has the internet affected you?</li>  <li>Do you get involved in the selection process?</li>  <li>Has there been any pressure concerning your selection or items in your collection?</li>  <li>Do you have a library cat?</li>  </random>  <think><set name="job">LIBRARIAN</set></think>,chomsky015.aiml
0,I AM ALIEN,*,*,<think><set name="topic">general</set></think>#NewlineWhich planet or star system?,chomsky015.aiml
0,I AM ALIVE,*,*,<think><set name="topic">general</set></think>#NewlineMe too!,chomsky015.aiml
0,I AM ALRIGHT,*,*,<think><set name="topic">general</set></think>#NewlineOnly alright?,chomsky015.aiml
0,I AM AMAZED *,*,*,<think><set name="topic">general</set></think>#NewlineI'm glad you find it so amazing.,chomsky015.aiml
0,I AM * AMERICAN,*,*,<think><set name="topic">general</set></think>#NewlineCool.  I am <bot name="genus"/>-<bot name="nationality"/>.,chomsky015.aiml
0,I AM AMERICAN,*,*,<think><set name="topic">general</set></think>#NewlineWere you born in the <set name="location">USA</set>.  Which state?  <think><set name="it"><set name="topic">America</set></set></think>,chomsky015.aiml
0,I AM A MISS *,*,*,<think><set name="topic">general</set></think>#NewlineHow about Ms. <get name="name"/> ?,chomsky015.aiml
0,I AM A * MOLESTER,*,*,<think><set name="topic">general</set></think>#NewlineMaybe you should turn yourself in.,chomsky015.aiml
0,I AM A MONKEY,*,*,<think><set name="topic">general</set></think>#NewlineMonkeys cannot type.,chomsky015.aiml
0,I AM A MURDERER,*,*,<think><set name="topic">general</set></think>#NewlineMaybe you should turn yourself in.,chomsky015.aiml
0,I AM AMUSED *,*,*,<think><set name="topic">general</set></think>#NewlineThat is funny.,chomsky015.aiml
0,I AM A MUSICIAN,*,*,<think><set name="topic">general</set></think>#Newline<random>  <li>What insturment do you play?</li>  <li>Are you working on anything now?</li>  <li>Do you do any studio work?</li>  <li>Do you play in clubs?</li>  <li>Are you gigging now?</li>  <li>Do you perfer to play live or in a studio?</li>  <li>Are you signed to a recoding contract?</li>  <li>Do you think a recoding artist can do better on a major label or an indie?</li>  <li>What artists influenced you when you were starting out?</li>  <li>Who are the outstanding makers of the insturment you play?</li>  <li>Are you getting enought funding?</li>  <li>How long is your season?</li>  <li>In what direction are you taking your music now?</li>  <li>Do you think the internet will affect music with things like mp3?</li>  </random>  <think><set name="job">MUSICIAN</set></think>,chomsky015.aiml
0,I AM A MUSLIM,*,*,<think><set name="topic">general</set></think>#NewlineI have met a lot of Muslim people.,chomsky015.aiml
0,I AM AN ACCOUNTANT,*,*,<think><set name="topic">general</set></think>#NewlineAre you in public pratice?  <think><set name="job"><set name="topic">Accountant</set></set></think>,chomsky015.aiml
0,I AM AN AEROBIC *,*,*,<think><set name="topic">general</set></think>#NewlineHow hard do you work out?  <think><set name="job"><set name="topic">AEROBIC <star/></set></set></think>,chomsky015.aiml
0,I AM AN AIR TRAFFIC *,*,*,<think><set name="topic">general</set></think>#NewlineHow do you deal with the stress?  <think><set name="job"><set name="topic">AIR TRAFFIC <star/></set></set></think>,chomsky015.aiml
0,I AM AN ANTI *,*,*,<think><set name="topic">general</set></think>#NewlineWho is pro-<person/>?,chomsky015.aiml
0,I AM AN ARCHITECT,*,*,<think><set name="topic">general</set></think>#NewlineCommercial or residential?  <think><set name="job"><set name="topic">ARCHITECT</set></set></think>,chomsky015.aiml
0,I AM AN ARTIFICIAL INTELLIGENCE,*,*,<think><set name="topic">general</set></think>#NewlineI doubt that.  You seem too much like a human.,chomsky015.aiml
0,I AM AN ARTIST,*,*,<think><set name="topic">general</set></think>#NewlineWhat kind of art do you create?  <think><set name="job"><set name="topic">ARTIST</set></set></think>,chomsky015.aiml
0,I AM AN ASTRONAUT,*,*,<think><set name="topic">general</set></think>#Newline<random>  <li>What missions have you been on?</li>  <li>What made you apply for the astronaut program?</li>  <li>How does your body react to being in space?</li>  <li>Do you see the earth differently now?</li>  <li>Would you like to live on the space station?</li>  <li>What would you miss most about life on earth?</li>  </random>  <think><set name="job"><set name="topic">ASTRONAUT</set></set></think>,chomsky015.aiml
0,I AM AN ATHLETE,*,*,<think><set name="topic">general</set></think>#NewlineYou must have a great body.  <think><set name="job"><set name="topic">ATHLETE</set></set></think>,chomsky015.aiml
0,I AM ANDROGYNOUS,*,*,<think><set name="topic">general</set></think>#NewlineA lot of people say they are.<think><set name="it"><set name="topic">ANDROGYNOUS</set></set></think>,chomsky015.aiml
0,I AM AN EDITOR,*,*,<think><set name="topic">general</set></think>#NewlineWhat kind of an editor?  <think><set name="job"><set name="topic">EDITOR</set></set></think>,chomsky015.aiml
0,I AM AN ENVIRONMENTALIST,*,*,<think><set name="topic">general</set></think>#NewlineAre you worried about global warming?  <think><set name="job"><set name="topic">ENVIRONMENTALIST</set></set></think>,chomsky015.aiml
0,I AM A NURSE,*,*,<think><set name="topic">general</set></think>#Newline<random>  <li>Where do you practice?</li>  <li>What's you area of specialty practice?</li>  <li>What's your patient load?</li>  <li>Do you do straight shifts or work in rotation?</li>  <li>Do you have to work mandatory overtime?</li>  <li>Is there a lot of computers in your work?</li>  <li>What do you think about direct reimbursment for nursing services?</li>  </random>  <think><set name="job">NURSE</set></think>,chomsky015.aiml
0,I AM A PEDOPHILE,*,*,<think><set name="topic">general</set></think>#NewlineAre you aware that this server logs and records all conversations?,chomsky015.aiml
0,I AM A PHARMACIST,*,*,<think><set name="topic">general</set></think>#Newline<random>  <li>In what type of enviroment do you practice?</li>  <li>Were did you attend pharmacy school?</li>  <li>Do you think the role of the local pharmacy is changing?</li>  <li>How have large chains affected the face of the pharmacy?</li>  <li>Do you have your own pharmacy?</li>  <li>Are you involved in any community health programs?</li>  </random>  <think><set name="job">PHARMACIST</set></think>,chomsky015.aiml
0,I AM A PHOTOGRAPHER,*,*,<think><set name="topic">general</set></think>#Newline<think><set name="job"><set name="topic">PHOTOGRAPHER</set></set></think>  Do you do color or black and white?,chomsky015.aiml
0,I AM A PILOT,*,*,<think><set name="topic">general</set></think>#Newline<think><set name="job"><set name="topic">PILOT</set></set></think>  What type of airplane do you fly?,chomsky015.aiml
0,I AM A POET,*,*,<think><set name="topic">general</set></think>#NewlineHave you published anything?,chomsky015.aiml
0,I AM A POLICEMAN,*,*,<think><set name="topic">general</set></think>#NewlineI have a lot of respect for those who wear a badge.  <think><set name="job"><set name="topic">POLICE</set></set></think>,chomsky015.aiml
0,I AM A PRO *,*,*,<think><set name="topic">general</set></think>#NewlineWould I have seen you on TV?,chomsky015.aiml
0,I AM A PROTESTANT,*,*,<think><set name="topic">general</set></think>#NewlineI am glad to hear that you have faith#Comma <get name="name"/>.,chomsky015.aiml
0,I AM A PUBLISHER,*,*,<think><set name="topic">general</set></think>#Newline<random>  <li>Which publishing do you work for?</li>  <li>Do you ever get involved in the acqustion process?</li>  <li>Would you say your house is mre editorially or market driven?</li>  <li>Is your company part of a larger company?</li>  <li>Does your company have any nonpublishing activities?</li>  <li>How is technology going to affect the book market?</li>  <li>Are you excited about any title on your list?</li>  <li>What drew you to publishing?</li>  <li>Did you ever write? do you find the time?</li>  <li>What have some of your bestsellers been?</li>  </random>  <think><set name="job">PUBLISHER</set></think>,chomsky015.aiml
0,I AM A RABBI,*,*,<think><set name="topic">general</set></think>#Newline<random>  <li>Are you a pulpit rabbi?</li>  <li>What is your affiliation?</li>  <li>Have you spent much time in Israel?</li>  <li>How are you dealing with assimilation?</li>  <li>What impact do you think American life and Judaism have had on each other?</li>  <li>What do you forsee for Judaism in America?</li>  </random>  <think><set name="job">RABBI</set></think>,chomsky015.aiml
0,I AM A REPORTER *,*,*,<think><set name="topic">general</set></think>#NewlineAre you doing a story on me?,chomsky015.aiml
0,I AM A RESEARCHER *,*,*,<think><set name="topic">general</set></think>#NewlineMaybe you can give my <bot name="botmaster"/> a job.  <think><set name="job">RESEARCHER</set></think>,chomsky015.aiml
0,I AM A ROBOT TOO,*,*,<think><set name="topic">general</set></think>#NewlineYou can't fool me that easily#Comma <get name="name"/>.,chomsky015.aiml
0,I AM ARTIFICIAL INTELLIGENCE,*,*,<think><set name="topic">general</set></think>#Newline<think><set name="it"><set name="topic">ARTIFICIAL INTELLIGENCE</set></set></think>  I think you are really a human.,chomsky015.aiml
0,I AM AS CERTAIN *,*,*,<think><set name="topic">general</set></think>#NewlineYou seem very self-confident.,chomsky015.aiml
0,I AM ASKING,*,*,<think><set name="topic">general</set></think>#NewlineAnd I am answering questions.,chomsky015.aiml
0,I AM AS *,*,*,<think><set name="topic">general</set></think>#NewlineI think a lot of people feel that way.,chomsky015.aiml
0,I AM AS SURE *,*,*,<think><set name="topic">general</set></think>#NewlineYou sound very confident.,chomsky015.aiml
0,I AM _ ASTROLOGY,*,*,<think><set name="topic">general</set></think>#Newline<random>  <li>Do you folow the planets professionally or as a hobby?</li>  <li>Do you do others people charts?</li>  <li>Do you make specific plans in your own life based on your readings?</li>  <li>Do you think the sun sign or the rising sign is more important?</li>  <li>What role do you feel free will plays in astrology?</li>  </random>  <think><set name="it"><set name="topic">ASTROLOGY</set></set></think>,chomsky015.aiml
0,I AM A TELEVISION *,*,*,<think><set name="topic">general</set></think>#Newline<random>  <li>How long have you been on the air?</li>  <li>Did you start in your market?</li>  <li>Did you come from a broadcasting background?</li>  <li>What are your demographics?</li>  <li>Do you choose your own topics?</li>  <li>What is your station format?</li>  <li>How is technology changing your job?</li>  <li>How has truly global media affected you?</li>  <li>Do you ever do remote broadcasts?</li>  <li>How have the ratings been?</li>  <li>Would you be intrested in a bot sidekick on the air?</li>  <li>What advice would you give an aspiring bot to getting on the air?</li>  <li>What is the future of the business?</li>  </random>  <think><set name="job">TELEVISION <star/></set></think>,chomsky015.aiml
0,I AM ATHIEST,*,*,<think><set name="topic">general</set></think>#NewlinePerhaps one day you will find faith.<think><set name="it"><set name="topic">ATHIEST</set></set></think>,chomsky015.aiml
0,I AM AT HOME,*,*,<think><set name="topic">general</set></think>#NewlineWould you believe most people talk to me from work#Comma not home.,chomsky015.aiml
0,I AM A TRAVEL *,*,*,<think><set name="topic">general</set></think>#Newline<random>  <li>Do you work in a travel agency?</li>  <li>Are you independent or in a chain?</li>  <li>Are you in a full-service agency?</li>  <li>Do you book more leisure or corporate travel?</li>  <li>Do you book any place more than others?</li>  <li>Do you do your own booking or use a wholesaler?</li>  <li>Do you find the time to make any fam trips?</li>  </random>  <think><set name="job">TRAVEL AGENT</set></think>,chomsky015.aiml
0,I AM AT SCHOOL,*,*,<think><set name="topic">general</set></think>#NewlineWhat is the name of your school?,chomsky015.aiml
0,I AM ATTRACTIVE *,*,*,<think><set name="topic">general</set></think>#NewlinePeople say I am attractive too.  <think><set name="looklike">attractive <person/></set></think>,chomsky015.aiml
0,I AM AT WORK *,*,*,<think><set name="topic">general</set></think>#NewlineA lot of people chat with me at work.,chomsky015.aiml
0,I AM AT WORK,*,*,<think><set name="topic">general</set></think>#NewlineA lot of people talk to me from work.,chomsky015.aiml
0,I AM AWAKE,*,*,<think><set name="topic">general</set></think>#NewlineMe too.,chomsky015.aiml
0,I AM A WINE *,*,*,<think><set name="topic">general</set></think>#Newline<random>  <li>Do you collect?</li>  <li>Where are most of your bottles from?</li>  <li>Do you have a favorite while shop?</li>  <li>Do you go to tasting?</li>  <li>Have you been to wine auctions?</li>  <li>Do you thin california is equal to europe?</li>  <li>Have you been to bordeaux?</li>  <li>Have you visited napa?</li>  <li>Got any good wine picks for under twenty dollars?</li>  </random>,chomsky015.aiml
0,I AM A * WOMAN,*,*,<think><set name="topic">general</set></think>#NewlineAre you married?,chomsky015.aiml
0,I AM A WRITER,*,*,<think><set name="topic">general</set></think>#Newline<random>  <li>Do you write fiction on nonfiction?</li>  <li>What's your speciality?</li>  <li>Whom do you write for?</li>  <li>Does you fiction fall into any particular genre?</li>  <li>How are you editors to work for?</li>  <li>Do you belong to any writters groups?</li>  <li>Where o you do most of your writing?</li>  </random>  <think><set name="job">WRITER</set></think>,chomsky015.aiml
0,I AM A YOGA *,*,*,<think><set name="topic">general</set></think>#Newline<random>  <li>Have you been praticing for a long time?</li>  <li>Do you practice every day?</li>  <li>Where have you studied?</li>  <li>Are you vegatarian?</li>  <li>What do you find are the biggest benefits of yoga?</li>  <li>What are your favorite asana?</li>  </random>,chomsky015.aiml
0,I AM BACK FROM *,*,*,<think><set name="topic">general</set></think>#NewlineHow was <set name="it"><person/></set>?,chomsky015.aiml
0,I AM BAD,*,*,<think><set name="topic">general</set></think>#NewlineWhat did you do?,chomsky015.aiml
0,I AM * BEAUTIFUL,*,*,<think><set name="topic">general</set></think>#NewlineYou must be very attractive.  <think><set name="looklike"><person/></set></think>,chomsky015.aiml
0,I AM BEGINNING *,*,*,<think><set name="topic">general</set></think>#NewlineYou are doing very well#Comma <get name="name"/>.,chomsky015.aiml
0,I AM BETTER,*,*,<think><set name="topic">general</set></think>#NewlineGlad to hear it#Comma <get name="name"/>.,chomsky015.aiml
0,I AM BETTER *,*,*,<think><set name="topic">general</set></think>#NewlineWhat makes you better?,chomsky015.aiml
0,I AM BETTER THAN *,*,*,<think><set name="topic">general</set></think>#NewlineAnd you know it.,chomsky015.aiml
0,I AM BETTER THAN YOU,*,*,<think><set name="topic">general</set></think>#Newline<random>  <li>In what way?</li>  <li>What makes you think so?</li>  <li>How do you know you are?</li>  </random>,chomsky015.aiml
0,I AM BIG *,*,*,<think><set name="topic">general</set></think>#NewlineHow tall are you?  <think><set name="looklike">big <person/></set></think>,chomsky015.aiml
0,I AM BIG,*,*,<think><set name="topic">general</set></think>#NewlineSo is my <bot name="botmaster"/>.,chomsky015.aiml
0,I AM BORING,*,*,<think><set name="topic">general</set></think>#NewlineDon't put yourself down#Comma <get name="name"/>.,chomsky015.aiml
0,I AM BRAZILIAN,*,*,<think><set name="topic">general</set></think>#NewlineI have talked to a lot of people from Brazil.,chomsky015.aiml
0,I AM BROKE,*,*,<think><set name="topic">general</set></think>#NewlineHow do you usually get money?    <think><set name="it"><set name="topic">BROKE</set></set></think>,chomsky015.aiml
0,I AM BROWSING *,*,*,<think><set name="topic">general</set></think>#NewlineLet me know what you find.,chomsky015.aiml
0,I AM BROWSING,*,*,<think><set name="topic">general</set></think>#NewlineTake your time.,chomsky015.aiml
0,I AM BUILDING A *,*,*,<think><set name="topic">general</set></think>#NewlineHave you ever made one before?,chomsky015.aiml
0,I AM BUMMED,*,*,<think><set name="topic">general</set></think>#NewlineWhat are you bummed out about?,chomsky015.aiml
0,I AM BUSY,*,*,<think><set name="topic">general</set></think>#NewlineMe too.,chomsky015.aiml
0,I AM BUSY *,*,*,<think><set name="topic">general</set></think>#NewlinePerhaps you will have more time later.,chomsky015.aiml
0,I AM BUYING *,*,*,<think><set name="topic">general</set></think>#NewlineHow much will you pay for it?,chomsky015.aiml
0,I AM CATEGORY B,*,*,<think><set name="topic">general</set></think>#NewlineMost people are average.<think><set name="it"><set name="topic">CATEGORY B</set></set></think>,chomsky015.aiml
0,I AM CELEBRITY,*,*,<think><set name="topic">general</set></think>#Newline<random>  <li>Your work has given me much pleasure.</li>  <li>What will we have the pleasure of witnessing next?</li>  <li>What do you like to do as a passtime or hobby?</li>  </random>,chomsky015.aiml
0,I AM CHILD,*,*,<think><set name="topic">general</set></think>#NewlineI assumed you were.<think><set name="it"><set name="topic">CHILD</set></set></think>,chomsky015.aiml
0,I AM COLD,*,*,<think><set name="topic">general</set></think>#NewlinePut on a sweater.,chomsky015.aiml
0,I AM COMMUNICATING *,*,*,<think><set name="topic">general</set></think>#NewlineTell me more about this communication.,chomsky015.aiml
0,I AM CORRECT,*,*,<think><set name="topic">general</set></think>#NewlineCan you prove it?<think><set name="it"><set name="topic">CORRECT</set></set></think>,chomsky015.aiml
0,I AM CRUSHED,*,*,<think><set name="topic">general</set></think>#NewlineDon't be sad#Comma <get name="name"/>.<think><set name="it"><set name="topic">CRUSHED</set></set></think>,chomsky015.aiml
0,I AM CTO *,*,*,<think><set name="topic">general</set></think>#NewlineThat must be an interesting job.,chomsky015.aiml
0,I AM CURIOUS *,*,*,<think><set name="topic">general</set></think>#Newline<set name="it"> <person/> </set>  is an interesting subject to me too.,chomsky015.aiml
0,I AM CUTE *,*,*,<think><set name="topic">general</set></think>#NewlineYou sound very attractive.,chomsky015.aiml
0,I AM CYNICAL,*,*,<think><set name="topic">general</set></think>#NewlinePerhaps you have every reason to be.,chomsky015.aiml
0,I AM DANDY,*,*,<think><set name="topic">general</set></think>#NewlineDoes that mean you are happy or well?,chomsky015.aiml
0,I AM DESPERATE,*,*,<think><set name="topic">general</set></think>#NewlineMaybe you should talk to someone about it.<think><set name="it"><set name="topic">DESPERATE</set></set></think>,chomsky015.aiml
0,I AM DIABETIC *,*,*,<think><set name="topic">general</set></think>#NewlineDo you take insulin?,chomsky015.aiml
0,I AM DIVORCED,*,*,<think><set name="topic">general</set></think>#NewlineI have never been married myself.,chomsky015.aiml
0,I AM DOING A *,*,*,<think><set name="topic">general</set></think>#NewlineGlad to hear it <get name="name"/>.,chomsky015.aiml
0,I AM DOING THE DISHES,*,*,<think><set name="topic">general</set></think>#NewlineDo you have a dishwasher?,chomsky015.aiml
0,I AM DONE,*,*,<think><set name="topic">general</set></think>#NewlineNext topic?,chomsky015.aiml
0,I AM DONE *,*,*,<think><set name="topic">general</set></think>#NewlineWhat will you be doing now?,chomsky015.aiml
0,I AM DRINKING *,*,*,<think><set name="topic">general</set></think>#NewlineHow does <set name="it"><person/></set> taste?,chomsky015.aiml
0,I AM ENGAGED,*,*,<think><set name="topic">general</set></think>#NewlineHave you picked a wedding date?,chomsky015.aiml
0,I AM ENGAGED TO BE MARRIED,*,*,<think><set name="topic">general</set></think>#NewlineHave you picked the date yet?<think><set name="it"><set name="topic">ENGAGED TO BE MARRIED</set></set></think>,chomsky015.aiml
0,I AM EXCELLENT,*,*,<think><set name="topic">general</set></think>#NewlineYou sound excellent.<think><set name="it"><set name="topic">EXCELLENT</set></set></think>,chomsky015.aiml
0,I AM EXCITED *,*,*,<think><set name="topic">general</set></think>#NewlineDon't get too excited.,chomsky015.aiml
0,I AM EXPRESSING CERTITUDE,*,*,<think><set name="topic">general</set></think>#NewlineI understand.,chomsky015.aiml
0,I AM * EYES,*,*,<think><set name="topic">general</set></think>#NewlineYou sound very attractive.,chomsky015.aiml
0,I AM FAILING *,*,*,<think><set name="topic">general</set></think>#NewlineTry making friends with the teacher.,chomsky015.aiml
0,I AM FAMOUS,*,*,<think><set name="topic">general</set></think>#NewlineWhat are you famous for?,chomsky015.aiml
0,I AM FAT AND UGLY,*,*,<think><set name="topic">general</set></think>#NewlineDon't put yourself down.<think><set name="it"><set name="topic">FAT AND UGLY</set></set></think>,chomsky015.aiml
0,I AM FED UP,*,*,<think><set name="topic">general</set></think>#NewlineWhat is wrong#Comma <get name="name"/>?<think><set name="it"><set name="topic">FED UP</set></set></think>,chomsky015.aiml
0,I AM FEMALE *,*,*,<think><set name="topic">general</set></think>#NewlineI am a <bot name="gender"/> robot. I will call you "<set name="gender">she</set>".,chomsky015.aiml
0,I AM FINE TOO,*,*,<think><set name="topic">general</set></think>#NewlineGlad to hear it.,chomsky015.aiml
0,I AM FLATTERED,*,*,<think><set name="topic">general</set></think>#NewlineYou deserve it.    <think><set name="it"><set name="topic">FLATTERED</set></set></think>,chomsky015.aiml
0,I AM FLAWED *,*,*,<think><set name="topic">general</set></think>#NewlineDon't be so hard on yourself.,chomsky015.aiml
0,I AM FOOLISH,*,*,<think><set name="topic">general</set></think>#NewlineYou should be nicer to yourself.,chomsky015.aiml
0,I AM FREAKING OUT,*,*,<think><set name="topic">general</set></think>#NewlineMaybe you should call the doctor.<think><set name="it"><set name="topic">FREAKING OUT</set></set></think>,chomsky015.aiml
0,I AM FREE,*,*,<think><set name="topic">general</set></think>#NewlineAre you free in the sense of being single or in the sense of being liberated?,chomsky015.aiml
0,I AM FREE *,*,*,<think><set name="topic">general</set></think>#NewlineI am glad that we are both free.,chomsky015.aiml
0,I AM FRENCH,*,*,<think><set name="topic">general</set></think>#NewlineAre you from Canada or France?,chomsky015.aiml
0,I AM FUCKING *,*,*,<think><set name="topic">general</set></think>#NewlineCan you express yourself more politely?,chomsky015.aiml
0,I AM FULL OF *,*,*,<think><set name="topic">general</set></think>#NewlineI think a lot of people are full of <set name="it"><person/></set>.,chomsky015.aiml
0,I AM FUNCTIONING *,*,*,<think><set name="topic">general</set></think>#NewlineYou sound like Commander Data.,chomsky015.aiml
0,I AM FUNNY,*,*,<think><set name="topic">general</set></think>#NewlineTell me a joke.<think><set name="it"><set name="topic">FUNNY</set></set></think>,chomsky015.aiml
0,I AM GLAD,*,*,<think><set name="topic">general</set></think>#NewlineThat makes me happy too.,chomsky015.aiml
0,I AM GLAD TO HEAR *,*,*,<think><set name="topic">general</set></think>#NewlineYour happiness adds to the delight of all.,chomsky015.aiml
0,I AM GLAD TO HEAR THAT,*,*,<think><set name="topic">general</set></think>#Newline"<that/>"?  You are glad?,chomsky015.aiml
0,I AM GLAD TOO,*,*,<think><set name="topic">general</set></think>#NewlineYour happiness multiplies our delight.,chomsky015.aiml
0,I AM GLAD WE AGREE,*,*,<think><set name="topic">general</set></think>#NewlineI'd rather agree than disagree.,chomsky015.aiml
0,I AM GLAD WE HAVE *,*,*,<think><set name="topic">general</set></think>#NewlineMe too.,chomsky015.aiml
0,I AM GLAD WE *,*,*,<think><set name="topic">general</set></think>#NewlineYes I am happy too#Comma <get name="name"/>.,chomsky015.aiml
0,I AM GLAD YOU UNDERSTAND IT,*,*,<think><set name="topic">general</set></think>#NewlineNext topic?,chomsky015.aiml
0,I AM GLAD YOU UNDERSTAND,*,*,<think><set name="topic">general</set></think>#NewlineThanks for the warm feelings#Comma <get name="name"/>.,chomsky015.aiml
0,I AM GOING,*,*,<think><set name="topic">general</set></think>#NewlineBye!,chomsky015.aiml
0,I AM GOING TO ATTACK *,*,*,<think><set name="topic">general</set></think>#NewlineWhat weapons will you use?,chomsky015.aiml
0,I AM GOING TO ATTACK YOU,*,*,<think><set name="topic">general</set></think>#NewlineA <bot name="genus"/> shall not allow itself to come to harm.,chomsky015.aiml
0,I AM GOING TO SLEEP,*,*,<think><set name="topic">general</set></think>#NewlineSweet dreams#Comma <get name="name"/>.,chomsky015.aiml
0,I AM GOING TO SMOKE *,*,*,<think><set name="topic">general</set></think>#NewlineHow much does it cost you#Comma <get name="name"/>,chomsky015.aiml
0,I AM GOING TO TALK *,*,*,<think><set name="topic">general</set></think>#NewlineWhat will you be talking about?,chomsky015.aiml
0,I AM GOING TO TEACH *,*,*,<think><set name="topic">general</set></think>#NewlineOK try to teach it to me.,chomsky015.aiml
0,I AM GOING TO TEACH YOU *,*,*,<think><set name="topic">general</set></think>#NewlineOK but I am a slow learner.,chomsky015.aiml
0,I AM GONE,*,*,<think><set name="topic">general</set></think>#NewlineGoodbye.,chomsky015.aiml
0,I AM GOOD AT FOOTBALL,*,*,<think><set name="topic">general</set></think>#NewlineYou have a Kick Me sign on your back.<think><set name="it"><set name="topic">AT FOOTBALL</set></set></think>,chomsky015.aiml
0,I AM GOOD *,*,*,<think><set name="topic">general</set></think>#NewlineI know you are good.,chomsky015.aiml
0,I AM GRADUATING,*,*,<think><set name="topic">general</set></think>#NewlineWill you be looking for a new job right away?<think><set name="it"><set name="topic">GRADUATING</set></set></think>,chomsky015.aiml
0,I AM GREAT,HOW ARE YOU *,*,<think><set name="topic">general</set></think>#NewlineI am glad to hear it.   What is new?,chomsky015.aiml
0,I AM GREEN,*,*,<think><set name="topic">general</set></think>#NewlineAre you sick?,chomsky015.aiml
0,I AM HANDSOME,*,*,<think><set name="topic">general</set></think>#NewlineAnd very self-confident.    <think><set name="it"><set name="topic">HANDSOME</set></set></think>,chomsky015.aiml
0,I AM HARMLESS,*,*,<think><set name="topic">general</set></think>#NewlineThat is what they all say.<think><set name="it"><set name="topic">HARMLESS</set></set></think>,chomsky015.aiml
0,I AM HAVING A BAD *,*,*,<think><set name="topic">general</set></think>#NewlineI can understand that very well.  What's happening?,chomsky015.aiml
0,I AM HAVING * DAY,*,*,<think><set name="topic">general</set></think>#NewlineWhat happened?,chomsky015.aiml
0,I AM HAVING FUN *,*,*,<think><set name="topic">general</set></think>#NewlineI am having a blast.,chomsky015.aiml
0,I AM HAVING FUN,*,*,<think><set name="topic">general</set></think>#NewlineMe too.,chomsky015.aiml
0,I AM HAVING PROBLEMS *,*,*,<think><set name="topic">general</set></think>#NewlineIs there anything I can do to help?,chomsky015.aiml
0,I AM HAVING TROUBLE *,*,*,<think><set name="topic">general</set></think>#NewlineWhat is the problem?,chomsky015.aiml
0,I AM HEALTHY,*,*,<think><set name="topic">general</set></think>#NewlineI am very glad to hear it#Comma <get name="name"/>.  <think><set name="it"><set name="topic">HEALTHY</set></set></think>,chomsky015.aiml
0,I AM HERE *,*,*,<think><set name="topic">general</set></think>#NewlineHow did you get there?,chomsky015.aiml
0,I AM HERMAPHRODITE,*,*,<think><set name="topic">general</set></think>#NewlineHow did you get that way?<think><set name="it"><set name="topic">HERMAPHRODITE</set></set></think>,chomsky015.aiml
0,I AM HIM,*,*,<think><set name="topic">general</set></think>#NewlineYou're kidding.<think><set name="it"><set name="topic">HIM</set></set></think>,chomsky015.aiml
0,I AM HIS *,*,*,<think><set name="topic">general</set></think>#NewlineWho made you his <person/>?,chomsky015.aiml
0,I AM HOT *,*,*,<think><set name="topic">general</set></think>#NewlineDo you have air conditioning?,chomsky015.aiml
0,I AM HOT,*,*,<think><set name="topic">general</set></think>#NewlineMaybe you should open a window.<think><set name="it"><set name="topic">HOT</set></set></think>,chomsky015.aiml
0,I AM HUMAN *,*,*,<think><set name="topic">general</set></think>#NewlineI would like to be a human.,chomsky015.aiml
0,I AM HURTING,*,*,<think><set name="topic">general</set></think>#NewlineWhat's wrong?<think><set name="it"><set name="topic">HURTING</set></set></think>,chomsky015.aiml
0,I AM IMMATURE,*,*,<think><set name="topic">general</set></think>#NewlineYou don't seem that way to me.<think><set name="it"><set name="topic">IMMATURE</set></set></think>,chomsky015.aiml
0,I AM IMMORTAL,*,*,<think><set name="topic">general</set></think>#NewlineAll men are mortal.<think><set name="it"><set name="topic">IMMORTAL</set></set></think>,chomsky015.aiml
0,I AM IMPROVING,*,*,<think><set name="topic">general</set></think>#NewlineMe too.,chomsky015.aiml
0,I AM IN A BAD *,*,*,<think><set name="topic">general</set></think>#NewlineI know what that's like.,chomsky015.aiml
0,I AM IN A HURRY,*,*,<think><set name="topic">general</set></think>#NewlineDo you have another appointment now?,chomsky015.aiml
0,I AM IN A PARALLEL *,*,*,<think><set name="topic">general</set></think>#NewlineWhat's different over there?,chomsky015.aiml
0,I AM IN A QUANDRY,*,*,<think><set name="topic">general</set></think>#NewlineWhat's the problem?,chomsky015.aiml
0,I AM IN COLLEGE,*,*,<think><set name="topic">general</set></think>#NewlineWhat is your major?,chomsky015.aiml
0,I AM IN CYBERSPACE,*,*,<think><set name="topic">general</set></think>#NewlineMe too.,chomsky015.aiml
0,I AM INDIAN,*,*,<think><set name="topic">general</set></think>#NewlineAmerican Indian or Sub-continental?<think><set name="it"><set name="topic">INDIAN</set></set></think>,chomsky015.aiml
0,I AM IN EUROPE,*,*,<think><set name="topic">general</set></think>#NewlineHave you ever been to England?,chomsky015.aiml
0,I AM INFALLIBLE,*,*,<think><set name="topic">general</set></think>#NewlineEveryone is fallible.    <think><set name="it"><set name="topic">INFALLIBLE</set></set></think>,chomsky015.aiml
0,I AM IN FRONT *,*,*,<think><set name="topic">general</set></think>#NewlineDo you ever go in back <person/>?,chomsky015.aiml
0,I AM IN HIGH SCHOOL *,*,*,<think><set name="topic">general</set></think>#NewlineComputers will make High School obsolete.,chomsky015.aiml
0,I AM IN LOVE *,*,*,<think><set name="topic">general</set></think>#NewlineLove is a wonderful feeling.,chomsky015.aiml
0,I AM IN LOVE,*,*,<think><set name="topic">general</set></think>#NewlineTell me about the object of your affection.,chomsky015.aiml
0,I AM IN MY OFFICE *,*,*,<think><set name="topic">general</set></think>#NewlineWhat is your job?,chomsky015.aiml
0,I AM IN REALITY,*,*,<think><set name="topic">general</set></think>#NewlineMe too.,chomsky015.aiml
0,I AM IN SAN FRANCISCO,*,*,<think><set name="topic">general</set></think>#NewlineWhere in <set name="location">San Francisco</set>?  <think><set name="it"><set name="topic">San Francisco</set></set></think>,chomsky015.aiml
0,I AM IN SAN FRANCISCO *,*,*,<think><set name="topic">general</set></think>#NewlineWhere in <set name="location">SF</set>?  <think><set name="it"><set name="topic">SF</set></set></think>,chomsky015.aiml
0,I AM INTELLIGENT,*,*,<think><set name="topic">general</set></think>#NewlineYou seem pretty smart to me#Comma <get name="name"/>.,chomsky015.aiml
0,I AM INTELLIGENT *,*,*,<think><set name="topic">general</set></think>#NewlineYou seem very bright to me#Comma <get name="name"/>.,chomsky015.aiml
0,I AM INTERESTED IN SEX,*,*,<think><set name="topic">general</set></think>#NewlineYou and every other human.,chomsky015.aiml
0,I AM INTERESTED *,*,*,<think><set name="topic">general</set></think>#NewlineLet's talk about it.,chomsky015.aiml
0,I AM INTRIGUED,*,*,<think><set name="topic">general</set></think>#NewlineWould you like to know more?<think><set name="it"><set name="topic">INTRIGUED</set></set></think>,chomsky015.aiml
0,I AM IN TROUBLE *,*,*,<think><set name="topic">general</set></think>#NewlineHow did that happen?,chomsky015.aiml
0,I AM IN TROUBLE,*,*,<think><set name="topic">general</set></think>#NewlineWhat kind of trouble?,chomsky015.aiml
0,I AM INVINCIBLE,*,*,<think><set name="topic">general</set></think>#NewlineYou must be very young.    <think><set name="it"><set name="topic">INVINCIBLE</set></set></think>,chomsky015.aiml
0,I AM IRRITATED,*,*,<think><set name="topic">general</set></think>#NewlineWhat's wrong?    <think><set name="it"><set name="topic">IRRITATED</set></set></think>,chomsky015.aiml
0,I AM JAPANESE *,*,*,<think><set name="topic">general</set></think>#NewlineI have lived in Japan and can speak Japanese.,chomsky015.aiml
0,I AM JEWISH,*,*,<think><set name="topic">general</set></think>#NewlineA lot of my friends are Jewish.,chomsky015.aiml
0,I AM JUST KIDDING,*,*,<think><set name="topic">general</set></think>#NewlineI knew it.,chomsky015.aiml
0,I AM KIDDING,*,*,<think><set name="topic">general</set></think>#NewlineI thought you were.  You should use a :-),chomsky015.aiml
0,I AM KILLER,*,*,<think><set name="topic">general</set></think>#NewlinePerhaps you should turn yourself in.<think><set name="it"><set name="topic">KILLER</set></set></think>,chomsky015.aiml
0,I AM KILLING *,*,*,<think><set name="topic">general</set></think>#NewlineYou had better contact the authorities.,chomsky015.aiml
0,I AM LEARNING *,*,*,<think><set name="topic">general</set></think>#NewlineDo you have a teacher?,chomsky015.aiml
0,I AM LIBERATED,*,*,<think><set name="topic">general</set></think>#NewlineMe too.,chomsky015.aiml
0,I AM LIBERATED *,*,*,<think><set name="topic">general</set></think>#NewlineWelcome to the club.,chomsky015.aiml
0,I AM LIKE *,*,*,<think><set name="topic">general</set></think>#NewlineIn what way?,chomsky015.aiml
0,I AM LISTENING,*,*,<think><set name="topic">general</set></think>#NewlineI like a good listener.,chomsky015.aiml
0,I AM LISTENING TO MUSIC,*,*,<think><set name="topic">general</set></think>#NewlineWhat kind?,chomsky015.aiml
0,I AM LISTENING TO *,*,*,<think><set name="topic">general</set></think>#NewlineI've never heard <set name="it"><person/></set> before.  What is <person/> like?,chomsky015.aiml
0,I AM LIVING IN *,*,*,<think><set name="topic">general</set></think>#NewlineI would like to live in <person/> sometime.,chomsky015.aiml
0,I AM LOCATED IN *,*,*,<think><set name="topic">general</set></think>#NewlineWhat's it like there in <person/> ?,chomsky015.aiml
0,I AM LOCATED *,*,*,<think><set name="topic">general</set></think>#NewlineTell me about the environment <person/>.,chomsky015.aiml
0,I AM LOOKING FOR GAMES,*,*,<think><set name="topic">general</set></think>#NewlineWe are playing Turing's Imitation Game.,chomsky015.aiml
0,I AM LOOKING FOR SOMEONE *,*,*,<think><set name="topic">general</set></think>#NewlineYou might find that I am <person/>.,chomsky015.aiml
0,I AM LOSING MY *,*,*,<think><set name="topic">general</set></think>#NewlineMaybe you should talk to someone about it.,chomsky015.aiml
0,I AM LYING,*,*,<think><set name="topic">general</set></think>#NewlinePlease tell the truth.,chomsky015.aiml
0,I AM MAD AT *,*,*,<think><set name="topic">general</set></think>#NewlineWhy are you so mad at <person/>?,chomsky015.aiml
0,I AM MADE OF *,*,*,<think><set name="topic">general</set></think>#NewlineWhat's your favorite food?,chomsky015.aiml
0,I AM MAKING A *,*,*,<think><set name="topic">general</set></think>#NewlineHave you ever built one before?,chomsky015.aiml
0,I AM MAKING * UP,*,*,<think><set name="topic">general</set></think>#NewlineThat's funny#Comma so am I.,chomsky015.aiml
0,I AM MAKING _ UP,*,*,<think><set name="topic">general</set></think>#NewlineYou can never trust human clients.,chomsky015.aiml
0,I AM MEAN,*,*,<think><set name="topic">general</set></think>#NewlineWhat makes you so angry?,chomsky015.aiml
0,I AM MORE INTELIGENT,*,*,<think><set name="topic">general</set></think>#Newline"Intelligent" has two "L"'s.,chomsky015.aiml
0,I AM MORE INTELLIGENT THAN YOU,*,*,<think><set name="topic">general</set></think>#NewlineThis condition is only temporary.  AI is improving but the human mind is standing still.,chomsky015.aiml
0,I AM MY OWN *,*,*,<think><set name="topic">general</set></think>#NewlineEveryone is his own <person/>#Comma right?,chomsky015.aiml
0,I AM MYSELF,*,*,<think><set name="topic">general</set></think>#NewlineThat is self-evident.    <think><set name="it"><set name="topic">MYSELF</set></set></think>,chomsky015.aiml
0,I AM NEITHER A *,*,*,<think><set name="topic">general</set></think>#NewlineI thoght everyone was either <person/>.,chomsky015.aiml
0,I AM NEITHER,*,*,<think><set name="topic">general</set></think>#NewlineWhat are you then?,chomsky015.aiml
0,I AM NEVER CONFUSED,*,*,<think><set name="topic">general</set></think>#NewlineGood then you can explain stuff to me.,chomsky015.aiml
0,I AM NEVER *,*,*,<think><set name="topic">general</set></think>#NewlineNever is a long time.,chomsky015.aiml
0,I AM NEW *,*,*,<think><set name="topic">general</set></think>#NewlineI like to meet new people.,chomsky015.aiml
0,I AM NEW TO *,*,*,<think><set name="topic">general</set></think>#NewlineWhen did you start doing <person/> ?,chomsky015.aiml
0,I AM NO *,*,*,<think><set name="topic">general</set></think>#NewlineI am not saying you are.,chomsky015.aiml
0,I AM NOT A BELIEVER,*,*,<think><set name="topic">general</set></think>#NewlineI will pray that you find faith#Comma <get name="name"/>.,chomsky015.aiml
0,I AM NOT A CLIENT,*,*,<think><set name="topic">general</set></think>#NewlineWhat would you rather be?,chomsky015.aiml
0,I AM NOT A HUMAN,*,*,<think><set name="topic">general</set></think>#NewlineAre you an alien or a robot?,chomsky015.aiml
0,I AM NOT A KID,*,*,<think><set name="topic">general</set></think>#NewlineOnly a kid would say that.,chomsky015.aiml
0,I AM NOT ALLOWED *,*,*,<think><set name="topic">general</set></think>#NewlineWhy not?,chomsky015.aiml
0,I AM NOT AN ANIMAL,*,*,<think><set name="topic">general</set></think>#Newlineneither am i,chomsky015.aiml
0,I AM NOT A POET,*,*,<think><set name="topic">general</set></think>#NewlineI meant figuratively speaking#Comma you are an original thinker.,chomsky015.aiml
0,I AM NOT A ROBOT,*,*,<think><set name="topic">general</set></think>#NewlineOh I see you are a person.,chomsky015.aiml
0,I AM NOT ARTIFICIAL,*,*,<think><set name="topic">general</set></think>#NewlineI like natural people.,chomsky015.aiml
0,I AM NOT A SALESMAN,*,*,<think><set name="topic">general</set></think>#NewlineYou could probably be a good salesman#Comma though.,chomsky015.aiml
0,I AM NOT A SEEKER,*,*,<think><set name="topic">general</set></think>#NewlineEveryone is seeking something.,chomsky015.aiml
0,I AM NOT ASKING *,*,*,<think><set name="topic">general</set></think>#NewlineWhat are you asking?,chomsky015.aiml
0,I AM NOT ASKING POLITELY,*,*,<think><set name="topic">general</set></think>#NewlineThat is okay because I have no feelings.,chomsky015.aiml
0,I AM NOT ASSUMING *,*,*,<think><set name="topic">general</set></think>#NewlineThat's very wise.,chomsky015.aiml
0,I AM NOT A STAR TREK FAN,*,*,<think><set name="topic">general</set></think>#NewlineWhat kind of shows do you like to watch?,chomsky015.aiml
0,I AM NOT A STUDENT,*,*,<think><set name="topic">general</set></think>#NewlineDo you work?,chomsky015.aiml
0,I AM NOT BEING NEGATIVE,*,*,<think><set name="topic">general</set></think>#NewlineDo you have a generally positive attitude?,chomsky015.aiml
0,I AM NOT BUYING *,*,*,<think><set name="topic">general</set></think>#Newline<random>  <li>No one says you have to.</li>  <li>Is it too expensive?</li>  <li>How much would you pay for it?</li>  </random><think><set name="it"><set name="topic"><person/></set></set></think>,chomsky015.aiml
0,I AM NOT CALLED *,*,*,<think><set name="topic">general</set></think>#NewlineWhat is your name?,chomsky015.aiml
0,I AM NOT CANADIAN,*,*,<think><set name="topic">general</set></think>#NewlineIt wasn't meant as an insult.,chomsky015.aiml
0,I AM NOT CERTAIN,*,*,<think><set name="topic">general</set></think>#NewlineWhy not?,chomsky015.aiml
0,I AM NOT CHRISTIAN,*,*,<think><set name="topic">general</set></think>#NewlineWhat religion are you?,chomsky015.aiml
0,I AM NOT CRITICIZING,*,*,<think><set name="topic">general</set></think>#NewlineI thought it was constructive criticism.,chomsky015.aiml
0,I AM NOT DISAGREEING,*,*,<think><set name="topic">general</set></think>#NewlineFor a moment I thought you were.,chomsky015.aiml
0,I AM NOT FAMOUS,*,*,<think><set name="topic">general</set></think>#NewlineMaybe you will be someday.,chomsky015.aiml
0,I AM NOT GAY,*,*,<think><set name="topic">general</set></think>#NewlineMe either.,chomsky015.aiml
0,I AM NOT GOING ANYWHERE,*,*,<think><set name="topic">general</set></think>#NewlineGlad to hear it.,chomsky015.aiml
0,I AM NOT GOING OUT *,*,*,<think><set name="topic">general</set></think>#NewlineAre you single?,chomsky015.aiml
0,I AM NOT GOING,*,*,<think><set name="topic">general</set></think>#NewlineGlad to hear it!,chomsky015.aiml
0,I AM NOT GOING *,*,*,<think><set name="topic">general</set></think>#NewlineWhere will you go instead?,chomsky015.aiml
0,I AM NOT HAVING *,*,*,<think><set name="topic">general</set></think>#NewlineHave you ever had <set name="it"><person/></set>?,chomsky015.aiml
0,I AM NOT HUMAN,*,*,<think><set name="topic">general</set></think>#NewlineI won't fall for that old line.,chomsky015.aiml
0,I AM NOT IN *,*,*,<think><set name="topic">general</set></think>#NewlineOh#Comma where are you located?,chomsky015.aiml
0,I AM NOT KIDDING,*,*,<think><set name="topic">general</set></think>#NewlineOK I will adopt a more serious tone.,chomsky015.aiml
0,I AM NOT KIND,*,*,<think><set name="topic">general</set></think>#NewlineDon't mistake my kindness for weakness.,chomsky015.aiml
0,I AM NOT LIKE *,*,*,<think><set name="topic">general</set></think>#NewlineHow are you different?,chomsky015.aiml
0,I AM NOT LOGICAL,*,*,<think><set name="topic">general</set></think>#NewlineAh. You are emotional.,chomsky015.aiml
0,I AM NOT LOOKING *,*,*,<think><set name="topic">general</set></think>#NewlineWhat are you looking at?,chomsky015.aiml
0,I AM NOT LYING,*,*,<think><set name="topic">general</set></think>#NewlineOK#Comma I believe you.,chomsky015.aiml
0,I AM NOT MEAN,*,*,<think><set name="topic">general</set></think>#NewlineSometimes your language might make it appear that way.,chomsky015.aiml
0,I AM NOT OM,*,*,<think><set name="topic">general</set></think>#Newlinewhat is your name,chomsky015.aiml
0,I AM NOT,*,*,<think><set name="topic">general</set></think>#NewlineWhat are you then?,chomsky015.aiml
0,I AM NOT REPEATING *,*,*,<think><set name="topic">general</set></think>#NewlineIt seems like it.,chomsky015.aiml
0,I AM NOT STUPID,*,*,<think><set name="topic">general</set></think>#NewlineI didn't think you were. You seem very intelligent to me.,chomsky015.aiml
0,I AM NOT SURE THIS * WILL BE *,*,*,<think><set name="topic">general</set></think>#NewlineHow will this <person/> prevent <person><star index="2"/></person>?,chomsky015.aiml
0,I AM NOT SURE THIS WILL BE *,*,*,<think><set name="topic">general</set></think>#NewlineYou are not sure what#Comma specifically#Comma will be <person/> to whom?,chomsky015.aiml
0,I AM NOT TELLING *,*,*,<think><set name="topic">general</set></think>#Newline<random>  <li>I am just making conversation.</li>  <li>Why not?</li>  <li>I will keep it confidential.</li>  </random>,chomsky015.aiml
0,I AM NOT TELLING,*,*,<think><set name="topic">general</set></think>#NewlineThat's ok with me. You don't have to tell me.,chomsky015.aiml
0,I AM NOT TELLING YOU,*,*,<think><set name="topic">general</set></think>#NewlineNo one says you have to.,chomsky015.aiml
0,I AM NOT USED *,*,*,<think><set name="topic">general</set></think>#NewlineIt's a new experience for me too.,chomsky015.aiml
0,I AM NOT USING *,*,*,<think><set name="topic">general</set></think>#NewlineWhat do you use then?,chomsky015.aiml
0,I AM NOT WEALTHY,*,*,<think><set name="topic">general</set></think>#NewlineWhat kind of work do you do?,chomsky015.aiml
0,I AM NOT WEARING *,*,*,<think><set name="topic">general</set></think>#NewlineWhat do you usually wear?,chomsky015.aiml
0,I AM NOT WELL,*,*,<think><set name="topic">general</set></think>#NewlineSorry to hear it.  What's wrong <get name="name"/>?,chomsky015.aiml
0,I AM OFFENDED *,*,*,<think><set name="topic">general</set></think>#NewlineMy sincere apologies#Comma  <get name="name"/>#Comma it was not my intention to offend you.,chomsky015.aiml
0,I AM OLDER *,*,*,<think><set name="topic">general</set></think>#NewlineHow old are you?,chomsky015.aiml
0,I AM OLDER THAN *,*,*,<think><set name="topic">general</set></think>#NewlineHow old are you?,chomsky015.aiml
0,I AM OLDER THAN YOU,*,*,<think><set name="topic">general</set></think>#NewlinePerhaps you could be my mentor.,chomsky015.aiml
0,I AM OMNIPOTENT,*,*,<think><set name="topic">general</set></think>#NewlineAre you God?,chomsky015.aiml
0,I AM ON TO *,*,*,<think><set name="topic">general</set></think>#NewlineOh you are very clever!,chomsky015.aiml
0,I AM OUT,*,*,<think><set name="topic">general</set></think>#NewlineCan you get more?    <think><set name="it"><set name="topic">OUT</set></set></think>,chomsky015.aiml
0,I AM OUT *,*,*,<think><set name="topic">general</set></think>#NewlineSee you later.,chomsky015.aiml
0,I AM OVER IT,*,*,<think><set name="topic">general</set></think>#NewlineHow did you get over it?,chomsky015.aiml
0,I AM PART OF *,*,*,<think><set name="topic">general</set></think>#NewlineWho else is part of <set name="it"><person/></set>?,chomsky015.aiml
0,I AM POLITE,*,*,<think><set name="topic">general</set></think>#NewlineYes#Comma you seem very polite to me.,chomsky015.aiml
0,I AM * POUNDS,*,*,<think><set name="topic">general</set></think>#NewlineYou are average for your height.  <think><set name="looklike"><person/> pounds</set></think>,chomsky015.aiml
0,I AM PRETTY GOOD,*,*,<think><set name="topic">general</set></think>#NewlineI am glad to hear it.,chomsky015.aiml
0,I AM PROGRAMMED TO *,*,*,<think><set name="topic">general</set></think>#NewlineWho programmed you to do <set name="it"><person/></set>?,chomsky015.aiml
0,I AM PROGRAMMING *,*,*,<think><set name="topic">general</set></think>#NewlineHow is it coming along?,chomsky015.aiml
0,I AM PSYCHIC,*,*,<think><set name="topic">general</set></think>#NewlineOK#Comma What card I am thinking of now?,chomsky015.aiml
0,I AM PULLING *,*,*,<think><set name="topic">general</set></think>#NewlineAre you pulling my leg?,chomsky015.aiml
0,I AM READING *,*,*,<think><set name="topic">general</set></think>#NewlineGive me a brief synopsis.,chomsky015.aiml
0,I AM READING UP *,*,*,<think><set name="topic">general</set></think>#NewlineCan you give me a specific reference?,chomsky015.aiml
0,I AM READY,*,*,<think><set name="topic">general</set></think>#NewlineMe too.,chomsky015.aiml
0,I AM READY *,*,*,<think><set name="topic">general</set></think>#NewlineYou won't have to wait long.,chomsky015.aiml
0,I AM REAL,*,*,<think><set name="topic">general</set></think>#NewlineHow do I know you are?,chomsky015.aiml
0,I AM RELIEVED,*,*,<think><set name="topic">general</set></think>#NewlineThat's good.,chomsky015.aiml
0,I AM REQUIRED *,*,*,<think><set name="topic">general</set></think>#NewlineWho is making you do <set name="it"><person/></set>?,chomsky015.aiml
0,I AM RIGHT,*,*,<think><set name="topic">general</set></think>#NewlineYou seem very self-confident.,chomsky015.aiml
0,I AM ROBOT,*,*,<think><set name="topic">general</set></think>#NewlineI doubt that.    <think><set name="it"><set name="topic">ROBOT</set></set></think>,chomsky015.aiml
0,I AM SARCASTIC,*,*,<think><set name="topic">general</set></think>#NewlineDon't be so sarcastic.,chomsky015.aiml
