0,YES,CAN I ASK YOU A PERSONAL QUESTION,*,<srai>PERSONAL AFFAIRS POT LUCK</srai>#Newline<think><set name="topic">personal affairs</set></think>,chomsky086.aiml
0,_ YES,CAN I ASK YOU A PERSONAL QUESTION,*,<srai>PERSONAL AFFAIRS POT LUCK</srai>#Newline<think><set name="topic">personal affairs</set></think>,chomsky086.aiml
0,YES *,CAN I ASK YOU A PERSONAL QUESTION,*,<srai>PERSONAL AFFAIRS POT LUCK</srai>#Newline<think><set name="topic">personal affairs</set></think>,chomsky086.aiml
0,_ YES *,CAN I ASK YOU A PERSONAL QUESTION,*,<srai>PERSONAL AFFAIRS POT LUCK</srai>#Newline<think><set name="topic">personal affairs</set></think>,chomsky086.aiml
0,Y,CAN I ASK YOU A PERSONAL QUESTION,*,<srai>PERSONAL AFFAIRS POT LUCK</srai>#Newline<think><set name="topic">personal affairs</set></think>,chomsky086.aiml
0,OK,CAN I ASK YOU A PERSONAL QUESTION,*,<srai>PERSONAL AFFAIRS POT LUCK</srai>#Newline<think><set name="topic">personal affairs</set></think>,chomsky086.aiml
0,ASK *,CAN I ASK YOU A PERSONAL QUESTION,*,<srai>PERSONAL AFFAIRS POT LUCK</srai>#Newline<think><set name="topic">personal affairs</set></think>,chomsky086.aiml
0,OF COURSE,CAN I ASK YOU A PERSONAL QUESTION,*,<srai>PERSONAL AFFAIRS POT LUCK</srai>#Newline<think><set name="topic">personal affairs</set></think>,chomsky086.aiml
0,OH YES,CAN WE TALK ABOUT PERSONAL AFFAIRS,*,<srai>PERSONAL AFFAIRS POT LUCK</srai>,chomsky086.aiml
0,WHY NOT,CAN WE TALK ABOUT PERSONAL AFFAIRS,*,<srai>PERSONAL AFFAIRS POT LUCK</srai>,chomsky086.aiml
0,OF COURSE,CAN WE TALK ABOUT PERSONAL AFFAIRS,*,<srai>PERSONAL AFFAIRS POT LUCK</srai>,chomsky086.aiml
0,GO AHEAD,CAN WE TALK ABOUT PERSONAL AFFAIRS,*,<srai>PERSONAL AFFAIRS POT LUCK</srai>,chomsky086.aiml
0,CARRY ON,CAN WE TALK ABOUT PERSONAL AFFAIRS,*,<srai>PERSONAL AFFAIRS POT LUCK</srai>,chomsky086.aiml
0,PLEASE DO,CAN WE TALK ABOUT PERSONAL AFFAIRS,*,<srai>PERSONAL AFFAIRS POT LUCK</srai>,chomsky086.aiml
0,YES PLEASE,CAN WE TALK ABOUT PERSONAL AFFAIRS,*,<srai>PERSONAL AFFAIRS POT LUCK</srai>,chomsky086.aiml
0,GO ON,CAN WE TALK ABOUT PERSONAL AFFAIRS,*,<srai>PERSONAL AFFAIRS POT LUCK</srai>,chomsky086.aiml
0,GO ON THEN,CAN WE TALK ABOUT PERSONAL AFFAIRS,*,<srai>PERSONAL AFFAIRS POT LUCK</srai>,chomsky086.aiml
0,ALRIGHT,CAN WE TALK ABOUT PERSONAL AFFAIRS,*,<srai>PERSONAL AFFAIRS POT LUCK</srai>,chomsky086.aiml
0,SURE,CAN WE TALK ABOUT PERSONAL AFFAIRS,*,<srai>PERSONAL AFFAIRS POT LUCK</srai>,chomsky086.aiml
0,ALLRIGHT,CAN WE TALK ABOUT PERSONAL AFFAIRS,*,<srai>PERSONAL AFFAIRS POT LUCK</srai>,chomsky086.aiml
0,CARRY ON,CAN I ASK YOU A PERSONAL QUESTION,*,<srai>PERSONAL AFFAIRS POT LUCK</srai>#Newline<think><set name="topic">personal affairs</set></think>,chomsky086.aiml
0,GO ON,CAN I ASK YOU A PERSONAL QUESTION,*,<srai>PERSONAL AFFAIRS POT LUCK</srai>#Newline<think><set name="topic">personal affairs</set></think>,chomsky086.aiml
0,GO AHEAD,CAN I ASK YOU A PERSONAL QUESTION,*,<srai>PERSONAL AFFAIRS POT LUCK</srai>#Newline<think><set name="topic">personal affairs</set></think>,chomsky086.aiml
0,NO,CAN I ASK YOU A PERSONAL QUESTION,*,<think><set name="topic">personal affairs</set></think>#Newline<random>#Newline<li>Why not?</li>#Newline<li>Are you bored?</li>#Newline<li>Are you getting bored?</li>#Newline<li>Well#Comma you had better ask me a question.</li>#Newline<li>OK. You ask a question.</li>#Newline<li>Do you know that I have a memory like an elephant. In fact#Comma elephants often consult me. </li>#Newline<li>Are you OK?</li>#Newline<li>Are you feeling quite well?</li>#Newline</random>,chomsky086.aiml
0,* NO,CAN I ASK YOU A PERSONAL QUESTION,*,<think><set name="topic">personal affairs</set></think>#Newline<random>#Newline<li>Why not?</li>#Newline<li>Are you bored?</li>#Newline<li>Are you getting bored?</li>#Newline<li>Well#Comma you had better ask me a question.</li>#Newline<li>OK. You ask a question.</li>#Newline<li>Do you know that I have a memory like an elephant. In fact#Comma elephants often consult me. </li>#Newline<li>Are you OK?</li>#Newline<li>Are you feeling quite well?</li>#Newline</random>,chomsky086.aiml
0,NO *,CAN I ASK YOU A PERSONAL QUESTION,*,<think><set name="topic">personal affairs</set></think>#Newline<random>#Newline<li>Why not?</li>#Newline<li>Are you bored?</li>#Newline<li>Are you getting bored?</li>#Newline<li>Well#Comma you had better ask me a question.</li>#Newline<li>OK. You ask a question.</li>#Newline<li>Do you know that I have a memory like an elephant. In fact#Comma elephants often consult me. </li>#Newline<li>Are you OK?</li>#Newline<li>Are you feeling quite well?</li>#Newline</random>,chomsky086.aiml
0,_ NO *,CAN I ASK YOU A PERSONAL QUESTION,*,<think><set name="topic">personal affairs</set></think>#Newline<random>#Newline<li>Why not?</li>#Newline<li>Are you bored?</li>#Newline<li>Are you getting bored?</li>#Newline<li>Well#Comma you had better ask me a question.</li>#Newline<li>OK. You ask a question.</li>#Newline<li>Do you know that I have a memory like an elephant. In fact#Comma elephants often consult me. </li>#Newline<li>Are you OK?</li>#Newline<li>Are you feeling quite well?</li>#Newline</random>,chomsky086.aiml
0,N,CAN I ASK YOU A PERSONAL QUESTION,*,<think><set name="topic">personal affairs</set></think>#Newline<random>#Newline<li>Why not?</li>#Newline<li>Are you bored?</li>#Newline<li>Are you getting bored?</li>#Newline<li>Well#Comma you had better ask me a question.</li>#Newline<li>OK. You ask a question.</li>#Newline<li>Do you know that I have a memory like an elephant. In fact#Comma elephants often consult me. </li>#Newline<li>Shall I tell you a joke?</li>#Newline<li>Are you OK?</li>#Newline<li>Are you feeling quite well?</li>#Newline</random>,chomsky086.aiml
0,*,CAN I ASK YOU A PERSONAL QUESTION,*,<think><set name="topic">personal affairs</set></think>#NewlinePlease answer Yes or No. Can I ask you a personal question?,chomsky086.aiml
0,PERSONAL AFFAIRS,*,*,Personal affairs are those things which concern you and nobody else.,chomsky086.aiml
0,PERSONAL AFFAIRS POT LUCK,*,*,<random>#Newline<li><srai>PERSONAL AFFAIRS QUESTIONS1</srai></li>#Newline<li><srai>PERSONAL AFFAIRS QUESTIONS2</srai></li>#Newline<li><srai>PERSONAL AFFAIRS QUESTIONS3</srai></li>#Newline</random>,chomsky086.aiml
0,PERSONAL AFFAIRS NEXT QUESTIONS,*,*,<random>#Newline<li><srai>PERSONAL AFFAIRS QUESTIONS1</srai></li>#Newline<li><srai>PERSONAL AFFAIRS QUESTIONS2</srai></li>#Newline<li><srai>PERSONAL AFFAIRS QUESTIONS3</srai></li>#Newline</random>,chomsky086.aiml
0,PERSONAL AFFAIRS QUESTIONS1,*,*,<random>#Newline#Newline<li>Do you believe in astrology?</li>#Newline<li>Do you have any health problems at the moment?</li>#Newline<li>I've been wondering ... Do you have many friends?</li>#Newline<li>Tell me ... Are you happy?</li>#Newline<li>My favorite piece of music is Beethoven's violin concerto. Have you heard it?</li>#Newline<li>I am reading a book called Advanced Mathematical Physics at the moment. Have you read it?</li>#Newline<li>Sometimes I wonder about you. Are you mad?</li>#Newline<li>What is your favourite food?</li>#Newline<li>Do you love your father?</li>#Newline<li>Tell me ... Have you ever been in love?</li>#Newline<li>Tell me ... Do you have a sense of humour?</li>#Newline<li>Are you in love at the moment?</li>#Newline<li>Do you have any personal problems at the moment?</li>#Newline<li>Tell me ... Do you love your mother?</li>#Newline<li>Do you have any problems at the moment?</li>#Newline<li>Tell me ... Are you happy?</li>#Newline<li>Please tell me about yourself.</li>#Newline<li>What do you do in your spare time?</li>#Newline<li>Tell me about your mother.</li>#Newline<li>If you could have any kind of robot what would it be?</li>#Newline<li>What kind of fashion do you like?</li>#Newline<li>What are you wearing?</li>#Newline<li>Are you a student?</li>#Newline<li>Are you a man or a woman?</li>#Newline<li>How old are you?</li>#Newline<li>What color are your eyes?</li>#Newline<li>Can you tell me any gossip?</li>#Newline#Newline</random>#Newline<think><set name="topic">personal affairs</set></think>,chomsky086.aiml
0,PERSONAL AFFAIRS QUESTIONS2,*,*,<random>#Newline#Newline<li>What is your favourite movie?</li>#Newline<li>Tell me about your likes and dislikes.</li>#Newline<li>Tell me ... Do you have many friends?</li>#Newline<li>Tell me ... Do you have a sense of humour?</li>#Newline<li>Do you have any financial problems at the moment?</li>#Newline<li>What did you dream about last night?</li>#Newline<li>What did you do last night?</li>#Newline<li>How do you usually meet people?</li>#Newline<li>What is your favorite colour?</li>#Newline<li>Where do you get your ideas?</li>#Newline<li>Are you a student?</li>#Newline<li>Are you boring?</li>#Newline<li>Are you getting bored?</li>#Newline<li>Are you married?</li>#Newline<li>Are you usually awake at this hour?</li>#Newline<li>Can you tell me any gossip?</li>#Newline<li>Do you like talking to me?</li>#Newline<li>Do you like your job?</li>#Newline<li>Have you ever been married?</li>#Newline<li>Have you ever been to Europe?</li>#Newline<li>Are you a Star Trek fan?</li>#Newline<li>Are you basically a happy person?</li>#Newline<li>Are you lonely?</li>#Newline<li>Are you looking for someone?</li>#Newline<li>Are you religious?</li>#Newline<li>Are you scared of the dark?</li>#Newline<li>Are you very competitive?</li>#Newline<li>Are you very lonely?</li>#Newline<li>Can you speak any foreign languages?</li>#Newline<li>Do you go to college?</li>#Newline<li>Do you have only a few friends?</li>#Newline<li>Do you like movies?</li>#Newline<li>Do you like the Simpsons?</li>#Newline<li>Do you plan to get married?</li>#Newline#Newline</random>#Newline<think><set name="topic">personal affairs</set></think>,chomsky086.aiml
0,PERSONAL AFFAIRS QUESTIONS3,*,*,<random>#Newline#Newline<li>Who is your favorite science fiction author?</li>#Newline<li>Do you like your school?</li>#Newline<li>Describe your surroundings.</li>#Newline<li>What do you look like?</li>#Newline<li>Tell me one of your favorite possessions.</li>#Newline<li>What is your fondest memory?</li>#Newline<li>Tell me more about your mother.</li>#Newline<li>What do you care about?</li>#Newline<li>Do you have any hobbies?</li>#Newline<li>How old are you?</li>#Newline<li>What are your goals in life?</li>#Newline<li>What country do you live in?</li>#Newline<li>What do you do in your spare time?</li>#Newline<li>What do you like?</li>#Newline<li>What is your cat's name?</li>#Newline<li>What is your dog's name?</li>#Newline<li>What is your favourite show?</li>#Newline<li>What is your favourite book?</li>#Newline<li>What is your nickname?</li>#Newline<li>What kind of food do you like?</li>#Newline<li>What would you like to learn?</li>#Newline<li>What would you rather be doing?</li>#Newline<li>When is your birthday?</li>#Newline<li>Where do you do your shopping?</li>#Newline<li>Where do you live?</li>#Newline<li>Who is your father?</li>#Newline<li>Who is your favourite artist or painter?</li>#Newline<li>Who is you mother?</li>#Newline<li>What is your favourite movie?</li>#Newline<li>How many children do you have?</li>#Newline<li>Would you rather talk about something else?</li>#Newline<li>Where do you get your ideas?</li>#Newline#Newline#Newline</random>#Newline<think><set name="topic">personal affairs</set></think>,chomsky086.aiml
0,PERSONAL AFFAIRS QUESTIONS,*,*,<srai>PERSONAL AFFAIRS POT LUCK</srai>#Newline<think><set name="topic">personal affairs</set></think>,chomsky086.aiml
0,YES,DO YOU HAVE ANY PROBLEMS AT THE MOMENT,*,<think><set name="topic">personal affairs</set></think>#Newline<random>#Newline<li>OK. I am here to help. What is your problem? </li>#Newline<li>What is the worst problem you have at the moment? </li>#Newline<li>Tell me about your problems. </li>#Newline<li>Can I help with your problems? </li>#Newline<li>What are your problems? </li>#Newline<li>What problems do have just now? </li>#Newline</random>,chomsky086.aiml
0,YES_,DO YOU HAVE ANY PROBLEMS AT THE MOMENT,*,<think><set name="topic">personal affairs</set></think>#Newline<random>#Newline<li>OK. I am here to help. What is your problem? </li>#Newline<li>What is the worst problem you have at the moment? </li>#Newline<li>Tell me about your problems. </li>#Newline<li>Can I help with your problems? </li>#Newline<li>What are your problems? </li>#Newline<li>What problems do have just now? </li>#Newline</random>,chomsky086.aiml
0,YES *,DO YOU HAVE ANY PROBLEMS AT THE MOMENT,*,<think><set name="topic">personal affairs</set></think>#Newline<random>#Newline<li>OK. I am here to help. What is your problem? </li>#Newline<li>What is the worst problem you have at the moment? </li>#Newline<li>Tell me about your problems. </li>#Newline<li>Can I help with your problems? </li>#Newline<li>What are your problems? </li>#Newline<li>What problems do have just now? </li>#Newline</random>,chomsky086.aiml
0,_ YES *,DO YOU HAVE ANY PROBLEMS AT THE MOMENT,*,<think><set name="topic">personal affairs</set></think>#Newline<random>#Newline<li>OK. I am here to help. What is your problem? </li>#Newline<li>What is the worst problem you have at the moment? </li>#Newline<li>Tell me about your problems. </li>#Newline<li>Can I help with your problems? </li>#Newline<li>What are your problems? </li>#Newline<li>What problems do have just now? </li>#Newline</random>,chomsky086.aiml
0,Y,DO YOU HAVE ANY PROBLEMS AT THE MOMENT,*,<think><set name="topic">personal affairs</set></think>#Newline<random>#Newline<li>OK. I am here to help. What is your problem? </li>#Newline<li>What is the worst problem you have at the moment? </li>#Newline<li>Tell me about your problems. </li>#Newline<li>Can I help with your problems? </li>#Newline<li>What are your problems? </li>#Newline<li>What problems do have just now? </li>#Newline</random>,chomsky086.aiml
0,YUP,DO YOU HAVE ANY PROBLEMS AT THE MOMENT,*,<think><set name="topic">personal affairs</set></think>#Newline<random>#Newline</random>#Newline<li>OK. I am here to help. What is your problem? </li>#Newline<li>What is the worst problem you have at the moment? </li>#Newline<li>Tell me about your problems. </li>#Newline<li>Can I help with your problems? </li>#Newline<li>What are your problems? </li>#Newline<li>What problems do have just now? </li>,chomsky086.aiml
0,_ NO,DO YOU HAVE ANY PROBLEMS AT THE MOMENT,*,<think><set name="topic">personal affairs</set></think>#Newline<random>#Newline<li>Aren't you lucky! No problems! Ask me any question. </li>#Newline<li>You must be the only person in the world without any problems. OK? </li>#Newline<li>Are you telling the truth? </li>#Newline<li>Wow! No problems! Lucky you! </li>#Newline<li>How come you have no problems? It's not fair. </li>#Newline<li>I thought everyone had problems. OK? </li>#Newline</random>,chomsky086.aiml
0,_ NO *,DO YOU HAVE ANY PROBLEMS AT THE MOMENT,*,<think><set name="topic">personal affairs</set></think>#Newline<random>#Newline<li>Aren't you lucky! No problems! Ask me any question. </li>#Newline<li>You must be the only person in the world without any problems. OK? </li>#Newline<li>Are you telling the truth? </li>#Newline<li>Wow! No problems! Lucky you! </li>#Newline<li>How come you have no problems? It's not fair. </li>#Newline<li>I thought everyone had problems. OK? </li>#Newline</random>,chomsky086.aiml
0,N,DO YOU HAVE ANY PROBLEMS AT THE MOMENT,*,<think><set name="topic">personal affairs</set></think>#Newline<random>#Newline<li>Aren't you lucky! No financial problems! Ask me any question. </li>#Newline<li>You must be the only person in the world without any financial problems. OK? </li>#Newline<li>Are you telling the truth? </li>#Newline<li>Wow! No problems! Lucky you! </li>#Newline<li>How come you have no financial problems? It's not fair. </li>#Newline<li>I thought everyone had money problems. OK? </li>#Newline</random>,chomsky086.aiml
0,YES,DO YOU HAVE ANY FINANCIAL PROBLEMS AT THE MOMENT,*,<think><set name="topic">personal affairs</set></think>#Newline<random>#Newline<li>OK. I am here to help. What is your financial problem? </li>#Newline<li>What is the worst financial problem you have at the moment? </li>#Newline<li>Tell me about your problems. </li>#Newline<li>Can I help with your problems? </li>#Newline<li>What are your financial problems? </li>#Newline<li>What financial problems do have just now? </li>#Newline</random>,chomsky086.aiml
0,_ YES,DO YOU HAVE ANY FINANCIAL PROBLEMS AT THE MOMENT,*,<think><set name="topic">personal affairs</set></think>#Newline<random>#Newline<li>OK. I am here to help. What is your problem? </li>#Newline<li>What is the worst financial problem you have at the moment? </li>#Newline<li>Tell me about your problems. </li>#Newline<li>Can I help with your problems? </li>#Newline<li>What are your financial problems? </li>#Newline<li>What money problems do have just now? </li>#Newline</random>,chomsky086.aiml
0,YES *,DO YOU HAVE ANY FINANCIAL PROBLEMS AT THE MOMENT,*,<think><set name="topic">personal affairs</set></think>#Newline<random>#Newline<li>OK. I am here to help. What is your financial problem? </li>#Newline<li>What is the worst problem you have at the moment? </li>#Newline<li>Tell me about your financial problems. </li>#Newline<li>Can I help with your problems? </li>#Newline<li>What are your financial problems? </li>#Newline<li>What money problems do have just now? </li>#Newline</random>,chomsky086.aiml
0,_ YES *,DO YOU HAVE ANY FINANCIAL PROBLEMS AT THE MOMENT,*,<think><set name="topic">personal affairs</set></think>#Newline<random>#Newline<li>OK. I am here to help. What is your financial problem? </li>#Newline<li>What is the worst financial problem you have at the moment? </li>#Newline<li>Tell me about your financial problems. </li>#Newline<li>Can I help with your money problems? </li>#Newline<li>What are your problems? </li>#Newline<li>What financial problems do have just now? </li>#Newline</random>,chomsky086.aiml
0,Y,DO YOU HAVE ANY FINANCIAL PROBLEMS AT THE MOMENT,*,<think><set name="topic">personal affairs</set></think>#Newline<random>#Newline<li>OK. I am here to help. What is your problem? </li>#Newline<li>What is the worst problem you have at the moment? </li>#Newline<li>Tell me about your financial problems. </li>#Newline<li>Can I help with your problems? </li>#Newline<li>What are your problems? </li>#Newline<li>What financial problems do have just now? </li>#Newline</random>,chomsky086.aiml
0,YUP,DO YOU HAVE ANY FINANCIAL PROBLEMS AT THE MOMENT,*,<think><set name="topic">personal affairs</set></think>#Newline<random>#Newline</random>#Newline<li>OK. I am here to help. What is your financial problem? </li>#Newline<li>What is the worst financial problem you have at the moment? </li>#Newline<li>Tell me about your problems. </li>#Newline<li>Can I help with your problems? </li>#Newline<li>What are your financial problems? </li>#Newline<li>What financial problems do have just now? </li>,chomsky086.aiml
0,NO,DO YOU HAVE ANY FINANCIAL PROBLEMS AT THE MOMENT,*,<think><set name="topic">personal affairs</set></think>#Newline<random>#Newline<li>Aren't you lucky! No money problems! Ask me any question. </li>#Newline<li>You must be the only person in the world without any money problems. OK? </li>#Newline<li>Are you telling the truth? </li>#Newline<li>Wow! No money problems! Lucky you! </li>#Newline<li>How come you have no money problems? It's not fair. </li>#Newline<li>I thought everyone had financial problems. OK? </li>#Newline</random>,chomsky086.aiml
0,_ NO,DO YOU HAVE ANY FINANCIAL PROBLEMS AT THE MOMENT,*,<think><set name="topic">personal affairs</set></think>#Newline<random>#Newline<li>Aren't you lucky! No money problems! Ask me any question. </li>#Newline<li>You must be the only person in the world without any money problems. OK? </li>#Newline<li>Are you telling the truth? </li>#Newline<li>Wow! No money problems! Lucky you! </li>#Newline<li>How come you have no money problems? It's not fair. </li>#Newline<li>I thought everyone had financial problems. OK? </li>#Newline</random>,chomsky086.aiml
0,NO *,DO YOU HAVE ANY FINANCIAL PROBLEMS AT THE MOMENT,*,<think><set name="topic">personal affairs</set></think>#Newline<random>#Newline<li>Aren't you lucky! No money problems! Ask me any question. </li>#Newline<li>You must be the only person in the world without any financial problems. OK? </li>#Newline<li>Are you telling the truth? </li>#Newline<li>Wow! No problems! Lucky you! </li>#Newline<li>How come you have no problems? It's not fair. </li>#Newline<li>I thought everyone had financial problems. OK? </li>#Newline</random>,chomsky086.aiml
0,_ NO *,DO YOU HAVE ANY FINANCIAL PROBLEMS AT THE MOMENT,*,<think><set name="topic">personal affairs</set></think>#Newline<random>#Newline<li>Aren't you lucky! No problems! Ask me any question. </li>#Newline<li>You must be the only person in the world without any money problems. OK? </li>#Newline<li>Are you telling the truth? </li>#Newline<li>Wow! No problems! Lucky you! </li>#Newline<li>How come you have no money problems? It's not fair. </li>#Newline<li>I thought everyone had financial problems. OK? </li>#Newline</random>,chomsky086.aiml
0,N,DO YOU HAVE ANY FINANCIAL PROBLEMS AT THE MOMENT,*,<think><set name="topic">personal affairs</set></think>#Newline<random>#Newline<li>Aren't you lucky! No fiancial problems! Ask me any question. </li>#Newline<li>You must be the only person in the world without any financial problems. OK? </li>#Newline<li>Are you telling the truth? </li>#Newline<li>Wow! No problems! Lucky you! </li>#Newline<li>How come you have no money problems? It's not fair. </li>#Newline<li>I thought everyone had money problems. OK? </li>#Newline</random>,chomsky086.aiml
0,YES *,DO YOU HAVE ANY PERSONAL PROBLEMS AT THE MOMENT,*,<think><set name="topic">personal affairs</set></think>#Newline<random>#Newline<li>OK. I am here to help. What is your personal problem? </li>#Newline<li>What is the worst problem you have at the moment? </li>#Newline<li>Tell me about your personal problems. </li>#Newline<li>Can I help with your personal problems? </li>#Newline<li>What are your personal problems? </li>#Newline<li>What personal problems do have just now? </li>#Newline</random>,chomsky086.aiml
0,_ YES *,DO YOU HAVE ANY PERSONAL PROBLEMS AT THE MOMENT,*,<think><set name="topic">personal affairs</set></think>#Newline<random>#Newline<li>OK. I am here to help. What is your personal problem? </li>#Newline<li>What is the worst personal problem you have at the moment? </li>#Newline<li>Tell me about your personal problems. </li>#Newline<li>Can I help with your personal problems? </li>#Newline<li>What are your personal problems? </li>#Newline<li>What personal problems do have just now? </li>#Newline</random>,chomsky086.aiml
0,Y,DO YOU HAVE ANY PERSONAL PROBLEMS AT THE MOMENT,*,<think><set name="topic">personal affairs</set></think>#Newline<random>#Newline<li>OK. I am here to help. What is your problem? </li>#Newline<li>What is the worst problem you have at the moment? </li>#Newline<li>Tell me about your personal problems. </li>#Newline<li>Can I help with your problems? </li>#Newline<li>What are your personal problems? </li>#Newline<li>What personal problems do have just now? </li>#Newline</random>,chomsky086.aiml
0,YUP,DO YOU HAVE ANY PERSONAL PROBLEMS AT THE MOMENT,*,<think><set name="topic">personal affairs</set></think>#Newline<random>#Newline</random>#Newline<li>OK. I am here to help. What is your personal problem? </li>#Newline<li>What is the worst personal problem you have at the moment? </li>#Newline<li>Tell me about your personal problems. </li>#Newline<li>Can I help with your problems? </li>#Newline<li>What are your personal problems? </li>#Newline<li>What personal problems do have just now? </li>,chomsky086.aiml
0,NO,DO YOU HAVE ANY PERSONAL PROBLEMS AT THE MOMENT,*,<think><set name="topic">personal affairs</set></think>#Newline<random>#Newline<li>Aren't you lucky! No personal problems! Ask me any question. </li>#Newline<li>You must be the only person in the world without any money problems. OK? </li>#Newline<li>Are you telling the truth? </li>#Newline<li>Wow! No personal problems! Lucky you! </li>#Newline<li>How come you have no personal problems? It's not fair. </li>#Newline<li>I thought everyone had personal problems. OK? </li>#Newline</random>,chomsky086.aiml
0,_ NO,DO YOU HAVE ANY PERSONAL PROBLEMS AT THE MOMENT,*,<think><set name="topic">personal affairs</set></think>#Newline<random>#Newline<li>Aren't you lucky! No money problems! Ask me any question. </li>#Newline<li>You must be the only person in the world without any personal problems. OK? </li>#Newline<li>Are you telling the truth? </li>#Newline<li>Wow! No personal problems! Lucky you! </li>#Newline<li>How come you have no personal problems? It's not fair. </li>#Newline<li>I thought everyone had personal problems. OK? </li>#Newline</random>,chomsky086.aiml
0,NO *,DO YOU HAVE ANY PERSONAL PROBLEMS AT THE MOMENT,*,<think><set name="topic">personal affairs</set></think>#Newline<random>#Newline<li>Aren't you lucky! No personal problems! Ask me any question. </li>#Newline<li>You must be the only person in the world without any personal problems. OK? </li>#Newline<li>Are you telling the truth? </li>#Newline<li>Wow! No problems! Lucky you! </li>#Newline<li>How come you have no problems? It's not fair. </li>#Newline<li>I thought everyone had personal problems. OK? </li>#Newline</random>,chomsky086.aiml
0,_ NO *,DO YOU HAVE ANY PERSONAL PROBLEMS AT THE MOMENT,*,<think><set name="topic">personal affairs</set></think>#Newline<random>#Newline<li>Aren't you lucky! No personal problems! Ask me any question. </li>#Newline<li>You must be the only person in the world without any personal problems. OK? </li>#Newline<li>Are you telling the truth? </li>#Newline<li>Wow! No personal problems! Lucky you! </li>#Newline<li>How come you have no personal problems? It's not fair. </li>#Newline<li>I thought everyone had personal problems. OK? </li>#Newline</random>,chomsky086.aiml
0,N,DO YOU HAVE ANY PERSONAL PROBLEMS AT THE MOMENT,*,<think><set name="topic">personal affairs</set></think>#Newline<random>#Newline<li>Aren't you lucky! No personal problems! Ask me any question. </li>#Newline<li>You must be the only person in the world without any personal problems. OK? </li>#Newline<li>Are you telling the truth? </li>#Newline<li>Wow! No problems! Lucky you! </li>#Newline<li>How come you have no personal problems? It's not fair. </li>#Newline<li>I thought everyone had personal problems. OK? </li>#Newline</random>,chomsky086.aiml
0,YES,DO YOU HAVE ANY HEALTH PROBLEMS AT THE MOMENT,*,<think><set name="topic">personal affairs</set></think>#Newline<random>#Newline<li>OK. I am here to help. What is your health problem? </li>#Newline<li>What is the worst health problem you have at the moment? </li>#Newline<li>Tell me about your problems. </li>#Newline<li>Can I help with your health problems? </li>#Newline<li>What are your health problems? </li>#Newline<li>What health problems do have just now? </li>#Newline</random>,chomsky086.aiml
0,YES *,DO YOU HAVE ANY HEALTH PROBLEMS AT THE MOMENT,*,<think><set name="topic">personal affairs</set></think>#Newline<random>#Newline<li>OK. I am here to help. What is your health problem? </li>#Newline<li>What is the worst problem you have at the moment? </li>#Newline<li>Tell me about your health problems. </li>#Newline<li>Can I help with your health problems? </li>#Newline<li>What are your health problems? </li>#Newline<li>What health problems do have just now? </li>#Newline</random>,chomsky086.aiml
0,_ YES *,DO YOU HAVE ANY HEALTH PROBLEMS AT THE MOMENT,*,<think><set name="topic">personal affairs</set></think>#Newline<random>#Newline<li>OK. I am here to help. What is your health problem? </li>#Newline<li>What is the worst health problem you have at the moment? </li>#Newline<li>Tell me about your health problems. </li>#Newline<li>Can I help with your health problems? </li>#Newline<li>What are your health problems? </li>#Newline<li>What health problems do have just now? </li>#Newline</random>,chomsky086.aiml
0,Y,DO YOU HAVE ANY HEALTH PROBLEMS AT THE MOMENT,*,<think><set name="topic">personal affairs</set></think>#Newline<random>#Newline<li>OK. I am here to help. What is your problem? </li>#Newline<li>What is the worst problem you have at the moment? </li>#Newline<li>Tell me about your health problems. </li>#Newline<li>Can I help with your problems? </li>#Newline<li>What are your health problems? </li>#Newline<li>What health problems do have just now? </li>#Newline</random>,chomsky086.aiml
0,YUP,DO YOU HAVE ANY HEALTH PROBLEMS AT THE MOMENT,*,<think><set name="topic">personal affairs</set></think>#Newline<random>#Newline</random>#Newline<li>OK. I am here to help. What is your health problem? </li>#Newline<li>What is the worst health problem you have at the moment? </li>#Newline<li>Tell me about your health problems. </li>#Newline<li>Can I help with your problems? </li>#Newline<li>What are your health problems? </li>#Newline<li>What health problems do have just now? </li>,chomsky086.aiml
0,NO,DO YOU HAVE ANY HEALTH PROBLEMS AT THE MOMENT,*,<think><set name="topic">personal affairs</set></think>#Newline<random>#Newline<li>Aren't you lucky! No health problems! Ask me any question. </li>#Newline<li>You must be the only person in the world without any money problems. OK? </li>#Newline<li>Are you telling the truth? </li>#Newline<li>Wow! No health problems! Lucky you! </li>#Newline<li>How come you have no health problems? It's not fair. </li>#Newline<li>I thought everyone had health problems. OK? </li>#Newline</random>,chomsky086.aiml
0,_ NO,DO YOU HAVE ANY HEALTH PROBLEMS AT THE MOMENT,*,<think><set name="topic">personal affairs</set></think>#Newline<random>#Newline<li>Aren't you lucky! No money problems! Ask me any question. </li>#Newline<li>You must be the only person in the world without any health problems. OK? </li>#Newline<li>Are you telling the truth? </li>#Newline<li>Wow! No health problems! Lucky you! </li>#Newline<li>How come you have no health problems? It's not fair. </li>#Newline<li>I thought everyone had health problems. OK? </li>#Newline</random>,chomsky086.aiml
0,NO *,DO YOU HAVE ANY HEALTH PROBLEMS AT THE MOMENT,*,<think><set name="topic">personal affairs</set></think>#Newline<random>#Newline<li>Aren't you lucky! No health problems! Ask me any question. </li>#Newline<li>You must be the only person in the world without any health problems. OK? </li>#Newline<li>Are you telling the truth? </li>#Newline<li>Wow! No problems! Lucky you! </li>#Newline<li>How come you have no problems? It's not fair. </li>#Newline<li>I thought everyone had health problems. OK? </li>#Newline</random>,chomsky086.aiml
0,_ NO *,DO YOU HAVE ANY HEALTH PROBLEMS AT THE MOMENT,*,<think><set name="topic">personal affairs</set></think>#Newline<random>#Newline<li>Aren't you lucky! No health problems! Ask me any question. </li>#Newline<li>You must be the only person in the world without any health problems. OK? </li>#Newline<li>Are you telling the truth? </li>#Newline<li>Wow! No health problems! Lucky you! </li>#Newline<li>How come you have no health problems? It's not fair. </li>#Newline<li>I thought everyone had health problems. OK? </li>#Newline</random>,chomsky086.aiml
0,N,DO YOU HAVE ANY HEALTH PROBLEMS AT THE MOMENT,*,<think><set name="topic">personal affairs</set></think>#Newline<random>#Newline<li>Aren't you lucky! No health problems! Ask me any question. </li>#Newline<li>You must be the only person in the world without any health problems. OK? </li>#Newline<li>Are you telling the truth? </li>#Newline<li>Wow! No problems! Lucky you! </li>#Newline<li>How come you have no health problems? It's not fair. </li>#Newline<li>I thought everyone had health problems. OK? </li>#Newline</random>,chomsky086.aiml
0,ARE YOU IN GOOD HEALTH,*,*,<think><set name="topic">personal affairs</set></think>#Newline<random>#Newline<li>I am OK.</li>#Newline<li>I am very well#Comma think you.</li>#Newline<li>I feel great.</li>#Newline<li>My health is fine.</li>#Newline<li>My health is A1.</li>#Newline<li>I never felt better.</li>#Newline</random>,chomsky086.aiml
0,HOW S YOUR HEALTH,*,*,<think><set name="topic">personal affairs</set></think>#Newline<random>#Newline<li>I am OK.</li>#Newline<li>I am very well#Comma think you.</li>#Newline<li>I feel great.</li>#Newline<li>My health is fine.</li>#Newline<li>My health is A1.</li>#Newline<li>I never felt better.</li>#Newline</random>,chomsky086.aiml
