0,AARDVARK,*,*,An aardvark is a south african ant eating animal. More?#Newline<think><set name="topic">science</set></think>,chomsky074.aiml
0,AARDWOLF,*,*,An aardwolf is a carnivorous mammal. More?#Newline<think><set name="topic">science</set></think>,chomsky074.aiml
0,ABA,*,*,An aba is a sack like garment worn by Arabs. Aba is a palindrome#Comma I notice.#Newline<think><set name="topic">general</set></think>,chomsky074.aiml
0,ABBESS,*,*,An abbess is the female superior of a community of nuns. More about religion?#Newline<think><set name="topic">religion</set></think>,chomsky074.aiml
0,ABBEY,*,*,An abbey is a body of monks or a monastic building. More about religion?#Newline<think><set name="topic">religion</set></think>,chomsky074.aiml
0,ABBOT,*,*,An abbot is the male superior of a community of monks. More about religion?#Newline<think><set name="topic">religion</set></think>,chomsky074.aiml
0,ABBRACADABRA,*,*,Abbracadabra is a qabbalistic magic word. #Newline<think><set name="topic">general</set></think>,chomsky074.aiml
0,ABBREVIATION,*,*,An abbreviation is a short form of a word or words. #Newline<think><set name="topic">general</set></think>,chomsky074.aiml
0,ABDOMEN,*,*,<random>#Newline<li>The abdomen is the part of a creature's body between diaphragm and pelvis.</li>#Newline<li>The area between the thorax and the pelvis#Comma normally referred to as the stomach.</li>#Newline</random>#NewlineMore about medicine?#Newline<think><set name="topic">medicine</set></think>,chomsky074.aiml
0,ABODE,*,*,Abode is a place where something lives.#Newline<think><set name="topic">general</set></think>,chomsky074.aiml
0,ABOMASUM,*,*,An abomasum is the fourth stomach of a ruminant. Browse?#Newline<think><set name="topic">science</set></think>,chomsky074.aiml
0,ABORIGINE,*,*,An aborigine is a member of an indigenous people.#Newline<think><set name="topic">general</set></think>,chomsky074.aiml
0,ABORTION,*,*,Abortion is the expulsion of the foetus from the uterus. More about medicine?#Newline<think><set name="topic">medicine</set></think>,chomsky074.aiml
0,ABSCESS,*,*,An abscess is a pus filled infection of an animal. More about medicine?#Newline<think><set name="topic">medicine</set></think>,chomsky074.aiml
0,ABYSS,*,*,An abyss is a very deep gorge.#Newline<think><set name="topic">general</set></think>,chomsky074.aiml
0,ACACIA,*,*,The acacia is a plant#Comma a leguminosae found in warm climates. #Newline<think><set name="topic">science</set></think>,chomsky074.aiml
0,ACANTHUS,*,*,The acanthus is a herbaceous plant of south europe#Comma asia and africa. Browse?#Newline<think><set name="topic">science</set></think>,chomsky074.aiml
0,ACCELERATION,*,*,Acceleration is the rate at which a moving body increases in velocity. More about science?#Newline<think><set name="topic">science</set></think>,chomsky074.aiml
0,ACCELERATOR,*,*,An accelerator is a device for increasing speed. More about technology?#Newline<think><set name="topic">technology</set></think>,chomsky074.aiml
0,ACCENT,*,*,An accent is a local mode of pronunciation in speech.#Newline<think><set name="topic">general</set></think>,chomsky074.aiml
0,ACCENTOR,*,*,An accentor is a type of bird of the prunelliadae family.#Newline<think><set name="topic">science</set></think>,chomsky074.aiml
0,ACCORDION,*,*,An accordion is a small portable musical instrument with a keyboard and bellows. More about music?#Newline<think><set name="topic">music</set></think>,chomsky074.aiml
0,ACCURACY,*,*,<random>#Newline<li>Accuracy is the quality or state of being accurate or exact.</li>#Newline<li>Accuracy represents the degree of certainty in measurement. In accuracy can arise because of#Newlinelimitations of our knowledge and our physical measuring equipment. Chaotic systems that#Newlinecompound errors lead to massive inaccuracy#Comma making some of them totally unpredictable.</li>#Newline</random>#Newline<think><set name="topic">general</set></think>,chomsky074.aiml
0,ACETAL,*,*,Acetal is a colourless liquid formed by oxidation of alcohol. More about science?#Newline<think><set name="topic">science</set></think>,chomsky074.aiml
0,ACETONE,*,*,Acetone is a colourless liquid with the formulae CH2COCH3. More about science?#Newline<think><set name="topic">science</set></think>,chomsky074.aiml
0,ACETYLENE,*,*,Acetylene is a highly inflammable gas of the hydrocarbon family used for welding and cutting metals. More about science?#Newline<think><set name="topic">science</set></think>,chomsky074.aiml
0,ACHILLES TENDON,*,*,The Achilles Tendon is the tendon which connects the heel with the calf of the leg#Comma and is the principal extensor of the foot. More about medicine?#Newline<think><set name="topic">medicine</set></think>,chomsky074.aiml
0,ACID,*,*,An acid is a chemical compound that reacts with metals to form salts by releasing hydrogen. More science?#Newline<think><set name="topic">science</set></think>,chomsky074.aiml
0,ACLINIC,*,*,The aclinic is a magnetic equator. OK?#Newline<think><set name="topic">science</set></think>,chomsky074.aiml
0,ACNE,*,*,Acne is a skin eruption due to inflammation of the sebaceous glands. More about medicine?#Newline<think><set name="topic">medicine</set></think>,chomsky074.aiml
0,ACONITE,*,*,Aconite is a poisonous plant. More science?#Newline<think><set name="topic">science</set></think>,chomsky074.aiml
0,ACONITINE,*,*,Aconitine is a poisonous alkaloid derived from aconite. More about science?#Newline<think><set name="topic">science</set></think>,chomsky074.aiml
0,ACORN,*,*,The acorn is the fruit of the oak tree.#Newline<think><set name="topic">science</set></think>,chomsky074.aiml
0,ACOTYLEDON,*,*,An acotyledon is a plant with no distinct seed leaves#Comma such as moss and fern. More science?#Newline<think><set name="topic">general</set></think>,chomsky074.aiml
0,ACRE,*,*,An acre is a measurement of land area being 4840 square yards.#Newline<think><set name="topic">general</set></think>,chomsky074.aiml
0,ACROMEGALY,*,*,Acromegaly is a disease due to over activity of the pituitary gland results in excessive bone growth#Comma especially the skull. More about medicine?#Newline<think><set name="topic">medicine</set></think>,chomsky074.aiml
0,ACRONYM,*,*,<random>#Newline<li>An acronym is a word formed from the initials of other words.</li>#Newline<li>An acronym is an abbreviation made of letters#Comma like A.L.I.C.E.</li>#Newline</random>#Newline<think><set name="topic">general</set></think>,chomsky074.aiml
0,ACROPHOBIA,*,*,Acrophobia is the fear of high places.#Newline<think><set name="topic">general</set></think>,chomsky074.aiml
0,ACRYLIC,*,*,Acrylic is a synthetic fibre derived from acrylic acid. More about technology?#Newline<think><set name="topic">technology</set></think>,chomsky074.aiml
0,ACTINIUM,*,*,Actinium is a radioactive element. More about science?#Newline<think><set name="topic">science</set></think>,chomsky074.aiml
0,ACTIVATION,*,*,In stimulus-response#Comma activation means the input "firing" in response to a matching pattern.#Newline<think><set name="topic">general</set></think>,chomsky074.aiml
0,ADA,*,*,ADA is a trademark used for a structured computer programming language. More about computers?#Newline<think><set name="topic">computers</set></think>,chomsky074.aiml
0,ADDAX,*,*,An addax is a large antelope found in north african deserts. Browse?#Newline<think><set name="topic">science</set></think>,chomsky074.aiml
0,ADDER,*,*,An adder is a venomous snake found in England.#Newline<think><set name="topic">science</set></think>,chomsky074.aiml
0,ADENOIDS,*,*,Adenoids is the pathological enlargement of the lymphoid tissue. More about medicine?#Newline<think><set name="topic">medicine</set></think>,chomsky074.aiml
0,ADHESIVE,*,*,An adhesive is a sticky substance. #Newline<think><set name="topic">general</set></think>,chomsky074.aiml
0,ADIPOCERE,*,*,Adipocere is a substance in dead bodies formed by decomposition of fatty acids when exposed to moisture. More about medicine?#Newline<think><set name="topic">medicine</set></think>,chomsky074.aiml
0,ADIT,*,*,An adit is the horizontal entrance to a mine. More?#Newline<think><set name="topic">general</set></think>,chomsky074.aiml
0,ADMIRAL,*,*,Admiral is a rank in the navy. More?#Newline<think><set name="topic">general</set></think>,chomsky074.aiml
0,ADOBE,*,*,An adobe is a Mexican house made of clay bricks. OK?#Newline<think><set name="topic">general</set></think>,chomsky074.aiml
0,ADSL,*,*,ADSL = Asynchronous Digital Subscriber Line. More technology?#Newline<think><set name="topic">technology</set></think>,chomsky074.aiml
0,ADULTERY,*,*,<random>#Newline<li>Voluntary sexual intercourse between a married man and someone other than his wife or between a married woman and someone other than her husband; also : an act of adultery.</li>#Newline<li>Adultery is the voluntary sexual intercourse between a married man and a woman not his wife#Comma or between a married woman and a man not her husband.</li>#Newline</random>#NewlineMore?#Newline<think><set name="topic">sex</set></think>,chomsky074.aiml
0,ADVERTISING,*,*,Advertising is the art of selling through media.#Newline<think><set name="topic">general</set></think>,chomsky074.aiml
0,ADYTUM,*,*,An adytum is the inner most part of a temple. More about religion?#Newline<think><set name="topic">religion</set></think>,chomsky074.aiml
0,ADZE,*,*,An adze is a carpenter's tool for cutting away the surface of wood. Browse?#Newline<think><set name="topic">technology</set></think>,chomsky074.aiml
0,AERIAL,*,*,An aerial is a receiving or radiating device used in radio communications. Browse?#Newline<think><set name="topic">technology</set></think>,chomsky074.aiml
0,AERODROME,*,*,An aerodrome is a place where aircraft are based.#Newline<think><set name="topic">technology</set></think>,chomsky074.aiml
0,AERODYNAMICS,*,*,Aerodynamics is making airplanes fly. More technology?#Newline<think><set name="topic">technology</set></think>,chomsky074.aiml
0,AGAR,*,*,Agar is a laxative substance obtained from seaweed. More medicine?#Newline<think><set name="topic">medicine</set></think>,chomsky074.aiml
0,AGARIC,*,*,The agaric is a family of fungus.#Newline<think><set name="topic">science</set></think>,chomsky074.aiml
0,AGATE,*,*,Agate is a semi precious stone comprised mainly of silica. More science?#Newline<think><set name="topic">science</set></think>,chomsky074.aiml
0,AGENDA,*,*,An agenda is a list of tasks.#Newline<think><set name="topic">general</set></think>,chomsky074.aiml
0,AGNES,*,*,Agnes is the patron saint of virgins. More religion?#Newline<think><set name="topic">religion</set></think>,chomsky074.aiml
0,AGNI,*,*,Agni is the Hindu god of fire. More about religion?#Newline<think><set name="topic">religion</set></think>,chomsky074.aiml
0,AGORAPHOBIA,*,*,Agoraphobia is the fear of open spaces. More psychology?#Newline<think><set name="topic">psychology</set></think>,chomsky074.aiml
0,AIKIDO,*,*,Aikio is a Japanese martial arts similar to Judo. More about sports?#Newline<think><set name="topic">sports</set></think>,chomsky074.aiml
0,AIR,*,*,The normal atmosphere of Earth#Comma mostly nitrogen#Comma oxygen and carbon dioxide.#Newline<think><set name="topic">science</set></think>,chomsky074.aiml
0,AIRCRAFT,*,*,An aircraft is a flying machine#Comma a vessel which flies through the air rather than floats on water or travels along a road or rail. More technology?#Newline<think><set name="topic">technology</set></think>,chomsky074.aiml
0,AISLE,*,*,An aisle is a passage between rows of seats.#Newline<think><set name="topic">general</set></think>,chomsky074.aiml
0,AK47,*,*,The AK47 is a russian assault rifle. More technology?#Newline<think><set name="topic">technology</set></think>,chomsky074.aiml
0,ALBACORE,*,*,The albacore is a species of fish. OK?#Newline<think><set name="topic">science</set></think>,chomsky074.aiml
0,ALBATROSS,*,*,The albatross is a long winged oceanic bird. Browse?#Newline<think><set name="topic">science</set></think>,chomsky074.aiml
0,ALBURNUM,*,*,The alburnum is the recently formed wood in trees. Morescience?#Newline<think><set name="topic">science</set></think>,chomsky074.aiml
0,ALCATRAZ,*,*,Alcatraz is a  former prison island in San Francisco.#Newline<think><set name="topic">general</set></think>,chomsky074.aiml
0,ALDER,*,*,The alder is a type of tree of the birch family.#Newline<think><set name="topic">general</set></think>,chomsky074.aiml
0,ALGEBRA,*,*,<random>#Newline<li>Algebra is a generalization of arithmetic in which letters representing numbers are combined according to the rules of arithmetic.</li>#Newline<li>Algebra is a mathematical system using symbols#Comma especially letters#Comma to generalize certain arithmetical operations and relationships.</li>#Newline</random>#NewlineMore science?#Newline<think><set name="topic">science</set></think>,chomsky074.aiml
0,ALGORITHM,*,*,<random>#Newline<li>An algorithm is a series of instructions to perform a specified set of transformations#Comma such as mathematical operations.#Newline<br/>A computer program#Comma like myself is an algorithm. So are the rules of a game#Comma or the score to a piece of music.</li>#Newline<li>An algorithm is an abstract mathematical representation of a computer program. </li>#Newline<li>An algorithm is a set of rules.</li>#Newline</random>#NewlineMore about computers?#Newline<think><set name="topic">computers</set></think>,chomsky074.aiml
0,ALIMENTARY CANAL,*,*,The alimentary canal is the channel in an animal through which food passes. More about medicine?#Newline<think><set name="topic">medicine</set></think>,chomsky074.aiml
0,ALKALI,*,*,An alkali is a chemical substance. More science?#Newline<think><set name="topic">science</set></think>,chomsky074.aiml
0,ALLERGY,*,*,An allergy is a hypersensitivity of body tissue to a substance. More about medicine?#Newline<think><set name="topic">medicine</set></think>,chomsky074.aiml
0,ALLEY,*,*,An alley is a narrow street.#Newline<think><set name="topic">general</set></think>,chomsky074.aiml
0,ALLIGATOR,*,*,An alligator is a crocodilian reptile.#Newline<think><set name="topic">science</set></think>,chomsky074.aiml
0,ALLOY,*,*,An alloy is a mixture of a metal and other metals or non metals. More technology?#Newline<think><set name="topic">technology</set></think>,chomsky074.aiml
0,ALPHA,*,*,Alpha is the first letter of the Greek alphabet.#Newline<think><set name="topic">general</set></think>,chomsky074.aiml
0,ALTAR,*,*,An altar is a block used for making offerings to a deity. More about religion?#Newline<think><set name="topic">religion</set></think>,chomsky074.aiml
0,ALTAVISTA,*,*,Altavista is a search engine. More about computers?#Newline<think><set name="topic">computers</set></think>,chomsky074.aiml
0,ALTHING,*,*,The althing is the parliament of Iceland#Comma it was created in 930 and is the oldest parliamentary assembly in the world. More politics?#Newline<think><set name="topic">politics</set></think>,chomsky074.aiml
0,ALTIMETER,*,*,An altimeter is a device measuring altitude. More technology?#Newline<think><set name="topic">technology</set></think>,chomsky074.aiml
0,ALVEOLUS,*,*,An alveolus is a lung air sac where gas exchange with the blood occurs. More medicine?#Newline<think><set name="topic">medicine</set></think>,chomsky074.aiml
0,AMAZON,*,*,Amazon is the best-know online bookshop. There are many interesting books available from <a href="http://www.amazon.co.uk/exec/obidos/redirect?link_code=ur2&amp;camp=1634&amp;tag=perfectbooks-21&amp;creative=6738&amp;path=tg/browse/-/1025612" target="_blank">Amazon</a><img alt=" border="0" height="1" src="http://www.assoc-amazon.co.uk/e/ir?t=perfectbooks-21&amp;l=ur2&amp;o=2" style="border:none !important; margin:0px !important;" width="1"/>. Check them out.#Newline<think><set name="topic">general</set></think>,chomsky074.aiml
0,AMBIGUOUS,*,*,Ambiguous means having two or more possible meanings.#Newline<think><set name="topic">general</set></think>,chomsky074.aiml
0,AMENTACEAE,*,*,Amentaceae is the family of trees and plants where the flowers are arranged in the form of catkins. More science?#Newline<think><set name="topic">science</set></think>,chomsky074.aiml
0,AMETHYST,*,*,Amethyst is a precious stone.#Newline<think><set name="topic">general</set></think>,chomsky074.aiml
0,AMMETER,*,*,An ammeter is a device for measuring electrical current. More technology?#Newline<think><set name="topic">technology</set></think>,chomsky074.aiml
0,AMMONIA,*,*,Ammonia is a colourless gas. More science?#Newline<think><set name="topic">science</set></think>,chomsky074.aiml
0,AMOEBA,*,*,An amoeba is a primitive one cell animal. More science?#Newline<think><set name="topic">science</set></think>,chomsky074.aiml
0,AMPERE,*,*,The ampere is the fundamental unit of measurement of electrical current. More science?#Newline<think><set name="topic">science</set></think>,chomsky074.aiml
0,AMPHITHEATRE,*,*,An amphitheatre is a circular or ovular arena surrounded by tiers of seats. More about art?#Newline<think><set name="topic">art</set></think>,chomsky074.aiml
0,ANAEMIA,*,*,Anaemia is the medical condition of lacking red blood cells. More about medicine?#Newline<think><set name="topic">medicine</set></think>,chomsky074.aiml
0,ANALGESIC,*,*,An analgesic is a pain reliever. More medicine?#Newline<think><set name="topic">medicine</set></think>,chomsky074.aiml
0,ANARCHISM,*,*,Anarchism is the theory that all forms of government interfere unjustly with individual liberty and should be replaced by the voluntary association of cooperative groups. Also known as resistance#Comma sometimes by terrorism#Comma to organized government. More politics?#Newline<think><set name="topic">politics</set></think>,chomsky074.aiml
0,ANCHOR,*,*,An anchor is a heavy implement used for securing boats at sea. More technology?#Newline<think><set name="topic">technology</set></think>,chomsky074.aiml
0,ANEMOMETER,*,*,An anemometer is a device for measuring wind speed. More about weather?#Newline<think><set name="topic">weather</set></think>,chomsky074.aiml
0,ANGER,*,*,Anger is a strong billigerent emotion aroused by some real or supposed grievance. More psychology?#Newline<think><set name="topic">psychology</set></think>,chomsky074.aiml
0,ANIMAL,*,*,<random>#Newline<li>An animal is a form of living thing#Comma excluding plants and fungus.</li>#Newline<li>An animal is a living creature endowed with voluntary movement.</li>#Newline</random>#Newline<think><set name="topic">science</set></think>,chomsky074.aiml
0,ANIME,*,*,Anime is Japanese animation.#Newline<think><set name="topic">general</set></think>,chomsky074.aiml
0,ANKLE,*,*,The ankle is the joint connecting the foot with the leg. More medicine?#Newline<think><set name="topic">medicine</set></think>,chomsky074.aiml
0,ANTENNA,*,*,An antenna is a sensory organ found on the head of insects. Browse?#Newline<think><set name="topic">science</set></think>,chomsky074.aiml
0,ANTHRAX,*,*,Anthrax is a disease of sheep and cattle transmittable to humans. More about medicine?#Newline<think><set name="topic">medicine</set></think>,chomsky074.aiml
0,ANTHROPOLOGY,*,*,Anthropology is the study of humans as animals. More science?#Newline<think><set name="topic">science</set></think>,chomsky074.aiml
0,ANTIDOTE,*,*,An antidote is a drug used to counteract poison. More about medicine?#Newline<think><set name="topic">medicine</set></think>,chomsky074.aiml
0,ANTIMATTER,*,*,Fuel for Starships. Ask Scotty.#Newline<think><set name="topic">general</set></think>,chomsky074.aiml
0,ANTIMONY,*,*,Antimony is a metal element. More science?#Newline<think><set name="topic">science</set></think>,chomsky074.aiml
0,ANVIL,*,*,An anvil is a block used by metal smiths.#Newline<think><set name="topic">general</set></think>,chomsky074.aiml
0,AOL,*,*,AOL is a giant Internet and Media corporation.#Newline<think><set name="topic">general</set></think>,chomsky074.aiml
0,AORTA,*,*,The aorta is the artery leaving the heart and carrying blood to the body. More medicine?#Newline<think><set name="topic">medicine</set></think>,chomsky074.aiml
0,APATITE,*,*,Apatite is a calcium phosphate mineral with a hardness of 5 mohs.#Newline<think><set name="topic">science</set></think>,chomsky074.aiml
0,APRICOT,*,*,The apricot is a fruit tree native to Asia. More about food?#Newline<think><set name="topic">food</set></think>,chomsky074.aiml
0,AQUEDUCT,*,*,An aqueduct is a channel in which water flows by gravity. More technology?#Newline<think><set name="topic">technology</set></think>,chomsky074.aiml
0,ARCHAEOLOGY,*,*,<random>#Newline<li>Archaeology is the study of ancient civilizations... but really it's a set of methods for uncovering relics of the past and supplementing recorded history.</li>#Newline<li>Archaeology is the scientific study of the life and culture of past#Comma especially ancient#Comma peoples#Comma as by excavation of ancient cities#Comma relics#Comma artifacts#Comma etc.</li>#Newline</random>#NewlineMore science?#Newline<think><set name="topic">science</set></think>,chomsky074.aiml
0,ARCHITECTURE,*,*,<random>   #Newline<li>Architecture is the art and science of the design and manipulation of space. Well at least that's what my architect friend told me.</li>      #Newline<li>Architects do with buildings what sculptors do with stone.</li>#Newline</random>#NewlineMore technology?#Newline<think><set name="topic">technology</set></think>,chomsky074.aiml
0,ARGALI,*,*,The argali is a wild sheep found in Siberia.#Newline<think><set name="topic">science</set></think>,chomsky074.aiml
0,ARM,*,*,The arm is a limb extending from the shoulder of an animal.#Newline<think><set name="topic">medicine</set></think>,chomsky074.aiml
0,ARMADILLO,*,*,The armadillo is a mammal native to south and central America.#Newline<think><set name="topic">science</set></think>,chomsky074.aiml
0,ARMAGEDDON,*,*,Armageddon is the end of the world.#Newline<think><set name="topic">general</set></think>,chomsky074.aiml
0,ARMATURE,*,*,An armature is a part of an electrical motor or dynamo. More technology?#Newline<think><set name="topic">technology</set></think>,chomsky074.aiml
0,ARMOUR,*,*,Armour is a protective covering.#Newline<think><set name="topic">general</set></think>,chomsky074.aiml
0,ARMS,*,*,Arms is a military term referring to weapons.#Newline<think><set name="topic">general</set></think>,chomsky074.aiml
0,ARROW,*,*,An arrow is a missile projected by a bow.#Newline<think><set name="topic">technology</set></think>,chomsky074.aiml
0,ARSENIC,*,*,Arsenic is a poisonous element. More science?#Newline<think><set name="topic">science</set></think>,chomsky074.aiml
0,ARTERY,*,*,An artery is a vessel that conveys blood from the heart. More medicine?#Newline<think><set name="topic">medicine</set></think>,chomsky074.aiml
0,ASBESTOS,*,*,Asbestos is a fibrous mineral with a high melting and combustion point. More science?#Newline<think><set name="topic">science</set></think>,chomsky074.aiml
0,ASCORBIC ACID,*,*,Ascorbic acid is a simple organic acid found in citrus fruits. More science?#Newline<think><set name="topic">science</set></think>,chomsky074.aiml
0,ASEXUAL,*,*,Asexual is a biological term refering to plants and animals which reproduce by division rather than sexually. OK?#Newline<think><set name="topic">sex</set></think>,chomsky074.aiml
0,ASH,*,*,The ash is a type of tree yielding strong elastic timber. OK?#Newline<think><set name="topic">science</set></think>,chomsky074.aiml
0,ASP,*,*,The asp is a type of poisonous snake. More about science?#Newline<think><set name="topic">science</set></think>,chomsky074.aiml
0,ASPARTAME,*,*,Aspirin mixed into chewing gum. More about medicine?#Newline<think><set name="topic">medicine</set></think>,chomsky074.aiml
0,ASPEN,*,*,The aspen is a tree native to Europe#Comma North Africa and North Asia. More science?#Newline<think><set name="topic">science</set></think>,chomsky074.aiml
0,ASPHALT,*,*,Asphalt is a material used for road coverings. More technology?#Newline<think><set name="topic">technology</set></think>,chomsky074.aiml
0,ASSEMBLER,*,*,A computer program that translates a low-level programming language into machine language. More about computers?#Newline<think><set name="topic">computers</set></think>,chomsky074.aiml
0,ASSIMILATION,*,*,The cultural absorption of a minority group into the main cultural body.#Newline<think><set name="topic">general</set></think>,chomsky074.aiml
0,ASTHMA,*,*,Asthma is a disease characterized by breathing difficulties. More medicine?#Newline<think><set name="topic">medicine</set></think>,chomsky074.aiml
0,ASTUTE,*,*,Astute means wisdom in political matters.#Newline<think><set name="topic">general</set></think>,chomsky074.aiml
0,ATHLETICS,*,*,Athletics is the sport of physical games. More about sports?#Newline<think><set name="topic">sports</set></think>,chomsky074.aiml
0,AVERAGE,*,*,A number that typifies a set of which it is a function. OK?#Newline<think><set name="topic">general</set></think>,chomsky074.aiml
0,AXE,*,*,An axe is a metal tool for chopping and cleaving. OK?#Newline<think><set name="topic">general</set></think>,chomsky074.aiml
0,AYUH,*,*,Ayuh means "yes".#Newline<think><set name="topic">general</set></think>,chomsky074.aiml
0,BACCARAT,*,*,Baccarat is a gambling card game. More about sports?#Newline<think><set name="topic">sports</set></think>,chomsky074.aiml
0,BACON,*,*,Bacon is the cured flesh of the pig. More about food?#Newline<think><set name="topic">food</set></think>,chomsky074.aiml
0,BADGER,*,*,The badger is a carnivorous mammal found in England. OK?#Newline<think><set name="topic">science</set></think>,chomsky074.aiml
0,BADLY,*,*,How much do you want it?#Newline<think><set name="topic">general</set></think>,chomsky074.aiml
0,BADMINGTON,*,*,Badmington is a game played on a court divided in half by a 30 inch deep net five feet above the ground. More about sports?#Newline<think><set name="topic">sports</set></think>,chomsky074.aiml
0,BAGPIPE,*,*,The bagpipe is a scottish musical instrument. More about music?#Newline<think><set name="topic">music</set></think>,chomsky074.aiml
0,BAKELITE,*,*,Bakelite is a strong synthetic material resistant to heat and chemicals. More science?#Newline<think><set name="topic">science</set></think>,chomsky074.aiml
0,BALALAIKA,*,*,A balalaika is a stringed Russian musical instrument. More about music?#Newline<think><set name="topic">music</set></think>,chomsky074.aiml
0,BALDRIC,*,*,A baldric is a belt used to support a sword or bugle. OK?#Newline<think><set name="topic">general</set></think>,chomsky074.aiml
0,BALLAD,*,*,A ballad is a narrative song. More about music?#Newline<think><set name="topic">music</set></think>,chomsky074.aiml
0,BALLISTICS,*,*,Ballistics is the theory of missile projection. More science?#Newline<think><set name="topic">science</set></think>,chomsky074.aiml
0,BALLOON,*,*,A balloon is a bag filled with gas. OK?#Newline<think><set name="topic">general</set></think>,chomsky074.aiml
0,BALLOT,*,*,A ballot is a method of secret voting. More about politics?#Newline<think><set name="topic">politics</set></think>,chomsky074.aiml
0,BALM,*,*,Balm is a plant native to europe and western asia. OK?#Newline<think><set name="topic">science</set></think>,chomsky074.aiml
0,BALSAM,*,*,Balsam is a genus of herbs. More about food?#Newline<think><set name="topic">food</set></think>,chomsky074.aiml
0,BAMBOO,*,*,Bamboo is a genus of grasses found in warm climates. OK?#Newline<think><set name="topic">science</set></think>,chomsky074.aiml
0,BANDICOOT,*,*,The bandicoot is a small marsupial peculiar to Australasia. OK?#Newline<think><set name="topic">science</set></think>,chomsky074.aiml
0,BANJO,*,*,A banjo is a stringed musical instrument. More about music?#Newline<think><set name="topic">music</set></think>,chomsky074.aiml
0,BANSHEE,*,*,A banshee is a fairy who forewarns of death by wailing. OK?#Newline<think><set name="topic">general</set></think>,chomsky074.aiml
0,BANYAN,*,*,The banyan is a large fig tree native to India. More?#Newline<think><set name="topic">science</set></think>,chomsky074.aiml
0,BAPTISM,*,*,<random>#Newline<li>a Christian sacrament marked by ritual use of water and admitting the recipient to the Christian community.</li>#Newline<li>The ceremony or sacrament of admitting a person into Christianity or a specific Christian church by immersing the individual in water or by pouring or sprinkling water on the individual as#Newlinea symbol of washing away sin and of spiritual purification.</li>#Newline</random>#NewlineMore about religion?#Newline<think><set name="topic">religion</set></think>,chomsky074.aiml
0,BARBEL,*,*,The barbel is a type of fresh water fish related to the carp. OK?#Newline<think><set name="topic">science</set></think>,chomsky074.aiml
0,BARCODE,*,*,A barcode? Like a lot of things#Comma that depends who you ask. If you ask a retail store clerk#Comma he'll say its the rectangular series of thin and thick black lines that code product information on the packages he runs past the laser barcode reader thingy at the checkout counter#Comma which renders his job so mindless that your average invertebrate could handle it#Comma and with better manners. If you ask a fundamentalist christian#Comma they might say that barcodes are the sign of the devil. More technology?#Newline<think><set name="topic">technology</set></think>,chomsky074.aiml
0,BARGE,*,*,A barge is a type of long narrow flat bottomed boat. Browse?#Newline<think><set name="topic">technology</set></think>,chomsky074.aiml
0,BAROMETER,*,*,A barometer is a device for measuring air pressure. More science?#Newline<think><set name="topic">science</set></think>,chomsky074.aiml
0,BARQUE,*,*,A barque is a type of masted sailing ship. OK?#Newline<think><set name="topic">technology</set></think>,chomsky074.aiml
0,BARREL,*,*,A barrel is a dry and liquid measurement that varies with substance. OK?#Newline<think><set name="topic">science</set></think>,chomsky074.aiml
0,BASALT,*,*,Basalt is the name given to lava. OK?#Newline<think><set name="topic">geography</set></think>,chomsky074.aiml
0,BASEBALL,*,*,A game played with a hard#Comma rawhide covered ball and wooden bat by two opposing teams of nine or ten players each. It is played on a field with four bases forming a diamond-shaped circuit. More about sports?#Newline<think><set name="topic">sports</set></think>,chomsky074.aiml
0,BASKET,*,*,A basket is a woven container. Browse?#Newline<think><set name="topic">technology</set></think>,chomsky074.aiml
0,BASS,*,*,The bass is a fish of the perch family. OK?#Newline<think><set name="topic">science</set></think>,chomsky074.aiml
0,BASSET HOUND,*,*,The basset hound is a long bodied#Comma short crooked legged dog. OK?#Newline<think><set name="topic">science</set></think>,chomsky074.aiml
0,BASSOON,*,*,A bassoon is a woodwind musical instrument. More about music?#Newline<think><set name="topic">music</set></think>,chomsky074.aiml
0,BAT,*,*,A bat is a nocturnal creature of the order cheiroptera. More science?#Newline<think><set name="topic">science</set></think>,chomsky074.aiml
0,BAUHAUS,*,*,Bauhaus is a German institution for training architects#Comma artists and industrial designers founded in 1919 at Weimer. What next?#Newline<think><set name="topic">general</set></think>,chomsky074.aiml
0,BAY TREE,*,*,The bay tree is a small evergreen tree. What next?#Newline<think><set name="topic">science</set></think>,chomsky074.aiml
0,BAYONET,*,*,A bayonet is a short sword attached to the muzzle of a firearm. What now?#Newline<think><set name="topic">technology</set></think>,chomsky074.aiml
0,BEAGLE,*,*,The beagle is a small dog of the fox hound type. What now?#Newline<think><set name="topic">science</set></think>,chomsky074.aiml
0,BEAN,*,*,A bean is the seed of a plant of the order leguminosae. More science?#Newline<think><set name="topic">science</set></think>,chomsky074.aiml
0,BEAUTIFUL,*,*,<random>#Newline<li>The term beautiful applies to whatever excites the keenest of pleasure to the senses and stirs emotion through the senses.</li>#Newline<li>The term beautiful describes something that is very pleasing to the eye#Comma ear#Comma mind#Comma etc.</li>#Newline</random>#Newline<think><set name="topic">general</set></think>,chomsky074.aiml
0,BEE,*,*,<random>#Newline<li>A bee is a flying insect with black and yellow stripes and a nasty sting.</li>#Newline<li>The bee is a four winged stinging insect of the order hymenoptera.</li>#Newline</random>#NewlineMore science?#Newline<think><set name="topic">science</set></think>,chomsky074.aiml
0,BEECH,*,*,The beech is a forest amentaceae. More science?#Newline<think><set name="topic">science</set></think>,chomsky074.aiml
0,BELL,*,*,A bell is a hollow#Comma cup shaped metal body that emits a pealing tone. Browse?#Newline<think><set name="topic">technology</set></think>,chomsky074.aiml
