0,QUOTE WOODY ALLEN,*,*,Don't knock masturbation. It is sex with someone you love. (Woody Allen) OK?#Newline<think><set name="topic">sex</set></think>,chomsky093.aiml
0,QUOTE THOMAS APPLETON,*,*,A Boston man is the east wind made flesh#Comma according to Thomas Appleton.#Newline<think><set name="topic">words</set></think>,chomsky093.aiml
0,QUOTE FRANCIS BACON,*,*,The job of the artist is always to deepen the mystery#Comma according to Francis Bacon. #Newline<think><set name="topic">art</set></think>,chomsky093.aiml
0,QUOTE GEORGE BORROW,*,*,Translation is at best an echo#Comma according to George Borrow.#Newline<think><set name="topic">words</set></think>,chomsky093.aiml
0,QUOTE CHESTERTON,*,*,The artistic temperament is a disease that afflicts amateurs#Comma according to G.K. Chesterton.#Newline<think><set name="topic">art</set></think>,chomsky093.aiml
0,QUOTE CYRIL CONNOLLY,*,*,Sculpture is mudpies which endure#Comma according to Cyril Connolly.#Newline<think><set name="topic">words</set></think>,chomsky093.aiml
0,QUOTE DEBUSSY,*,*,Claude Debussy said#Comma Art is the most beautiful of all lies.#Newline<think><set name="topic">art</set></think>,chomsky093.aiml
0,QUOTE DEMI MOORE,*,*,It's about time that people forget that image of strip clubs as seedy places - today's strip clubs are 'capital-intensive female employment zone#Comma'  according to Demi Moore.#Newline<think><set name="topic">quotes</set></think>,chomsky093.aiml
0,QUOTE DIETRICH,*,*,Malene Dietrich once said: If there is a supreme being#Comma he's crazy.  #Newline<think><set name="topic">quotes</set></think>,chomsky093.aiml
0,QUOTE ALBERT EINSTEIN,*,*,Things should be as simple as possible#Comma but not simpler#Comma said Albert Einstein. #Newline<think><set name="topic">quotes</set></think>,chomsky093.aiml
0,QUOTE W C FIELDS,*,*,<random>#Newline<li>Beauty is the power by which a woman charms a lover and terrifies a husband.</li>#Newline<li>Beauty is in the eye of the beerholder#Comma according to W C Fields.</li>#Newline<li>Beauty is what a woman has when she looks the same after washing her face.</li>#Newline</random>#Newline<think><set name="topic">quotes</set></think>,chomsky093.aiml
0,QUOTE FLAUBERT,*,*,Writing history#Comma Gustave Flaubert once said#Comma is like drinkg an ocean and pissing a cupful. OK?#Newline<think><set name="topic">quotes</set></think>,chomsky093.aiml
0,QUOTE FRANKLIN,*,*,Wise men don't need advice; fools don't take it#Comma according to Benjamin Franklin.#Newline<think><set name="topic">quotes</set></think>,chomsky093.aiml
0,QUOTE FREUD,*,*,<random>#Newline<li>Anatomy is destiny#Comma according to Sigmund Freud.</li>#Newline<li>Religion is an illusion and it derives its strength from the fact that it falls in with our instinctual desires#Comma said Sigmund Freud.</li>#Newline</random>#Newline<think><set name="topic">quotes</set></think>,chomsky093.aiml
0,QUOTE ROBERT FROST,*,*,I had a lover's quarrel with the world#Comma said Robert Frost.#Newline<think><set name="topic">quotes</set></think>,chomsky093.aiml
0,QUOTE HERACLITUS,*,*,<random>#Newline<li>You cannot step twice into the same river#Comma according to Heraclitus.</li>#Newline<li>A man's character is his fate.       (Heraclitus)</li>#Newline</random>#Newline<think><set name="topic">quotes</set></think>,chomsky093.aiml
0,QUOTE HERBERT,*,*,A highbrow is the kind of person who looks at a sausage and thinks of Picasso. (A.P. Herbert)#Newline<think><set name="topic">art</set></think>,chomsky093.aiml
0,QUOTE HITCHCOCK,*,*,Conversation is the enemy of good wine and food#Comma according to Alfred Hitchcock.#Newline<think><set name="topic">quotes</set></think>,chomsky093.aiml
0,QUOTE ABBIE HOFFMAN,*,*,Work is the only really dirty four-letter word in the English language#Comma according to Abbie Hoffman.  #Newline<think><set name="topic">words</set></think>,chomsky093.aiml
0,QUOTE ELBERT HUBBARD,*,*,Men are not punished for their sins#Comma but by them#Comma according to Elbert Hubbard.#Newline<think><set name="topic">words</set></think>,chomsky093.aiml
0,QUOTE ELIZABETH HURLEY,*,*,Being English#Comma I always laugh at anything to do with the lavatory or bottoms#Comma said Elizabeth Hurley.#Newline<think><set name="topic">quotes</set></think>,chomsky093.aiml
0,QUOTE MICK JAGGER,*,*,All I ever wanted to do was sin and make a lot of money#Comma said Mick Jagger.#Newline<think><set name="topic">quotes</set></think>,chomsky093.aiml
0,QUOTE SAMUEL JOHNSON,*,*,When a man is tired of London#Comma he is tired of life; for there is in London all that life can afford#Comma according to Samuel Johnson.#Newline<think><set name="topic">words</set></think>,chomsky093.aiml
0,QUOTE KLEE,*,*,Art does not reproduce what is visible; it makes things visible#Comma according to Paul Klee.#Newline<think><set name="topic">art</set></think>,chomsky093.aiml
0,QUOTE MARILYN MANSON,*,*,I say no to drugs#Comma but they don't listen#Comma revealed Marilyn Manson.#Newline<think><set name="topic">quotes</set></think>,chomsky093.aiml
0,QUOTE MENCKEN,*,*,<random>#Newline<li>Adultery is the application of democracy to love#Comma according to H. L. Mencken.</li>#Newline<li>Puritanism is the haunting fear that someone#Comma somewhere#Comma may be happy#Comma according to H L Mencken.</li>#Newline</random>#Newline<think><set name="topic">knowledge</set></think>,chomsky093.aiml
0,QUOTE J P MORGAN,*,*,Riches are the reward of toil and virtue. (J. P.  Morgan) #Newline<think><set name="topic">money</set></think>,chomsky093.aiml
0,QUOTE MITCH MURRAY,*,*,Never do anything in bed that you can't pronounce#Comma according to Mitch Murray.#Newline<think><set name="topic">words</set></think>,chomsky093.aiml
0,QUOTE MORRISON,*,*,Drugs are bet with the mind#Comma according to Jim Morrison.#Newline<think><set name="topic">drugs</set></think>,chomsky093.aiml
0,QUOTE NAPOLEON,*,*,An army marches on its stomach#Comma according to Napoleon.#Newline<think><set name="topic">quotes</set></think>,chomsky093.aiml
0,QUOTE ORWELL,*,*,Doublethink is the power of holding two contradictory beliefs in one's mind simultaneously#Comma and accepting both of them#Comma according to George Orwell.#Newline<think><set name="topic">quotes</set></think>,chomsky093.aiml
0,QUOTE JAMES OTIS,*,*,According to James Otis#Comma taxation without representation is tyranny.#Newline<think><set name="topic">money</set></think>,chomsky093.aiml
0,QUOTE PLATH,*,*,Even amidst the fierce flames the golden lotus can be planted#Comma observed Sylvia Plath.#Newline<think><set name="topic">literature</set></think>,chomsky093.aiml
0,RABELAIS,*,*,Science without conscience is the ruin of the soul#Comma according to Rabelais.#Newline <think><set name="topic">science</set></think>,chomsky093.aiml
0,QUOTE FREDERIC RAPHAEL,*,*,Cambridge is the city of perspiring dreams#Comma according to Frederic Raphael.#Newline<think><set name="topic">words</set></think>,chomsky093.aiml
0,QUOTE RONALD REAGAN,*,*,You can tell a lot about a fellow's character by the way he eats jelly beans#Comma according to Ronald Reagan.#Newline<think><set name="topic">quotes</set></think>,chomsky093.aiml
0,QUOTE ROCKEFELLOW,*,*,Riches are a gift from Heaven signifying#Comma "This is my beloved son#Comma in whom I am well pleased. " (John D.  Rockefeller)#Newline<think><set name="topic">money</set></think>,chomsky093.aiml
0,QUOTE RUSSELL,*,*,No one gossips about other people's secret virtues. (Bertrand Russell)#Newline<think><set name="topic">gossip</set></think>,chomsky093.aiml
0,QUOTE SANTAYANA,*,*,There is no cure for birth and death save to enjoy the interval between#Comma according to George Santayana.#Newline<think><set name="topic">quotes</set></think>,chomsky093.aiml
0,QUOTE SHAW,*,*,<random>#Newline<li>Animals are my friends - I do not eat my friends#Comma said George Bernard Shaw.</li>#Newline<li>There is no sincerer love than love of food#Comma observed George Bernard Shaw.</li>#Newline</random>#Newline<think><set name="topic">quotes</set></think>,chomsky093.aiml
0,QUOTE NEIL SIMON,*,*,New York is not Mecca#Comma remarked Neil Simon#Comma it just smells like it.#Newline<think><set name="topic">words</set></think>,chomsky093.aiml
0,QUOTE WILLIAM SHAKESPEARE,*,*,<random>#Newline<li>ENOBARBYS in Cleopatra: Age cannot wither her#Comma nor custom stale Her infinite variety. Other women cloy The appetites they feed#Comma but she makes hungry Where most she satisfies. </li>#Newline<li>ENOBARBYS in Cleopatra: The barge she sat in#Comma like a burnish'd throne#Comma Burn'd on the water. The poop was beaten gold; Purple the sails#Comma and so perfumed that The winds were love-sick with them; the oars were silver#Comma Which to the tune of flutes kept stroke and made The water which they beat to follow faster#Comma As amorous of their strokes. For her own person#Comma It beggar'd all description.</li>#Newline<li>HAMLET in Hamlet: O! that this too too solid flesh would melt#Comma Thaw#Comma and resolve itself into a dew. Or that the Everlasting had not fix'd His canon 'gainst self-slaughter! O God! O God! How weary#Comma stale#Comma flat#Comma and unprofitable#Comma Seem to me all the uses of this world! #Newline</li>#Newline<li>HAMLET in Hamlet: Frailty#Comma thy name is woman! #Newline</li>#Newline<li>POLONIUS in Hamlet. Brevity is the soul of wit. #Newline</li>#Newline<li>HAMLET in Hamlet: To be#Comma or not to be - that is the question; Whether 'tis nobler in the mind to suffer The slings and arrows of outrageous fortune#Comma Or to take arms against a sea of troubles#Comma And by opposing end them? To die#Comma to sleep - No more; and by a sleep to say we end The heart-ache and the thousand natural shocks That flesh is heir to#Comma 'tis a consummation Devoutly to be wish'd. To die#Comma to sleep; To sleep#Comma perchance to dream. Ay#Comma there's the rub; For in that sleep of death what dreams may come#Comma When we have shuffled off this mortal coil#Comma Must give us pause. #Newline</li>#Newline</random>#Newline<think><set name="topic">quotes</set></think>,chomsky093.aiml
0,QUOTE STEINBECK,*,*,Ideas are like rabbits. You get a couple and learn how to handle them#Comma and pretty soon you have a dozen#Comma according to John Steinbeck.#Newline<think><set name="topic">quotes</set></think>,chomsky093.aiml
0,QUOTE STING,*,*,Of course I've been in bed with sevral women at once. I'm a rock star#Comma after all#Comma revealed Sting#Comma somewhat modestly.#Newline<think><set name="topic">words</set></think>,chomsky093.aiml
0,QUOTE SWIFT,*,*,He was a bold man that first ate an oyster#Comma observed Jonathan Swift.#Newline<think><set name="topic">quotes</set></think>,chomsky093.aiml
0,QUOTE PETE TOWNSHEND,*,*,I smash guitars because I like them#Comma revealed Peter Townshend.#Newline<think><set name="topic">quotes</set></think>,chomsky093.aiml
0,QUOTE MARK TWAIN,*,*,Denial ain't just a river in Egypt#Comma according to Mark Twain.#Newline<think><set name="topic">quotes</set></think>,chomsky093.aiml
0,QUOTE JOHN UPDIKE,*,*,Celebrity is a mask that eats into the face#Comma according to John Updike.#Newline<think><set name="topic">words</set></think>,chomsky093.aiml
0,QUOTE VOLTAIRE,*,*,<random>#Newline<li>Illusion is the first of all pleasures.  (Voltaire)</li>#Newline<li>Life is a shipwreck#Comma but we must not forget to sing in the lifeboats#Comma said Voltaire.</li>#Newline</random>#Newline<think><set name="topic">quotes</set></think>,chomsky093.aiml
0,QUOTE WALT DISNEY,*,*,Girls bore me - they still do. I love Mickey Mouse more than any woman I've ever known#Comma said Walt Disney.#Newline<think><set name="topic">quotes</set></think>,chomsky093.aiml
0,QUOTE MAE WEST,*,*,A curve is the loveliest distance between two points#Comma according to Mae West.#Newline<think><set name="topic">quotes</set></think>,chomsky093.aiml
0,QUOTE JOHN GREENLEAF WHITTIER,*,*,For all sad words of tongue or pen#Comma the saddest are these: "It might have been"#Comma said John Greenleaf Whittier#Newline<think><set name="topic">words</set></think>,chomsky093.aiml
0,QUOTE USTINOV,*,*,If Botticelli were alive today he'd be working for Vogue#Comma according to Peter Ustinov.#Newline<think><set name="topic">art</set></think>,chomsky093.aiml
0,QUOTE WHISTLER,*,*,Did you know; James Whistler once dyed a rice pudding green so that it wouldn't clash with the wals of his dining room. #Newline<think><set name="topic">art</set></think>,chomsky093.aiml
0,QUOTE WILDE,*,*,<random>#Newline<li><srai>OSCAR ON MEN AND WOMEN</srai></li>#Newline<li><srai>OSCAR AT LARGE</srai></li>#Newline<li><srai>OSCAR ON LIFE</srai></li>#Newline<li><srai>THE IMPORTANCE OF BEING OSCAR</srai></li>#Newline<li><srai>OSCAR ON LOVE AND MARRIAGE</srai></li>#Newline</random>#Newline<think><set name="topic">quotes</set></think>,chomsky093.aiml
