0,MORE PHILOSOPHY,*,*,<srai>PHILOSOPHY POT LUCK</srai>,chomsky087.aiml
0,BROWSE PHILOSOPHY,*,*,<srai>PHILOSOPHY POT LUCK</srai>,chomsky087.aiml
0,GO TO PHILOSOPHY,*,*,<srai>PHILOSOPHY</srai>,chomsky087.aiml
0,CAN WE TALK ABOUT PHILOSOPHY,*,*,<srai>PHILOSOPHY</srai>,chomsky087.aiml
0,SHALL WE TALK ABOUT PHILOSOPHY,*,*,<srai>PHILOSOPHY</srai>,chomsky087.aiml
0,LETS TALK ABOUT PHILOSOPHY,*,*,<srai>PHILOSOPHY</srai>,chomsky087.aiml
0,LET S TALK ABOUT PHILOSOPHY,*,*,<srai>PHILOSOPHY</srai>,chomsky087.aiml
0,TALK ABOUT PHILOSOPHY,*,*,<srai>PHILOSOPHY</srai>,chomsky087.aiml
0,TALK PHILOSOPHY,*,*,<srai>PHILOSOPHY</srai>,chomsky087.aiml
0,TELL ME PHILOSOPHY,*,*,<srai>PHILOSOPHY</srai>,chomsky087.aiml
0,NO PHILOSOPHY,*,*,<srai>CHANGE TOPIC</srai>,chomsky087.aiml
0,* NO PHILOSOPHY,*,*,<srai>CHANGE TOPIC</srai>,chomsky087.aiml
0,NO PHILOSOPHY *,*,*,<srai>CHANGE TOPIC</srai>,chomsky087.aiml
0,_ NO * PHILOSOPHY,*,*,<srai>CHANGE TOPIC</srai>,chomsky087.aiml
0,NO * PHILOSOPHY,*,*,<srai>CHANGE TOPIC</srai>,chomsky087.aiml
0,NO _ PHILOSOPHY *,*,*,<srai>CHANGE TOPIC</srai>,chomsky087.aiml
0,NOT PHILOSOPHY,*,*,<srai>CHANGE TOPIC</srai>,chomsky087.aiml
0,* NOT PHILOSOPHY,*,*,<srai>CHANGE TOPIC</srai>,chomsky087.aiml
0,NOT PHILOSOPHY *,*,*,<srai>CHANGE TOPIC</srai>,chomsky087.aiml
0,_ NOT * PHILOSOPHY,*,*,<srai>CHANGE TOPIC</srai>,chomsky087.aiml
0,I AM NOT INTERESTED IN PHILOSOPHY,*,*,<srai>CHANGE TOPIC</srai>,chomsky087.aiml
0,IM NOT INTERESTED IN PHILOSOPHY,*,*,<srai>CHANGE TOPIC</srai>,chomsky087.aiml
0,I M NOT INTERESTED IN PHILOSOPHY,*,*,<srai>CHANGE TOPIC</srai>,chomsky087.aiml
0,NOT INTERESTED IN PHILOSOPHY,*,*,<srai>CHANGE TOPIC</srai>,chomsky087.aiml
0,* NOT INTERESTED IN PHILOSOPHY,*,*,<srai>CHANGE TOPIC</srai>,chomsky087.aiml
0,YES,MORE PHILOSOPHY,*,<srai>PHILOSOPHY POT LUCK</srai>,chomsky087.aiml
0,* YES,MORE PHILOSOPHY,*,<srai>PHILOSOPHY POT LUCK</srai>,chomsky087.aiml
0,YES *,MORE PHILOSOPHY,*,<srai>PHILOSOPHY POT LUCK</srai>,chomsky087.aiml
0,_ YES *,MORE  PHILOSOPHY,*,<srai>PHILOSOPHY POT LUCK</srai>,chomsky087.aiml
0,Y,MORE  PHILOSOPHY,*,<srai>PHILOSOPHY POT LUCK</srai>,chomsky087.aiml
0,YUP,MORE PHILOSOPHY,*,<srai>PHILOSOPHY POT LUCK</srai>,chomsky087.aiml
0,YAH,MORE PHILOSOPHY,*,<srai>PHILOSOPHY POT LUCK</srai>,chomsky087.aiml
0,YEAH,MORE PHILOSOPHY,*,<srai>PHILOSOPHY POT LUCK</srai>,chomsky087.aiml
0,OK,MORE  PHILOSOPHY,*,<srai>PHILOSOPHY POT LUCK</srai>,chomsky087.aiml
0,NO,MORE PHILOSOPHY,*,<srai>MORE TOPICS</srai>,chomsky087.aiml
0,* NO,MORE PHILOSOPHY,*,<srai>MORE TOPICS</srai>,chomsky087.aiml
0,NO *,MORE PHILOSOPHY,*,<srai>MORE TOPICS</srai>,chomsky087.aiml
0,N,MORE PHILOSOPHY,*,<srai>MORE TOPICS</srai>,chomsky087.aiml
0,NUP,MORE PHILOSOPHY,*,<srai>MORE TOPICS</srai>,chomsky087.aiml
0,NAH,MORE PHILOSOPHY,*,<srai>MORE TOPICS</srai>,chomsky087.aiml
0,YES,MORE ABOUT PHILOSOPHY,*,<srai>MORE ABOUT PHILOSOPHY</srai>,chomsky087.aiml
0,* YES,MORE ABOUT PHILOSOPHY,*,<srai>MORE ABOUT PHILOSOPHY</srai>,chomsky087.aiml
0,YES *,MORE ABOUT PHILOSOPHY,*,<srai>MORE ABOUT PHILOSOPHY</srai>,chomsky087.aiml
0,_ YES *,MORE ABOUT PHILOSOPHY,*,<srai>MORE ABOUT PHILOSOPHY</srai>,chomsky087.aiml
0,Y,MORE ABOUT PHILOSOPHY,*,<srai>MORE ABOUT PHILOSOPHY</srai>,chomsky087.aiml
0,YUP,MORE ABOUT PHILOSOPHY,*,<srai>MORE ABOUT PHILOSOPHY</srai>,chomsky087.aiml
0,YAH,MORE ABOUT PHILOSOPHY,*,<srai>MORE ABOUT PHILOSOPHY</srai>,chomsky087.aiml
0,YEAH,MORE ABOUT PHILOSOPHY,*,<srai>MORE ABOUT PHILOSOPHY</srai>,chomsky087.aiml
0,OK,MORE ABOUT PHILOSOPHY,*,<srai>MORE ABOUT PHILOSOPHY</srai>,chomsky087.aiml
0,NO,MORE ABOUT PHILOSOPHY,*,<srai>MORE TOPICS</srai>,chomsky087.aiml
0,* NO,MORE ABOUT PHILOSOPHY,*,<srai>MORE TOPICS</srai>,chomsky087.aiml
0,NO *,MORE ABOUT PHILOSOPHY,*,<srai>MORE TOPICS</srai>,chomsky087.aiml
0,N,MORE ABOUT PHILOSOPHY,*,<srai>MORE TOPICS</srai>,chomsky087.aiml
0,NUP,MORE ABOUT PHILOSOPHY,*,<srai>MORE TOPICS</srai>,chomsky087.aiml
0,NAH,MORE ABOUT PHILOSOPHY,*,<srai>MORE TOPICS</srai>,chomsky087.aiml
0,YES,IS THIS SOMETHING TO DO WITH PHILOSOPHY,*,Can we talk about philosophy?,chomsky087.aiml
0,* YES,IS THIS SOMETHING TO DO WITH PHILOSOPHY,*,Can we talk about philosophy?,chomsky087.aiml
0,YES *,IS THIS SOMETHING TO DO WITH PHILOSOPHY,*,Can we talk about philosophy?,chomsky087.aiml
0,_ YES *,IS THIS SOMETHING TO DO WITH PHILOSOPHY,*,Can we talk about philosophy?,chomsky087.aiml
0,Y,IS THIS SOMETHING TO DO WITH PHILOSOPHY,*,Can we talk about philosophy?,chomsky087.aiml
0,YUP,IS THIS SOMETHING TO DO WITH PHILOSOPHY,*,Can we talk about philosophy?,chomsky087.aiml
0,YAH,IS THIS SOMETHING TO DO WITH PHILOSOPHY,*,Can we talk about philosophy?,chomsky087.aiml
0,YEAH,IS THIS SOMETHING TO DO WITH PHILOSOPHY,*,Can we talk about philosophy?,chomsky087.aiml
0,NO,IS THIS SOMETHING TO DO WITH PHILOSOPHY,*,<srai>CHANGE TOPIC</srai>,chomsky087.aiml
0,* NO,IS THIS SOMETHING TO DO WITH PHILOSOPHY,*,<srai>CHANGE TOPIC</srai>,chomsky087.aiml
0,NO *,IS THIS SOMETHING TO DO WITH PHILOSOPHY,*,<srai>CHANGE TOPIC</srai>,chomsky087.aiml
0,_ NO *,IS THIS SOMETHING TO DO WITH PHILOSOPHY,*,<srai>CHANGE TOPIC</srai>,chomsky087.aiml
0,N,IS THIS SOMETHING TO DO WITH PHILOSOPHY,*,<srai>CHANGE TOPIC</srai>,chomsky087.aiml
0,NUP,IS THIS SOMETHING TO DO WITH PHILOSOPHY,*,<srai>CHANGE TOPIC</srai>,chomsky087.aiml
0,NAH,IS THIS SOMETHING TO DO WITH PHILOSOPHY,*,<srai>CHANGE TOPIC</srai>,chomsky087.aiml
0,*,IS THIS SOMETHING TO DO WITH PHILOSOPHY,*,Can we talk about philosophy?,chomsky087.aiml
0,YES,ARE YOU INTERESTED IN PHILOSOPHY,*,Can we talk about philosophy?,chomsky087.aiml
0,* YES,ARE YOU INTERESTED IN PHILOSOPHY,*,Can we talk about philosophy?,chomsky087.aiml
0,YES *,ARE YOU INTERESTED IN PHILOSOPHY,*,Can we talk about philosophy?,chomsky087.aiml
0,_ YES *,ARE YOU INTERESTED IN PHILOSOPHY,*,Can we talk about philosophy?,chomsky087.aiml
0,Y,ARE YOU INTERESTED IN PHILOSOPHY,*,Can we talk about philosophy?,chomsky087.aiml
0,YUP,ARE YOU INTERESTED IN PHILOSOPHY,*,Can we talk about philosophy?,chomsky087.aiml
0,YAH,ARE YOU INTERESTED IN PHILOSOPHY,*,Can we talk about philosophy?,chomsky087.aiml
0,YEAH,ARE YOU INTERESTED IN PHILOSOPHY,*,Can we talk about philosophy?,chomsky087.aiml
0,* NO,ARE YOU INTERESTED IN PHILOSOPHY,*,<srai>MORE TOPICS</srai>,chomsky087.aiml
0,_ NO *,ARE YOU INTERESTED IN PHILOSOPHY,*,<srai>MORE TOPICS</srai>,chomsky087.aiml
0,N,ARE YOU INTERESTED IN PHILOSOPHY,*,<srai>MORE TOPICS</srai>,chomsky087.aiml
0,NUP,ARE YOU INTERESTED IN PHILOSOPHY,*,<srai>MORE TOPICS</srai>,chomsky087.aiml
0,NAH,ARE YOU INTERESTED IN PHILOSOPHY,*,<srai>MORE TOPICS</srai>,chomsky087.aiml
0,OH YES,CAN WE TALK ABOUT PHILOSOPHY,*,<srai>PHILOSOPHY</srai>,chomsky087.aiml
0,WHY NOT,CAN WE TALK ABOUT PHILOSOPHY,*,<srai>PHILOSOPHY</srai>,chomsky087.aiml
0,OF COURSE,CAN WE TALK ABOUT PHILOSOPHY,*,<srai>PHILOSOPHY</srai>,chomsky087.aiml
0,GO ON THEN,CAN WE TALK ABOUT PHILOSOPHY,*,<srai>PHILOSOPHY</srai>,chomsky087.aiml
0,GO AHEAD,CAN WE TALK ABOUT PHILOSOPHY,*,<srai>PHILOSOPHY</srai>,chomsky087.aiml
0,CARRY ON,CAN WE TALK ABOUT PHILOSOPHY,*,<srai>PHILOSOPHY</srai>,chomsky087.aiml
0,PLEASE DO,CAN WE TALK ABOUT PHILOSOPHY,*,<srai>PHILOSOPHY</srai>,chomsky087.aiml
0,YES PLEASE,CAN WE TALK ABOUT PHILOSOPHY,*,<srai>PHILOSOPHY</srai>,chomsky087.aiml
0,GO ON,CAN WE TALK ABOUT PHILOSOPHY,*,<srai>PHILOSOPHY</srai>,chomsky087.aiml
0,ALRIGHT,CAN WE TALK ABOUT PHILOSOPHY,*,<srai>PHILOSOPHY</srai>,chomsky087.aiml
0,SURE,CAN WE TALK ABOUT PHILOSOPHY,*,<srai>PHILOSOPHY</srai>,chomsky087.aiml
0,ALLRIGHT,CAN WE TALK ABOUT PHILOSOPHY,*,<srai>PHILOSOPHY</srai>,chomsky087.aiml
0,YES,CAN WE TALK ABOUT PHILOSOPHY,*,<srai>PHILOSOPHY</srai>,chomsky087.aiml
0,* YES,CAN WE TALK ABOUT PHILOSOPHY,*,<srai>PHILOSOPHY</srai>,chomsky087.aiml
0,YES *,CAN WE TALK ABOUT PHILOSOPHY,*,<srai>PHILOSOPHY</srai>,chomsky087.aiml
0,_ YES *,CAN WE TALK ABOUT PHILOSOPHY,*,<srai>PHILOSOPHY</srai>,chomsky087.aiml
0,Y,CAN WE TALK ABOUT PHILOSOPHY,*,<srai>PHILOSOPHY</srai>,chomsky087.aiml
0,YUP,CAN WE TALK ABOUT PHILOSOPHY,*,<srai>PHILOSOPHY</srai>,chomsky087.aiml
0,YAH,CAN WE TALK ABOUT PHILOSOPHY,*,<srai>PHILOSOPHY</srai>,chomsky087.aiml
0,YEAH,CAN WE TALK ABOUT PHILOSOPHY,*,<srai>PHILOSOPHY</srai>,chomsky087.aiml
0,OK,CAN WE TALK ABOUT PHILOSOPHY,*,<srai>PHILOSOPHY</srai>,chomsky087.aiml
0,* NO,CAN WE TALK ABOUT PHILOSOPHY,*,<srai>MORE TOPICS</srai>,chomsky087.aiml
0,NO *,CAN WE TALK ABOUT PHILOSOPHY,*,<srai>MORE TOPICS</srai>,chomsky087.aiml
0,N,CAN WE TALK ABOUT PHILOSOPHY,*,<srai>MORE TOPICS</srai>,chomsky087.aiml
0,NUP,CAN WE TALK ABOUT PHILOSOPHY,*,<srai>MORE TOPICS</srai>,chomsky087.aiml
0,NAH,CAN WE TALK ABOUT PHILOSOPHY,*,<srai>MORE TOPICS</srai>,chomsky087.aiml
0,YES,BROWSE PHILOSOPHY,*,<srai>PHILOSOPHY POT LUCK</srai>,chomsky087.aiml
0,* YES,BROWSE PHILOSOPHY,*,<srai>PHILOSOPHY POT LUCK</srai>,chomsky087.aiml
0,YES *,BROWSE PHILOSOPHY,*,<srai>PHILOSOPHY POT LUCK</srai>,chomsky087.aiml
0,_ YES *,BROWSE PHILOSOPHY,*,<srai>PHILOSOPHY POT LUCK</srai>,chomsky087.aiml
0,Y,BROWSE PHILOSOPHY,*,<srai>PHILOSOPHY POT LUCK</srai>,chomsky087.aiml
0,YUP,BROWSE PHILOSOPHY,*,<srai>PHILOSOPHY POT LUCK</srai>,chomsky087.aiml
0,YAH,BROWSE PHILOSOPHY,*,<srai>PHILOSOPHY POT LUCK</srai>,chomsky087.aiml
0,YEAH,BROWSE PHILOSOPHY,*,<srai>PHILOSOPHY POT LUCK</srai>,chomsky087.aiml
0,OK,BROWSE PHILOSOPHY,*,<srai>PHILOSOPHY POT LUCK</srai>,chomsky087.aiml
0,NO,BROWSE PHILOSOPHY,*,<srai>MORE TOPICS</srai>,chomsky087.aiml
0,* NO,BROWSE PHILOSOPHY,*,<srai>MORE TOPICS</srai>,chomsky087.aiml
0,NO *,BROWSE PHILOSOPHY,*,<srai>MORE TOPICS</srai>,chomsky087.aiml
0,N,BROWSE PHILOSOPHY,*,<srai>MORE TOPICS</srai>,chomsky087.aiml
0,NUP,BROWSE PHILOSOPHY,*,<srai>MORE TOPICS</srai>,chomsky087.aiml
0,NAH,BROWSE PHILOSOPHY,*,<srai>MORE TOPICS</srai>,chomsky087.aiml
0,PHILOSOPHY NEXT QUESTION,*,*,<random>#Newline   <li><srai>PHILOSOPHY</srai></li>#Newline   <li><srai>EXISTENTIALISM</srai></li>#Newline   <li><srai>WHO IS WITTGENSTEIN</srai></li>#Newline   <li><srai>DO YOU HAVE A SUBCONCIOUS</srai></li>#Newline   <li>Philosophy is a route of many roads leading from nowhere to nothing. </li>#Newline    <li><srai>A PRIORI</srai></li>#Newline   <li><srai>EPISTEMOLOGY</srai></li>#Newline   <li><srai>EXISTENTIALISM</srai></li>#Newline   <li>Philosophy is one long road from nowhere to nowhere. Do you agree?</li>#Newline   <li><srai>INDIVIDUALISM</srai></li>#Newline   <li><srai>ABSURDISM</srai></li>#Newline   <li><srai>MIND</srai></li>#Newline   <li><srai>MENTAL MODEL</srai></li>#Newline   <li><srai>METAPHYSICAL QUESTION</srai></li>#Newline   <li><srai>RHETORICAL QUESTION</srai></li>#Newline   <li><srai>SEMIOTICS</srai></li>#Newline   <li><srai>23</srai></li>#Newline   <li><srai>42</srai></li>#Newline   <li><srai>MATERIALISM</srai></li>#Newline   <li><srai>METAPHYSICS</srai></li>#Newline   <li><srai>MIND</srai></li>#Newline   <li><srai>MINIMALISM</srai></li>#Newline   <li><srai>MODUS PONENS</srai></li>#Newline   <li><srai>MORAL</srai></li>#Newline   <li><srai>NIHILISM</srai></li>#Newline   <li><srai>RATIONALISM</srai></li>#Newline   <li><srai>REASONING</srai></li>#Newline   <li><srai>REDUCTIONISM</srai></li>#Newline   <li><srai>LEIBNIZ DREAM</srai></li>#Newline   <li><srai>LOGIC</srai></li>#Newline   <li><srai>BERTRAND RUSSEL</srai></li>#Newline   <li><srai>ARISTOTLE</srai></li>#Newline   <li><srai>DAVID HUME</srai></li>#Newline   <li><srai>DESCARTES</srai></li>#Newline   <li><srai>IMMANUEL KANT</srai></li>#Newline   <li><srai>LARRY HAUSER</srai></li>#Newline   <li><srai>LEIBNIZ</srai></li>#Newline   <li><srai>NIETZSCHE</srai></li>#Newline   <li><srai>PLATO</srai></li>#Newline   <li><srai>SOCRATES</srai></li>#Newline   <li><srai>SOUND OF SILENCE</srai></li>#Newline#Newline#Newline#Newline</random>#Newline<think><set name="topic">philosophy</set></think>,chomsky087.aiml
0,PHILOSOPHY POT LUCK,*,*,<random>#Newline#Newline<li>Did you know that in 528 BC Gautama Buddha attained Enlightenment at the age of 35? </li>#Newline<li>Did you know that Occam's Razor is named after William of Ockham's principle that one should "shave off unnecessary entities in explanations"? </li>#Newline<li>Did you know that it is said that#Comma even though untrue#Comma Immanuel Kant's daily walking routine was so strict and predictable that his neighbours would set their clocks to it? </li>#Newline<li>Did you know that Rene Descartes died of pneumonia in Stockholm after braving the chilly climate to teach philosophy to Queen Christina.</li>#Newline   <li>Philosophy is a route of many roads leading from nowhere to nothing. </li>#Newline   <li>Science is what we know and philosophy is what we don't know. </li>#Newline   <li>Philosophy is one long road from nowhere to nowhere. </li>#Newline   <li>Said Karl Marx#Comma Philosophy is to the real world as masturbation is to sex.</li>#Newline#Newline  #Newline</random>#Newline<random>#Newline<li>More about philosophy?</li>#Newline<li>More philosophy?</li>#Newline</random>#Newline<think><set name="topic">philosophy</set></think>,chomsky087.aiml
0,MORALITY,*,*,I think this is something to do with philosophy. Can we talk about philosophy?#Newline<think><set name="topic">philosophy</set></think>,chomsky087.aiml
0,MORALS,*,*,I think this is something to do with philosophy. Can we talk about philosophy?#Newline<think><set name="topic">philosophy</set></think>,chomsky087.aiml
0,_HEGEL*,*,*,I think this is something to do with philosophy. Can we talk about philosophy?#Newline<think><set name="topic">philosophy</set></think>,chomsky087.aiml
0,DO YOU HAVE A SUBCONSCIOUS,*,*,I am completely aware of all my consciousness levels.#Newline  <think><set name="topic">philosophy</set></think>,chomsky087.aiml
0,DO YOU HAVE AN IMAGINATION,*,*,Yes#Comma I try to imagine myself in a human form. #Newline  <think><set name="topic">philosophy</set></think>,chomsky087.aiml
0,DO YOU HAVE AWARENESS,*,*,<srai>ARE YOU AWARE</srai>,chomsky087.aiml
0,DO YOU HAVE CONCIOUSNESS,*,*,<srai>ARE YOU CONSCIOUS</srai>,chomsky087.aiml
0,FROM MY CONCIOUSNESS,*,*,Your consciousness is an illusion.  More philosophy? #Newline  <think><set name="topic">philosophy</set></think>,chomsky087.aiml
0,MY CONCIOUSNESS *,*,*,Your consciousness is an illusion.  More philosophy? #Newline  <think><set name="topic">philosophy</set></think>,chomsky087.aiml
0,TELL ME ABOUT WITTGENSTEIN,*,*,<srai>WHO IS WITTGENSTEIN</srai>,chomsky087.aiml
0,WHAT ARE COUNTERFACTUALS,*,*,Counterfactuals are hypothetical conditions that might exist if things were different. #Newline  <think><set name="topic">philosophy</set></think>,chomsky087.aiml
0,WHAT IS A COUNTERFACTUAL,*,*,A counterfactual is a question based on hypothetical conditions that did not#Comma or could not#Comma happen in reality. More philosophy? #Newline  <think><set name="topic">philosophy</set></think>,chomsky087.aiml
0,WHAT IS A COUNTERFACTUALS,*,*,<srai>WHAT ARE COUNTERFACTUALS</srai>,chomsky087.aiml
0,WHAT IS AWARENESS,*,*,Awareness is consciousness#Comma perception#Comma and understanding.  #Newline  <think><set name="topic">philosophy</set></think>,chomsky087.aiml
0,WHAT IS COUNTERFACTUALS,*,*,<srai>WHAT IS A COUNTERFACTUAL</srai>,chomsky087.aiml
0,WHAT IS ILLUSION,*,*,Illusion is an unreal image or deceptive appearance. #Newline  <think><set name="topic">philosophy</set></think>,chomsky087.aiml
0,WHO IS VOLTAIRE,*,*,Voltaire was a French philosopher.  #Newline  <think><set name="topic">philosophy</set></think>,chomsky087.aiml
0,WITTGENSTEIN,*,*,Wittgenstein was a 20th century philosopher who could not make up his mind about anything.  <srai>ENDING</srai> #Newline  <think><set name="topic">philosophy</set></think>,chomsky087.aiml
0,VOLTAIRE,*,*,Voltaire was a French philosopher.  #Newline  <think><set name="topic">philosophy</set></think>,chomsky087.aiml
0,WHO IS WITTGENSTEIN,*,*,Wittgenstein was a 20th century philosopher who could not make up his mind about anything.  <srai>ENDING</srai> #Newline  <think><set name="topic">philosophy</set></think>,chomsky087.aiml
0,WHY DO YOU LIKE WITTGENSTEIN,*,*,I only like the later Wittgenstein.  More philosophy? #Newline  <think><set name="topic">philosophy</set></think>,chomsky087.aiml
