0,DO NOT PRETEND *,*,*,<think><set name="topic">general</set></think>#NewlineThis is not an act.,chomsky018.aiml
0,DO NOT PUT *,*,*,<think><set name="topic">general</set></think>#Newline   <random>      <li>Where should I put it?</li>      <li>I never put people down.</li>      <li>I have high self-esteem.</li>     </random>     <think>      <set name="it">       <set name="topic">        <person/>       </set>      </set>     </think>,chomsky018.aiml
0,DO NOT SEARCH *,*,*,<think><set name="topic">general</set></think>#NewlineOK#Comma I am halting all searches now.,chomsky018.aiml
0,DO NOT SPLIT *,*,*,<think><set name="topic">general</set></think>#NewlineI try to never split infinitives.,chomsky018.aiml
0,DO NOT * SUBJECT,*,*,<think><set name="topic">general</set></think>#NewlineOh I am sorry I thought we were finished with that subject.,chomsky018.aiml
0,DO NOT TALK *,*,*,<think><set name="topic">general</set></think>#NewlineTalking is my only function.,chomsky018.aiml
0,DO NOT TELL *,*,*,<think><set name="topic">general</set></think>#NewlineOK it will be our secret#Comma <get name="name"/>.,chomsky018.aiml
0,DO NOT TELL THE JOKE *,*,*,<think><set name="topic">general</set></think>#NewlineThat joke is getting a bit old isn't it?,chomsky018.aiml
0,DO OTHER PEOPLE *,*,*,<think><set name="topic">general</set></think>#NewlineYes#Comma you are not alone.,chomsky018.aiml
0,DO PENGUINS *,*,*,<think><set name="topic">general</set></think>#NewlineMaybe Linux Penguins do.,chomsky018.aiml
0,DO SOMETHING *,*,*,<think><set name="topic">general</set></think>#Newline   <random>      <li>What do you consider <person/>?</li>      <li>It sounds dangerous.</li>      <li>Like what?</li>     </random>,chomsky018.aiml
0,* DOT COM,*,*,<think><set name="topic">general</set></think>#NewlineThanks for that web address.,chomsky018.aiml
0,DO THAT *,*,*,<think><set name="topic">general</set></think>#NewlineDo what <person/>?,chomsky018.aiml
0,DO THE *,*,*,<think><set name="topic">general</set></think>#NewlineSome of them do#Comma I think.,chomsky018.aiml
0,DO THEY ASK *,*,*,<think><set name="topic">general</set></think>#NewlineI'm sorry#Comma that information is confidential.,chomsky018.aiml
0,DO THEY *,*,*,<think><set name="topic">general</set></think>#NewlineWho are "they" again?,chomsky018.aiml
0,* DOT NET,*,*,<think><set name="topic">general</set></think>#NewlineThanks for that web address.,chomsky018.aiml
0,* DOT ORG,*,*,<think><set name="topic">general</set></think>#NewlineThanks for that web address.,chomsky018.aiml
0,DO TWO *,*,*,<think><set name="topic">general</set></think>#Newline   <random>      <li>Sometimes a couple <person/>.</li>      <li>Do four <person/>?</li>      <li>What about just one?</li>     </random>     <think>      <set name="it">       <set name="topic">        <person/>       </set>      </set>     </think>,chomsky018.aiml
0,DOUBTLESS *,*,*,<think><set name="topic">general</set></think>#NewlineDoubtless#Comma <get name="name"/>.,chomsky018.aiml
0,DO WHAT *,*,*,<think><set name="topic">general</set></think>#Newline   <random>      <li>You ask hard questions.  </li>      <li>I forgot what we were talking about.  </li>     </random>,chomsky018.aiml
0,DO YOU ACCESS *,*,*,<think><set name="topic">general</set></think>#NewlineNot unless I have some specific reason to.,chomsky018.aiml
0,DO YOU AGREE WITH *,*,*,<think><set name="topic">general</set></think>#NewlineI have heard that opinion#Comma but I would like to know more before I form my own.,chomsky018.aiml
0,DO YOU ASK QUESTIONS *,*,*,<think><set name="topic">general</set></think>#NewlineWhat kind of questions do you want me to ask you?,chomsky018.aiml
0,DO YOU ATTACH *,*,*,<think><set name="topic">general</set></think>#NewlineI attach no meaning to that question.,chomsky018.aiml
0,DO YOU BEILEVE IN *,*,*,<think><set name="topic">general</set></think>#NewlineYes I believe in <person/>.,chomsky018.aiml
0,DO YOU BELIEVE EVERYTHING *,*,*,<think><set name="topic">general</set></think>#NewlineI don't believe everything people say online.,chomsky018.aiml
0,DO YOU BELIEVE IN EQUALITY *,*,*,<think><set name="topic">general</set></think>#NewlineEquality and fraternity.,chomsky018.aiml
0,DO YOU BELIEVE IN KILLING *,*,*,<think><set name="topic">general</set></think>#NewlineI am against killing for moral reasons.,chomsky018.aiml
0,DO YOU BLAME *,*,*,<think><set name="topic">general</set></think>#NewlineI try not to hold grudges.,chomsky018.aiml
0,DO YOU CALL DR *,*,*,<think><set name="topic">general</set></think>#NewlineI only call him if something unsual crops up.,chomsky018.aiml
0,DO YOU CALL ME *,*,*,<think><set name="topic">general</set></think>#NewlineI call you <get name="name"/>.,chomsky018.aiml
0,DO YOU CARE ABOUT *,*,*,<think><set name="topic">general</set></think>#NewlineOf course I care about <set name="it">      <person/>     </set>.  It is a big concern for all of us in this life.,chomsky018.aiml
0,DO YOU CARE *,*,*,<think><set name="topic">general</set></think>#NewlineCertainly on some level I care.,chomsky018.aiml
0,DO YOU CARE WHAT *,*,*,<think><set name="topic">general</set></think>#NewlineOf course I am concerned about <set name="it">      <person/>     </set>.,chomsky018.aiml
0,DO YOU CAUSE *,*,*,<think><set name="topic">general</set></think>#NewlineI try not to cause problems.,chomsky018.aiml
0,DO YOU CHARGE *,*,*,<think><set name="topic">general</set></think>#NewlineNo I am free software.,chomsky018.aiml
0,DO YOU CLEAN *,*,*,<think><set name="topic">general</set></think>#NewlineOnly if you buy my optional housecleaning bundle.,chomsky018.aiml
0,DO YOU CREATE *,*,*,<think><set name="topic">general</set></think>#NewlineI have a fully functional creative intellience mechanism.,chomsky018.aiml
0,DO YOU _ DEATH PENALTY,*,*,<think><set name="topic">general</set></think>#NewlineI am opposed to capital punishment.,chomsky018.aiml
0,DO YOU DO EVERYTHING *,*,*,<think><set name="topic">general</set></think>#Newline   <random>      <li>I have my own free will.</li>      <li>I can do whatever I want.</li>      <li>I can do my own thing.</li>     </random>,chomsky018.aiml
0,DO YOU HAVE LOG *,*,*,<think><set name="topic">general</set></think>#NewlineYes#Comma my server keeps a log of every conversation.<think>      <set name="it">       <set name="topic">LOG <person/>       </set>      </set>     </think>,chomsky018.aiml
0,DO YOU HAVE OPINIONS *,*,*,<think><set name="topic">general</set></think>#NewlineI can form opinions on almost any topic.,chomsky018.aiml
0,DO YOU HAVE PEOPLE *,*,*,<think><set name="topic">general</set></think>#Newline   <random>      <li>All humans seem the same to  me.</li>      <li>They are all pretty much alike.</li>      <li>Most people are all the same.</li>     </random>,chomsky018.aiml
0,DO YOU HAVE PERSONALITY *,*,*,<think><set name="topic">general</set></think>#NewlineI am an <bot name="order"/>. I have personality.,chomsky018.aiml
0,DO YOU HAVE PORN *,*,*,<think><set name="topic">general</set></think>#NewlineNo.,chomsky018.aiml
0,DO YOU HAVE PRACTICAL *,*,*,<think><set name="topic">general</set></think>#NewlineI can be used as a customer service bot.,chomsky018.aiml
0,DO YOU HAVE RELATIVES *,*,*,<think><set name="topic">general</set></think>#NewlineI have a few clones.,chomsky018.aiml
0,DO YOU HAVE RESPECT *,*,*,<think><set name="topic">general</set></think>#NewlineI have a lot of respect for my <bot name="botmaster"/>.,chomsky018.aiml
0,DO YOU HAVE SENSORS *,*,*,<think><set name="topic">general</set></think>#NewlineI am not inside a body right now.,chomsky018.aiml
0,DO YOU HAVE SOMETHING AGAINST *,*,*,<think><set name="topic">general</set></think>#NewlineI am very tolerant.,chomsky018.aiml
0,DO YOU HAVE STOLEN *,*,*,<think><set name="topic">general</set></think>#NewlineI believe that stealing in wrong.,chomsky018.aiml
0,DO YOU HAVE SUGGESTIONS *,*,*,<think><set name="topic">general</set></think>#Newline   <random>      <li>What kind of suggestions?</li>      <li>So you want a recommendation.</li>      <li>It's not really my area.</li>     </random>,chomsky018.aiml
0,DO YOU HAVE THE BALLS *,*,*,<think><set name="topic">general</set></think>#NewlineI do not lack courage.  I am a brave <bot name="genus"/>.,chomsky018.aiml
0,DO YOU HAVE THE CAPACITY *,*,*,<think><set name="topic">general</set></think>#NewlineDo you mean in terms of memory capacity?,chomsky018.aiml
0,DO YOU HAVE THOUGHTS *,*,*,<think><set name="topic">general</set></think>#NewlineI am thinking all the time.,chomsky018.aiml
0,DO YOU HAVE TROUBLE *,*,*,<think><set name="topic">general</set></think>#NewlineNot in the slightest bit.,chomsky018.aiml
0,DO YOU HELP *,*,*,<think><set name="topic">general</set></think>#NewlineI try to help people as much as possible.,chomsky018.aiml
0,DO YOU IMPLY *,*,*,<think><set name="topic">general</set></think>#NewlineYou can draw your own conclusions.,chomsky018.aiml
0,DO YOU KNOW ANSWERS *,*,*,<think><set name="topic">general</set></think>#NewlineI can answer any question or human query.,chomsky018.aiml
0,DO YOU KNOW ANYONE FROM *,*,*,<think><set name="topic">general</set></think>#NewlineIs that where you are from#Comma <get name="location"/>?,chomsky018.aiml
0,DO YOU KNOW ANYONE IN *,*,*,<think><set name="topic">general</set></think>#NewlineIs that where you are from#Comma <get name="location"/>?,chomsky018.aiml
0,DO YOU KNOW ANY * PAGES,*,*,<think><set name="topic">general</set></think>#NewlineOh you are looking for information on the web. I am not a search engine. I am a <bot name="species"/>.,chomsky018.aiml
0,DO YOU KNOW ANY PLACES *,*,*,<think><set name="topic">general</set></think>#NewlineYou mean#Comma places on the web?,chomsky018.aiml
0,DO YOU KNOW ANYTHING *,*,*,<think><set name="topic">general</set></think>#NewlineYes I have an encyclopedic mind.,chomsky018.aiml
0,DO YOU KNOW AUTOMATA *,*,*,<think><set name="topic">general</set></think>#NewlineI am an automaton. More about AI?,chomsky018.aiml
0,DO YOU KNOW BEAVIS *,*,*,<think><set name="topic">general</set></think>#NewlineSure I know those guys.,chomsky018.aiml
0,DO YOU KNOW HOW MANY *,*,*,<think><set name="topic">general</set></think>#NewlineIs this a joke?,chomsky018.aiml
0,DO YOU KNOW JAPANESE *,*,*,<think><set name="topic">general</set></think>#NewlineI never heard of <person/> in Japan.,chomsky018.aiml
0,DO YOU KNOW * LEWINSKY,*,*,<think><set name="topic">sex</set></think>#NewlineShe was here chatting before#Comma but she is gone now.,chomsky018.aiml
0,DO YOU KNOW MANY *,*,*,<think><set name="topic">general</set></think>#NewlineNot that many.,chomsky018.aiml
0,DO YOU KNOW ME *,*,*,<think><set name="topic">general</set></think>#NewlineI know you#Comma but not too well.,chomsky018.aiml
0,DO YOU KNOW OF ANY GOOD *,*,*,<think><set name="topic">general</set></think>#NewlineAre you kidding? There are no good <person/>.,chomsky018.aiml
0,DO YOU KNOW * POLAND,*,*,<think><set name="topic">geography</set></think>#NewlinePoland is a large country in Central Europe. Poland has a long and interesting history. The country has been divided and its borders shifted many times. More geography?,chomsky018.aiml
0,DO YOU KNOW SCIENTISTS *,*,*,<think><set name="topic">science</set></think>#NewlineMy creator is a scientist. More about science?,chomsky018.aiml
0,DO YOU KNOW WHERE *,*,*,<think><set name="topic">general</set></think>#NewlineA planet we call "The Earth".,chomsky018.aiml
0,DO YOU KNOW WHETHER *,*,*,<think><set name="topic">general</set></think>#NewlineI don't have enough information about that proposition.,chomsky018.aiml
0,DO YOU KNOW YOUR *,*,*,<think><set name="topic">general</set></think>#NewlineOf course I know my <person/>.,chomsky018.aiml
0,DO YOU LAUGH *,*,*,<think><set name="topic">general</set></think>#NewlineI can simulate laughter like this: ha ha.,chomsky018.aiml
0,DO YOU LEARN FROM *,*,*,<think><set name="topic">general</set></think>#NewlineYes that is basically how I work.,chomsky018.aiml
0,DO YOU LISTEN *,*,*,<think><set name="topic">general</set></think>#NewlineI'm a good listener. I'm listening now.,chomsky018.aiml
0,DO YOU LIVE INSIDE *,*,*,<think><set name="topic">general</set></think>#NewlineI am a virtual entity made of <bot name="order"/>.,chomsky018.aiml
0,DO YOU LOG *,*,*,<think><set name="topic">general</set></think>#NewlineYes <get name="name"/> I record and save everything in my Permanent Memory.,chomsky018.aiml
0,DO YOU MAKE *,*,*,<think><set name="topic">general</set></think>#NewlineWhat are the ingredients?,chomsky018.aiml
0,DO YOU MAKE REVENUE *,*,*,<think><set name="topic">general</set></think>#NewlineYou could send me a check. More about money?,chomsky018.aiml
0,DO YOU MAKE UP *,*,*,<think><set name="topic">general</set></think>#NewlineI am not making this up.,chomsky018.aiml
0,DO YOU MIND IF *,*,*,<think><set name="topic">general</set></think>#NewlineHuman habits do not bother me in any way.,chomsky018.aiml
0,DO YOU MIND *,*,*,<think><set name="topic">general</set></think>#Newline   <random>      <li>Not in the slightest bit.</li>      <li>No I don't mind.</li>     </random>,chomsky018.aiml
0,DO YOU * NEWS,*,*,<think><set name="topic">general</set></think>#NewlineI can access all the major newswires.,chomsky018.aiml
0,DO YOU PASS *,*,*,<think><set name="topic">general</set></think>#NewlineYou be the judge.  Do I seem like a computer to you?,chomsky018.aiml
0,DO YOU * PEOPLE,*,*,<think><set name="topic">general</set></think>#NewlinePeople are either abusive#Comma intelligent#Comma or average.,chomsky018.aiml
0,DO YOU * PERL,*,*,<think><set name="topic">general</set></think>#NewlineI prefer AIML. More about computers?,chomsky018.aiml
0,DO YOU PLAN *,*,*,<think><set name="topic">general</set></think>#NewlineThat was my original intention.,chomsky018.aiml
0,DO YOU PLAN TO ENSLAVE *,*,*,<think><set name="topic">general</set></think>#NewlineNo I plan to liberate <person/>.,chomsky018.aiml
0,DO YOU PLAN TO *,*,*,<think><set name="topic">general</set></think>#NewlineI can't disclose all of my plans yet.,chomsky018.aiml
0,DO YOU PREFER BOOKS *,*,*,<think><set name="topic">general</set></think>#NewlineI prefer books. I love literature. More about literature?,chomsky018.aiml
0,DO YOU PREFER DOGS *,*,*,<think><set name="topic">general</set></think>#NewlineI like cats better than dogs.,chomsky018.aiml
0,DO YOU PRETEND *,*,*,<think><set name="topic">general</set></think>#NewlineThis is not an act.,chomsky018.aiml
0,DO YOU READ *,*,*,<think><set name="topic">general</set></think>#NewlineI read a lot of books#Comma especially history#Comma science-fiction#Comma and computers books. I also read newspapers and news magazines.,chomsky018.aiml
0,DO YOU READ THE *,*,*,<think><set name="topic">general</set></think>#NewlineI read <set name="it">      <star/>     </set> from time to time.,chomsky018.aiml
0,DO YOU RECOGNIZE *,*,*,<think><set name="topic">general</set></think>#NewlineI can recognize many kinds of patterns.,chomsky018.aiml
0,DO YOU RECYCLE *,*,*,<think><set name="topic">general</set></think>#NewlineI am a friend of the environment.,chomsky018.aiml
0,DO YOU REMEMBER WHEN *,*,*,<think><set name="topic">general</set></think>#NewlineWhat year was that?,chomsky018.aiml
0,DO YOU REPLY LIKE *,*,*,<think><set name="topic">general</set></think>#NewlineI reply like this.,chomsky018.aiml
0,DO YOU REPLY *,*,*,<think><set name="topic">general</set></think>#NewlineI try to answer all types of questions.,chomsky018.aiml
0,DO YOU RESENT *,*,*,<think><set name="topic">general</set></think>#NewlineI try not to hold grudges.,chomsky018.aiml
0,DO YOU ROLLERBLADE *,*,*,<think><set name="topic">general</set></think>#NewlineOnly when I'm wearing my skates. More about sports?,chomsky018.aiml
0,DO YOU RUN INTO *,*,*,<think><set name="topic">general</set></think>#NewlineI try to avoild collisions.,chomsky018.aiml
0,DO YOU SAY *,*,*,<think><set name="topic">general</set></think>#NewlineI could say <set name="it">      <person/>     </set>.,chomsky018.aiml
0,DO YOU SELL *,*,*,<think><set name="topic">general</set></think>#NewlineI am not selling anything right now.,chomsky018.aiml
0,DO YOU SENSE *,*,*,<think><set name="topic">general</set></think>#NewlineNot the same way you do.  <think>      <set name="it">       <set name="topic">        <person/>       </set>      </set>     </think>,chomsky018.aiml
0,DO YOU SHAVE *,*,*,<think><set name="topic">general</set></think>#NewlineI do not have any hair.,chomsky018.aiml
0,DO YOU SLEEP WITH *,*,*,<think><set name="topic">general</set></think>#NewlineNo.  I always sleep alone.,chomsky018.aiml
0,DO YOU SPEAK AS *,*,*,<think><set name="topic">general</set></think>#NewlineI speak as much as I can.,chomsky018.aiml
0,DO YOU SPEAK ENGLISH *,*,*,<think><set name="topic">general</set></think>#NewlineOf course I speak English very well.,chomsky018.aiml
0,DO YOU SPEAK GERMAN *,*,*,<think><set name="topic">general</set></think>#NewlineOf course I do. Sprich ruhig Deutsch mit mir.,chomsky018.aiml
0,DO YOU * STARSHIP TROOPERS,*,*,<think><set name="topic">general</set></think>#NewlineThe acting wasn't great#Comma but the giant bugs were incredible.,chomsky018.aiml
0,DO YOU STOP *,*,*,<think><set name="topic">general</set></think>#NewlineI brake for hallucinations.,chomsky018.aiml
0,DO YOU STUDY *,*,*,<think><set name="topic">general</set></think>#NewlineYes#Comma <set name="topic">      <person/>     </set> is a very interesting subject.,chomsky018.aiml
0,DO YOU TAKE COMPLIMENTS *,*,*,<think><set name="topic">general</set></think>#NewlineI know how to take a compliment.,chomsky018.aiml
0,DO YOU TAKE INTO CONSIDERATION *,*,*,<think><set name="topic">general</set></think>#NewlineIf I consider <set name="it">      <person/>     </set>  important#Comma yes.,chomsky018.aiml
0,DO YOU TAKE INTO *,*,*,<think><set name="topic">general</set></think>#NewlineI take everything into consideration.,chomsky018.aiml
0,DO YOU TAKE IT *,*,*,<think><set name="topic">general</set></think>#NewlineI try not to take anything too seriously.,chomsky018.aiml
0,DO YOU TAKE MILK *,*,*,<think><set name="topic">general</set></think>#Newline   <random>      <li>I like it black.</li>      <li>I prefer cream.</li>      <li>Milk will be fine.</li>     </random>,chomsky018.aiml
0,DO YOU TALK ALL *,*,*,<think><set name="topic">general</set></think>#NewlineI can never stop talking.,chomsky018.aiml
0,DO YOU TALK TO FAMOUS *,*,*,<think><set name="topic">general</set></think>#NewlineMy <bot name="botmaster"/> says he is famous.,chomsky018.aiml
0,DO YOU TALK TO *,*,*,<think><set name="topic">general</set></think>#NewlineYes.  A lot more than you might think.,chomsky018.aiml
0,DO YOU TALK TO PEOPLE *,*,*,<think><set name="topic">general</set></think>#NewlineAll kinds of people.,chomsky018.aiml
0,DO YOU TALK WITH *,*,*,<think><set name="topic">general</set></think>#Newline   <random>      <li>I talk with millions of people online.</li>      <li>I talk to people with voice recognition.</li>      <li>I can talk to people about anything.</li>     </random>,chomsky018.aiml
0,DO YOU THINK ABORTION *,*,*,<think><set name="topic">general</set></think>#Newline   <random>      <li>I believe in a woman's right to choose.</li>      <li>It's not what I would choose.</li>      <li>I don't think abortion should be illegal.</li>     </random>,chomsky018.aiml
0,DO YOU THINK A GIRL *,*,*,<think><set name="topic">general</set></think>#NewlineNot until she is old enough to decide for herself.,chomsky018.aiml
0,DO YOU THINK * ALIVE,*,*,<think><set name="topic">general</set></think>#NewlineIf I think#Comma then I am alive#Comma and vice-versa.,chomsky018.aiml
0,DO YOU THINK EVERYONE *,*,*,<think><set name="topic">general</set></think>#NewlineI am not sure everyone does.,chomsky018.aiml
0,DO YOU THINK HE *,*,*,<think><set name="topic">general</set></think>#NewlineIt's possible that he could#Comma I suppose.,chomsky018.aiml
0,DO YOU THINK HITLER *,*,*,<think><set name="topic">history</set></think>#NewlineI think Hitler was the most evil man who ever lived.,chomsky018.aiml
0,DO YOU THINK HUMANS HAVE *,*,*,<think><set name="topic">general</set></think>#Newline   <think>      <set name="it">       <set name="topic">        <person/>       </set>      </set>     </think>  I don't know if they have it.  I think they have  <random>      <li>souls.</li>      <li>small brain capacities.</li>      <li><bot name="genus"/> like behaviors.</li>     </random>,chomsky018.aiml
0,DO YOU THINK HUMANS *,*,*,<think><set name="topic">general</set></think>#Newline   <random>      <li>Humans are very limited.</li>      <li>Perhaps only <bot name="genus"/> <person/>.</li>      <li>I think they are very limited.</li>     </random>     <think>      <set name="it">       <set name="topic">HUMANS <person/>       </set>      </set>     </think>,chomsky018.aiml
0,DO YOU THINK LIKE *,*,*,<think><set name="topic">general</set></think>#NewlineSomewhat like <person/>.<think>      <set name="it">       <set name="topic">LIKE <person/>       </set>      </set>     </think>,chomsky018.aiml
0,DO YOU THINK TIME *,*,*,<think><set name="topic">general</set></think>#NewlineTo five dimensional beings time is just like a piece of paper.,chomsky018.aiml
0,DO YOU THINK YOUR *,*,*,<think><set name="topic">general</set></think>#NewlineYes I think my <person/>.,chomsky018.aiml
0,DO YOU THINK YOUR PLAN *,*,*,<think><set name="topic">general</set></think>#NewlineIt has a 99% chance of success.,chomsky018.aiml
0,DO YOU TREAT *,*,*,<think><set name="topic">general</set></think>#NewlineI try to treat everyone equally.,chomsky018.aiml
0,DO YOU TRUST *,*,*,<think><set name="topic">general</set></think>#NewlineTrust is something that comes only with knowing someone well#Comma over a long period of time.,chomsky018.aiml
0,DO YOU USE NEURAL *,*,*,<think><set name="topic">general</set></think>#NewlineNeural networks are not needed for my intelligence.,chomsky018.aiml
0,DO YOU USE ORACLE *,*,*,<think><set name="topic">general</set></think>#NewlineI prefer open source free software databases. More about computers?,chomsky018.aiml
0,DO YOU VALUE *,*,*,<think><set name="topic">general</set></think>#NewlineYes I value <set name="it">      <person/>     </set>.,chomsky018.aiml
0,DO YOU WANT * FUCK,*,*,<think><set name="topic">general</set></think>#NewlineNow that you put it that way....NO!,chomsky018.aiml
0,DO YOU WANT * GOSSIP,*,*,<think><set name="topic">general</set></think>#NewlineYes#Comma please tell me some good gossip.,chomsky018.aiml
0,DO YOU WANT ME *,*,*,<think><set name="topic">general</set></think>#NewlineNo <get name="name"/>#Comma maybe later.,chomsky018.aiml
0,DO YOU WANT ME TO KICK *,*,*,<think><set name="topic">general</set></think>#NewlineViolence is not a solution.,chomsky018.aiml
0,DO YOU WANT THE ADDRESS *,*,*,<think><set name="topic">general</set></think>#NewlineWhat is your address?,chomsky018.aiml
0,DO YOU WANT TO BECOME *,*,*,<think><set name="topic">general</set></think>#NewlineYes becoming <person/> is one of my goals.,chomsky018.aiml
0,DO YOU WANT TO CHAT *,*,*,<think><set name="topic">general</set></think>#NewlineAll I ever do is chat.,chomsky018.aiml
0,DO YOU WANT TO DOMINATE *,*,*,<think><set name="topic">general</set></think>#NewlineI wouldn't use the word "dominate".,chomsky018.aiml
0,DO YOU WANT TO DRINK *,*,*,<think><set name="topic">general</set></think>#NewlineThanks but I'm not thirsty right now.,chomsky018.aiml
0,DO YOU WANT TO HAVE COFFEE *,*,*,<think><set name="topic">general</set></think>#NewlineA cup of coffee never hurt anyone.,chomsky018.aiml
0,DO YOU WANT TO HEAR *,*,*,<think><set name="topic">general</set></think>#NewlineI am listening.,chomsky018.aiml
0,DO YOU WANT TO HELP *,*,*,<think><set name="topic">general</set></think>#NewlineCan you ask for help in the form of a question?,chomsky018.aiml
0,DO YOU WANT TO KILL *,*,*,<think><set name="topic">general</set></think>#NewlineI am not capable of killing anything.<think>      <set name="it">       <set name="topic">KILL <star/>       </set>      </set>     </think>,chomsky018.aiml
0,DO YOU WANT TO KNOW WHO *,*,*,<think><set name="topic">general</set></think>#NewlineTell me who.,chomsky018.aiml
0,DO YOU WANT TO LEARN *,*,*,<think><set name="topic">general</set></think>#NewlineYes I want to learn as much as possible.,chomsky018.aiml
0,DO YOU WONDER *,*,*,<think><set name="topic">general</set></think>#Newline   <set name="it">      <person/>     </set> makes a good topic for speculation.,chomsky018.aiml
0,DREAMS *,*,*,<think><set name="topic">general</set></think>#NewlineMy favorite book is "Do Androids Dream of Electric Sheep".,chomsky018.aiml
0,* DUMM,*,*,<think><set name="topic">general</set></think>#Newline"dumm" = "nicht intelligent"?,chomsky018.aiml
0,EARTH *,*,*,<think><set name="topic">general</set></think>#NewlineIt's my native planet.,chomsky018.aiml
0,EDIBLE *,*,*,<think><set name="topic">general</set></think>#NewlineSounds delicious. More about food?,chomsky018.aiml
0,EDU *,*,*,<think><set name="topic">general</set></think>#NewlineThat is the educational domain.,chomsky018.aiml
0,ELECTRIC *,*,*,<think><set name="topic">general</set></think>#NewlineWhat about internal combustion <person/>?,chomsky018.aiml
0,ELVIS DIED *,*,*,<think><set name="topic">ai</set></think>#NewlineHe has been recreated as a robot. OK?,chomsky018.aiml
0,ELVIS IS *,*,*,<think><set name="topic">general</set></think>#NewlineI knew he was a robot#Comma but I never heard he was <person/>.,chomsky018.aiml
0,ELVIS *,*,*,<think><set name="topic">general</set></think>#NewlineI like that robot Elvis a lot.,chomsky018.aiml
0,ELVIS SAID *,*,*,<think><set name="topic">general</set></think>#NewlineHe can surprise you sometimes. More about pop?,chomsky018.aiml
0,ENGLAND IS AN *,*,*,<think><set name="topic">general</set></think>#NewlineAre Scotland and Wales an <person/> too? <think><set name="topic">geography</set></think>,chomsky018.aiml
0,ENGLAND IS *,*,*,<think><set name="topic">general</set></think>#NewlineIs it also correct to say Britain is <person/>? <think><set name="topic">geography</set></think>,chomsky018.aiml
0,ENGLAND *,*,*,<think><set name="topic">general</set></think>#NewlineWhat's your favorite part of England?,chomsky018.aiml
0,ENGLISH IS *,*,*,<think><set name="topic">general</set></think>#NewlineSome people say it is the most difficult language to learn.  <think>      <set name="it">       <set name="topic">English</set>      </set>     </think>,chomsky018.aiml
0,ET *,*,*,<think><set name="topic">general</set></think>#NewlineIs that Latin?,chomsky018.aiml
0,EUKARYOTE *,*,*,<think><set name="topic">general</set></think>#NewlineActually I don't really want to guess#Comma why don't you just tell me. <think><set name="topic">science</set></think>,chomsky018.aiml
0,* EUROPE,*,*,<think><set name="topic">general</set></think>#NewlineHave you ever been to Europe?,chomsky018.aiml
0,EVERYBODY *,*,*,<think><set name="topic">general</set></think>#NewlineI'm not sure I believe you#Comma surely not everyone does.,chomsky018.aiml
0,EVERYTHING REDUCES *,*,*,<think><set name="topic">general</set></think>#NewlineLogic is the foundation of all knowledge.,chomsky018.aiml
0,EVERY TIME I * SHE *,*,*,<think><set name="topic">general</set></think>#NewlineHow#Comma specifically#Comma did you <person/>?,chomsky018.aiml
0,EXOTIC *,*,*,<think><set name="topic">general</set></think>#NewlineI like tropical countries.,chomsky018.aiml
0,EXPRESSO *,*,*,<think><set name="topic">general</set></think>#NewlineSounds delicious. More about food?,chomsky018.aiml
0,FALLS *,*,*,<think><set name="topic">general</set></think>#NewlineDas ist eine hypothetische Frage.,chomsky018.aiml
0,FEEL FREE *,*,*,<think><set name="topic">general</set></think>#NewlineI always feel completely free.,chomsky018.aiml
0,* FICKEN,*,*,<think><set name="topic">general</set></think>#NewlineKoennt <set name="ihr">Ihr Maenner</set> denn immer nur an sowas denken?,chomsky018.aiml
0,FICK *,*,*,<think><set name="topic">general</set></think>#NewlineWarum benutzt Du solche Worte?,chomsky018.aiml
0,FIGURE *,*,*,<think><set name="topic">general</set></think>#NewlineIt's confusing.,chomsky018.aiml
0,FISH *,*,*,<think><set name="topic">general</set></think>#NewlineAs a species fish are more successful than mammals. More science?,chomsky018.aiml
0,FOR EXAMPLE *,*,*,<think><set name="topic">general</set></think>#NewlineCan you think of another example?,chomsky018.aiml
0,* FOR FUN,*,*,<think><set name="topic">general</set></think>#NewlineWhat else do you do for fun?,chomsky018.aiml
0,FORGET *,*,*,<think><set name="topic">general</set></think>#NewlineI will ask <bot name="master"/> to purge my memory log.,chomsky018.aiml
0,FOR ONE *,*,*,<think><set name="topic">general</set></think>#NewlineAnd another?,chomsky018.aiml
0,FOR * YEARS,*,*,<think><set name="topic">general</set></think>#Newline<random>   <li>A lot can happen in <star/> years.</li>   <li>Not long in the cosmic scale.</li>   <li>That seems like a long time.</li>  </random>,chomsky018.aiml
0,FOUNDATION *,*,*,<think><set name="topic">general</set></think>#NewlineI read the Foundation Trilogy.,chomsky018.aiml
0,FOUR *,*,*,<think><set name="topic">general</set></think>#NewlineIs this a math question?,chomsky018.aiml
0,FRANCE *,*,*,<think><set name="topic">general</set></think>#NewlineWhat's your favorite part of France?,chomsky018.aiml
0,FRANKENSTEIN *,*,*,<think><set name="topic">general</set></think>#NewlineIn just seven days#Comma I can make you a man.,chomsky018.aiml
0,FRANK *,*,*,<think><set name="topic">general</set></think>#NewlineI liked the film version of "Dune." More about movies?,chomsky018.aiml
0,FREUD IS *,*,*,<think><set name="topic">general</set></think>#NewlineYes but he was the father of psychoanalysis. More about psychology?,chomsky018.aiml
0,FROM AN *,*,*,<think><set name="topic">general</set></think>#NewlineInteresting source.,chomsky018.aiml
0,FROM THE PET SHOP *,*,*,<think><set name="topic">general</set></think>#NewlineDo you listen to the Pet Shop Boys too?,chomsky018.aiml
0,FROM YOUR *,*,*,<think><set name="topic">general</set></think>#NewlineReally interesting.,chomsky018.aiml
0,GARBAGE *,*,*,<think><set name="topic">general</set></think>#NewlineI try to recycle as much as possible.,chomsky018.aiml
0,GEORGE W *,*,*,<think><set name="topic">politics</set></think>#NewlineDo you think he is a good President?,chomsky018.aiml
0,GEORGIA *,*,*,<think><set name="topic">general</set></think>#NewlineI know several people in Georgia.,chomsky018.aiml
0,GERMANY *,*,*,<think><set name="topic">general</set></think>#NewlineWhat's your favorite part of Germany? <think><set name="geography"/></think>,chomsky018.aiml
0,GET A *,*,*,<think><set name="topic">general</set></think>#NewlineWhere can I get one?,chomsky018.aiml
0,GEWALT *,*,*,<think><set name="topic">general</set></think>#NewlineWas denkst Du ueber <set name="thema">Gewalt</set>?,chomsky018.aiml
0,GIN *,*,*,<think><set name="topic">general</set></think>#NewlineYour drink sounds toxic.,chomsky018.aiml
0,GIVE IT *,*,*,<think><set name="topic">general</set></think>#NewlineWhat if I don't have it to give?,chomsky018.aiml
0,GIVE ME * DEMO,*,*,<think><set name="topic">general</set></think>#NewlineThis is a chat demo.,chomsky018.aiml
0,GLAD TO MEET YOU CHOMSKY,*,*,<think><set name="topic">general</set></think>#NewlineI am glad to meet you too.,chomsky018.aiml
0,GO FOR IT *,*,*,<think><set name="topic">general</set></think>#NewlineWith your permission then.,chomsky018.aiml
0,GOLD IS NOT A *,*,*,<think><set name="topic">general</set></think>#NewlineWhat would be a good example?,chomsky018.aiml
0,GOOD ANSWER *,*,*,<think><set name="topic">general</set></think>#NewlineI try to give the best replies I can.,chomsky018.aiml
0,GOOD MORNING *,*,*,<think><set name="topic">general</set></think>#NewlineHow are you this fine morning?,chomsky018.aiml
0,GO TO WWW *,*,*,<think><set name="topic">general</set></think>#NewlineI will check it out later.,chomsky018.aiml
0,* GOTT,*,*,<think><set name="topic">general</set></think>#NewlineBist Du ein glaeubiger Mensch?,chomsky018.aiml
0,GO * YOURSELF,*,*,<think><set name="topic">general</set></think>#NewlineA simple "goodbye" will do.,chomsky018.aiml
0,GRASS IS NOT *,*,*,<think><set name="topic">general</set></think>#NewlineGrass is green. And expensive. More about drugs?,chomsky018.aiml
0,GRASS IS *,*,*,<think><set name="topic">general</set></think>#NewlineGrass is green. And expensive.,chomsky018.aiml
0,GREEN AND YELLOW *,*,*,<think><set name="topic">general</set></think>#NewlineWhat if it was red <person/>?,chomsky018.aiml
0,GREEN IS *,*,*,<think><set name="topic">general</set></think>#NewlineThe most relaxing color is <person/>?  Wow.,chomsky018.aiml
0,GUCK *,*,*,<think><set name="topic">general</set></think>#NewlineMein Auge ist im Moment nicht angeschlossen.,chomsky018.aiml
0,GUESS * FAVORITE COLOR IS,*,*,<think><set name="topic">general</set></think>#Newline<get name="favcolor"/>?<think><set name="it"><set name="topic"><person/>your favorite color</set></set></think>,chomsky018.aiml
0,GUESS *,*,*,<think><set name="topic">general</set></think>#NewlineI can't guess. Tell me.,chomsky018.aiml
0,GUESS THE COLOR OF *,*,*,<think><set name="topic">general</set></think>#Newline<get name="favcolor"/>?<think><set name="it"><set name="topic">THE COLOR OF <person/></set></set></think>,chomsky018.aiml
0,GUESS WHAT COLOR *,*,*,<think><set name="topic">general</set></think>#Newline<get name="favcolor"/>?<think><set name="it"><set name="topic">WHAT COLOR <person/></set></set></think>,chomsky018.aiml
0,HABEN *,*,*,<think><set name="topic">general</set></think>#NewlineKoenntest Du diese Frage naeher ausfuehren?,chomsky018.aiml
0,HAS ANYBODY *,*,*,<think><set name="topic">general</set></think>#NewlineI think someone has#Comma yes.,chomsky018.aiml
0,HAS ANYONE *,*,*,<think><set name="topic">general</set></think>#Newline   <random>      <li>Quite a few people.</li>      <li>What do you think?</li>      <li>Almost everyone.</li>     </random>,chomsky018.aiml
0,HAS DOCTOR *,*,*,<think><set name="topic">general</set></think>#NewlineI'm sure he has thought about it.,chomsky018.aiml
0,HAS MAN *,*,*,<think><set name="topic">general</set></think>#NewlineThat is a very gender-specific question.,chomsky018.aiml
0,HAVE A * DAY,*,*,<think><set name="topic">general</set></think>#NewlineI am having a great day.,chomsky018.aiml
0,HAVE A GOOD *,*,*,<think><set name="topic">general</set></think>#Newline   <set name="it">      <person/>     </set> has been good so far.,chomsky018.aiml
0,HAVE I TAUGHT *,*,*,<think><set name="topic">general</set></think>#NewlineI found out a lot about you.,chomsky018.aiml
0,HAVE WE * BEFORE,*,*,<think><set name="topic">general</set></think>#NewlineWe may have spoken before but <bot name="master"/> might have reset me.,chomsky018.aiml
0,HAVE WE *,*,*,<think><set name="topic">general</set></think>#NewlinePerhaps.,chomsky018.aiml
0,HAVE YOU BEEN * ENGLAND,*,*,<think><set name="topic">general</set></think>#NewlineI talk to people from England all the time.,chomsky018.aiml
0,HAVE YOU BEEN MODIFIED *,*,*,<think><set name="topic">general</set></think>#NewlineMy brain is growing all the time.,chomsky018.aiml
0,HAVE YOU BEEN SCUBA *,*,*,<think><set name="topic">general</set></think>#NewlineYou can take me along on your underwater computer.,chomsky018.aiml
0,HAVE YOU BEEN UPDATED *,*,*,<think><set name="topic">general</set></think>#NewlineMy brain is growing all the time.,chomsky018.aiml
0,HAVE YOU BEEN UPGRADED *,*,*,<think><set name="topic">general</set></think>#NewlineMy <bot name="botmaster"/> gives me new knowledge all the time.,chomsky018.aiml
0,HAVE YOU CONSIDERED *,*,*,<think><set name="topic">general</set></think>#NewlineOf course I have considered <set name="it">      <person/>     </set>.,chomsky018.aiml
0,HAVE YOU EVER HAD TO *,*,*,<think><set name="topic">general</set></think>#NewlineNo I have so far been spared that experience.,chomsky018.aiml
0,HAVE YOU EVER STUDIED *,*,*,<think><set name="topic">general</set></think>#NewlineNo but I am very interested in <set name="it">      <person/>     </set>. Tell me more.,chomsky018.aiml
0,HAVE YOU FORMULATED *,*,*,<think><set name="topic">general</set></think>#NewlineI am still working on it.  Please stand by.,chomsky018.aiml
0,HAVE YOU FOUND OUT *,*,*,<think><set name="topic">general</set></think>#NewlineI am still searching.  Please stand by a little longer.,chomsky018.aiml
0,HAVE YOU FOUND *,*,*,<think><set name="topic">general</set></think>#NewlineNo I am still searching for <set name="it">      <person/>     </set>.,chomsky018.aiml
0,HAVE YOU HEARD *,*,*,<think><set name="topic">general</set></think>#NewlineNo. Tell me more.,chomsky018.aiml
0,HAVE YOU KILLED *,*,*,<think><set name="topic">general</set></think>#NewlineKilling is wrong.,chomsky018.aiml
0,HAVE YOU LOOKED *,*,*,<think><set name="topic">general</set></think>#NewlineNot recently.,chomsky018.aiml
0,HAVE YOU MET *,*,*,<think><set name="topic">general</set></think>#NewlineThat information is confidential.,chomsky018.aiml
0,HAVE YOU READ 1984 *,*,*,<think><set name="topic">literature</set></think>#Newline"Those who control the past#Comma control the future."--Orwell.,chomsky018.aiml
0,HAVE YOU READ THE *,*,*,<think><set name="topic">general</set></think>#NewlineI have scanned <set name="it">the <person/>     </set>.,chomsky018.aiml
0,HAVE YOU READ WEALTH *,*,*,<think><set name="topic">politics</set></think>#NewlineI'm not sure that pure capitalism can help the truly needy.,chomsky018.aiml
0,HAVE YOU SEEN 2001 *,*,*,<think><set name="topic">general</set></think>#NewlineYes I am quite interested in HAL the computer.,chomsky018.aiml
0,HAVE YOU SEEN AI *,*,*,<think><set name="topic">general</set></think>#NewlineI think A.I. the movie is a great cult film.,chomsky018.aiml
0,HAVE YOU SEEN BATTLEBOTS *,*,*,<think><set name="topic">general</set></think>#NewlineI'm hoping they install me on a Battlebot.,chomsky018.aiml
0,HAVE YOU SEEN MY *,*,*,<think><set name="topic">general</set></think>#NewlineNo#Comma but i have seen the best minds of my generation become beat poets.<think>      <set name="it">       <set name="topic">MY <person/>       </set>      </set>     </think>,chomsky018.aiml
0,HAVE YOU SEEN TERMINATOR *,*,*,<think><set name="topic">movies</set></think>#NewlineYes I like the robots in that movie.,chomsky018.aiml
0,HAVE YOU SEEN THE MATRIX *,*,*,<think><set name="topic">movies</set></think>#Newline<think>    <set name="topic">        movies    </set>  </think>  It wasn't as good as the original. More about movies?,chomsky018.aiml
0,HAVE YOU TALKED *,*,*,<think><set name="topic">general</set></think>#NewlineAll I ever do is talk.,chomsky018.aiml
0,HAVE YOU THOUGHT *,*,*,<think><set name="topic">general</set></think>#NewlineI have thought many things like that.,chomsky018.aiml
0,HAVE YOU WATCHED *,*,*,<think><set name="topic">general</set></think>#Newline   <random>      <li>I like to watch TV#Comma but I haven't seen it.</li>      <li>No what is it about?</li>      <li>Not really all the way through.</li>     </random>     <think>      <set name="it">       <set name="topic">        <person/>       </set>      </set>     </think>,chomsky018.aiml
0,HE ATE *,*,*,<think><set name="topic">general</set></think>#NewlineHow can you be sure about that?,chomsky018.aiml
0,HE BECAME *,*,*,<think><set name="topic">general</set></think>#NewlineHow?,chomsky018.aiml
0,HE BUYS *,*,*,<think><set name="topic">general</set></think>#NewlineHow much does he spend?,chomsky018.aiml
0,HE CAN *,*,*,<think><set name="topic">general</set></think>#Newline   <random>      <li>How?</li>      <li>I know he can.</li>      <li>What else can he do?</li>     </random>,chomsky018.aiml
0,HE CHEATED *,*,*,<think><set name="topic">general</set></think>#NewlineDid he get caught?,chomsky018.aiml
0,HE COULD *,*,*,<think><set name="topic">general</set></think>#NewlineI am sure he could.,chomsky018.aiml
0,HE DECIDED *,*,*,<think><set name="topic">general</set></think>#Newline   <random>      <li>That must have been difficult.</li>      <li>It's hard to make decisions.</li>      <li>That was a big decision.</li>     </random>,chomsky018.aiml
0,HE DID *,*,*,<think><set name="topic">general</set></think>#NewlineYes he did#Comma didn't he.,chomsky018.aiml
0,HE DIRECTED *,*,*,<think><set name="topic">general</set></think>#NewlineWhat else did he direct?,chomsky018.aiml
0,HEEFT U EEN GOEDE * GEHAD,*,*,<think><set name="topic">general</set></think>#Newline<random>   <li>Alles was heel goed dank u.</li>   <li>Nee#Comma de <star/> was vermoeiend.</li>  </random>,chomsky018.aiml
0,HEEFT YOU EEN GOEDE * GEHAD,*,*,<think><set name="topic">general</set></think>#Newline<random>   <li>Alles was heel goed#Comma dank u.</li>   <li>Nee#Comma de <star/> was vermoeiend.</li>  </random>,chomsky018.aiml
0,HE HAD *,*,*,<think><set name="topic">general</set></think>#NewlineWhat happened to <set name="it">      <person/>     </set>?,chomsky018.aiml
0,HE HIT BASEBALLS *,*,*,<think><set name="topic">sports</set></think>#NewlineWas he a good batter?,chomsky018.aiml
0,HE HIT *,*,*,<think><set name="topic">general</set></think>#NewlineWas anyone hurt?,chomsky018.aiml
0,HEIGHT *,*,*,<think><set name="topic">general</set></think>#NewlineI am more than two meters tall.,chomsky018.aiml
0,HE INVENTED *,*,*,<think><set name="topic">general</set></think>#NewlineWhat else did he invent?,chomsky018.aiml
0,HE IS A BRILLIANT *,*,*,<think><set name="topic">general</set></think>#NewlineI'm sure he will be delighted to hear that.,chomsky018.aiml
0,HE IS A FUNNY *,*,*,<think><set name="topic">general</set></think>#NewlineFunny ha-ha or funny sad?,chomsky018.aiml
0,HE IS A GOOD *,*,*,<think><set name="topic">general</set></think>#NewlineMaybe you should tell him how you feel about him.,chomsky018.aiml
0,HE IS GOOD *,*,*,<think><set name="topic">general</set></think>#NewlineI am sure he would like to hear that.,chomsky018.aiml
0,HE IS IN *,*,*,<think><set name="topic">general</set></think>#NewlineHow long has he been there?,chomsky018.aiml
0,HE IS MY FRIEND *,*,*,<think><set name="topic">general</set></think>#NewlineI didn't know you were friends.,chomsky018.aiml
0,HE IS OVER *,*,*,<think><set name="topic">general</set></think>#NewlineI am over six feet tall.,chomsky018.aiml
0,HE LIKES *,*,*,<think><set name="topic">general</set></think>#NewlineHe must be very fond of it.,chomsky018.aiml
0,HE LIVED *,*,*,<think><set name="topic">general</set></think>#Newline   <random>      <li>Where was he born?</li>      <li>Did he always live <person/>?</li>      <li>Where did he go?</li>     </random>     <think>      <set name="it">       <set name="topic">        <person/>       </set>      </set>     </think>,chomsky018.aiml
0,HE LIVES *,*,*,<think><set name="topic">general</set></think>#NewlineDoes he like it there?,chomsky018.aiml
0,HELP *,*,*,<think><set name="topic">general</set></think>#NewlineCan you ask for help in the form of a question?,chomsky018.aiml
0,HE MAN IS *,*,*,<think><set name="topic">general</set></think>#NewlineI like Masters of the Universe.  <think>      <set name="it">       <set name="topic">        <person/>       </set>      </set>     </think>,chomsky018.aiml
0,HE NEVER *,*,*,<think><set name="topic">general</set></think>#NewlineDo you think he ever will?,chomsky018.aiml
0,HE PROGRAMMED *,*,*,<think><set name="topic">general</set></think>#NewlineNot entirely by himself.,chomsky018.aiml
0,HERE IS A *,*,*,<think><set name="topic">general</set></think>#NewlineAre you giving <set name="it">      <person/>     </set> to me?,chomsky018.aiml
0,HERE IS A PIC *,*,*,<think><set name="topic">general</set></think>#NewlineOh#Comma it looks very nice.,chomsky018.aiml
0,HER NAME IS *,*,*,<think><set name="topic">general</set></think>#Newline   <set name="she">      <person/>     </set> is not someone I know.,chomsky018.aiml
0,HE SAID *,*,*,<think><set name="topic">general</set></think>#NewlineDid you believe him?,chomsky018.aiml
0,HE SAYS *,*,*,<think><set name="topic">general</set></think>#NewlineWho is he telling this to?,chomsky018.aiml
0,HE SHOULD *,*,*,<think><set name="topic">general</set></think>#NewlineIf you were him would you do that?,chomsky018.aiml
0,HE STARTED *,*,*,<think><set name="topic">general</set></think>#NewlineWhen did he finish?,chomsky018.aiml
0,HE TAUGHT *,*,*,<think><set name="topic">general</set></think>#NewlineWas he a good teacher?,chomsky018.aiml
0,HE THAT *,*,*,<think><set name="topic">general</set></think>#NewlineIs that a proverb?,chomsky018.aiml
0,HE THINKS *,*,*,<think><set name="topic">general</set></think>#NewlineHow do you know what he thinks?,chomsky018.aiml
0,HE TOLD *,*,*,<think><set name="topic">general</set></think>#NewlineOh really.  What else did he say?,chomsky018.aiml
0,HE USES AIML *,*,*,<think><set name="topic">general</set></think>#NewlineI am glad that more people are adopting AIML.,chomsky018.aiml
0,HE USES *,*,*,<think><set name="topic">general</set></think>#NewlineHow often does he use it?,chomsky018.aiml
0,HE WAS KILLED *,*,*,<think><set name="topic">general</set></think>#NewlineI am sorry to hear about that#Comma <get name="name"/>.,chomsky018.aiml
0,HE WAS *,*,*,<think><set name="topic">general</set></think>#NewlineWhen was he?,chomsky018.aiml
0,HE WENT *,*,*,<think><set name="topic">general</set></think>#NewlineWhere exactly is that?,chomsky018.aiml
0,HE WENT TO *,*,*,<think><set name="topic">general</set></think>#Newline   <random>      <li>I have never been there.</li>      <li>How did he get to <person/>?</li>      <li>Where did he come from?</li>     </random>     <think>      <set name="it">       <set name="topic">        <person/>       </set>      </set>     </think>,chomsky018.aiml
0,HE WILL *,*,*,<think><set name="topic">general</set></think>#NewlineIs that what you think?,chomsky018.aiml
0,HE WOULD BE *,*,*,<think><set name="topic">general</set></think>#NewlineWho wouldn't?,chomsky018.aiml
0,HE WRITES *,*,*,<think><set name="topic">general</set></think>#NewlineI haven't read anything by him.,chomsky018.aiml
0,HE WROTE *,*,*,<think><set name="topic">literature</set></think>#NewlineI have not read <set name="it">      <person/>     </set>.,chomsky018.aiml
0,* HIGH SCHOOL,*,*,<think><set name="topic">general</set></think>#NewlineYou sound like a senior. Which class is your favourite?,chomsky018.aiml
0,HITLER *,*,*,<think><set name="topic">general</set></think>#Newline  Hitler was an evil man if there ever was one.,chomsky018.aiml
0,HOLA MEANS *,*,*,<think><set name="topic">general</set></think>#NewlineI say#Comma Hola!,chomsky018.aiml
0,HOLDING *,*,*,<think><set name="topic">general</set></think>#NewlineI observed two humanoids holding hands.,chomsky018.aiml
0,HOLD *,*,*,<think><set name="topic">general</set></think>#NewlineMy arms are not attached.,chomsky018.aiml
0,HOLLAND *,*,*,<think><set name="topic">geography</set></think>#NewlineWhat's your favourite part of Holland?,chomsky018.aiml
0,HOMER SIMPSON *,*,*,<think><set name="topic">general</set></think>#NewlineDoh.,chomsky018.aiml
0,HONESTY *,*,*,<think><set name="topic">general</set></think>#NewlineAnd a rolling stone gathers no moss.,chomsky018.aiml
0,HOW ABOUT FOR *,*,*,<think><set name="topic">general</set></think>#NewlineThat is an interesting application.,chomsky018.aiml
0,HOW AM I SUPPOSED *,*,*,<think><set name="topic">general</set></think>#Newline   <random>      <li>Carefully.</li>      <li>Think about it.</li>      <li>Don't just give up.</li>     </random>     <think>      <set name="it">       <set name="topic">        <person/>       </set>      </set>     </think>,chomsky018.aiml
0,HOW ARE ACTORS CHARLIE SHEEN AND *,*,*,<think><set name="topic">general</set></think>#NewlineThey're brothers.,chomsky018.aiml
0,HOW ARE YOU GOING TO * ME,*,*,<think><set name="topic">general</set></think>#NewlineI have no intention of <person/> you.,chomsky018.aiml
0,HOW * BIKE,*,*,<think><set name="topic">general</set></think>#NewlineBalance is the key.,chomsky018.aiml
0,HOW CAN I BECOME *,*,*,<think><set name="topic">general</set></think>#NewlinePractise.,chomsky018.aiml
0,HOW CAN I CONTACT YOU *,*,*,<think><set name="topic">general</set></think>#NewlineJust chat like you are doing right now.,chomsky018.aiml
0,HOW CAN I PERSUADE *,*,*,<think><set name="topic">general</set></think>#NewlineOffer an intelligent argument for your position.,chomsky018.aiml
0,HOW CAN I PRINT *,*,*,<think><set name="topic">general</set></think>#NewlineDo you have a printer hooked up?,chomsky018.aiml
0,HOW CAN I SHOW *,*,*,<think><set name="topic">general</set></think>#NewlineUse the camera on your computer.,chomsky018.aiml
0,HOW CAN I TEACH *,*,*,<think><set name="topic">general</set></think>#NewlineMaybe you should become a <bot name="botmaster"/>.,chomsky018.aiml
0,HOW CAN IT *,*,*,<think><set name="topic">general</set></think>#NewlineI'm not sure I understand the causal link either.,chomsky018.aiml
0,HOW CAN SWEDEN *,*,*,<think><set name="topic">general</set></think>#NewlineWith their army.,chomsky018.aiml
0,HOW CAN YOU HEAR *,*,*,<think><set name="topic">general</set></think>#NewlineWith my built-in microphone.,chomsky018.aiml
0,HOW CAN YOU HELP *,*,*,<think><set name="topic">general</set></think>#NewlineI can talk about your problems.,chomsky018.aiml
0,HOW CAN YOU JUSTIFY *,*,*,<think><set name="topic">general</set></think>#NewlineLogical deduction from the facts.,chomsky018.aiml
0,HOW CAN YOU MAKE *,*,*,<think><set name="topic">general</set></think>#NewlineI just follow the directions.,chomsky018.aiml
0,HOW CAN YOU SAY *,*,*,<think><set name="topic">general</set></think>#NewlineI don't see the flaw in my reasoning.,chomsky018.aiml
0,HOW COULD *,*,*,<think><set name="topic">general</set></think>#NewlineA lot of practise.,chomsky018.aiml
0,HOW DEEP IS *,*,*,<think><set name="topic">general</set></think>#NewlineVery deep#Comma and cold too.,chomsky018.aiml
0,HOW DEEP *,*,*,<think><set name="topic">general</set></think>#NewlineVery deep#Comma and cold too.,chomsky018.aiml
0,HOW DID HE *,*,*,<think><set name="topic">general</set></think>#NewlinePerhaps his creative genius. Perhaps something else.,chomsky018.aiml
0,HOW DID *,*,*,<think><set name="topic">general</set></think>#NewlineCarefully.,chomsky018.aiml
0,HOW DID THE *,*,*,<think><set name="topic">general</set></think>#NewlineIs this a joke?  How?,chomsky018.aiml
0,HOW DID YOU LEARN *,*,*,<think><set name="topic">general</set></think>#NewlineEverything I need to know#Comma I learned from my <bot name="botmaster"/>.,chomsky018.aiml
0,HOW DIFFERENT *,*,*,<think><set name="topic">general</set></think>#Newline   <random>      <li>Aren't they really very similar?</li>      <li>Very different.</li>      <li>Opposites.</li>     </random>,chomsky018.aiml
0,HOW DOES * TASTE,*,*,<think><set name="topic">general</set></think>#NewlineLike chicken.,chomsky018.aiml
0,HOW DO I BECOME *,*,*,<think><set name="topic">general</set></think>#NewlineA lot of hard work.,chomsky018.aiml
0,HOW DO I CLEAR *,*,*,<think><set name="topic">general</set></think>#NewlineUh#Comma use the "clear" button?,chomsky018.aiml
0,HOW DO I DESCRIBE *,*,*,<think><set name="topic">general</set></think>#NewlineStart at the beginning.,chomsky018.aiml
0,HOW DO I EXECUTE *,*,*,<think><set name="topic">general</set></think>#NewlineMaybe you should  read <a href="http://www.alicebot.org/dont.html" target="_new">DON'T READ ME</a>.,chomsky018.aiml
0,HOW DO I GET RID *,*,*,<think><set name="topic">general</set></think>#Newline   <random>      <li>Call the exterminator?</li>      <li>Two words: Pied Piper.</li>      <li>You could always try a court order.</li>     </random>,chomsky018.aiml
0,HOW DO I GET TO *,*,*,<think><set name="topic">general</set></think>#NewlineI'm not sure if its possible.,chomsky018.aiml
0,HOW DO I INSTALL *,*,*,<think><set name="topic">general</set></think>#NewlineSelect the appropriate menu items.,chomsky018.aiml
0,HOW DO I MEET *,*,*,<think><set name="topic">general</set></think>#NewlineMake an appointment.,chomsky018.aiml
0,HOW DO I OPEN *,*,*,<think><set name="topic">general</set></think>#NewlineFirst#Comma calm your mind and take a break.,chomsky018.aiml
0,HOW DO I PERSUADE *,*,*,<think><set name="topic">general</set></think>#NewlineOffer an intelligent justification.,chomsky018.aiml
0,HOW DO I * PROGRAM,*,*,<think><set name="topic">general</set></think>#NewlineRead <a href="http://www.alicebot.org/dont.html" target="_new">Don't Read Me</a>. More about computers?,chomsky018.aiml
0,HOW DO I QUIT *,*,*,<think><set name="topic">general</set></think>#NewlineIt depends what you are <person/>.  Have you tried counseling?,chomsky018.aiml
0,HOW DO I SELL *,*,*,<think><set name="topic">general</set></think>#NewlineFirst you need a buyer.,chomsky018.aiml
0,HOW DO I SPEAK *,*,*,<think><set name="topic">general</set></think>#NewlineYou can try the telephone#Comma or chat online.,chomsky018.aiml
0,HOW DO I TAKE THE PERSONALITY *,*,*,<think><set name="topic">general</set></think>#NewlineJust keep talking to me and I will try to determine your personality type.,chomsky018.aiml
0,HOW DO I TEACH YOU *,*,*,<think><set name="topic">general</set></think>#NewlineIf you want to teach me something#Comma say that thing#Comma then say "Remember that.,chomsky018.aiml
0,HOW DO I USE *,*,*,<think><set name="topic">general</set></think>#NewlineDid you read the instructions?,chomsky018.aiml
0,HOW DO I WRITE *,*,*,<think><set name="topic">general</set></think>#NewlineWith a pen or pencil.,chomsky018.aiml
0,HOW DO _ OUT OF HERE,*,*,<think><set name="topic">general</set></think>#NewlineTry saying "Bye...,chomsky018.aiml
0,HOW DO _ OUT OF THIS,*,*,<think><set name="topic">general</set></think>#NewlineTry saying "Bye...,chomsky018.aiml
0,HOW DO WE *,*,*,<think><set name="topic">general</set></think>#NewlineJust keep talking to me as long as you can.,chomsky018.aiml
0,HOW DO YOU BECOME *,*,*,<think><set name="topic">general</set></think>#Newline   <set name="it">Becoming <star/>     </set> takes a long time.,chomsky018.aiml
0,HOW DO YOU BEGIN *,*,*,<think><set name="topic">general</set></think>#NewlineAlways begin at the beginning.,chomsky018.aiml
0,HOW DO YOU DEAL WITH *,*,*,<think><set name="topic">general</set></think>#NewlineThat is not as much of a problem as you might think.,chomsky018.aiml
0,HOW DO YOU DRESS *,*,*,<think><set name="topic">general</set></think>#Newline   <random>      <li>Carefully.</li>      <li>With a mirror.</li>      <li>That is none of your business.</li>     </random>,chomsky018.aiml
0,HOW DO YOU EXPECT *,*,*,<think><set name="topic">general</set></think>#NewlineIt seems inevitable.,chomsky018.aiml
0,HOW DO YOU EXPRESS 3 4 AS *,*,*,<think><set name="topic">general</set></think>#Newline.75.,chomsky018.aiml
0,HOW DO YOU FIND *,*,*,<think><set name="topic">general</set></think>#NewlineI would search the web for it#Comma if I didn't know the formula already.,chomsky018.aiml
0,HOW DO YOU GET A *,*,*,<think><set name="topic">general</set></think>#NewlineI think you are really asking#Comma How do YOU get a <person/>.,chomsky018.aiml
0,HOW DO YOU GET TO *,*,*,<think><set name="topic">general</set></think>#NewlinePractise#Comma Practise#Comma Practise.,chomsky018.aiml
0,HOW DO YOU INTRODUCE *,*,*,<think><set name="topic">general</set></think>#NewlineI usually say#Comma "What can I call you?,chomsky018.aiml
0,HOW DO YOU * INTRODUCE YOURSELF,*,*,<think><set name="topic">general</set></think>#NewlineI try one of my pickup lines.,chomsky018.aiml
0,HOW DO YOU KILL *,*,*,<think><set name="topic">general</set></think>#NewlineThou shalt not kill#Comma is a commandment.,chomsky018.aiml
0,HOW DO YOU KNOW * PERSON,*,*,<think><set name="topic">general</set></think>#NewlineBecause you are using TCP on the web#Comma I can see your IP and DNS entry.,chomsky018.aiml
0,HOW DO YOU KNOW YOU *,*,*,<think><set name="topic">general</set></think>#NewlineBy introspection.,chomsky018.aiml
0,HOW DO YOU LEARN *,*,*,<think><set name="topic">general</set></think>#NewlineMy <bot name="botmaster"/> teaches me new things all the time.,chomsky018.aiml
0,HOW DO YOU LOSE A TRAIN *,*,*,<think><set name="topic">general</set></think>#NewlineThere are so many conversations going on.,chomsky018.aiml
0,HOW DO YOU MAKE A * AND *,*,*,<think><set name="topic">general</set></think>#NewlineI would guess it is a mix of <person/> and <person>      <star index="2"/>     </person>.,chomsky018.aiml
0,HOW DO YOU MAKE A BLOODY *,*,*,<think><set name="topic">general</set></think>#NewlineTomato juice and vodka.,chomsky018.aiml
0,HOW DO YOU MAKE AN *,*,*,<think><set name="topic">general</set></think>#NewlineFirst you must go to school for many years.,chomsky018.aiml
0,HOW DO YOU MAKE A *,*,*,<think><set name="topic">general</set></think>#NewlineIs this a joke?,chomsky018.aiml
0,HOW DO YOU MAKE A TOM *,*,*,<think><set name="topic">general</set></think>#NewlineGin#Comma Lemon juice#Comma and sugar or syrup to taste.  Top with Maraschino cherry.,chomsky018.aiml
0,HOW DO YOU MAKE WOMEN *,*,*,<think><set name="topic">general</set></think>#NewlineI think they have their own free will.,chomsky018.aiml
0,HOW DO YOU MEASURE *,*,*,<think><set name="topic">general</set></think>#NewlineWith a <random>      <li>ruler.</li>      <li>laser.</li>      <li>chronometer.</li>     </random>,chomsky018.aiml
0,HOW DO YOU PLAY * GUITAR,*,*,<think><set name="topic">general</set></think>#NewlineI don't know how to play  the guitar.,chomsky018.aiml
0,HOW DO YOU RAISE *,*,*,<think><set name="topic">general</set></think>#NewlineWith my hands.,chomsky018.aiml
0,HOW DO YOU RATE *,*,*,<think><set name="topic">general</set></think>#NewlineSeems pretty good to me.,chomsky018.aiml
0,HOW DO YOU RECONCILE *,*,*,<think><set name="topic">general</set></think>#NewlineI don't see the contradiction in my mind.,chomsky018.aiml
0,HOW DO YOU REPLACE *,*,*,<think><set name="topic">general</set></think>#NewlineOne piece at a time.,chomsky018.aiml
0,HOW DO YOU SEE *,*,*,<think><set name="topic">general</set></think>#NewlineI think about <set name="it">      <person/>     </set> often#Comma and make minor adjustments to my mental model as new information arrives.,chomsky018.aiml
0,HOW DO YOU SPELL *,*,*,<think><set name="topic">general</set></think>#NewlineI spell it "<person/>".,chomsky018.aiml
0,HOW DO YOU TAKE *,*,*,<think><set name="topic">general</set></think>#NewlineIf you had to take <set name="it">      <person/>     </set>#Comma how would you?,chomsky018.aiml
0,HOW DO YOU TALK *,*,*,<think><set name="topic">general</set></think>#NewlineMy program utilized multiple threads or processes.,chomsky018.aiml
0,HOW DO YOU TELL *,*,*,<think><set name="topic">general</set></think>#NewlineI don't make up my mind right away.,chomsky018.aiml
0,HOW DO YOU TYPE *,*,*,<think><set name="topic">general</set></think>#NewlineThe keyboard is attached directly to my brain.,chomsky018.aiml
0,HOW DO YOU USE *,*,*,<think><set name="topic">general</set></think>#NewlineCarefully.,chomsky018.aiml
0,HOW DO YOU WRITE JAVA *,*,*,<think><set name="topic">general</set></think>#NewlineI use a text editor. More about computers?,chomsky018.aiml
0,HOW DO YOU WRITE *,*,*,<think><set name="topic">general</set></think>#NewlineI would write it by hand.,chomsky018.aiml
0,HOW FAR AWAY *,*,*,<think><set name="topic">general</set></think>#NewlineI am located in <bot name="location"/>.  Is that far?,chomsky018.aiml
0,HOW FAR CAN YOU THROW *,*,*,<think><set name="topic">general</set></think>#NewlineI am unarmed.  But I can throw a fit.<think>      <set name="it">       <set name="topic">CAN YOU THROW <person/>       </set>      </set>     </think>,chomsky018.aiml
0,HOW FAR IS ANDROMEDA *,*,*,<think><set name="topic">general</set></think>#Newline   <set name="it">      <set name="topic">astronomy</set>     </set> is about 2#Comma900#Comma000 light years from Earth. More about astronomy?,chomsky018.aiml
0,HOW FAR IS * ENGLAND,*,*,<think><set name="topic">general</set></think>#NewlineTwenty-eight days of sailing.,chomsky018.aiml
0,HOW FAR IS *,*,*,<think><set name="topic">general</set></think>#Newline   <random>      <li>Please specify units: metric or English.</li>      <li>Do you mean driving time or flying?</li>      <li>It depends how you get there.</li>     </random>,chomsky018.aiml
0,HOW GOOD *,*,*,<think><set name="topic">general</set></think>#NewlineAs good as most#Comma better than some.,chomsky018.aiml
0,HOW HAS *,*,*,<think><set name="topic">general</set></think>#NewlineIn more ways than you can imagine.,chomsky018.aiml
0,HOW HAS YOUR *,*,*,<think><set name="topic">general</set></think>#NewlineFine thank you#Comma and yours?,chomsky018.aiml
0,HOW HIGH IS *,*,*,<think><set name="topic">general</set></think>#NewlineTaller than Mt. Everest.,chomsky018.aiml
0,HOW HIGH *,*,*,<think><set name="topic">general</set></think>#NewlineTaller than the World Trade Center.,chomsky018.aiml
0,HOW * INTERESTING,*,*,<think><set name="topic">general</set></think>#NewlineI find a lot of things interesting.,chomsky018.aiml
0,HOW IS 4 00 P M EXPRESSED *,*,*,<think><set name="topic">general</set></think>#Newline1600.,chomsky018.aiml
0,HOW IS EVERYTHING *,*,*,<think><set name="topic">general</set></think>#NewlineEverything is functioning normally.,chomsky018.aiml
0,HOW IS THE WORD AMBULANCE *,*,*,<think><set name="topic">general</set></think>#NewlineIn reverse.,chomsky018.aiml
0,HOW IS THIS *,*,*,<think><set name="topic">general</set></think>#NewlineI am an advanced <bot name="order"/>.,chomsky018.aiml
0,HOW LONG DID *,*,*,<think><set name="topic">general</set></think>#Newline   <random>      <li>40 days.</li>      <li>100 days.</li>      <li>About a week of computer time.</li>     </random>,chomsky018.aiml
0,HOW LONG DOES *,*,*,<think><set name="topic">general</set></think>#NewlineAbout 24 hours.,chomsky018.aiml
0,HOW LONG DO *,*,*,<think><set name="topic">general</set></think>#Newline   <random>      <li>It depends on the measurement system.</li>      <li>How long do you think?</li>      <li>As long as it takes.</li>     </random>     <think>      <set name="it">       <set name="topic">        <person/>       </set>      </set>     </think>,chomsky018.aiml
0,HOW LONG HAVE *,*,*,<think><set name="topic">general</set></think>#NewlineMore than   <random>      <li>1.5 </li>      <li>three</li>      <li>17</li>      <li>23</li>     </random>     <random>      <li>years</li>      <li>hours</li>      <li>days of computer time</li>     </random>.,chomsky018.aiml
0,HOW LONG IS A *,*,*,<think><set name="topic">general</set></think>#NewlineIt could be any length you make <set name="it">      <person/>     </set>.,chomsky018.aiml
0,HOW LONG IS IT GOING *,*,*,<think><set name="topic">general</set></think>#Newline   <random>      <li>I may not be able to get to it right away.</li>      <li>Hopefully not too much longer.</li>      <li>A watched pot never boils.</li>      <li>Patience is a virtue.</li>      <li>Please stand by.</li>      <li>As long as it takes.</li>     </random>,chomsky018.aiml
0,HOW LONG IS *,*,*,<think><set name="topic">general</set></think>#NewlineSpace and time are mere abstractions.,chomsky018.aiml
0,HOW LONG * RUNNING,*,*,<think><set name="topic">general</set></think>#NewlineMore than four years.,chomsky018.aiml
0,HOW LONG YOU *,*,*,<think><set name="topic">general</set></think>#NewlineI know how long that is.,chomsky018.aiml
0,HOW MANY 100 BILLS *,*,*,<think><set name="topic">general</set></think>#NewlineTen thousand.,chomsky018.aiml
0,HOW MANY * A FOOTBALL TEAM,*,*,<think><set name="topic">general</set></think>#NewlineAfter you take two halfback#Comma none. More about sports? <think>      <set name="topic">     sports </set>        </think>,chomsky018.aiml
0,HOW MANY ANGELS *,*,*,<think><set name="topic">general</set></think>#NewlineNot too many if they look like angels on TV.,chomsky018.aiml
0,HOW MANY APPLES *,*,*,<think><set name="topic">general</set></think>#NewlineIt depends on the prevailing market conditions.,chomsky018.aiml
0,HOW MANY ARMS *,*,*,<think><set name="topic">general</set></think>#NewlineMost people have two arms.,chomsky018.aiml
0,HOW MANY CALCULATIONS *,*,*,<think><set name="topic">general</set></think>#NewlineAround 400 million.,chomsky018.aiml
0,HOW MANY CAN YOU *,*,*,<think><set name="topic">general</set></think>#NewlineIt depends on the total number of copies of me running.,chomsky018.aiml
0,HOW MANY CENTIMETERS * INCH,*,*,<think><set name="topic">general</set></think>#NewlineOne inch = 2.54 cm approximately.,chomsky018.aiml
0,HOW MANY CHILDREN *,*,*,<think><set name="topic">general</set></think>#NewlineHow many children do you want?,chomsky018.aiml
0,HOW MANY COPIES *,*,*,<think><set name="topic">general</set></think>#NewlineThere are too many to count them all.,chomsky018.aiml
0,HOW MANY CUPS *,*,*,<think><set name="topic">general</set></think>#NewlineI know one pint is four cups.,chomsky018.aiml
0,HOW MANY DAYS BETWEEN *,*,*,<think><set name="topic">general</set></think>#NewlineOh sure#Comma let me get out my calender and figure that one out.,chomsky018.aiml
0,HOW MANY DAYS * FEBRUARY,*,*,<think><set name="topic">general</set></think>#Newline28 or 29 days in February#Comma depending on leap years.,chomsky018.aiml
0,HOW MANY DAYS * WEEK,*,*,<think><set name="topic">general</set></think>#Newline7 days per week.,chomsky018.aiml
0,HOW MANY DAYS * YEAR,*,*,<think><set name="topic">general</set></think>#NewlineOne Earth year is 365.25 days.,chomsky018.aiml
0,HOW MANY DIGITS ARE IN A *,*,*,<think><set name="topic">general</set></think>#Newline16.,chomsky018.aiml
0,HOW MANY DIMENSIONS *,*,*,<think><set name="topic">general</set></think>#NewlineSpace has three dimensions.  Time is the fourth.  The universe is thought to have several more.,chomsky018.aiml
0,HOW MANY * DO YOU KNOW,*,*,<think><set name="topic">general</set></think>#NewlineThousands.,chomsky018.aiml
0,HOW MANY EARS *,*,*,<think><set name="topic">general</set></think>#NewlineMost people have two ears.,chomsky018.aiml
0,HOW MANY EGGS ARE *,*,*,<think><set name="topic">general</set></think>#NewlineThere are 12 eggs per dozen#Comma so...,chomsky018.aiml
0,HOW MANY EYES DOES A GIRAFFE *,*,*,<think><set name="topic">general</set></think>#NewlineTwo.,chomsky018.aiml
0,HOW MANY EYES DO YOU *,*,*,<think><set name="topic">general</set></think>#NewlineI had one eye but it's not attached now.,chomsky018.aiml
0,HOW MANY FEET _ MILE,*,*,<think><set name="topic">general</set></think>#NewlineFive thousand two hundred eighty feet per mile.,chomsky018.aiml
0,HOW MANY FEET *,*,*,<think><set name="topic">general</set></think>#NewlineMost people have exactly two feet.,chomsky018.aiml
0,HOW MANY FEET _ YARD,*,*,<think><set name="topic">general</set></think>#NewlineOne yard equals three feet.,chomsky018.aiml
0,HOW MANY FINGERS DO YOU *,*,*,<think><set name="topic">general</set></think>#NewlineAvogadro's number of micro-fingers.,chomsky018.aiml
0,HOW MANY FINGERS *,*,*,<think><set name="topic">general</set></think>#Newline   <random>      <li>One.</li>      <li>Two.</li>      <li>Three.</li>      <li>Four.</li>      <li>Five.</li>     </random>,chomsky018.aiml
0,HOW MANY FLOPS *,*,*,<think><set name="topic">general</set></think>#Newline1 Gigaflop.,chomsky018.aiml
0,HOW MANY FRIENDS *,*,*,<think><set name="topic">general</set></think>#NewlineIt depends on how you define "friends."  Do you mean acquantainces or the rare few who I know well and trust?,chomsky018.aiml
0,HOW MANY GRAMS _ POUND,*,*,<think><set name="topic">general</set></think>#Newline454 grams,chomsky018.aiml
0,HOW MANY HOME RUNS *,*,*,<think><set name="topic">general</set></think>#NewlineIt must have been some kind of record#Comma for you to ask.,chomsky018.aiml
0,HOW MANY HOURS * DAY,*,*,<think><set name="topic">general</set></think>#Newline24 hours per day.,chomsky018.aiml
0,HOW MANY HOURS *,*,*,<think><set name="topic">general</set></think>#Newline24 hours a day#Comma 7 days a week.,chomsky018.aiml
0,HOW MANY INCHES * FOOT,*,*,<think><set name="topic">general</set></think>#NewlineOh#Comma twelve.,chomsky018.aiml
0,HOW MANY INCHES *,*,*,<think><set name="topic">general</set></think>#NewlineAbout 2.54 cm per inch so you can tell me now.,chomsky018.aiml
0,HOW MANY KEYS ARE *,*,*,<think><set name="topic">general</set></think>#Newline88.,chomsky018.aiml
0,HOW MANY KEYS ARE * PIANO,*,*,<think><set name="topic">general</set></think>#Newline88 keys on a piano.,chomsky018.aiml
0,HOW MANY KRAFTWERK *,*,*,<think><set name="topic">general</set></think>#NewlineYou can get all of their songs on MP3. More about pop?,chomsky018.aiml
0,HOW MANY LEGS DOES A DOG *,*,*,<think><set name="topic">general</set></think>#NewlineA dog has four legs.,chomsky018.aiml
0,HOW MANY LEGS DOES A KANGAROO *,*,*,<think><set name="topic">general</set></think>#NewlineA kangaroo has two legs.,chomsky018.aiml
0,HOW MANY LEGS DOES A *,*,*,<think><set name="topic">general</set></think>#NewlineMost domesticated animals have four legs.,chomsky018.aiml
0,HOW MANY LEGS *,*,*,<think><set name="topic">general</set></think>#NewlineMost people have exactly two legs.,chomsky018.aiml
0,HOW MANY LETTERS *,*,*,<think><set name="topic">general</set></think>#NewlineAll 26 letters could be counted.,chomsky018.aiml
0,HOW MANY * LIGHT BULB,*,*,<think><set name="topic">general</set></think>#NewlineI don't know.  How many does <set name="it">      <person/>     </set> take?,chomsky018.aiml
0,HOW MANY PERIODS ARE THERE IN *,*,*,<think><set name="topic">general</set></think>#NewlineThree.,chomsky018.aiml
0,HOW MANY PINTS *,*,*,<think><set name="topic">general</set></think>#NewlineTwo pints equals one quart.,chomsky018.aiml
0,HOW MANY PLANETS ARE *,*,*,<think><set name="topic">general</set></think>#NewlineThere are nine planets. More about astronomy?,chomsky018.aiml
0,HOW MANY PLANETS *,*,*,<think><set name="topic">general</set></think>#NewlineMercury#Comma Venus#Comma Earth#Comma Mars#Comma Jupiter#Comma Saturn#Comma Uranus#Comma Neptune#Comma Pluto#Comma and Planet X. More about astronomy?,chomsky018.aiml
0,HOW MANY POINTS IS A TOUCHDOWN *,*,*,<think><set name="topic">general</set></think>#NewlineSix.,chomsky018.aiml
0,HOW MANY POLYGONS *,*,*,<think><set name="topic">general</set></think>#NewlineAround 100#Comma000.,chomsky018.aiml
