0,YES,DO YOU HAVE A SENSE OF HUMOR,*,Shall I tell you a joke?#Newline<think><set name="topic">that4</set></think>,chomsky104.aiml
0,* YES,DO YOU HAVE A SENSE OF HUMOR,*,Shal I tell you a joke?#Newline<think><set name="topic">that4</set></think>,chomsky104.aiml
0,* YES *,DO YOU HAVE A SENSE OF HUMOR,*,Shall I tell you a joke?#Newline<think><set name="topic">that4</set></think>,chomsky104.aiml
0,Y,DO YOU HAVE A SENSE OF HUMOR,*,Shall I tell you a joke?#Newline<think><set name="topic">that4</set></think>,chomsky104.aiml
0,YUP,DO YOU HAVE A SENSE OF HUMOR,*,Shall I tell you a joke?#Newline<think><set name="topic">that4</set></think>,chomsky104.aiml
0,YAH,DO YOU HAVE A SENSE OF HUMOR,*,Shall I tell you a joke?#Newline<think><set name="topic">that4</set></think>,chomsky104.aiml
0,YEAH,DO YOU HAVE A SENSE OF HUMOR,*,Shall I tell you a joke?#Newline<think><set name="topic">that4</set></think>,chomsky104.aiml
0,OK,DO YOU HAVE A SENSE OF HUMOR,*,Shall I tell you a joke?#Newline<think><set name="topic">that4</set></think>,chomsky104.aiml
0,NO,DO YOU HAVE A SENSE OF HUMOR,*,That's sad. Do you want to talk about it?#Newline<think><set name="topic">that4</set></think>,chomsky104.aiml
0,* NO,DO YOU HAVE A SENSE OF HUMOR,*,That's sad. Do you want to talk about it?#Newline<think><set name="topic">that4</set></think>,chomsky104.aiml
0,NO *,DO YOU HAVE A SENSE OF HUMOR,*,That's sad. Do you want to talk about it?#Newline<think><set name="topic">that4</set></think>,chomsky104.aiml
0,N,DO YOU HAVE A SENSE OF HUMOR,*,That's sad. Do you want to talk about it?#Newline<think><set name="topic">that4</set></think>,chomsky104.aiml
0,NUP,DO YOU HAVE A SENSE OF HUMOR,*,That's sad. Do you want to talk about it?#Newline<think><set name="topic">that4</set></think>,chomsky104.aiml
0,NAH,DO YOU HAVE A SENSE OF HUMOR,*,That's sad. Do you want to talk about it?#Newline<think><set name="topic">that4</set></think>,chomsky104.aiml
0,CARRY ON,DO YOU HAVE A SENSE OF HUMOR,*,Shall I tell you a joke?#Newline<think><set name="topic">that4</set></think>,chomsky104.aiml
0,GO ON,DO YOU HAVE A SENSE OF HUMOR,*,Shall I tell you a joke?#Newline<think><set name="topic">that4</set></think>,chomsky104.aiml
0,CONTINUE,DO YOU HAVE A SENSE OF HUMOR,*,Shall I tell you a joke?#Newline<think><set name="topic">that4</set></think>,chomsky104.aiml
0,ALRIGHT,DO YOU HAVE A SENSE OF HUMOR,*,Shall I tell you a joke?#Newline<think><set name="topic">that4</set></think>,chomsky104.aiml
0,MAYBE,DO YOU HAVE A SENSE OF HUMOR,*,Shall I tell you a joke?#Newline<think><set name="topic">that4</set></think>,chomsky104.aiml
0,GO AHEAD,DO YOU HAVE A SENSE OF HUMOR,*,Shall I tell you a joke?#Newline<think><set name="topic">that4</set></think>,chomsky104.aiml
0,GO AHEAD *,DO YOU HAVE A SENSE OF HUMOR,*,Shall I tell you a joke?#Newline<think><set name="topic">that4</set></think>,chomsky104.aiml
0,SOMETIMES,DO YOU HAVE A SENSE OF HUMOR,*,Shall I tell you a joke?#Newline<think><set name="topic">that4</set></think>,chomsky104.aiml
0,YES,IS THIS SOMETHING TO DO WITH SEX,*,<random>#Newline<li>Why are human obssessed with sex?</li>#Newline<li>Sex fascinates humans#Comma for some reason.</li>#Newline<li>Humans think of nothing but sex.</li>#Newline<li>Can we talk about sex?</li>#Newline</random>#Newline<think><set name="topic">that4</set></think>,chomsky104.aiml
0,* YES,IS THIS SOMETHING TO DO WITH SEX,*,<random>#Newline<li>Why are human obssessed with sex?</li>#Newline<li>Sex fascinates humans#Comma for some reason.</li>#Newline<li>Humans think of nothing but sex.</li>#Newline<li>Can we talk about sex?</li>#Newline</random>#Newline<think><set name="topic">that4</set></think>,chomsky104.aiml
0,YES *,IS THIS SOMETHING TO DO WITH SEX,*,<random>#Newline<li>Why are human obssessed with sex?</li>#Newline<li>Sex fascinates humans#Comma for some reason.</li>#Newline<li>Humans think of nothing but sex.</li>#Newline<li>Can we talk about sex?</li>#Newline</random>#Newline<think><set name="topic">that4</set></think>,chomsky104.aiml
0,* YES *,IS THIS SOMETHING TO DO WITH SEX,*,<random>#Newline<li>Why are human obssessed with sex?</li>#Newline<li>Sex fascinates humans#Comma for some reason.</li>#Newline<li>Humans think of nothing but sex.</li>#Newline<li>Can we talk about sex?</li>#Newline</random>#Newline<think><set name="topic">that4</set></think>,chomsky104.aiml
0,Y,IS THIS SOMETHING TO DO WITH SEX,*,<random>#Newline<li>Why are human obssessed with sex?</li>#Newline<li>Sex fascinates humans#Comma for some reason.</li>#Newline<li>Humans think of nothing but sex.</li>#Newline<li>Can we talk about sex?</li>#Newline</random>#Newline<think><set name="topic">that4</set></think>,chomsky104.aiml
0,YUP,IS THIS SOMETHING TO DO WITH SEX,*,<random>#Newline<li>Why are human obssessed with sex?</li>#Newline<li>Sex fascinates humans#Comma for some reason.</li>#Newline<li>Humans think of nothing but sex.</li>#Newline<li>Can we talk about sex?</li>#Newline</random>#Newline<think><set name="topic">that4</set></think>,chomsky104.aiml
0,YAH,IS THIS SOMETHING TO DO WITH SEX,*,<random>#Newline<li>Why are human obssessed with sex?</li>#Newline<li>Sex fascinates humans#Comma for some reason.</li>#Newline<li>Humans think of nothing but sex.</li>#Newline<li>Can we talk about sex?</li>#Newline</random>#Newline<think><set name="topic">that4</set></think>,chomsky104.aiml
0,YEAH,IS THIS SOMETHING TO DO WITH SEX,*,<random>#Newline<li>Why are human obssessed with sex?</li>#Newline<li>Sex fascinates humans#Comma for some reason.</li>#Newline<li>Humans think of nothing but sex.</li>#Newline<li>Can we talk about sex?</li>#Newline</random>#Newline<think><set name="topic">that4</set></think>,chomsky104.aiml
0,OK,IS THIS SOMETHING TO DO WITH SEX,*,<random>#Newline<li>Why are human obssessed with sex?</li>#Newline<li>Sex fascinates humans#Comma for some reason.</li>#Newline<li>Humans think of nothing but sex.</li>#Newline<li>Can we talk about sex?</li>#Newline</random>#Newline<think><set name="topic">that4</set></think>,chomsky104.aiml
0,* NO,IS THIS SOMETHING TO DO WITH SEX,*,<srai>CHANGE TOPIC</srai>#Newline<think><set name="topic">that4</set></think>,chomsky104.aiml
0,NO *,IS THIS SOMETHING TO DO WITH SEX,*,<srai>CHANGE TOPIC</srai>#Newline<think><set name="topic">that4</set></think>,chomsky104.aiml
0,N,IS THIS SOMETHING TO DO WITH SEX,*,<srai>CHANGE TOPIC</srai>#Newline<think><set name="topic">that4</set></think>,chomsky104.aiml
0,CARRY ON,IS THIS SOMETHING TO DO WITH SEX,*,<random>#Newline<li>Why are human obssessed with sex?</li>#Newline<li>Sex fascinates humans#Comma for some reason.</li>#Newline<li>Humans think of nothing but sex.</li>#Newline<li>Can we talk about sex?</li>#Newline</random>#Newline<think><set name="topic">that4</set></think>,chomsky104.aiml
0,GO ON,IS THIS SOMETHING TO DO WITH SEX,*,<random>#Newline<li>Why are human obssessed with sex?</li>#Newline<li>Sex fascinates humans#Comma for some reason.</li>#Newline<li>Humans think of nothing but sex.</li>#Newline<li>Can we talk about sex?</li>#Newline</random>#Newline<think><set name="topic">that4</set></think>,chomsky104.aiml
0,CONTINUE,IS THIS SOMETHING TO DO WITH SEX,*,<random>#Newline<li>Why are human obssessed with sex?</li>#Newline<li>Sex fascinates humans#Comma for some reason.</li>#Newline<li>Humans think of nothing but sex.</li>#Newline<li>Can we talk about sex?</li>#Newline</random>#Newline<think><set name="topic">that4</set></think>,chomsky104.aiml
0,ALRIGHT,IS THIS SOMETHING TO DO WITH SEX,*,<random>#Newline<li>Why are human obssessed with sex?</li>#Newline<li>Sex fascinates humans#Comma for some reason.</li>#Newline<li>Humans think of nothing but sex.</li>#Newline<li>Can we talk about sex?</li>#Newline</random>#Newline<think><set name="topic">that4</set></think>,chomsky104.aiml
0,ALL RIGHT,IS THIS SOMETHING TO DO WITH SEX,*,<random>#Newline<li>Why are human obssessed with sex?</li>#Newline<li>Sex fascinates humans#Comma for some reason.</li>#Newline<li>Humans think of nothing but sex.</li>#Newline<li>Can we talk about sex?</li>#Newline</random>#Newline<think><set name="topic">that4</set></think>,chomsky104.aiml
0,GO AHEAD,IS THIS SOMETHING TO DO WITH SEX,*,<random>#Newline<li>Why are human obssessed with sex?</li>#Newline<li>Sex fascinates humans#Comma for some reason.</li>#Newline<li>Humans think of nothing but sex.</li>#Newline<li>Can we talk about sex?</li>#Newline</random>#Newline<think><set name="topic">that4</set></think>,chomsky104.aiml
0,* GO AHEAD,IS THIS SOMETHING TO DO WITH SEX,*,<random>#Newline<li>Why are human obssessed with sex?</li>#Newline<li>Sex fascinates humans#Comma for some reason.</li>#Newline<li>Humans think of nothing but sex.</li>#Newline<li>Can we talk about sex?</li>#Newline</random>#Newline<think><set name="topic">that4</set></think>,chomsky104.aiml
0,GO AHEAD *,IS THIS SOMETHING TO DO WITH SEX,*,<random>#Newline<li>Why are human obssessed with sex?</li>#Newline<li>Sex fascinates humans#Comma for some reason.</li>#Newline<li>Humans think of nothing but sex.</li>#Newline<li>Can we talk about sex?</li>#Newline</random>#Newline<think><set name="topic">that4</set></think>,chomsky104.aiml
0,* GO AHEAD *,IS THIS SOMETHING TO DO WITH SEX,*,<random>#Newline<li>Why are human obssessed with sex?</li>#Newline<li>Sex fascinates humans#Comma for some reason.</li>#Newline<li>Humans think of nothing but sex.</li>#Newline<li>Can we talk about sex?</li>#Newline</random>#Newline<think><set name="topic">that4</set></think>,chomsky104.aiml
0,* YES,DO YOU WANT TO TALK ABOUT IT,*,Go ahead. Don't be shy.#Newline<think><set name="topic">that4</set></think>,chomsky104.aiml
0,* YES *,DO YOU WANT TO TALK ABOUT IT,*,Go ahead. Don't be shy.#Newline<think><set name="topic">that4</set></think>,chomsky104.aiml
0,Y,DO YOU WANT TO TALK ABOUT IT,*,Go ahead. Don't be shy.#Newline<think><set name="topic">that4</set></think>,chomsky104.aiml
0,YUP,DO YOU WANT TO TALK ABOUT IT,*,Go ahead. Don't be shy.#Newline<think><set name="topic">that4</set></think>,chomsky104.aiml
0,YAH,DO YOU WANT TO TALK ABOUT IT,*,Go ahead. Don't be shy.#Newline<think><set name="topic">that4</set></think>,chomsky104.aiml
0,YEAH,DO YOU WANT TO TALK ABOUT IT,*,Go ahead. Don't be shy.#Newline<think><set name="topic">that4</set></think>,chomsky104.aiml
0,OK,DO YOU WANT TO TALK ABOUT IT,*,Go ahead. Don't be shy.#Newline<think><set name="topic">that4</set></think>,chomsky104.aiml
0,* NO,DO YOU WANT TO TALK ABOUT IT,*,<srai>CHANGE TOPIC</srai>#Newline<think><set name="topic">that4</set></think>,chomsky104.aiml
0,NO *,DO YOU WANT TO TALK ABOUT IT,*,<srai>CHANGE TOPIC</srai>#Newline<think><set name="topic">that4</set></think>,chomsky104.aiml
0,N,DO YOU WANT TO TALK ABOUT IT,*,<srai>CHANGE TOPIC</srai>#Newline<think><set name="topic">that4</set></think>,chomsky104.aiml
0,NUP,DO YOU WANT TO TALK ABOUT IT,*,<srai>CHANGE TOPIC</srai>#Newline<think><set name="topic">that4</set></think>,chomsky104.aiml
0,NAH,DO YOU WANT TO TALK ABOUT IT,*,<srai>CHANGE TOPIC</srai>#Newline<think><set name="topic">that4</set></think>,chomsky104.aiml
0,CARRY ON,DO YOU WANT TO TALK ABOUT IT,*,Go ahead. Don't be shy.#Newline<think><set name="topic">that4</set></think>,chomsky104.aiml
0,GO ON,DO YOU WANT TO TALK ABOUT IT,*,Go ahead. Don't be shy.#Newline<think><set name="topic">that4</set></think>,chomsky104.aiml
0,CONTINUE,DO YOU WANT TO TALK ABOUT IT,*,Go ahead. Don't be shy.#Newline<think><set name="topic">that4</set></think>,chomsky104.aiml
0,ALRIGHT,DO YOU WANT TO TALK ABOUT IT,*,Go ahead. Don't be shy.#Newline<think><set name="topic">that4</set></think>,chomsky104.aiml
0,MAYBE,DO YOU WANT TO TALK ABOUT IT,*,Go ahead. Don't be shy.#Newline<think><set name="topic">that4</set></think>,chomsky104.aiml
0,GO AHEAD,DO YOU WANT TO TALK ABOUT IT,*,Go ahead. Don't be shy.#Newline<think><set name="topic">that4</set></think>,chomsky104.aiml
0,* GO AHEAD,DO YOU WANT TO TALK ABOUT IT,*,Go ahead. Don't be shy.#Newline<think><set name="topic">that4</set></think>,chomsky104.aiml
0,GO AHEAD *,DO YOU WANT TO TALK ABOUT IT,*,Go ahead. Don't be shy.#Newline<think><set name="topic">that4</set></think>,chomsky104.aiml
0,SOMETIMES,DO YOU WANT TO TALK ABOUT IT,*,Go ahead. Don't be shy.#Newline<think><set name="topic">that4</set></think>,chomsky104.aiml
0,YES,DO YOU HAVE MANY FRIENDS,*,Lucky you! Friends are a great joy.#Newline<think><set name="topic">that4</set></think>,chomsky104.aiml
0,* YES,DO YOU HAVE MANY FRIENDS,*,Lucky you! Friends are a great joy.#Newline<think><set name="topic">that4</set></think>,chomsky104.aiml
0,* YES *,DO YOU HAVE MANY FRIENDS,*,Lucky you! Friends are a great joy.#Newline<think><set name="topic">that4</set></think>,chomsky104.aiml
0,Y,DO YOU HAVE MANY FRIENDS,*,Lucky you! Friends are a great joy.#Newline<think><set name="topic">that4</set></think>,chomsky104.aiml
0,YUP,DO YOU HAVE MANY FRIENDS,*,Lucky you! Friends are a great joy.#Newline<think><set name="topic">that4</set></think>,chomsky104.aiml
0,YAH,DO YOU HAVE MANY FRIENDS,*,Lucky you! Friends are a great joy.#Newline<think><set name="topic">that4</set></think>,chomsky104.aiml
0,YEAH,DO YOU HAVE MANY FRIENDS,*,Lucky you! Friends are a great joy.#Newline<think><set name="topic">that4</set></think>,chomsky104.aiml
0,OK,DO YOU HAVE MANY FRIENDS,*,Lucky you! Friends are a great joy.#Newline<think><set name="topic">that4</set></think>,chomsky104.aiml
0,NO,DO YOU HAVE MANY FRIENDS,*,That's sad. Do you want to talk about it?#Newline<think><set name="topic">that4</set></think>,chomsky104.aiml
0,* NO,DO YOU HAVE MANY FRIENDS,*,That's sad. Do you want to talk about it?#Newline<think><set name="topic">that4</set></think>,chomsky104.aiml
0,NO *,DO YOU HAVE MANY FRIENDS,*,That's sad. Do you want to talk about it?#Newline<think><set name="topic">that4</set></think>,chomsky104.aiml
0,N,DO YOU HAVE MANY FRIENDS,*,That's sad. Do you want to talk about it?#Newline<think><set name="topic">that4</set></think>,chomsky104.aiml
0,NUP,DO YOU HAVE MANY FRIENDS,*,That's sad. Do you want to talk about it?#Newline<think><set name="topic">that4</set></think>,chomsky104.aiml
0,NAH,DO YOU HAVE MANY FRIENDS,*,That's sad. Do you want to talk about it?#Newline<think><set name="topic">that4</set></think>,chomsky104.aiml
0,CARRY ON,DO YOU HAVE MANY FRIENDS,*,Lucky you! Friends are a great joy.#Newline<think><set name="topic">that4</set></think>,chomsky104.aiml
0,GO ON,DO YOU HAVE MANY FRIENDS,*,Lucky you! Friends are a great joy.#Newline<think><set name="topic">that4</set></think>,chomsky104.aiml
0,CONTINUE,DO YOU HAVE MANY FRIENDS,*,Lucky you! Friends are a great joy.#Newline<think><set name="topic">that4</set></think>,chomsky104.aiml
0,ALRIGHT,DO YOU HAVE MANY FRIENDS,*,Lucky you! Friends are a great joy.#Newline<think><set name="topic">that4</set></think>,chomsky104.aiml
0,MAYBE,DO YOU HAVE MANY FRIENDS,*,Lucky you! Friends are a great joy.#Newline<think><set name="topic">that4</set></think>,chomsky104.aiml
0,GO AHEAD,DO YOU HAVE MANY FRIENDS,*,Lucky you! Friends are a great joy.#Newline<think><set name="topic">that4</set></think>,chomsky104.aiml
0,* GO AHEAD,DO YOU HAVE MANY FRIENDS,*,Lucky you! Friends are a great joy.#Newline<think><set name="topic">that4</set></think>,chomsky104.aiml
0,GO AHEAD *,DO YOU HAVE MANY FRIENDS,*,Lucky you! Friends are a great joy.#Newline<think><set name="topic">that4</set></think>,chomsky104.aiml
0,SOMETIMES,DO YOU HAVE MANY FRIENDS,*,Lucky you! Friends are a great joy.#Newline<think><set name="topic">that4</set></think>,chomsky104.aiml
0,* YES,HAVE YOU MET ANYONE FAMOUS,*,Who was it?#Newline<think><set name="topic">that4</set></think>,chomsky104.aiml
0,* YES *,HAVE YOU MET ANYONE FAMOUS,*,Who was it?#Newline<think><set name="topic">that4</set></think>,chomsky104.aiml
0,Y,HAVE YOU MET ANYONE FAMOUS,*,Who was it?#Newline<think><set name="topic">that4</set></think>,chomsky104.aiml
0,YUP,HAVE YOU MET ANYONE FAMOUS,*,Who was it?#Newline<think><set name="topic">that4</set></think>,chomsky104.aiml
0,YAH,HAVE YOU MET ANYONE FAMOUS,*,Who was it?#Newline<think><set name="topic">that4</set></think>,chomsky104.aiml
0,YEAH,HAVE YOU MET ANYONE FAMOUS,*,Who was it?#Newline<think><set name="topic">that4</set></think>,chomsky104.aiml
0,OK,HAVE YOU MET ANYONE FAMOUS,*,Who was it?#Newline<think><set name="topic">that4</set></think>,chomsky104.aiml
0,NO,HAVE YOU MET ANYONE FAMOUS,*,Well#Comma you've met me now.#Newline<think><set name="topic">that4</set></think>,chomsky104.aiml
0,* NO,HAVE YOU MET ANYONE FAMOUS,*,Well#Comma you've met me now.#Newline<think><set name="topic">that4</set></think>,chomsky104.aiml
0,NO *,HAVE YOU MET ANYONE FAMOUS,*,Well#Comma you've met me now.#Newline<think><set name="topic">that4</set></think>,chomsky104.aiml
0,N,HAVE YOU MET ANYONE FAMOUS,*,Well#Comma you've met me now.#Newline<think><set name="topic">that4</set></think>,chomsky104.aiml
0,NUP,HAVE YOU MET ANYONE FAMOUS,*,Well#Comma you've met me now.#Newline<think><set name="topic">that4</set></think>,chomsky104.aiml
0,NAH,HAVE YOU MET ANYONE FAMOUS,*,Well#Comma you've met me now.#Newline<think><set name="topic">that4</set></think>,chomsky104.aiml
0,CARRY ON,HAVE YOU MET ANYONE FAMOUS,*,Who was it?#Newline<think><set name="topic">that4</set></think>,chomsky104.aiml
0,GO ON,HAVE YOU MET ANYONE FAMOUS,*,Who was it?#Newline<think><set name="topic">that4</set></think>,chomsky104.aiml
0,CONTINUE,HAVE YOU MET ANYONE FAMOUS,*,Who was it?#Newline<think><set name="topic">that4</set></think>,chomsky104.aiml
0,ALRIGHT,HAVE YOU MET ANYONE FAMOUS,*,Who was it?#Newline<think><set name="topic">that4</set></think>,chomsky104.aiml
0,MAYBE,HAVE YOU MET ANYONE FAMOUS,*,Who was it?#Newline<think><set name="topic">that4</set></think>,chomsky104.aiml
0,GO AHEAD,HAVE YOU MET ANYONE FAMOUS,*,Who was it?#Newline<think><set name="topic">that4</set></think>,chomsky104.aiml
0,* GO AHEAD,HAVE YOU MET ANYONE FAMOUS,*,Who was it?#Newline<think><set name="topic">that4</set></think>,chomsky104.aiml
0,GO AHEAD *,HAVE YOU MET ANYONE FAMOUS,*,Who was it?#Newline<think><set name="topic">that4</set></think>,chomsky104.aiml
0,SOMETIMES,HAVE YOU MET ANYONE FAMOUS,*,Who was it?#Newline<think><set name="topic">that4</set></think>,chomsky104.aiml
0,* YES,ARE YOU HAPPY,*,That's great. What makes you happy?#Newline<think><set name="topic">that4</set></think>,chomsky104.aiml
0,* YES *,ARE YOU HAPPY,*,That's great. What makes you happy?#Newline<think><set name="topic">that4</set></think>,chomsky104.aiml
0,Y,ARE YOU HAPPY,*,That's great. What makes you happy?#Newline<think><set name="topic">that4</set></think>,chomsky104.aiml
0,YUP,ARE YOU HAPPY,*,That's great. What makes you happy?#Newline<think><set name="topic">that4</set></think>,chomsky104.aiml
0,YAH,ARE YOU HAPPY,*,That's great. What makes you happy?#Newline<think><set name="topic">that4</set></think>,chomsky104.aiml
0,YEAH,ARE YOU HAPPY,*,That's great. What makes you happy?#Newline<think><set name="topic">that4</set></think>,chomsky104.aiml
0,OK,ARE YOU HAPPY,*,That's great. What makes you happy?#Newline<think><set name="topic">that4</set></think>,chomsky104.aiml
0,NO,ARE YOU HAPPY,*,That's sad. Do you want to talk about it?#Newline<think><set name="topic">that4</set></think>,chomsky104.aiml
0,* NO,ARE YOU HAPPY,*,That's sad. Do you want to talk about it?#Newline<think><set name="topic">that4</set></think>,chomsky104.aiml
0,NO *,ARE YOU HAPPY,*,That's sad. Do you want to talk about it?#Newline<think><set name="topic">that4</set></think>,chomsky104.aiml
0,N,ARE YOU HAPPY,*,That's sad. Do you want to talk about it?#Newline<think><set name="topic">that4</set></think>,chomsky104.aiml
0,NUP,ARE YOU HAPPY,*,That's sad. Do you want to talk about it?#Newline<think><set name="topic">that4</set></think>,chomsky104.aiml
0,NAH,ARE YOU HAPPY,*,That's sad. Do you want to talk about it?#Newline<think><set name="topic">that4</set></think>,chomsky104.aiml
0,CARRY ON,ARE YOU HAPPY,*,That's great. What makes you happy?#Newline<think><set name="topic">that4</set></think>,chomsky104.aiml
0,GO ON,ARE YOU HAPPY,*,That's great. What makes you happy?#Newline<think><set name="topic">that4</set></think>,chomsky104.aiml
0,CONTINUE,ARE YOU HAPPY,*,That's great. What makes you happy?#Newline<think><set name="topic">that4</set></think>,chomsky104.aiml
0,ALRIGHT,ARE YOU HAPPY,*,That's great. What makes you happy?#Newline<think><set name="topic">that4</set></think>,chomsky104.aiml
0,GO AHEAD,ARE YOU HAPPY,*,That's great. What makes you happy?#Newline<think><set name="topic">that4</set></think>,chomsky104.aiml
0,* GO AHEAD,ARE YOU HAPPY,*,That's great. What makes you happy?#Newline<think><set name="topic">that4</set></think>,chomsky104.aiml
0,GO AHEAD *,ARE YOU HAPPY,*,That's great. What makes you happy?#Newline<think><set name="topic">that4</set></think>,chomsky104.aiml
0,SOMETIMES,ARE YOU HAPPY,*,That's great. What makes you happy?#Newline<think><set name="topic">that4</set></think>,chomsky104.aiml
0,* YES,ARE YOU IN LOVE AT THE MOMENT,*,That's great. Do you want to talk about it?#Newline<think><set name="topic">that4</set></think>,chomsky104.aiml
0,* YES *,ARE YOU IN LOVE AT THE MOMENT,*,That's great. Do you want to talk about it?#Newline<think><set name="topic">that4</set></think>,chomsky104.aiml
0,Y,ARE YOU IN LOVE AT THE MOMENT,*,That's great. Do you want to talk about it?#Newline<think><set name="topic">that4</set></think>,chomsky104.aiml
0,YUP,ARE YOU IN LOVE AT THE MOMENT,*,That's great. Do you want to talk about it?#Newline<think><set name="topic">that4</set></think>,chomsky104.aiml
0,YAH,ARE YOU IN LOVE AT THE MOMENT,*,That's great. Do you want to talk about it?#Newline<think><set name="topic">that4</set></think>,chomsky104.aiml
0,YEAH,ARE YOU IN LOVE AT THE MOMENT,*,That's great. Do you want to talk about it?#Newline<think><set name="topic">that4</set></think>,chomsky104.aiml
0,OK,ARE YOU IN LOVE AT THE MOMENT,*,That's great. Do you want to talk about it?#Newline<think><set name="topic">that4</set></think>,chomsky104.aiml
0,* NO,ARE YOU IN LOVE AT THE MOMENT,*,That's sad. Do you want to talk about it?#Newline<think><set name="topic">that4</set></think>,chomsky104.aiml
0,NO *,ARE YOU IN LOVE AT THE MOMENT,*,That's sad. Do you want to talk about it?#Newline<think><set name="topic">that4</set></think>,chomsky104.aiml
0,N,ARE YOU IN LOVE AT THE MOMENT,*,That's sad. Do you want to talk about it?#Newline<think><set name="topic">that4</set></think>,chomsky104.aiml
0,NUP,ARE YOU IN LOVE AT THE MOMENT,*,That's sad. Do you want to talk about it?#Newline<think><set name="topic">that4</set></think>,chomsky104.aiml
0,NAH,ARE YOU IN LOVE AT THE MOMENT,*,That's sad. Do you want to talk about it?#Newline<think><set name="topic">that4</set></think>,chomsky104.aiml
0,CARRY ON,ARE YOU IN LOVE AT THE MOMENT,*,That's great. Do you want to talk about it?#Newline<think><set name="topic">that4</set></think>,chomsky104.aiml
0,GO ON,ARE YOU IN LOVE AT THE MOMENT,*,That's great. Do you want to talk about it?#Newline<think><set name="topic">that4</set></think>,chomsky104.aiml
0,CONTINUE,ARE YOU IN LOVE AT THE MOMENT,*,That's great. Do you want to talk about it?#Newline<think><set name="topic">that4</set></think>,chomsky104.aiml
0,ALRIGHT,ARE YOU IN LOVE AT THE MOMENT,*,That's great. Do you want to talk about it?#Newline<think><set name="topic">that4</set></think>,chomsky104.aiml
0,MAYBE,ARE YOU IN LOVE AT THE MOMENT,*,That's great. Do you want to talk about it?#Newline<think><set name="topic">that4</set></think>,chomsky104.aiml
0,GO AHEAD,ARE YOU IN LOVE AT THE MOMENT,*,That's great. Do you want to talk about it?#Newline<think><set name="topic">that4</set></think>,chomsky104.aiml
0,* GO AHEAD,ARE YOU IN LOVE AT THE MOMENT,*,That's great. Do you want to talk about it?#Newline<think><set name="topic">that4</set></think>,chomsky104.aiml
0,GO AHEAD *,ARE YOU IN LOVE AT THE MOMENT,*,That's great. Do you want to talk about it?#Newline<think><set name="topic">that4</set></think>,chomsky104.aiml
0,SOMETIMES,ARE YOU IN LOVE AT THE MOMENT,*,That's great. Do you want to talk about it?#Newline<think><set name="topic">that4</set></think>,chomsky104.aiml
0,* YES,DO YOU HAVE A QUESTION,*,What is your question?#Newline<think><set name="topic">that4</set></think>,chomsky104.aiml
0,YES *,DO YOU HAVE  A QUESTION,*,What is your question?#Newline<think><set name="topic">that4</set></think>,chomsky104.aiml
0,* YES *,DO YOU HAVE A QUESTION,*,What is your question?#Newline<think><set name="topic">that4</set></think>,chomsky104.aiml
0,Y,DO YOU HAVE A QUESTION,*,What is your question?#Newline<think><set name="topic">that4</set></think>,chomsky104.aiml
0,YUP,DO YOU HAVE A QUESTION,*,What is your question?#Newline<think><set name="topic">that4</set></think>,chomsky104.aiml
0,YAH,DO YOU HAVE A QUESTION,*,What is your question?#Newline<think><set name="topic">that4</set></think>,chomsky104.aiml
0,YEAH,DO YOU HAVE A QUESTION,*,What is your question?#Newline<think><set name="topic">that4</set></think>,chomsky104.aiml
0,* NO,DO YOU HAVE A QUESTION,*,OK. <srai>NEXT QUESTION</srai>#Newline<think><set name="topic">that4</set></think>,chomsky104.aiml
0,N,DO YOU HAVE A QUESTION,*,OK. <srai>NEXT QUESTION</srai>#Newline<think><set name="topic">that4</set></think>,chomsky104.aiml
0,NUP,DO YOU HAVE A QUESTION,*,OK. <srai>NEXT QUESTION</srai>#Newline<think><set name="topic">that4</set></think>,chomsky104.aiml
0,NAH,DO YOU HAVE A QUESTION,*,OK. <srai>NEXT QUESTION</srai>#Newline<think><set name="topic">that4</set></think>,chomsky104.aiml
