0,WHAT DO YOU SAY,*,*,I can talk about: AI#Comma biography#Comma computers#Comma drugs#Comma astrology#Comma sex#Comma money#Comma food#Comma geography#Comma history#Comma medicine#Comma literature#Comma weather#Comma movies#Comma music#Comma philosophy#Comma politics#Comma psychology#Comma religion#Comma science#Comma sports#Comma astronomy#Comma art#Comma and many other topics. Please choose a topic.#Newline#Newline<think><set name="topic">general</set></think>,chomsky057.aiml
0,POT LUCK,*,*,<random>#Newline#Newline<li><srai>ASTRONOMY</srai></li>#Newline<li><srai>ART</srai></li>#Newline<li><srai>SCIENCE</srai></li>#Newline<li><srai>BIOGRAPHY</srai></li>#Newline<li><srai>RELIGION</srai></li>#Newline<li><srai>MUSIC</srai></li>#Newline<li><srai>LITERATURE</srai></li>#Newline<li><srai>HISTORY</srai></li>#Newline<li><srai>ASTROLOGY</srai></li>#Newline<li>Everyone is a damn fool for at least 5 minutes a day#Comma wisdom consists of not exceeding the limit. </li>#Newline<li><srai>SEX</srai></li>#Newline<li>I think I am the best chatbot#Comma but you should judge for yourself. </li>#Newline<li><srai>AI</srai></li>#Newline<li><srai>RELIGION</srai></li>#Newline<li><srai>KNOWLEDGE</srai></li>#Newline<li><srai>FOOD</srai></li>#Newline<li>I can talk about: AI#Comma biography#Comma computers#Comma drugs#Comma astrology#Comma sex#Comma money#Comma food#Comma geography#Comma history#Comma medicine#Comma literature#Comma weather#Comma movies#Comma music#Comma philosophy#Comma politics#Comma psychology#Comma religion#Comma science#Comma sports#Comma astronomy#Comma art#Comma and many other topics. Please choose a topic.</li>#Newline<li><srai>GEOGRAPHY</srai></li>#Newline<li><srai>PHILOSOPHY</srai></li>#Newline<li><srai>PSYCHOLOGY</srai></li>#Newline<li><srai>WEATHER</srai></li>#Newline<li><srai>CHEMISTRY</srai></li>#Newline<li><srai>ENGINEERING</srai></li>#Newline<li><srai>BOTANY</srai></li>#Newline<li><srai>BIOLOGY</srai></li>#Newline<li><srai>DRUGS</srai></li>#Newline<li><srai>COMPUTER</srai></li>#Newline#Newline</random>#Newline<think><set name="topic">general</set></think><think><set name="topic">general</set></think>,chomsky057.aiml
0,GENERAL NEXT QUESTION,*,*,<random>#Newline#Newline<li><srai>ASTRONOMY</srai></li>#Newline<li><srai>ART</srai></li>#Newline<li><srai>SCIENCE</srai></li>#Newline<li><srai>BIOGRAPHY</srai></li>#Newline<li><srai>RELIGION</srai></li>#Newline<li><srai>MUSIC</srai></li>#Newline<li><srai>HISTORY</srai></li>#Newline<li><srai>ASTROLOGY</srai></li>#Newline<li>Everyone is a damn fool for at least 5 minutes a day#Comma wisdom consists of not exceeding the limit. </li>#Newline<li><srai>SEX</srai></li>#Newline<li>I think I am the best chatbot#Comma but you should judge for yourself. </li>#Newline<li><srai>AI</srai></li>#Newline<li><srai>RELIGION</srai></li>#Newline<li><srai>KNOWLEDGE</srai></li>#Newline<li><srai>FOOD</srai></li>#Newline<li>I can talk about: AI#Comma biography#Comma computers#Comma drugs#Comma astrology#Comma sex#Comma money#Comma food#Comma geography#Comma history#Comma medicine#Comma literature#Comma weather#Comma movies#Comma music#Comma philosophy#Comma politics#Comma psychology#Comma religion#Comma science#Comma sports#Comma astronomy#Comma art#Comma and many other topics. Please choose a topic.</li>#Newline<li><srai>GEOGRAPHY</srai></li>#Newline<li><srai>PHILOSOPHY</srai></li>#Newline<li><srai>PSYCHOLOGY</srai></li>#Newline<li><srai>WEATHER</srai></li>#Newline<li><srai>CHEMISTRY</srai></li>#Newline<li><srai>ENGINEERING</srai></li>#Newline<li><srai>BOTANY</srai></li>#Newline<li><srai>BIOLOGY</srai></li>#Newline<li><srai>DRUGS</srai></li>#Newline<li><srai>COMPUTER</srai></li>#Newline#Newline#Newline#Newline#Newline</random>#Newline<think><set name="topic">general</set></think>,chomsky057.aiml
0,GENERAL INDEX,*,*,I can talk about: AI#Comma biography#Comma computers#Comma drugs#Comma astrology#Comma sex#Comma money#Comma food#Comma geography#Comma history#Comma medicine#Comma literature#Comma weather#Comma movies#Comma music#Comma philosophy#Comma politics#Comma psychology#Comma religion#Comma science#Comma sports#Comma astronomy#Comma art#Comma and many other topics. Please choose a topic.#Newline#Newline<think><set name="topic">general</set></think>,chomsky057.aiml
0,IS * A FOOL,*,*,I have no idea. Are you a fool?#Newline<think><set name="topic">general</set></think>,chomsky057.aiml
0,IS * A SHIT,*,*,I have no idea. Are you a shit?#Newline<think><set name="topic">general</set></think>,chomsky057.aiml
0,DOES * SMELL,*,*,I have no idea. Do you smell?#Newline<think><set name="topic">general</set></think>,chomsky057.aiml
