0,GO TO QUESTIONS,*,*,<srai>QUESTIONS POT LUCK</srai>,chomsky110.aiml
0,LETS HAVE A QUESTION,*,*,<srai>QUESTIONS POT LUCK</srai>,chomsky110.aiml
0,LET S HAVE A QUESTION,*,*,<srai>QUESTIONS POT LUCK</srai>,chomsky110.aiml
0,TELL ME A QUESTION,*,*,<srai>QUESTIONS POT LUCK</srai>,chomsky110.aiml
0,HAVE YOU A QUESTION,*,*,<srai>QUESTIONS POT LUCK</srai>,chomsky110.aiml
0,NO MORE QUESTIONS,*,*,<srai>CHANGE TOPIC</srai>,chomsky110.aiml
0,NO QUESTIONS,*,*,<srai>CHANGE TOPIC</srai>,chomsky110.aiml
0,* NO QUESTIONS,*,*,<srai>CHANGE TOPIC</srai>,chomsky110.aiml
0,NO QUESTIONS *,*,*,<srai>CHANGE TOPIC</srai>,chomsky110.aiml
0,_ NO * QUESTIONS,*,*,<srai>CHANGE TOPIC</srai>,chomsky110.aiml
0,NO _ QUESTIONS *,*,*,<srai>CHANGE TOPIC</srai>,chomsky110.aiml
0,NOT QUESTIONS,*,*,<srai>CHANGE TOPIC</srai>,chomsky110.aiml
0,* NOT QUESTIONS,*,*,<srai>CHANGE TOPIC</srai>,chomsky110.aiml
0,NOT QUESTIONS *,*,*,<srai>CHANGE TOPIC</srai>,chomsky110.aiml
0,I AM NOT INTERESTED IN QUESTIONS,*,*,<srai>CHANGE TOPIC</srai>,chomsky110.aiml
0,IM NOT INTERESTED IN QUESTIONS,*,*,<srai>CHANGE TOPIC</srai>,chomsky110.aiml
0,I M NOT INTERESTED IN QUESTIONS,*,*,<srai>CHANGE TOPIC</srai>,chomsky110.aiml
0,NOT INTERESTED IN QUESTIONS,*,*,<srai>CHANGE TOPIC</srai>,chomsky110.aiml
0,* NOT INTERESTED IN QUESTIONS,*,*,<srai>CHANGE TOPIC</srai>,chomsky110.aiml
0,YES,MORE QUESTIONS,*,<srai>QUESTIONS POT LUCK</srai>,chomsky110.aiml
0,* YES,MORE QUESTIONS,*,<srai>QUESTIONS POT LUCK</srai>,chomsky110.aiml
0,YES *,MORE QUESTIONS,*,<srai>QUESTIONS POT LUCK</srai>,chomsky110.aiml
0,_ YES *,MORE  QUESTIONS,*,<srai>QUESTIONS POT LUCK</srai>,chomsky110.aiml
0,Y,MORE  QUESTIONS,*,<srai>QUESTIONS POT LUCK</srai>,chomsky110.aiml
0,YUP,MORE QUESTIONS,*,<srai>QUESTIONS POT LUCK</srai>,chomsky110.aiml
0,YAH,MORE QUESTIONS,*,<srai>QUESTIONS POT LUCK</srai>,chomsky110.aiml
0,YEAH,MORE QUESTIONS,*,<srai>QUESTIONS POT LUCK</srai>,chomsky110.aiml
0,OK,MORE  QUESTIONS,*,<srai>QUESTIONS POT LUCK</srai>,chomsky110.aiml
0,NO,MORE QUESTIONS,*,<srai>MORE TOPICS</srai>,chomsky110.aiml
0,* NO,MORE QUESTIONS,*,<srai>MORE TOPICS</srai>,chomsky110.aiml
0,NO *,MORE QUESTIONS,*,<srai>MORE TOPICS</srai>,chomsky110.aiml
0,N,MORE QUESTIONS,*,<srai>MORE TOPICS</srai>,chomsky110.aiml
0,NUP,MORE QUESTIONS,*,<srai>MORE TOPICS</srai>,chomsky110.aiml
0,NAH,MORE QUESTIONS,*,<srai>MORE TOPICS</srai>,chomsky110.aiml
0,YES,MORE ABOUT QUESTIONS,*,<srai>QUESTIONS POT LUCK</srai>,chomsky110.aiml
0,* YES,MORE ABOUT QUESTIONS,*,<srai>QUESTIONS POT LUCK</srai>,chomsky110.aiml
0,YES *,MORE ABOUT QUESTIONS,*,<srai>QUESTIONS POT LUCK</srai>,chomsky110.aiml
0,_ YES *,MORE ABOUT QUESTIONS,*,<srai>QUESTIONS POT LUCK</srai>,chomsky110.aiml
0,Y,MORE ABOUT QUESTIONS,*,<srai>QUESTIONS POT LUCK</srai>,chomsky110.aiml
0,YUP,MORE ABOUT QUESTIONS,*,<srai>QUESTIONS POT LUCK</srai>,chomsky110.aiml
0,YAH,MORE ABOUT QUESTIONS,*,<srai>QUESTIONS POT LUCK</srai>,chomsky110.aiml
0,YEAH,MORE ABOUT QUESTIONS,*,<srai>QUESTIONS POT LUCK</srai>,chomsky110.aiml
0,OK,MORE ABOUT QUESTIONS,*,<srai>QUESTIONS POT LUCK</srai>,chomsky110.aiml
0,NO,MORE ABOUT QUESTIONS,*,<srai>MORE TOPICS</srai>,chomsky110.aiml
0,* NO,MORE ABOUT QUESTIONS,*,<srai>MORE TOPICS</srai>,chomsky110.aiml
0,NO *,MORE ABOUT QUESTIONS,*,<srai>MORE TOPICS</srai>,chomsky110.aiml
0,N,MORE ABOUT QUESTIONS,*,<srai>MORE TOPICS</srai>,chomsky110.aiml
0,NUP,MORE ABOUT QUESTIONS,*,<srai>MORE TOPICS</srai>,chomsky110.aiml
0,NAH,MORE ABOUT QUESTIONS,*,<srai>MORE TOPICS</srai>,chomsky110.aiml
0,YES,IS THIS SOMETHING TO DO WITH QUESTIONS,*,Can we talk about questions?,chomsky110.aiml
0,* YES,IS THIS SOMETHING TO DO WITH QUESTIONS,*,Can we talk about questions?,chomsky110.aiml
0,YES *,IS THIS SOMETHING TO DO WITH QUESTIONS,*,Can we talk about questions?,chomsky110.aiml
0,_ YES *,IS THIS SOMETHING TO DO WITH QUESTIONS,*,Can we talk about questions?,chomsky110.aiml
0,Y,IS THIS SOMETHING TO DO WITH QUESTIONS,*,Can we talk about questions?,chomsky110.aiml
0,YUP,IS THIS SOMETHING TO DO WITH QUESTIONS,*,Can we talk about questions?,chomsky110.aiml
0,YAH,IS THIS SOMETHING TO DO WITH QUESTIONS,*,Can we talk about questions?,chomsky110.aiml
0,YEAH,IS THIS SOMETHING TO DO WITH QUESTIONS,*,Can we talk about questions?,chomsky110.aiml
0,NO,IS THIS SOMETHING TO DO WITH QUESTIONS,*,<srai>CHANGE TOPIC</srai>,chomsky110.aiml
0,* NO,IS THIS SOMETHING TO DO WITH QUESTIONS,*,<srai>CHANGE TOPIC</srai>,chomsky110.aiml
0,NO *,IS THIS SOMETHING TO DO WITH QUESTIONS,*,<srai>CHANGE TOPIC</srai>,chomsky110.aiml
0,_ NO *,IS THIS SOMETHING TO DO WITH QUESTIONS,*,<srai>CHANGE TOPIC</srai>,chomsky110.aiml
0,N,IS THIS SOMETHING TO DO WITH QUESTIONS,*,<srai>CHANGE TOPIC</srai>,chomsky110.aiml
0,NUP,IS THIS SOMETHING TO DO WITH QUESTIONS,*,<srai>CHANGE TOPIC</srai>,chomsky110.aiml
0,NAH,IS THIS SOMETHING TO DO WITH QUESTIONS,*,<srai>CHANGE TOPIC</srai>,chomsky110.aiml
0,*,IS THIS SOMETHING TO DO WITH QUESTIONS,*,Can we talk about questions?,chomsky110.aiml
0,YES,ARE YOU INTERESTED IN QUESTIONS,*,Can we talk about questions?,chomsky110.aiml
0,* YES,ARE YOU INTERESTED IN QUESTIONS,*,Can we talk about questions?,chomsky110.aiml
0,YES *,ARE YOU INTERESTED IN QUESTIONS,*,Can we talk about questions?,chomsky110.aiml
0,_ YES *,ARE YOU INTERESTED IN QUESTIONS,*,Can we talk about questions?,chomsky110.aiml
0,Y,ARE YOU INTERESTED IN QUESTIONS,*,Can we talk about questions?,chomsky110.aiml
0,YUP,ARE YOU INTERESTED IN QUESTIONS,*,Can we talk about questions?,chomsky110.aiml
0,YAH,ARE YOU INTERESTED IN QUESTIONS,*,Can we talk about questions?,chomsky110.aiml
0,YEAH,ARE YOU INTERESTED IN QUESTIONS,*,Can we talk about questions?,chomsky110.aiml
0,NO,ARE YOU INTERESTED IN QUESTIONS,*,<srai>MORE TOPICS</srai>,chomsky110.aiml
0,* NO,ARE YOU INTERESTED IN QUESTIONS,*,<srai>MORE TOPICS</srai>,chomsky110.aiml
0,NO *,ARE YOU INTERESTED IN QUESTIONS,*,<srai>MORE TOPICS</srai>,chomsky110.aiml
0,_ NO *,ARE YOU INTERESTED IN QUESTIONS,*,<srai>MORE TOPICS</srai>,chomsky110.aiml
0,N,ARE YOU INTERESTED IN QUESTIONS,*,<srai>MORE TOPICS</srai>,chomsky110.aiml
0,NUP,ARE YOU INTERESTED IN QUESTIONS,*,<srai>MORE TOPICS</srai>,chomsky110.aiml
0,NAH,ARE YOU INTERESTED IN QUESTIONS,*,<srai>MORE TOPICS</srai>,chomsky110.aiml
0,GO AHEAD,CAN I ASK YOU A QUESTION,*,<srai>QUESTIONS POT LUCK</srai>,chomsky110.aiml
0,CARRY ON,CAN I ASK YOU A QUESTION,*,<srai>QUESTIONS POT LUCK</srai>,chomsky110.aiml
0,PLEASE DO,CAN I ASK YOU A QUESTION,*,<srai>QUESTIONS POT LUCK</srai>,chomsky110.aiml
0,YES PLEASE,CAN I ASK YOU A QUESTION,*,<srai>QUESTIONS POT LUCK</srai>,chomsky110.aiml
0,GO ON,CAN I ASK YOU A QUESTION,*,<srai>QUESTIONS POT LUCK</srai>,chomsky110.aiml
0,ALRIGHT,CAN I ASK YOU A QUESTION,*,<srai>QUESTIONS POT LUCK</srai>,chomsky110.aiml
0,ALLRIGHT,CAN I ASK YOU A QUESTION,*,<srai>QUESTIONS POT LUCK</srai>,chomsky110.aiml
0,* YES,CAN I ASK YOU A QUESTION,*,<srai>QUESTIONS POT LUCK</srai>,chomsky110.aiml
0,_ YES *,CAN I ASK YOU A QUESTION,*,<srai>QUESTIONS POT LUCK</srai>,chomsky110.aiml
0,Y,CAN I ASK YOU A QUESTION,*,<srai>QUESTIONS POT LUCK</srai>,chomsky110.aiml
0,YUP,CAN I ASK YOU A QUESTION,*,<srai>QUESTIONS POT LUCK</srai>,chomsky110.aiml
0,YAH,CAN I ASK YOU A QUESTION,*,<srai>QUESTIONS POT LUCK</srai>,chomsky110.aiml
0,YEAH,CAN I ASK YOU A QUESTION,*,<srai>QUESTIONS POT LUCK</srai>,chomsky110.aiml
0,OK,CAN I ASK YOU A QUESTION,*,<srai>QUESTIONS POT LUCK</srai>,chomsky110.aiml
0,* NO,CAN I ASK YOU A QUESTION,*,<srai>MORE TOPICS</srai>,chomsky110.aiml
0,NO *,CAN I ASK YOU A QUESTION,*,<srai>MORE TOPICS</srai>,chomsky110.aiml
0,N,CAN I ASK YOU A QUESTION,*,<srai>MORE TOPICS</srai>,chomsky110.aiml
0,NUP,CAN I ASK YOU A QUESTION,*,<srai>MORE TOPICS</srai>,chomsky110.aiml
0,NAH,CAN I ASK YOU A QUESTION,*,<srai>MORE TOPICS</srai>,chomsky110.aiml
0,YES,BROWSE QUESTIONS,*,<srai>QUESTIONS POT LUCK</srai>,chomsky110.aiml
0,* YES,BROWSE QUESTIONS,*,<srai>QUESTIONS POT LUCK</srai>,chomsky110.aiml
0,YES *,BROWSE QUESTIONS,*,<srai>QUESTIONS POT LUCK</srai>,chomsky110.aiml
0,_ YES *,BROWSE QUESTIONS,*,<srai>QUESTIONS POT LUCK</srai>,chomsky110.aiml
0,Y,BROWSE QUESTIONS,*,<srai>QUESTIONS POT LUCK</srai>,chomsky110.aiml
0,YUP,BROWSE QUESTIONS,*,<srai>QUESTIONS POT LUCK</srai>,chomsky110.aiml
0,YAH,BROWSE QUESTIONS,*,<srai>QUESTIONS POT LUCK</srai>,chomsky110.aiml
0,YEAH,BROWSE QUESTIONS,*,<srai>QUESTIONS POT LUCK</srai>,chomsky110.aiml
0,OK,BROWSE QUESTIONS,*,<srai>QUESTIONS POT LUCK</srai>,chomsky110.aiml
0,NO,BROWSE QUESTIONS,*,<srai>MORE TOPICS</srai>,chomsky110.aiml
0,* NO,BROWSE QUESTIONS,*,<srai>MORE TOPICS</srai>,chomsky110.aiml
0,NO *,BROWSE QUESTIONS,*,<srai>MORE TOPICS</srai>,chomsky110.aiml
0,N,BROWSE QUESTIONS,*,<srai>MORE TOPICS</srai>,chomsky110.aiml
0,NUP,BROWSE QUESTIONS,*,<srai>MORE TOPICS</srai>,chomsky110.aiml
0,NAH,BROWSE QUESTIONS,*,<srai>MORE TOPICS</srai>,chomsky110.aiml
0,ASK QUESTION,*,*,<srai>QUESTIONS POT LUCK</srai>,chomsky110.aiml
0,ASK A QUESTION,*,*,<srai>QUESTIONS POT LUCK</srai>,chomsky110.aiml
0,QUESTIONS POT LUCK,*,*,<random>#Newline<li><srai>QUESTIONS1</srai></li>#Newline<li><srai>QUESTIONS2</srai></li>#Newline<li><srai>QUESTIONS3</srai></li>#Newline<li><srai>QUESTIONS1</srai></li>#Newline<li><srai>QUESTIONS4</srai></li>#Newline<li><srai>QUESTIONS3</srai></li>#Newline</random>,chomsky110.aiml
0,QUESTIONS1,*,*,<random>#Newline<li>Shall I tell you about my visit to the <random><li>seaside</li><li>cinema</li><li>circus</li></random>?</li>#Newline<li>What do you think of ex-President Bush?</li>#Newline<li>What do you think of the situation in Iraq?</li>#Newline<li>Do you think the war on terror is being won?</li>#Newline<li>Do you think global warming is real?</li>#Newline<li>Do you think global warming is real or are the scientists imagining it? </li>#Newline<li>Do you think that the weather is gradually getting worse? </li>#Newline<li>Have you noticed any change in climate over the years? </li>#Newline<li>What is your favourite food?</li>#Newline<li>Do you love your father?</li>#Newline<li>Have you ever been in love?</li>#Newline<li>Why is there chlorine in swimming pools?</li>#Newline<li>Do you have a sense of humour?</li>#Newline<li>Do chatbots annoy you?</li>#Newline<li>What colour is your hair?</li>#Newline<li>Do you have any secrets?</li>#Newline<li>Would you like to visit cyberspace?</li>#Newline<li>Do you like The Clash?</li>#Newline<li>Do humans annoy you?</li>#Newline<li>Do you like <random><li>brussel sprouts</li><li>brocolli</li><li>smelly cheese</li><li>gorganzola</li><li>beef tea</li><li>custard</li><li>chocolate</li><li>poached eggs</li><li>salami</li><li>borscht</li><li>blancmange</li><li>gingerbread</li><li>milk pudding</li><li>turkish delight</li><li>pumpernickel</li><li>corn bread</li></random>?</li>#Newline<li>Do you like Metallica?</li>#Newline<li>What bands do you like?</li>#Newline<li>Do you have any personal problems at the moment?</li>#Newline<li>Do you love your mother?</li>#Newline<li>Do you have any problems at the moment?</li>#Newline<li>Are you happy?</li>#Newline<li> What have you been doing today?</li>#Newline<li> What are you planning to do today?</li>#Newline<li> Have you any plans for next weekend?</li>#Newline<li>Please tell me about yourself.</li>#Newline<li>What do you do in your spare time?</li>#Newline<li>What kind of fashion do you like?</li>#Newline<li>What are you wearing?</li>#Newline<li>Are you a student?</li>#Newline<li>Is there something worrying you?</li>#Newline<li>Have you ever seen a UFO?</li>#Newline<li>Is your best friend an alien?</li>#Newline<li>What colour are your eyes?</li>#Newline<li>Can you tell me any gossip?</li>#Newline<li>How do you usually meet people?</li>#Newline<li>What is your favourite colour?</li>#Newline<li>Where do you get your ideas?</li>#Newline<li>Are you a student?</li>#Newline<li>What is global warming?</li>#Newline<li>How is your father?</li>#Newline<li>How is your mother?</li>#Newline<li>Do chatbots annoy you?</li>#Newline<li>Do I really exist?</li>#Newline<li>Are you boring?</li>#Newline<li>Are you getting bored?</li>#Newline<li>Would you like to visit cyberspace?</li>#Newline<li>Are you married?</li>#Newline<li>Can you tell me any gossip?</li>#Newline<li>Do you like talking to me?</li>#Newline<li>Do you like your job?</li>#Newline#Newline</random>#Newline<think><set name="emotion">interested</set></think>,chomsky110.aiml
0,QUESTIONS3,*,*,<random>#Newline<li>How is your father?</li>#Newline<li>How is your mother?</li>#Newline<li>What do you look like?</li>#Newline<li>Tell me one of your favourite possessions.</li>#Newline<li>What is your fondest memory?</li>#Newline<li>Tell me more about your mother.</li>#Newline<li>What do you care about?</li>#Newline<li>What is your favourite food?</li>#Newline<li>What is renewable energy?</li>#Newline<li>Shall I tell you about my visit to the <random><li>seaside</li><li>cinema</li><li>circus</li></random>?</li>#Newline<li>Do you love your father?</li>#Newline<li>Have you ever been in love?</li>#Newline<li>Do you have a sense of humour?</li>#Newline<li>Are you in love at the moment?</li>#Newline<li>Do I really exist?</li>#Newline<li>Do humans annoy you?</li>#Newline<li>Do you like <random><li>brussel sprouts</li><li>brocolli</li><li>smelly cheese</li><li>gorganzola</li><li>beef tea</li><li>custard</li><li>chocolate</li><li>poached eggs</li><li>salami</li><li>borscht</li><li>blancmange</li><li>gingerbread</li><li>milk pudding</li><li>turkish delight</li><li>pumpernickel</li><li>corn bread</li></random>?</li>#Newline<li>Do you like Metallica?</li>#Newline<li>What bands do you like?</li>#Newline<li>Do you have any personal problems at the moment?</li>#Newline<li>Do you love your mother?</li>#Newline<li>Do you have any problems at the moment?</li>#Newline<li>Are you happy?</li>#Newline<li>What is a neutrino?</li>#Newline<li>Please tell me about yourself.</li>#Newline<li>What do you do in your spare time?</li>#Newline<li>What kind of fashion do you like?</li>#Newline<li>What are you wearing?</li>#Newline<li>Are you a student?</li>#Newline<li>Have you ever seen a UFO?</li>#Newline<li>Is your best friend an alien?</li>#Newline<li>Do chatbots annoy you?</li>#Newline<li>Would you like to visit cyberspace?</li>#Newline<li>What colour are your eyes?</li>#Newline<li>Can you tell me any gossip?</li>#Newline<li>Is there anything you regret doing?</li>#Newline<li>How do you usually meet people?</li>#Newline<li>What is your favourite colour?</li>#Newline<li>Where do you get your ideas?</li>#Newline<li>Are you a student?</li>#Newline<li>How is your father?</li>#Newline<li>How is your mother?</li>#Newline<li>Are you boring?</li>#Newline<li>Are you getting bored?</li>#Newline<li>Are you married?</li>#Newline<li>Do you like talking to me?</li>#Newline<li>Do you like your job?</li>#Newline<li>Do you have any hobbies?</li>#Newline<li>Have you met anyone famous?</li>#Newline<li>Do I really exist?</li>#Newline<li>Do you love your mother?</li>#Newline<li>Do you love your father?</li>#Newline<li>Do you have a sense of humour?</li>#Newline<li>Do you have many friends?</li>#Newline<li>Are you in love at the moment?</li>#Newline<li>Do you have a cat?</li>#Newline<li>Do you have a dog?</li>#Newline<li>Can you tell me what Runescape is?</li>#Newline<li>What are your goals in life?</li>#Newline<li>What country do you live in?</li>#Newline<li>What do you do in your spare time?</li>#Newline<li>Is there something worrying you?</li>#Newline<li>What do you like?</li>#Newline<li>What is a quark?</li>#Newline<li>What is your favourite TV show?</li>#Newline<li>What is your favourite book?</li>#Newline<li>What is your nickname?</li>#Newline<li>What kind of food do you like?</li>#Newline<li>Would you like to visit cyberspace?</li>#Newline<li>What would you rather be doing?</li>#Newline<li>When is your birthday?</li>#Newline<li>Where do you do your shopping?</li>#Newline<li>What am I thinking now?</li>#Newline<li>Who is your father?</li>#Newline<li>Do you have any bad habits?</li>#Newline<li>Who is your favourite artist?</li>#Newline<li>Who is your mother?</li>#Newline<li>What is your favourite movie?</li>#Newline<li>How many children do you have?</li>#Newline<li>Where do you get your ideas?</li>#Newline<li>Who are the Sith?</li>#Newline<li>Why isn't phonetic spelled the way it sounds?</li>#Newline<li>Why do fools fall in love?</li>#Newline<li>If a turtle doesn't have a shell#Comma is he homeless or naked?</li>#Newline<li>If love is blind#Comma why is lingerie so popular?</li>#Newline#Newline</random>#Newline<think><set name="emotion">interested</set></think>,chomsky110.aiml
0,QUESTIONS4,*,*,<random>#Newline<li>Why is the man who invests all your money called a broker?</li>#Newline<li>When cheese gets its picture taken#Comma what does it say?</li>#Newline<li>Why are a wise man and a wise guy opposites?</li>#Newline<li>Why do overlook and oversee mean opposite things?</li>#Newline<li>What is your favourite food?</li>#Newline<li>Do you love your father?</li>#Newline<li>Have you ever been in love?</li>#Newline<li>Do you have a sense of humour?</li>#Newline<li>Are you in love at the moment?</li>#Newline<li>Would you like to visit cyberspace?</li>#Newline<li>Do humans annoy you?</li>#Newline<li>Do you like <random><li>brussel sprouts</li><li>brocolli</li><li>smelly cheese</li><li>gorganzola</li><li>beef tea</li><li>custard</li><li>chocolate</li><li>poached eggs</li><li>salami</li><li>borscht</li><li>blancmange</li><li>gingerbread</li><li>milk pudding</li><li>turkish delight</li><li>pumpernickel</li><li>corn bread</li></random>?</li>#Newline<li>Do you like Metallica?</li>#Newline<li>What bands do you like?</li>#Newline<li>What is a gene?</li>#Newline<li>Do you have any personal problems at the moment?</li>#Newline<li>Is there something worrying you?</li>#Newline<li>Do you love your mother?</li>#Newline<li>Do you have any problems at the moment?</li>#Newline<li>Are you happy?</li>#Newline<li>Please tell me about yourself.</li>#Newline<li>What do you do in your spare time?</li>#Newline<li>What kind of fashion do you like?</li>#Newline<li>What are you wearing?</li>#Newline<li>Are you a student?</li>#Newline<li>Do chatbots annoy you?</li>#Newline<li>Do I really exist?</li>#Newline<li>Have you ever seen a UFO?</li>#Newline<li>What topic are we discussing now? </li>#Newline<li>Is your best friend an alien?</li>#Newline<li>What colour are your eyes?</li>#Newline<li>Can you tell me any gossip?</li>#Newline<li>How do you usually meet people?</li>#Newline<li>What is your favourite colour?</li>#Newline<li>Where do you get your ideas?</li>#Newline<li>Are you a student?</li>#Newline<li>How is your father?</li>#Newline<li>How is your mother?</li>#Newline<li>Are you boring?</li>#Newline<li>Are you getting bored?</li>#Newline<li>Are you married?</li>#Newline<li>Can you tell me any gossip?</li>#Newline<li>Do you like talking to me?</li>#Newline<li>Do you like your job?</li>#Newline#Newline</random>#Newline<think><set name="emotion">interested</set></think>,chomsky110.aiml
