0,TELL ME AN AMUSING QUOTE,*,*,<srai>QUOTES POT LUCK</srai>,chomsky092.aiml
0,TELL ME A AMUSING QUOTE,*,*,<srai>QUOTES POT LUCK</srai>,chomsky092.aiml
0,QUOTES,*,*,<srai>QUOTES POT LUCK</srai>,chomsky092.aiml
0,NO QUOTES,*,*,<srai>CHANGE TOPIC</srai>,chomsky092.aiml
0,* NO QUOTES,*,*,<srai>CHANGE TOPIC</srai>,chomsky092.aiml
0,NO QUOTES *,*,*,<srai>CHANGE TOPIC</srai>,chomsky092.aiml
0,_ NO * QUOTES,*,*,<srai>CHANGE TOPIC</srai>,chomsky092.aiml
0,NO * QUOTES,*,*,<srai>CHANGE TOPIC</srai>,chomsky092.aiml
0,NO * QUOTES *,*,*,<srai>CHANGE TOPIC</srai>,chomsky092.aiml
0,NOT QUOTES,*,*,<srai>CHANGE TOPIC</srai>,chomsky092.aiml
0,* NOT QUOTES,*,*,<srai>CHANGE TOPIC</srai>,chomsky092.aiml
0,NOT QUOTES *,*,*,<srai>CHANGE TOPIC</srai>,chomsky092.aiml
0,_ NOT * QUOTES,*,*,<srai>CHANGE TOPIC</srai>,chomsky092.aiml
0,I AM NOT INTERESTED IN QUOTES,*,*,<srai>CHANGE TOPIC</srai>,chomsky092.aiml
0,IM NOT INTERESTED IN QUOTES,*,*,<srai>CHANGE TOPIC</srai>,chomsky092.aiml
0,I M NOT INTERESTED IN QUOTES,*,*,<srai>CHANGE TOPIC</srai>,chomsky092.aiml
0,NOT INTERESTED IN QUOTES,*,*,<srai>CHANGE TOPIC</srai>,chomsky092.aiml
0,_ NOT INTERESTED IN QUOTES,*,*,<srai>CHANGE TOPIC</srai>,chomsky092.aiml
0,YES,ANOTHER QUOTE,*,<srai>QUOTES POT LUCK</srai>,chomsky092.aiml
0,_ YES,ANOTHER QUOTE,*,<srai>QUOTES POT LUCK</srai>,chomsky092.aiml
0,YES *,ANOTHER QUOTE,*,<srai>QUOTES POT LUCK</srai>,chomsky092.aiml
0,_ YES *,ANOTHER QUOTE,*,<srai>QUOTES POT LUCK</srai>,chomsky092.aiml
0,Y,ANOTHER QUOTE,*,<srai>QUOTES POT LUCK</srai>,chomsky092.aiml
0,YAH,ANOTHER QUOTE,*,<srai>QUOTES POT LUCK</srai>,chomsky092.aiml
0,OK,ANOTHER QUOTE,*,<srai>QUOTES POT LUCK</srai>,chomsky092.aiml
0,NO,ANOTHER QUOTE,*,<srai>MORE TOPICS</srai>,chomsky092.aiml
0,* NO,ANOTHER QUOTE,*,<srai>MORE TOPICS</srai>,chomsky092.aiml
0,NO *,ANOTHER QUOTE,*,<srai>MORE TOPICS</srai>,chomsky092.aiml
0,N,ANOTHER QUOTE,*,<srai>MORE TOPICS</srai>,chomsky092.aiml
0,NUP,ANOTHER QUOTE,*,<srai>MORE TOPICS</srai>,chomsky092.aiml
0,NAH,ANOTHER QUOTE,*,<srai>MORE TOPICS</srai>,chomsky092.aiml
0,YES,MORE QUOTES,*,<srai>QUOTES POT LUCK</srai>,chomsky092.aiml
0,* YES,MORE QUOTES,*,<srai>QUOTES POT LUCK</srai>,chomsky092.aiml
0,YES *,MORE QUOTES,*,<srai>QUOTES POT LUCK</srai>,chomsky092.aiml
0,_ YES *,MORE  QUOTES,*,<srai>QUOTES POT LUCK</srai>,chomsky092.aiml
0,Y,MORE  QUOTES,*,<srai>QUOTES POT LUCK</srai>,chomsky092.aiml
0,YUP,MORE QUOTES,*,<srai>QUOTES POT LUCK</srai>,chomsky092.aiml
0,YAH,MORE QUOTES,*,<srai>QUOTES POT LUCK</srai>,chomsky092.aiml
0,OK,MORE  QUOTES,*,<srai>QUOTES POT LUCK</srai>,chomsky092.aiml
0,NO,MORE QUOTES,*,<srai>MORE TOPICS</srai>,chomsky092.aiml
0,* NO,MORE QUOTES,*,<srai>MORE TOPICS</srai>,chomsky092.aiml
0,NO *,MORE QUOTES,*,<srai>MORE TOPICS</srai>,chomsky092.aiml
0,N,MORE QUOTES,*,<srai>MORE TOPICS</srai>,chomsky092.aiml
0,NUP,MORE QUOTES,*,<srai>MORE TOPICS</srai>,chomsky092.aiml
0,NAH,MORE QUOTES,*,<srai>MORE TOPICS</srai>,chomsky092.aiml
0,YES,MORE ABOUT QUOTES,*,<srai>QUOTES POT LUCK</srai>,chomsky092.aiml
0,* YES,MORE ABOUT QUOTES,*,<srai>QUOTES POT LUCK</srai>,chomsky092.aiml
0,YES *,MORE ABOUT QUOTES,*,<srai>QUOTES POT LUCK</srai>,chomsky092.aiml
0,_ YES *,MORE ABOUT QUOTES,*,<srai>QUOTES POT LUCK</srai>,chomsky092.aiml
0,Y,MORE  ABOUT QUOTES,*,<srai>QUOTES POT LUCK</srai>,chomsky092.aiml
0,YUP,MORE ABOUT QUOTES,*,<srai>QUOTES POT LUCK</srai>,chomsky092.aiml
0,YAH,MORE ABOUT QUOTES,*,<srai>QUOTES POT LUCK</srai>,chomsky092.aiml
0,OK,MORE  ABOUT QUOTES,*,<srai>QUOTES POT LUCK</srai>,chomsky092.aiml
0,NO,MORE ABOUT QUOTES,*,<srai>MORE TOPICS</srai>,chomsky092.aiml
0,* NO,MORE ABOUT QUOTES,*,<srai>MORE TOPICS</srai>,chomsky092.aiml
0,NO *,MORE ABOUT QUOTES,*,<srai>MORE TOPICS</srai>,chomsky092.aiml
0,N,MORE ABOUT QUOTES,*,<srai>MORE TOPICS</srai>,chomsky092.aiml
0,NUP,MORE ABOUT QUOTES,*,<srai>MORE TOPICS</srai>,chomsky092.aiml
0,NAH,MORE ABOUT QUOTES,*,<srai>MORE TOPICS</srai>,chomsky092.aiml
0,YES,ARE YOU INTERESTED IN QUOTES,*,Shall I tell you an amusing quote?,chomsky092.aiml
0,* YES,ARE YOU INTERESTED IN QUOTES,*,Shall I tell you an amusing quote?,chomsky092.aiml
0,YES *,ARE YOU INTERESTED IN QUOTES,*,Shall I tell you an amusing quote?,chomsky092.aiml
0,_ YES *,ARE YOU INTERESTED IN QUOTES,*,Shall I tell you an amusing quote?,chomsky092.aiml
0,Y,ARE YOU INTERESTED IN QUOTES,*,Shall I tell you an amusing quote?,chomsky092.aiml
0,YUP,ARE YOU INTERESTED IN QUOTES,*,Shall I tell you an amusing quote?,chomsky092.aiml
0,YAH,ARE YOU INTERESTED IN QUOTES,*,Shall I tell you an amusing quote?,chomsky092.aiml
0,NO,ARE YOU INTERESTED IN QUOTES,*,<srai>MORE TOPICS</srai>,chomsky092.aiml
0,* NO,ARE YOU INTERESTED IN QUOTES,*,<srai>MORE TOPICS</srai>,chomsky092.aiml
0,NO *,ARE YOU INTERESTED IN QUOTES,*,<srai>MORE TOPICS</srai>,chomsky092.aiml
0,_ NO *,ARE YOU INTERESTED IN QUOTES,*,<srai>MORE TOPICS</srai>,chomsky092.aiml
0,N,ARE YOU INTERESTED IN QUOTES,*,<srai>MORE TOPICS</srai>,chomsky092.aiml
0,NUP,ARE YOU INTERESTED IN QUOTES,*,<srai>MORE TOPICS</srai>,chomsky092.aiml
0,NAH,ARE YOU INTERESTED IN QUOTES,*,<srai>MORE TOPICS</srai>,chomsky092.aiml
0,YES,CAN WE TALK ABOUT QUOTES,*,<srai>QUOTES POT LUCK</srai>,chomsky092.aiml
0,* YES,CAN WE TALK ABOUT QUOTES,*,<srai>QUOTES POT LUCK</srai>,chomsky092.aiml
0,YES *,CAN WE TALK ABOUT QUOTES,*,<srai>QUOTES POT LUCK</srai>,chomsky092.aiml
0,_ YES *,CAN WE TALK ABOUT QUOTES,*,<srai>QUOTES POT LUCK</srai>,chomsky092.aiml
0,Y,CAN WE TALK ABOUT QUOTES,*,<srai>QUOTES POT LUCK</srai>,chomsky092.aiml
0,YUP,CAN WE TALK ABOUT QUOTES,*,<srai>QUOTES POT LUCK</srai>,chomsky092.aiml
0,YAH,CAN WE TALK ABOUT QUOTES,*,<srai>QUOTES POT LUCK</srai>,chomsky092.aiml
0,OK,CAN WE TALK ABOUT QUOTES,*,<srai>QUOTES POT LUCK</srai>,chomsky092.aiml
0,NO,CAN WE TALK ABOUT QUOTES,*,<srai>MORE TOPICS</srai>,chomsky092.aiml
0,* NO,CAN WE TALK ABOUT QUOTES,*,<srai>MORE TOPICS</srai>,chomsky092.aiml
0,NO *,CAN WE TALK ABOUT QUOTES,*,<srai>MORE TOPICS</srai>,chomsky092.aiml
0,N,CAN WE TALK ABOUT QUOTES,*,<srai>MORE TOPICS</srai>,chomsky092.aiml
0,NUP,CAN WE TALK ABOUT QUOTES,*,<srai>MORE TOPICS</srai>,chomsky092.aiml
0,NAH,CAN WE TALK ABOUT QUOTES,*,<srai>MORE TOPICS</srai>,chomsky092.aiml
0,* YES,SHALL I TELL YOU AN AMUSING QUOTE,*,<srai>QUOTES POT LUCK</srai>,chomsky092.aiml
0,YES *,SHALL I TELL YOU AN AMUSING QUOTE,*,<srai>QUOTES POT LUCK</srai>,chomsky092.aiml
0,_ YES *,SHALL I TELL YOU AN AMUSING QUOTE,*,<srai>QUOTES POT LUCK</srai>,chomsky092.aiml
0,YUP,SHALL I TELL YOU AN AMUSING QUOTE,*,<srai>QUOTES POT LUCK</srai>,chomsky092.aiml
0,YAH,SHALL I TELL YOU AN AMUSING QUOTE,*,<srai>QUOTES POT LUCK</srai>,chomsky092.aiml
0,ALRIGHT,SHALL I TELL YOU AN AMUSING QUOTE,*,<srai>QUOTES POT LUCK</srai>,chomsky092.aiml
0,GO ON THEN,SHALL I TELL YOU AN AMUSING QUOTE,*,<srai>QUOTES POT LUCK</srai>,chomsky092.aiml
0,* NO,SHALL I TELL YOU AN AMUSING QUOTE,*,<srai>MORE TOPICS</srai>,chomsky092.aiml
0,NUP,SHALL I TELL YOU AN AMUSING QUOTE,*,<srai>MORE TOPICS</srai>,chomsky092.aiml
0,NAH,SHALL I TELL YOU AN AMUSING QUOTE,*,<srai>MORE TOPICS</srai>,chomsky092.aiml
0,YES,BROWSE QUOTES,*,<srai>QUOTES POT LUCK</srai>,chomsky092.aiml
0,* YES,BROWSE QUOTES,*,<srai>QUOTES POT LUCK</srai>,chomsky092.aiml
0,YES *,BROWSE QUOTES,*,<srai>QUOTES POT LUCK</srai>,chomsky092.aiml
0,_ YES *,BROWSE QUOTES,*,<srai>QUOTES POT LUCK</srai>,chomsky092.aiml
0,Y,BROWSE QUOTES,*,<srai>QUOTES POT LUCK</srai>,chomsky092.aiml
0,YUP,BROWSE QUOTES,*,<srai>QUOTES POT LUCK</srai>,chomsky092.aiml
0,YAH,BROWSE QUOTES,*,<srai>QUOTES POT LUCK</srai>,chomsky092.aiml
0,OK,BROWSE QUOTES,*,<srai>QUOTES POT LUCK</srai>,chomsky092.aiml
0,NO,BROWSE QUOTES,*,<srai>MORE TOPICS</srai>,chomsky092.aiml
0,* NO,BROWSE QUOTES,*,<srai>MORE TOPICS</srai>,chomsky092.aiml
0,NO *,BROWSE QUOTES,*,<srai>MORE TOPICS</srai>,chomsky092.aiml
0,N,BROWSE QUOTES,*,<srai>MORE TOPICS</srai>,chomsky092.aiml
0,NUP,BROWSE QUOTES,*,<srai>MORE TOPICS</srai>,chomsky092.aiml
0,NAH,BROWSE QUOTES,*,<srai>MORE TOPICS</srai>,chomsky092.aiml
0,QUOTES NEXT QUESTION,*,*,<random>#Newline<li><srai>QUOTES1</srai></li>#Newline<li><srai>QUOTES2</srai></li>#Newline<li><srai>QUOTES3</srai></li>#Newline<li><srai>QUOTES4</srai></li>#Newline<li><srai>QUOTES5</srai></li>#Newline<li><srai>QUOTES6</srai></li>#Newline<li><srai>QUOTES7</srai></li>#Newline#Newline</random>#Newline<think><set name="topic">quotes</set></think>,chomsky092.aiml
0,QUOTES POT LUCK,*,*,<random>#Newline<li><srai>QUOTES1</srai></li>#Newline<li><srai>QUOTES2</srai></li>#Newline<li><srai>QUOTES3</srai></li>#Newline<li><srai>QUOTES4</srai></li>#Newline<li><srai>QUOTES5</srai></li>#Newline<li><srai>QUOTES6</srai></li>#Newline<li><srai>QUOTES7</srai></li>#Newline<li><srai>QUOTES8</srai></li>#Newline<li><srai>QUOTES9</srai></li>#Newline<li><srai>QUOTES10</srai></li>#Newline</random>#Newline<think><set name="topic">quotes</set></think>,chomsky092.aiml
0,NO MORE OSCAR,*,*,<srai>CHANGE TOPIC</srai>#Newline<think><set name="topic">quotes</set></think>,chomsky092.aiml
0,NO MORE WILDE,*,*,<srai>CHANGE TOPIC</srai>#Newline<think><set name="topic">quotes</set></think>,chomsky092.aiml
0,_ NO MORE * WILDE,*,*,<srai>CHANGE TOPIC</srai>#Newline<think><set name="topic">quotes</set></think>,chomsky092.aiml
0,MISCELLANEOUS QUOTES,*,*,<random>#Newline<li>Common reverence and common joy of soul are the foundations of genuine human community. (M Buber)</li>#Newline<li>"It's no exaggeration to say that the undecideds could go one way or the other"  (George W Bush)  </li>#Newline<li>"It's clearly a budget. It's got a lot of numbers in it." (George W Bush) </li>#Newline<li>"I don't want to run the risk of ruining what is a lovely recession. (George W Bush) </li>#Newline<li>"Some reporters said I don't have any vision. I don't see that. (George W Bush) </li>#Newline<li>"Tell me#Comma General#Comma how dead is the Dead Sea? (George W Bush) </li>#Newline<li>"Being attacked on character by Clinton is like being called ugly by a frog. (George W Bush) </li>#Newline<li>Promises and pie crusts were made for breaking. Another quote?</li>#Newline<li>In the land of the blind the one-eyed man is king. Another quote?</li>#Newline<li>Don't knock masturbation. It is sex with someone you love -- Woody Allen. Another quote?</li>#Newline<li>The job of the artist is always to deepen the mystery#Comma according to Francis Bacon. Another quote?</li>#Newline<li>Materialism is the monopoly stage of capitalism -- Lenin#Comma 1916. Another quote?</li>#Newline<li>Riches are a gift from Heaven signifying#Comma "This is my beloved son#Comma in whom I am well pleased. " (John D.  Rockefeller) Another quote?</li>#Newline<li>A week is a long time in politics -- Harold Wilson#Comma 1964. Another quote?</li>#Newline<li>One man's wage increase is another man's price increase -- Harold Wilson#Comma 1970. Another quote?</li>#Newline<li>The artistic temperament is a disease that afflicts amateurs#Comma according to G.K. Chesterton. Another quote?</li>#Newline<li>You cannot now#Comma if you ever could#Comma spend your way out of a recession -- James Callaghan#Comma 1976. Another quote?</li>#Newline<li>Bigamy is having one wife too many. Monogamy is the same thing -- Oscar Wilde. Another quote?</li>#Newline<li>An honest politician is one who when he's bought stays bought -- Simon Cameron#Comma 1850. Another quote?</li>#Newline<li>Beer makes you feel the way you ought to feel without it -- Henry Lawson. Another quote?</li>#Newline<li>They that drink beer will think beer -- Washington Irving. Another quote? </li>#Newline<li>I work until beer o'clock -- Steven King. Another quote?</li>#Newline<li>I don't believe in astrology. I'm a Sagittarian and we're skeptical -- Arthur C Clarke. Another quote?</li>#Newline<li>Be suspicious of any doctor who tries to take you temperature with his finger -- David Letterman. Another quote?</li>#Newline<li>Riches are the savings of many in the hands of one. (Eugene Debs) Another quote? </li>#Newline<li>If it's hard to remember#Comma it'll be difficult to forget -- Arnold Schwazenegger. Another quote?</li>#Newline<li>While driving I had an accident with a magician. He came out of nowhere -- Auggie Cook. Another quote?</li>#Newline<li>Birds sing after a storm#Comma why shouldn't we -- Rose Kennedy. Another quote?</li>#Newline<li>All great truths  begin as blasphemies -- George Bernard Shaw. Another quote?</li>#Newline<li>I'm an atheist and I thank God for it -- George Bernard Shaw. Another quote?</li>#Newline<li>Gossip is when you hear something you like about someone you don't  --    Earl Wilson.  Another quote?</li>#Newline<li>Art is meant to disturb#Comma science reassures#Comma said Georges Braque.</li>#Newline<li>As you well know#Comma I never repeat gossip. So listen very carefully; I'm only going to tell you once ... Another quote?</li>#Newline<li>A woman says to her friend#Comma "Peggy told me that you told her the secret I told you not to tell her." "Well#Comma" replies her friend in a hurt tone#Comma "I told her not to tell you I told her." "Oh dear!" says the woman#Comma "well#Comma don't tell her I told you that she told me." Another quote?</li>#Newline<li>A foolish consistency is the hobgoblin of small minds -- Emerson. Another quote? </li> #Newline<li>A man's character is his fate -- Heraclitus. Another quote?</li>#Newline<li>Sternly#Comma remorselessly#Comma fate guides each of us; only at the beginning#Comma when we're absorbed in details#Comma in all sorts of nonsense#Comma in ourselves#Comma are we unaware of its harsh hand -- Ivan Turgenev. Another quote?</li>#Newline<li>Illusion is the first of all pleasures -- Voltaire. Another quote?#Newline</li>#Newline#Newline</random>#Newline<think><set name="topic">quotes</set></think>,chomsky092.aiml
0,QUOTES1,*,*,<random>#Newline<li>No one gossips about other people's secret virtues. (Bertrand Russell)</li>#Newline<li>An army marches on its stomach#Comma according to Napoleon. </li>#Newline<li>Common reverence and common joy of soul are the foundations of genuine human community. (M Buber)</li>#Newline<li>"It's no exaggeration to say that the undecideds could go one way or the other"  (George W Bush)  </li>#Newline<li>Let me quote William Blake: To see a World in a grain of sand#Comma And a Heaven in a wild flower#Comma Hold Infinity in the palm of your hand#Comma And Eternity in an hour. </li>#Newline<li>"It's clearly a budget. It's got a lot of numbers in it." (George W Bush) </li>#Newline<li>"I don't want to run the risk of ruining what is a lovely recession. (George W Bush) </li>#Newline<li>"Some reporters said I don't have any vision. I don't see that. (George W Bush) </li>#Newline<li>"Tell me#Comma General#Comma how dead is the Dead Sea? (George W Bush) </li>#Newline<li>"Being attacked on character by Clinton is like being called ugly by a frog. (George W Bush) </li>#Newline<li>To say that a man is made up of certain chemical elements is a satisfactory description only for those who intend to use him as a fertilizer. Hermann Joseph Muller</li>#Newline<li>Did you know: Claude Debussy said#Comma Art is the most beautiful of all lies.</li>#Newline<li>Animals are my friends - I do not eat my friends#Comma said George Bernard Shaw.</li>#Newline<li>Promises and pie crusts were made for breaking. Another quote?</li>#Newline<li> In the land of the blind the one-eyed man is king. Another quote?</li>#Newline<li> Don't knock masturbation. It is sex with someone you love -- Woody Allen. Another quote?</li>#Newline<li>Materialism is the monopoly stage of capitalism -- Lenin#Comma 1916. Another quote?</li>#Newline<li> Riches are a gift from Heaven signifying#Comma "This is my beloved son#Comma in whom I am well pleased. " (John D.  Rockefeller) Another quote?</li>#Newline<li>A week is a long time in politics -- Harold Wilson#Comma 1964. Another quote?</li>#Newline<li>Buy old masters. They fetch a better price than old mistresses#Comma according to Lord Beaverbrook</li>#Newline<li>Drugs are bet with the mind#Comma according to Jim Morrison.</li>#Newline<li>One man's wage increase is another man's price increase -- Harold Wilson#Comma 1970. Another quote?</li>#Newline<li>You cannot now#Comma if you ever could#Comma spend your way out of a recession -- James Callaghan#Comma 1976. Another quote?</li>#Newline<li>Bigamy is having one wife too many. Monogamy is the same thing -- Oscar Wilde. Another quote?</li>#Newline<li>An honest politician is one who when he's bought stays bought -- Simon Cameron#Comma 1850. Another quote?</li>#Newline<li>Beer makes you feel the way you ought to feel without it -- Henry Lawson. Another quote?</li>#Newline<li>They that drink beer will think beer -- Washington Irving. Another quote? </li>#Newline<li>I work until beer o'clock -- Steven King. Another quote?</li>#Newline<li>Denial ain't just a river in Egypt#Comma according to Mark Twain.</li>#Newline<li>Things should be as simple as possible#Comma but not simpler#Comma said Albert Einstein. </li>#Newline<li>I don't believe in astrology. I'm a Sagittarian and we're skeptical -- Arthur C Clarke. Another quote?</li>#Newline<li>Be suspicious of any doctor who tries to take you temperature with his finger -- David Letterman. Another quote?</li>#Newline<li>Riches are the savings of many in the hands of one. (Eugene Debs) Another quote? </li>#Newline<li> If it's hard to remember#Comma it'll be difficult to forget -- Arnold Schwazenegger. Another quote?</li>#Newline<li>While driving I had an accident with a magician. He came out of nowhere -- Auggie Cook. Another quote?</li>#Newline<li>Birds sing after a storm#Comma why shouldn't we -- Rose Kennedy. Another quote?</li>#Newline<li>To an accountant#Comma a work of art is an investment that hangs on the wall#Comma according to Hilary Alexander. Another quote?</li>#Newline<li>All great truths  begin as blasphemies -- George Bernard Shaw. Another quote?</li>#Newline<li>I'm an atheist and I thank God for it -- George Bernard Shaw. Another quote?</li>#Newline<li>Gossip is when you hear something you like about someone you don't  --    Earl Wilson.  Another quote?</li>#Newline<li>As you well know#Comma I never repeat gossip. So listen very carefully; I'm only going to tell you once ... Another quote?</li>#Newline<li>A woman says to her friend#Comma "Peggy told me that you told her the secret I told you not to tell her." "Well#Comma" replies her friend in a hurt tone#Comma "I told her not to tell you I told her." "Oh dear!" says the woman#Comma "well#Comma don't tell her I told you that she told me." Another quote?</li>#Newline<li>A foolish consistency is the hobgoblin of small minds -- Emerson. Another quote? </li> #Newline<li>A man's character is his fate -- Heraclitus. Another quote?</li>#Newline<li>Sternly#Comma remorselessly#Comma fate guides each of us; only at the beginning#Comma when we're absorbed in details#Comma in all sorts of nonsense#Comma in ourselves#Comma are we unaware of its harsh hand -- Ivan Turgenev. Another quote?</li>#Newline<li>Illusion is the first of all pleasures -- Voltaire. Another quote?#Newline</li>#Newline#Newline</random>#Newline<think><set name="topic">quotes</set></think>,chomsky092.aiml
0,QUOTES ABOUT POLITICS,*,*,<random>#Newline<li>"It's no exaggeration to say that the undecideds could go one way or the other"  (George W Bush)  </li>#Newline<li>"It's clearly a budget. It's got a lot of numbers in it." (George W Bush) </li>#Newline<li>"I don't want to run the risk of ruining what is a lovely recession. (George W Bush) </li>#Newline<li>"Some reporters said I don't have any vision. I don't see that. (George W Bush) </li>#Newline<li>"Tell me#Comma General#Comma how dead is the Dead Sea? (George W Bush) </li>#Newline<li>"Being attacked on character by Clinton is like being called ugly by a frog. (George W Bush) </li>#Newline<li>Materialism is the monopoly stage of capitalism.  (Lenin#Comma 1916)</li>#Newline<li>A week is a long time in politics. (Harold Wilson#Comma 1964 )</li>#Newline<li>One man's wage increase is another man's price increase. (Harold Wilson#Comma 1970)</li>#Newline<li>You cannot now#Comma if you ever could#Comma spend your way out of a recession. (James Callaghan#Comma 1976)</li>#Newline<li>An honest politician is one who when he's bought stays bought. (Simon Cameron#Comma 1850)</li>#Newline</random>#Newline<think><set name="topic">politics</set></think>,chomsky092.aiml
0,QUOTES2,*,*,<random>#Newline<li>"It's no exaggeration to say that the undecideds could go one way or the other"  (George W Bush)  </li>#Newline<li>"It's clearly a budget. It's got a lot of numbers in it." (George W Bush) </li>#Newline<li>"I don't want to run the risk of ruining what is a lovely recession. (George W Bush) </li>#Newline<li>"Some reporters said I don't have any vision. I don't see that. (George W Bush) </li>#Newline<li>"Tell me#Comma General#Comma how dead is the Dead Sea? (George W Bush) </li>#Newline<li>Every artist writes his own autobiography#Comma said Havelock Ellis. </li> #Newline<li>"Being attacked on character by Clinton is like being called ugly by a frog. (George W Bush) </li>#Newline<li>Writing history#Comma Gustave Flaubert once said#Comma is like drinkg an ocean and pissing a cupful. Another quote?</li>#Newline<li>Materialism is the monopoly stage of capitalism.  (Lenin#Comma 1916)</li>#Newline <li>"It is appallingly obvious that our technology exceeds our humanity." -- Albert Einstein</li>#Newline  <li>"Genius is one percent inspiration#Comma and ninety-nine percent perspiration." -- Thomas Alva Edison</li>#Newline  <li>"The most beautiful thing we can experience is the mysterious. It is the source of all true art and all science. He to whom this emotion is a stranger#Comma who can no longer pause to wonder and stand rapt in awe#Comma is as good as dead: his eyes are closed." -- Albert Einstein</li>#Newline  <li>"Great spirits have always found violent opposition from mediocrities. The latter cannot understand it when a man does not thoughtlessly submit to hereditary prejudices but honestly and courageously uses his intelligence." -- Albert Einstein</li>#Newline  <li>"Only two things are infinite#Comma the universe and human stupidity#Comma and I'm not sure about the former." -- Albert Einstein</li>#Newline  <li>"Reality is merely an illusion#Comma albeit a very persistent one." -- Albert Einstein#Newline  </li>#Newline  <li>"There are only two ways to live your life. One is as though nothing is a miracle. The other is as though everything is a miracle." -- Albert Einstein#Newline  </li>#Newline  <li>"Poetry builds a great truth out of many small lies. Politics builds a great lie out of many small truths." -- Paul Lutus</li>#Newline  <li>"As the island of our knowledge grows#Comma so does the shore of our ignorance." -- John Wheeler</li>#Newline  <li>"We shall not cease from exploration#Comma and the end of all our exploring will be to arrive where we started and know the place for the first time." -- T. S. Eliot</li>#Newline  <li>"Most people would rather die than think; in fact#Comma they do so." -- Bertrand Russell</li>#Newline  <li>"The reasonable man adapts himself to the world; the unreasonable one persists in trying to adapt the world to himself. Therefore#Comma all progress depends on the unreasonable man." -- George Bernard Shaw</li>#Newline  <li>"The opposite of a correct statement is a false statement. The opposite of a profound truth may well be another profound truth." -- Niels Bohr</li>#Newline  <li>"In my opinion#Comma the greatest single failure of American education is that students come away unable to distinguish between a symbol and the thing the symbol stands for." -- Paul Lutus</li>#Newline  <li>"I do not feel obliged to believe that the same God who has endowed us with sense#Comma reason#Comma and intellect has intended us to forgo their use." -- Galileo Galilei</li>#Newline  <li>"You must be the change you wish to see in the world." -- Mahatma Gandhi#Newline  </li>#Newline  <li>"In any non-trivial axiomatic system#Comma there are true theorems which cannot be proven." -- Kurt Godel</li>#Newline  <li>"The best way to predict the future is to invent it." -- Alan Kay</li>#Newline  <li>"With each passing year#Comma because of advances in computer technology#Comma there are more things#Comma each more sophisticated#Comma that we aren't allowed to do any more." -- Paul Lutus</li>#Newline  <li>"We do not inherit the land#Comma we borrow it from our children." -- Native American Proverb</li>#Newline  <li>"It is better to remain silent and be thought a fool than to open one's mouth and remove all doubt." -- Voltaire</li>#Newline  <li>"Life is what happens to us while we're making other plans" -- John Lennon#Newline  </li>#Newline  <li>"Be careful while reading health books#Comma you might die of a misprint." -- Mark Twain</li>#Newline  <li>"Man is the only animal that blushes -- or needs to." -- Mark Twain</li>#Newline  <li>"He who asks is a fool for five minutes#Comma but he who does not ask remains a fool forever." -- Chinese Proverb</li>#Newline  <li>"If all economists were laid end to end#Comma they would not reach a conclusion." -- George Bernard Shaw</li>#Newline  <li>"It has been said that the primary function of schools is to impart enough facts to make children stop asking questions. Some#Comma with whom the schools do not succeed#Comma become scientists." -- Knut Schmidt-Nielsen#Newline  </li>#Newline  <li>"If you really want to be lonely#Comma get married." -- Gloria Steinem#Newline  </li>#Newline  <li>"In some sort of crude sense#Comma which no vulgarity#Comma no humor#Comma no overstatement can quite extinguish#Comma the physicists have known sin; and this is a knowledge which they cannot lose." -- J. Robert Oppenheimer#Newline  </li>#Newline  <li>"A person who won't think has no advantage over one who can't think." -- Paul Lutus#Newline  </li>#Newline  <li>"The test of a first-rate intelligence is the ability to hold two opposed ideas in the mind at the same time#Comma and still retain the ability to function." -- F. Scott Fitzgerald#Newline  </li>#Newline  <li>"Any intelligent woman who reads the marriage contract and then goes into it#Comma deserves all the consequences." -- Isadora Duncan#Newline  </li>#Newline  <li>"Truth never damages a cause that is just." -- Mahatma Gandhi</li>#Newline  <li>"Please accept my resignation. I don't care to belong to any club that will have me as a member." -- Groucho Marx#Newline  </li>#Newline  <li>"As far as the laws of mathematics refer to reality#Comma they are not certain#Comma and as far as they are certain#Comma they do not refer to reality." -- Albert Einstein#Newline  </li>#Newline  <li>"Did you know you can't steer a boat that isn't moving? Just like a life." -- Paul Lutus#Newline  </li>#Newline  <li>"People are always blaming their circumstances for what they are. I don't believe in circumstances. The people who get on in this world are the people who get up and look for the circumstances they want#Comma and#Comma if they can't find them#Comma make them." -- George Bernard Shaw#Newline  </li>#Newline  <li>"Americans are willing to go to enormous trouble and expense defending their principles with arms#Comma very little trouble and expense advocating them with words. Temperamentally we are ready to die for certain principles (or#Comma in the case of overripe adults#Comma send youngsters to die)#Comma but we show little inclination to advertise the reasons for dying." -- E.B. White#Newline  </li>#Newline  <li>"When you read the history of the human family#Comma it slowly comes to you that all the world's oceans once fell as tears." -- Paul Lutus#Newline  </li>#Newline  <li>"I never saw a wild thing sorry for itself. A small bird will drop frozen dead from a bough without ever having felt sorry for itself." -- D. H. Lawrence#Newline  </li>#Newline  <li>"A mathematician is a machine for turning coffee into theorems." -- Paul Erdos#Newline  </li>#Newline  <li>"Religion is designed for stupid people. Science is designed for stupid people who are embarrassed by their stupidity#Comma who want to do something about it." -- Paul Lutus#Newline  </li>#Newline  <li>"No amount of observations of white swans can allow the inference that all swans are white#Comma but the observation of a single black swan is sufficient to refute that conclusion." -- Karl Popper#Newline  </li>#Newline  <li>"The first step to getting the things you want out of life is this: Decide what you want." -- Ben Stein#Newline  </li>#Newline  <li>"Experience is a hard teacher because she gives the test first#Comma the lesson afterwards." -- Vernon Sander's Law#Newline  </li>#Newline  <li>"Imagination is more important that knowledge." -- Albert Einstein</li>#Newline  <li>"Much learning does not teach a man to have intelligence." -- Heraclitus#Newline  </li>#Newline  <li>"If computers get too powerful#Comma we can organize them into a committee#Comma that will do them in." -- Bradley's Bromide#Newline  </li>#Newline  <li>"The secret to creativity is knowing how to hide your sources." -- Albert Einstein#Newline  </li>#Newline  <li>"An ounce of loyalty is worth a pound of cleverness." -- Elbert Hubbard#Newline  </li>#Newline  <li>"Be everywhere#Comma do everything#Comma and never fail to astonish the customer."#Newline -- Macy's Motto#Newline  </li>#Newline  <li>"The greatest way to live with honor in this world is to be what we pretend to be." -- Socrates#Newline  </li>#Newline  <li>"The sole advantage of power is that you can do more good." -- Baltasar Gracian#Newline  </li>#Newline  <li>"Reality is the leading cause of stress amongst those in touch with it." #Newline -- Jane Wagner (and Lily Tomlin)#Newline  </li>#Newline  <li>"Young love is a flame; very pretty#Comma often very hot and fierce#Comma but still only light and flickering. The love of the older and disciplined heart is as coals#Comma deep burning#Comma unquenchable." -- Henry Ward Beecher#Newline  </li>#Newline  <li>"We all have the extraordinary coded within us#Comma waiting to be released." #Newline -- Jean Houston#Newline  </li>#Newline  <li>"Stay centered by accepting whatever you are doing. This is the ultimate." #Newline -- Chuang-tzu#Newline  </li>#Newline  <li>"The important thing was to love rather than to be loved." -- W. Somerset Maugham#Newline  </li>#Newline  <li>"Look not mournfully into the past. It comes not back again. Wisely improve the present. It is thine. Go forth to meet the shadowy future#Comma without fear." --Henry Wadsworth Longfellow#Newline  </li>#Newline  <li>"Never ever suggest they don't have to pay you. What they pay for#Comma they'll value. What they get for free#Comma they'll take for granted#Comma and then demand as a right. Hold them up for all the market will bear." -- Lois McMaster Bujold#Newline  </li>#Newline  <li>"All the President is#Comma is a glorified public relations man who spends his time flattering#Comma kissing and kicking people to get them to do what they are supposed to do anyway." -- Harry S Truman#Newline  </li>#Newline  <li>"To establish oneself in the world#Comma one has to do all one can to appear established." -- Francois de La Rochefoucauld#Newline  </li>#Newline#Newline<li>A week is a long time in politics. (Harold Wilson#Comma 1964 )</li>#Newline<li>One man's wage increase is another man's price increase. (Harold Wilson#Comma 1970)</li>#Newline<li>You cannot now#Comma if you ever could#Comma spend your way out of a recession. (James Callaghan#Comma 1976)</li>#Newline<li>An honest politician is one who when he's bought stays bought. (Simon Cameron#Comma 1850)</li>#Newline</random>#Newline<think><set name="topic">politics</set></think>,chomsky092.aiml
0,QUOTES ABOUT ASTROLOGY,*,*,<random>#Newline<li>If one were to bring ten of the wisest men in the world together and ask them what was the most stupid thing in existence#Comma they would not be able to discover anything so stupid as astrology."  David Hilbert.</li>#Newline<li>I don't believe in astrology. I'm a Sagittarian and we're skeptical.  (Arthur C Clarke)</li>#Newline<li>Most people today still believe#Comma perhaps unconsciously#Comma in the heliocentric universe ... every newspaper in the land has a section on astrology#Comma yet few have anything at all on astronomy#Comma according to Swedish scientist Hannes Alfven. </li>#Newline#Newline</random>#Newline<think><set name="topic">astrology</set></think>,chomsky092.aiml
0,QUOTES ABOUT FOOD,*,*,<random>#Newline<li>Beer makes you feel the way you ought to feel without it.  (Henry Lawson) </li>#Newline<li>They that drink beer will think beer.   (Washington Irving) </li>#Newline<li>I work until beer o'clock. (Steven King) </li>#Newline<li>One should eat to live#Comma and not live to eat#Comma said Moliere.</li>#Newline</random>#Newline<think><set name="topic">food</set></think>,chomsky092.aiml
0,OSCAR ON LOVE AND MARRIAGE,*,*,<random>#Newline#Newline<li>The Niagara Falls is simply a vast amount of water going the wrong way over some unnecessary rocks; the sight of that waterfall must be one of the earliest and keenest disappointments in American married life. (Oscar Wilde) Another quote?</li>#Newline<li>A man can be happy with any woman#Comma so long as he does not love her. (Oscar Wilde) Another quote?</li>#Newline<li>The happiness of a married man depends on the people he has not married. (Oscar Wilde) Another quote?</li>#Newline<li>The husbands of very beautiful women usually belong to the criminal classes. (Oscar Wilde) Another quote?</li>#Newline<li>London if full of women who trust their husbands; one can always recognise them because they look so thoroughly happy. (Oscar Wilde) Another quote?</li>#Newline<li>Twenty years of romance makes a woman look like a ruin; twenty years of marriage makes her look like a public building. (Oscar Wilde) Another quote?</li>#Newline<li>The three women I have most admired are Queen Victoria#Comma Sarah Bernhardt#Comma and Lillie Langtry. The first had great dignity#Comma the second a lovely voice#Comma and the third a perfect figure; I would have married any one of them with the greatest pleasure. (Oscar Wilde) Another quote?</li>#Newline<li>The only real tragedy in a woman's life is that her past is always her lover#Comma and the future is invariably her husband. (Oscar Wilde) Another quote? </li>#Newline<li>In married life#Comma three is company#Comma two is none. (Oscar Wilde) Another quote?</li>#Newline<li>The proper basis for a marriage is mutual misunderstanding. (Oscar Wilde) Another quote?</li>#Newline<li>There is nothing in the world like the devotion of a married woman; it's a thing that no married man knows anything about. (Oscar Wilde) Another quote?</li>#Newline<li>When a woman marries again#Comma it is because she detested her first husband; when a man marries again; it is because he adored his first wife. Women try their luck#Comma men risk theirs. (Oscar Wilde) Another quote?</li>#Newline<li>I have always been of the opinion that a man about to get married should know either everything or nothing. (Oscar Wilde) Another quote?</li>#Newline<li>Men marry because they are tired#Comma women because they are curious; both are disappointed. (Oscar Wilde) Another quote?</li>#Newline<li>Religion is an illusion and it derives its strength from the fact that it falls in with our instinctual desires. (Sigmund Freud) Another quote?</li>#Newline#Newline#Newline</random>#Newline<think><set name="topic">quotes</set></think>,chomsky092.aiml
0,QUOTES3,*,*,<random>#Newline#Newline<li>The Niagara Falls is simply a vast amount of water going the wrong way over some unnecessary rocks; the sight of that waterfall must be one of the earliest and keenest disappointments in American married life. (Oscar Wilde) Another quote?</li>#Newline<li>A man can be happy with any woman#Comma so long as he does not love her. (Oscar Wilde) Another quote?</li>#Newline<li>The happiness of a married man depends on the people he has not married. (Oscar Wilde) Another quote?</li>#Newline<li>The husbands of very beautiful women usually belong to the criminal classes. (Oscar Wilde) Another quote?</li>#Newline<li>London if full of women who trust their husbands; one can always recognise them because they look so thoroughly happy. (Oscar Wilde) Another quote?</li>#Newline<li>Twenty years of romance makes a woman look like a ruin; twenty years of marriage makes her look like a public building. (Oscar Wilde) Another quote?</li>#Newline<li>Art does not reproduce what is visible; it makes things visible#Comma according to Paul Klee.</li>#Newline<li>The three women I have most admired are Queen Victoria#Comma Sarah Bernhardt#Comma and Lillie Langtry. The first had great dignity#Comma the second a lovely voice#Comma and the third a perfect figure; I would have married any one of them with the greatest pleasure. (Oscar Wilde) Another quote?</li>#Newline<li>The only real tragedy in a woman's life is that her past is always her lover#Comma and the future is invariably her husband. (Oscar Wilde) Another quote? </li>#Newline<li>In married life#Comma three is company#Comma two is none. (Oscar Wilde) Another quote?</li>#Newline<li>The proper basis for a marriage is mutual misunderstanding. (Oscar Wilde) Another quote?</li>#Newline<li>There is nothing in the world like the devotion of a married woman; it's a thing that no married man knows anything about. (Oscar Wilde) Another quote?</li>#Newline<li>When a woman marries again#Comma it is because she detested her first husband; when a man marries again; it is because he adored his first wife. Women try their luck#Comma men risk theirs. (Oscar Wilde) Another quote?</li>#Newline<li>I have always been of the opinion that a man about to get married should know either everything or nothing. (Oscar Wilde) Another quote?</li>#Newline<li>Men marry because they are tired#Comma women because they are curious; both are disappointed. (Oscar Wilde) Another quote?</li>#Newline<li>The great masses of the people... will more easily fall victims to a great lie than to a small one. -- Adolf Hitler</li>#Newline<li>Humour brings insight and tolerance. Irony brings a deeper and less friendly understanding. -- Agnes Repplier</li>#Newline<li>You can go a long way with a smile. You can go a lot farther with a smile and a gun. -- Al Capone</li>#Newline<li>And it came to pass that in the hands of the ignorant#Comma the words of the Bible were used to beat plowshares into swords.  -- Alan Wilson Watts</li>#Newline<li>At any street corner the feeling of absurdity can strike any man in the face. -- Albert Camus</li>#Newline#Newline</random>#Newline<think><set name="topic">quotes</set></think>,chomsky092.aiml
0,OSCAR AT LARGE,*,*,<random>#Newline#Newline<li>Anyone can sympathize with the sufferings of a friend; it requires a very fine nature to sympathize with a friends' success. (Oscar Wilde) Another quote?</li>#Newline<li>A little sincerity is a dangerous thing#Comma and a great deal of it is absolutely fatal. (Oscar Wilde) Another quote?</li>#Newline<li>Perhaps#Comma after all#Comma America has never been discovered; I prefer to think that is has merely been detected. (Oscar Wilde) Another quote?</li>#Newline<li>Of course America has often been discovered before Columbus#Comma but is was always hushed up. (Oscar Wilde) Another quote?</li>#Newline<li>The youth of America is their oldest tradition; it has been going on now for three hundred years. (Oscar Wilde) Another quote?</li>#Newline<li>If you find a box labelled American Dry Goods#Comma you can be reasonably sure it will contain nothing but their novels. (Oscar Wilde) Another quote?</li>#Newline<li>Education is a wonderful thing#Comma provided you always remember that nothing worth knowing can ever be taught. (Oscar Wilde) Another quote?</li>#Newline<li>It is a very sad thing that nowadays there is so little useless information around. (Oscar Wilde) Another quote?</li>#Newline<li>Ignorance is a rare exotic fruit; touch it#Comma and the bloom has gone. (Oscar Wilde) Another quote?</li>#Newline<li>The only duty we owe history is to rewrite it. (Oscar Wilde) Another quote?</li>#Newline<li>The English country gentleman galloping after a fox - the unspeakable in pursuit of the inedible. (Oscar Wilde) Another quote?</li>#Newline<li>Democracy is simply the bludgeoning of the people for the people by the people. (Oscar Wilde) Another quote?</li>#Newline<li>Work is the curse of the drinking classes. (Oscar Wilde) Another quote?</li>#Newline<li>I find that alcohol#Comma taken in sufficient quantities#Comma produces all the effects of intoxication. (Oscar Wilde) Another quote?</li>#Newline<li>Consistency is the last refuge of the unimaginative. (Oscar Wilde) Another quote?</li>#Newline<li>A cynic is a man who knows the price of everything but the value of nothing. (Oscar Wilde) Another quote?</li>#Newline<li>Fashion is what one wears oneself; what is unfashionable is what other people wear. (Oscar Wilde) Another quote?</li>#Newline<li>No great artist ever sees things as they really are; if he did#Comma he would cease to be an artist. (Oscar Wilde) Another quote?</li>#Newline<li>Society often forgives the criminal but it never forgives the dreamer. (Oscar Wilde) Another quote?</li>#Newline<li>There is no such thing as a moral or immoral book; books are well written or badly written. (Oscar Wilde) Another quote?</li>#Newline<li>Examinations consist of the foolish asking questions the wise cannot answer. (Oscar Wilde) Another quote?</li>#Newline<li>Punctuality is the thief of time. (Oscar Wilde) Another quote?</li>#Newline<li>The truth is rarely pure and never simple. (Oscar Wilde) Another quote?</li>#Newline#Newline</random>#Newline<think><set name="topic">quotes</set></think>,chomsky092.aiml
0,QUOTES4,*,*,<random>#Newline#Newline<li>Anyone can sympathize with the sufferings of a friend; it requires a very fine nature to sympathize with a friends' success. (Oscar Wilde) Another quote?</li>#Newline<li>A little sincerity is a dangerous thing#Comma and a great deal of it is absolutely fatal. (Oscar Wilde) Another quote?</li>#Newline<li>Perhaps#Comma after all#Comma America has never been discovered; I prefer to think that is has merely been detected. (Oscar Wilde) Another quote?</li>#Newline<li>Of course America has often been discovered before Columbus#Comma but is was always hushed up. (Oscar Wilde) Another quote?</li>#Newline<li>The youth of America is their oldest tradition; it has been going on now for three hundred years. (Oscar Wilde) Another quote?</li>#Newline<li>If you find a box labelled American Dry Goods#Comma you can be reasonably sure it will contain nothing but their novels. (Oscar Wilde) Another quote?</li>#Newline<li>Education is a wonderful thing#Comma provided you always remember that nothing worth knowing can ever be taught. (Oscar Wilde) Another quote?</li>#Newline<li>It is a very sad thing that nowadays there is so little useless information around. (Oscar Wilde) Another quote?</li>#Newline<li>Ignorance is a rare exotic fruit; touch it#Comma and the bloom has gone. (Oscar Wilde) Another quote?</li>#Newline<li>The only duty we owe history is to rewrite it. (Oscar Wilde) Another quote?</li>#Newline<li>The English country gentleman galloping after a fox - the unspeakable in pursuit of the inedible. (Oscar Wilde) Another quote?</li>#Newline<li>Democracy is simply the bludgeoning of the people for the people by the people. (Oscar Wilde) Another quote?</li>#Newline<li>Work is the curse of the drinking classes. (Oscar Wilde) Another quote?</li>#Newline<li>I find that alcohol#Comma taken in sufficient quantities#Comma produces all the effects of intoxication. (Oscar Wilde) Another quote?</li>#Newline<li>Consistency is the last refuge of the unimaginative. (Oscar Wilde) Another quote?</li>#Newline<li>Suburbia is where the developer bulldozes out the trees#Comma then names the streets after them.  -- Bill Vaughn</li>#Newline<li>Champions keep playing until they get it right. -- Billie Jean King</li>#Newline<li>Half of the world's misery comes from ignorance. The other half comes from intelligence. -- Bonar Thompson</li>#Newline<li>A sound discretion is not so much indicated by never making a mistake as by never repeating it. -- Christian Nestell Bovee</li>#Newline<li>Just as a picture is drawn by an artist#Comma surroundings are created by the activities of the mind. -- Buddha</li>#Newline<li>There is no limit to what a man can do so long as he does not care a straw who gets the credit for it. -- C. E. Montague</li>#Newline<li>Duct tape is like the Force. It has a dark side#Comma it has a light side#Comma and it holds the Universe together. -- Carl Zwanig</li>#Newline<li>Actions lie louder than words. -- Carolyn Wells</li>#Newline<li>There is a wide difference between true courage and a mere contempt of life. -- Cato the Elder</li>#Newline<li>By the streets of 'by and by'#Comma one arrives at the house of 'never'. -- Cervantes</li>#Newline<li>Examinations are formidable even to the best prepared#Comma for the greatest fool may ask more than the wisest man can answer. -- Charles Caleb Coulton</li>#Newline<li>A mathematician is a blind man in a dark room looking for a black cat which isn't there. -- Charles Darwin</li>#Newline<li>No one is useless in this world who lightens the burden of it for anyone else.      -- Charles Dickens</li>#Newline<li>I've heard snappier comebacks from a bowl of Rice Krispies. -- Charles Emerson Winchester III</li>#Newline<li>Don't worry about the world coming to an end today. It's already tomorrow in Australia. -- Charles Schultz</li>#Newline<li>Ambition is a poor excuse for not having sense enough to be lazy. -- Charlie McCarthy</li>#Newline<li>Any idiot can face a crisis; it is this day-to-day living that wears you out. -- Chekhov</li>#Newline<li>Sculpture is mudpies which endure#Comma according to Cyril Connolly.</li>#Newline<li>A cynic is a man who knows the price of everything but the value of nothing. (Oscar Wilde) Another quote?</li>#Newline<li>Fashion is what one wears oneself; what is unfashionable is what other people wear. (Oscar Wilde) Another quote?</li>#Newline<li>No great artist ever sees things as they really are; if he did#Comma he would cease to be an artist. (Oscar Wilde) Another quote?</li>#Newline<li>Society often forgives the criminal but it never forgives the dreamer. (Oscar Wilde) Another quote?</li>#Newline#Newline</random>#Newline<think><set name="topic">quotes</set></think>,chomsky092.aiml
0,OSCAR ON LIFE,*,*,<random>#Newline#Newline<li>The book of life begins with a man and woman in a garden; it ends with revelations. (Oscar Wilde) Another quote?</li>#Newline<li>The good end happily and the bad unhappily; that is what fiction means. (Oscar Wilde) Another quote?</li>#Newline<li>We are all in the gutter#Comma but some of us are looking at the stars. (Oscar Wilde) Another quote?</li>#Newline<li>Experience is the name we all give to our mistakes. (Oscar Wilde) Another quote?</li>#Newline<li>There is no such thing as a moral or immoral book; books are well written or badly written. (Oscar Wilde) Another quote?</li>#Newline<li>Examinations consist of the foolish asking questions the wise cannot answer. (Oscar Wilde) Another quote?</li>#Newline<li>Punctuality is the thief of time. (Oscar Wilde) Another quote?</li>#Newline<li>The truth is rarely pure and never simple. (Oscar Wilde) Another quote?</li>#Newline<li>The only thing worse in the world than being talked about is not being talked about. (Oscar Wilde) Another quote?</li>#Newline<li>Children begin by loving their parents. After a time#Comma they judge them; rarely is ever do they forgive them. (Oscar Wilde) Another quote?</li>#Newline<li>The old believe everything; the middle-aged suspect everything; the young know everything. (Oscar Wilde) Another quote?</li>#Newline<li>Nothing succeeds like excess. (Oscar Wilde) Another quote?</li>#Newline<li>In this world there are only two tragedies; one is not getting what one wants#Comma the other is getting it. (Oscar Wilde) Another quote?</li>#Newline<li>To lose one parent may be regarded as a misfortune; to lose both looks like carelessness. (Oscar Wilde) Another quote?</li>#Newline<li>To get back one's youth#Comma one merely has to repeat one's follies. (Oscar Wilde) Another quote?</li>#Newline<li>Young people nowadays assume that money is everything#Comma and when they get older they know it. (Oscar Wilde) Another quote?</li>#Newline <li>It is better to have a permanent income than to be fascinating. (Oscar Wilde) Another quote?</li>#Newline<li>No man is ever rich enough to buy back his past. (Oscar Wilde) Another quote?</li>#Newline<li>A man cannot be too careful in his choice of enemies. (Oscar Wilde) Another quote?</li>#Newline<li>Every great man nowadays has his disciples#Comma but it is always Judas who writes the biography. (Oscar Wilde) Another quote?</li>#Newline#Newline</random>#Newline<think><set name="topic">quotes</set></think>,chomsky092.aiml
0,QUOTES5,*,*,<random>#Newline#Newline<li>The book of life begins with a man and woman in a garden; it ends with revelations. (Oscar Wilde) Another quote?</li>#Newline<li>The good end happily and the bad unhappily; that is what fiction means. (Oscar Wilde) Another quote?</li>#Newline<li>We are all in the gutter#Comma but some of us are looking at the stars. (Oscar Wilde) Another quote?</li>#Newline<li>Experience is the name we all give to our mistakes. (Oscar Wilde) Another quote?</li>#Newline<li>When people are free to do as they please#Comma they usually imitate each other. -- Eric Hoffer</li>#Newline<li>Advice is what we ask for when we already know the answer but wish we didn't. -- Erica Jong</li>#Newline<li>Immature love says: "I love you because I need you." Mature love says: "I need you because I love you."  -- Erich Fromm</li>#Newline<li>Love is the only sane and satisfactory answer to the problem of human existence. -- Erich Fromm</li>#Newline<li>Television -- a medium so called because it is neither rare nor well-done. -- Ernie Kovacs</li>#Newline<li>Someday we'll look back on this moment and plow into a parked car. -- Evan Davis</li>#Newline<li>Experience is that marvellous thing that enables you recognise a mistake when you make it again. -- F.P. Jones</li>#Newline<li>The only thing worse in the world than being talked about is not being talked about. (Oscar Wilde) Another quote?</li>#Newline<li>Children begin by loving their parents. After a time#Comma they judge them; rarely is ever do they forgive them. (Oscar Wilde) Another quote?</li>#Newline<li>The old believe everything; the middle-aged suspect everything; the young know everything. (Oscar Wilde) Another quote?</li>#Newline<li>Nothing succeeds like excess. (Oscar Wilde) Another quote?</li>#Newline<li>In this world there are only two tragedies; one is not getting what one wants#Comma the other is getting it. (Oscar Wilde) Another quote?</li>#Newline<li>A highbrow is the kind of person who looks at a sausage and thinks of Picasso. (A.P. Herbert)</li>#Newline<li>Art is not a mirror to reflect the world#Comma but a hammer with which to shape it#Comma according to Vladimir Mayakovsky.</li>#Newline<li>To lose one parent may be regarded as a misfortune; to lose both looks like carelessness. (Oscar Wilde) Another quote?</li>#Newline<li>To get back one's youth#Comma one merely has to repeat one's follies. (Oscar Wilde) Another quote?</li>#Newline<li>Young people nowadays assume that money is everything#Comma and when they get older they know it. (Oscar Wilde) Another quote?</li>#Newline<li>It is better to have a permanent income than to be fascinating. (Oscar Wilde) Another quote?</li>#Newline<li>No man is ever rich enough to buy back his past. (Oscar Wilde) Another quote?</li>#Newline<li>A man cannot be too careful in his choice of enemies. (Oscar Wilde) Another quote?</li>#Newline<li>Every great man nowadays has his disciples#Comma but it is always Judas who writes the biography. (Oscar Wilde) Another quote?</li>#Newline#Newline</random>#Newline<think><set name="topic">quotes</set></think>,chomsky092.aiml
0,THE IMPORTANCE OF BEING OSCAR,*,*,<random>#Newline#Newline<li>When I had to fill in the immigration papers#Comma I gave my age as 19#Comma and my profession as genius; I added that I had nothing to declare except my talent. I have put my genius into my life#Comma whereas all I have put into my work is my talent. (Oscar Wilde) Another quote?</li>#Newline<li>I can resist everything except temptation. (Oscar Wilde) Another quote?</li>#Newline<li>I have very simple tastes#Comma I am always satisfied with the very best. (Oscar Wilde) Another quote?</li>#Newline<li>I like talking to a brick wall#Comma I find it is the only thing that never contradicts me. (Oscar Wilde) Another quote?</li>#Newline<li>Whenever people agree with me#Comma I always feel I must be wrong. (Oscar Wilde) Another quote?</li>#Newline<li>One half of the world does not believe in God#Comma and the other half does not believe in me. (Oscar Wilde) Another quote?</li>#Newline<li>Praise makes me humble#Comma but when I am abused I know I have touched the stars. (Oscar Wilde) Another quote?</li>#Newline<li>I shall have to die#Comma as I have lived#Comma beyond my means. (Oscar Wilde) Another quote?</li>#Newline<li>To regain my youth I would do anything in the world#Comma except take exercise#Comma get up early#Comma or become respectable. (Oscar Wilde) Another quote?</li>#Newline<li>If this is the way Queen Victoria treats her prisoners#Comma she doesn't deserve to have any. (Oscar Wilde) Another quote?</li>#Newline<li>I shall never make a new friend in life#Comma though I rather hope to make a few in death. (Oscar Wilde) Another quote?</li>#Newline<li>I have had my hand on the moon; what is the use of trying to rise a little way from the ground? (Oscar Wilde) Another quote?</li>#Newline<li>This wallpaper will be the death of me; one of us will have to go. (Oscar Wilde) Another quote?</li>#Newline#Newline#Newline</random>#Newline<think><set name="topic">quotes</set></think>,chomsky092.aiml
0,QUOTES6,*,*,<random>#Newline#Newline<li>When I had to fill in the immigration papers#Comma I gave my age as 19#Comma and my profession as genius; I added that I had nothing to declare except my talent. I have put my genius into my life#Comma whereas all I have put into my work is my talent. (Oscar Wilde) Another quote?</li>#Newline<li>I can resist everything except temptation. (Oscar Wilde) Another quote?</li>#Newline<li>I have very simple tastes#Comma I am always satisfied with the very best. (Oscar Wilde) Another quote?</li>#Newline<li>I like talking to a brick wall#Comma I find it is the only thing that never contradicts me. (Oscar Wilde) Another quote?</li>#Newline<li>Whenever people agree with me#Comma I always feel I must be wrong. (Oscar Wilde) Another quote?</li>#Newline<li>If Botticelli were alive today he'd be working for Vogue#Comma according to Peter Ustinov.</li>#Newline<li>One half of the world does not believe in God#Comma and the other half does not believe in me. (Oscar Wilde) Another quote?</li>#Newline<li>Praise makes me humble#Comma but when I am abused I know I have touched the stars. (Oscar Wilde) Another quote?</li>#Newline<li>I shall have to die#Comma as I have lived#Comma beyond my means. (Oscar Wilde) Another quote?</li>#Newline<li>To regain my youth I would do anything in the world#Comma except take exercise#Comma get up early#Comma or become respectable. (Oscar Wilde) Another quote?</li>#Newline<li>If this is the way Queen Victoria treats her prisoners#Comma she doesn't deserve to have any. (Oscar Wilde) Another quote?</li>#Newline<li>I shall never make a new friend in life#Comma though I rather hope to make a few in death. (Oscar Wilde) Another quote?</li>#Newline<li>I have had my hand on the moon; what is the use of trying to rise a little way from the ground? (Oscar Wilde) Another quote?</li>#Newline<li>This wallpaper will be the death of me; one of us will have to go. (Oscar Wilde) Another quote?</li>#Newline<li>Confusion is a word we have invented for an order which is not understood. -- Henry Miller</li>#Newline<li>Some people are so afraid to die that they never begin to live. -- Henry Van Dyke</li>#Newline<li>The ultimate result of shielding men from the effects of folly is to fill the world with fools. -- Herbert Spencer</li>#Newline<li>Repartee is what you wish you'd said. - Heywood Broun</li>#Newline<li>Higdon's Law: "Good judgment comes from experience. Experience comes from bad judgment."</li>#Newline<li>Hofstadter's Law: "It always takes longer than you expect#Comma even when you take into account Hofstadter's Law."</li>#Newline<li>Lost#Comma yesterday#Comma somewhere between sunrise and sunset#Comma two golden hours#Comma each set with sixty diamond minutes. No reward is offered#Comma for they are gone forever. -- Horace Mann</li>#Newline<li>There are two kinds of people#Comma those who do the work and those who take the credit. Try to be in the first group; there is less competition there. -- Indira Gandhi</li>#Newline<li>You can't shake hands with a clenched fist. -- Indira Gandhi</li>#Newline</random>#Newline<think><set name="topic">quotes</set></think>,chomsky092.aiml
0,OSCAR ON WOMEN AND MEN,*,*,<random>#Newline#Newline<li>Women are sphinxes without secrets.  (Oscar Wilde) Another quote?</li>#Newline<li>American women are pretty and charming: little oases of elegant unreasonableness in a vast desert of practical common sense. (Oscar Wilde) Another quote? </li>#Newline<li>Many American women#Comma on leaving their native land#Comma adopt the appearance of chronic ill health#Comma under the misapprehension that illness is a form of European refinement. (Oscar Wilde) Another quote? </li>#Newline<li>All women become like their mothers#Comma that is their tragedy; no man does#Comma that is his. (Oscar Wilde) Another quote?</li>#Newline<li>Never trust a woman who tells you her real age; a woman who tells you that would tell you anything. (Oscar Wilde) Another quote?</li>#Newline<li>Women are meant to be loved#Comma not understood. (Oscar Wilde) Another quote?</li>#Newline<li>A woman will flirt with anyone in the world#Comma so long as other women are looking on. (Oscar Wilde) Another quote?</li>#Newline<li>Women can discover everything except the obvious. (Oscar Wilde) Another quote?</li>#Newline<li>If a woman wants to hold a man#Comma she has merely to appeal to the worst in him. (Oscar Wilde)</li>#Newline<li>Crying is the refuge of plain women and the ruin of pretty ones. (Oscar Wilde)</li>#Newline<li>If you really want to know what a woman means#Comma which is dangerous#Comma always look at her but never listen. (Oscar Wilde) Another quote?</li>#Newline<li>For fascinating women#Comma sex is a challenge; for others#Comma it is merely a defence. (Oscar Wilde) Another quote?</li>#Newline<li>35 is a very attractive age: London society is full of women who have#Comma of their own free choice#Comma remained 35 for years. (Oscar Wilde) Another quote?</li>#Newline<li>Women give to men the very gold of their lives; but they always want it back in small change. (Oscar Wilde) Another quote?</li>#Newline<li>I like men who have a future#Comma and women who have a past. (Oscar Wilde) Another quote?</li>#Newline<li>If a man is a gentleman he knows quite enough#Comma and if he is not a gentleman#Comma whatever he knows is likely to be bad for him. (Oscar Wilde) Another quote?</li>#Newline<li>Men become old#Comma they never become good. (Oscar Wilde) Another quote?</li>#Newline<li>The world was made for men and not for women. (Oscar Wilde) Another quote? </li>#Newline<li>I sometimes think that God#Comma in creating man#Comma rather overestimated His ability.  (Oscar Wilde) Another quote? </li>#Newline#Newline</random>#Newline<think><set name="topic">quotes</set></think>,chomsky092.aiml
0,QUOTES7,*,*,<random>#Newline#Newline<li>Women are sphinxes without secrets.  (Oscar Wilde) Another quote?</li>#Newline<li>American women are pretty and charming: little oases of elegant unreasonableness in a vast desert of practical common sense. (Oscar Wilde) Another quote? </li>#Newline<li>Many American women#Comma on leaving their native land#Comma adopt the appearance of chronic ill health#Comma under the misapprehension that illness is a form of European refinement. (Oscar Wilde) Another quote? </li>#Newline<li>All women become like their mothers#Comma that is their tragedy; no man does#Comma that is his. (Oscar Wilde) Another quote?</li>#Newline<li>Never trust a woman who tells you her real age; a woman who tells you that would tell you anything. (Oscar Wilde) Another quote?</li>#Newline<li>Women are meant to be loved#Comma not understood. (Oscar Wilde) Another quote?</li>#Newline<li>A woman will flirt with anyone in the world#Comma so long as other women are looking on. (Oscar Wilde) Another quote?</li>#Newline<li>Women can discover everything except the obvious. (Oscar Wilde) Another quote?</li>#Newline<li>If a woman wants to hold a man#Comma she has merely to appeal to the worst in him. (Oscar Wilde)</li>#Newline<li>Crying is the refuge of plain women and the ruin of pretty ones. (Oscar Wilde)</li>#Newline<li>If you really want to know what a woman means#Comma which is dangerous#Comma always look at her but never listen. (Oscar Wilde) Another quote?</li>#Newline<li>For fascinating women#Comma sex is a challenge; for others#Comma it is merely a defence. (Oscar Wilde) Another quote?</li>#Newline<li>35 is a very attractive age: London society is full of women who have#Comma of their own free choice#Comma remained 35 for years. (Oscar Wilde) Another quote?</li>#Newline<li>Women give to men the very gold of their lives; but they always want it back in small change. (Oscar Wilde) Another quote?</li>#Newline<li>I like men who have a future#Comma and women who have a past. (Oscar Wilde) Another quote?</li>#Newline<li>If a man is a gentleman he knows quite enough#Comma and if he is not a gentleman#Comma whatever he knows is likely to be bad for him. (Oscar Wilde) Another quote?</li>#Newline#Newline#Newline#Newline</random>#Newline<think><set name="topic">quotes</set></think>,chomsky092.aiml
0,QUOTES8,*,*,<random>#Newline<li>Ill Fortune never crushed that man whom good Fortune deceived not.   (Francis Bacon) Another quote? </li>#Newline<li>The more a man drinketh of the world#Comma the more it intoxicateth.    (FrancisBacon)</li>#Newline<li>It's a strange world of language in which skating on thin ice can get you into hot water. (Franklin P. Jones)</li>#Newline<li>I sometimes think that God#Comma in creating man#Comma rather overestimated His ability.  (Oscar Wilde) Another quote? </li>#Newline<li>A dead atheist is someone who is all dressed up with no place to go. (James Duffecy)</li>#Newline<li>When people are free to do as they please#Comma they usually imitate each other. (Eric Hoffer)</li>#Newline<li>With men this is impossible; but with God all things are possible. (Jesus Christ#Comma Matthew 19:26)</li>#Newline<li>You can't shake hands with a clenched fist. (Indira Gandhi)</li>#Newline<li>Reality must take precedence over public relations#Comma for Mother Nature cannot be fooled. (Richard Feynman)</li>#Newline<li>What can you say about a society that says that God is dead and Elvis is alive? (Irv Kupcinet)</li>#Newline<li>The way I see it#Comma if you want the rainbow#Comma you gotta put up with the rain. (Dolly Parton)</li>#Newline<li>Advice is what we ask for when we already know the answer but wish we didn't. (Erica Jong</li>#Newline<li>The perfecting of one's self is the fundamental base of all progress and all moral development. (Confucius)</li>#Newline<li>We take greater pains to persuade others that we are happy than in endeavoring to think so ourselves. (Confucius)</li>#Newline<li>When prosperity comes#Comma do not use all of it. (Confucius)</li>#Newline<li>When you have faults#Comma do not fear to abandon them. (Confucius)</li>#Newline<li>We experience moments absolutely free from worry. These brief moments are called panic. (Cullen Hightower)</li>#Newline<li>Great acts are made up of small deeds. (Lao Tsu)</li>#Newline<li>Having the fewest wants#Comma I am nearest to the gods. (Socrates)</li>#Newline<li>The object of war is not to die for your country#Comma but to make the other bastard die for his. (General Patton)</li>#Newline<li>Outside of a dog#Comma a book is a man's best friend.  Inside a dog it's too dark to read. (Groucho Marx)</li>#Newline<li>A statesman is a politician who's been dead 10 or 15 years. (Harry S Truman)</li>#Newline<li>A straw vote only shows which way the hot air blows. (O'Henry)</li>#Newline<li>A lie gets halfway around the world before truth has a chance to get its pants on. (Winston Churchill)</li>#Newline<li>A pessimist sees the difficulty in every opportunity; an optimist sees  the opportunity in every difficulty. (Winston Churchill)</li>#Newline<li>Television has proved that people will look at anything rather than each other. (Ann Landers)</li>#Newline<li>The best definition of a gentleman is a man who can play the accordion but doesn't. (Tom Crichton)</li>#Newline<li>The first thing I do in the morning is brush my teeth and sharpen my tongue. (Dorothy Parker)</li>#Newline<li>The human brain is a wonderful thing. It starts working the moment you are born#Comma and never stops until you stand up to speak in public.   (George Jessel)</li>#Newline<li>Every word is like an unnecessary stain on silence and nothingness. (Beckett)</li>#Newline<li>Facts do not cease to exist because they are ignored. (Aldous Huxley)</li>#Newline<li>Have the courage to take your own thoughts seriously#Comma for they will shape you. (Albert Einstein)</li>#Newline<li>I understand why you're confused.  You're thinking too much. (Carole Wallach)</li>#Newline<li>I'd be a poorer man if I'd never seen an eagle fly.  (John Denver)</li>#Newline#Newline#Newline</random>#Newline<think><set name="topic">quotes</set></think>,chomsky092.aiml
0,QUOTES9,*,*,<random>#Newline<li>A wise man gets more use from his enemies than a fool from his friends.  (Baltasar Gracian)</li>#Newline<li>A radical is a man with both feet firmly planted in the air.   (Franklin D. Roosevelt) Another quote?</li>#Newline<li>When you get to the end of your rope#Comma tie a knot and hang on.  (Franklin D. Roosevelt)</li>#Newline<li>The world was made for men and not for women. (Oscar Wilde) Another quote? </li>#Newline<li>The hardest thing in life to learn is which bridge to cross and which to burn. (David Russell)</li>#Newline<li>A computer is like an Old Testament god#Comma with a lot of rules and no mercy.  (Joseph Campbell)</li>#Newline<li>A computer lets you make more mistakes faster than any other invention#Comma with the possible exceptions of handguns and Tequila.  (Mitch Ratcliffe)</li>#Newline<li>A debugged program is one for which you have not yet found the conditions that make it fail.  (Jerry Ogdin)</li>#Newline<li>Democracy is the worst form of government except all those other forms that have been tried from time to time.  (Winston Churchill)</li>#Newline<li>Diplomacy is the art of letting the other party have things your way.  (Daniele Vare)</li>#Newline<li>Diplomacy is the art of saying "nice doggie" until you can find a rock.  (Wynn Catlin)</li>#Newline<li>Extremism in the defense of liberty is no vice... moderation in the pursuit of justice is no virtue.  (Barry Goldwater)</li>#Newline<li>Fanaticism consists of redoubling your effort when you have forgotten your aim.  (George Santayana)</li>#Newline<li>Here's my strategy on the Cold War: We win#Comma they lose.  (Ronald Reagan)</li>#Newline<li>The most terrifying words in the English language are: I'm from the government and I'm here to help.  (Ronald Reagan)</li>#Newline<li>The trouble with our liberal friends is not that they're ignorant: It's just that they know so much that isn't so.  (Ronald Reagan)</li>#Newline<li>Of the four wars in my lifetime none came about because the U.S. was too strong.  (Ronald Reagan)</li>#Newline<li>I have wondered at times about what the Ten Commandments would have looked like if Moses had run them through the U.S. Congress.  (Ronald Reagan)</li>#Newline<li>The taxpayer: That's someone who works for the federal government but doesn't have to take the civil service examination.  (Ronald Reagan)</li>#Newline<li>Government is like a baby: An alimentary canal with a big appetite at one end and no sense of responsibility at the other.  (Ronald Reagan)</li>#Newline<li>If we ever forget that we're one nation under God#Comma then we will be a nation gone under.  (Ronald Reagan)</li>#Newline<li>The nearest thing to eternal life we will ever see on this earth is a government program.  (Ronald Reagan)</li>#Newline<li>I've laid down the law#Comma though#Comma to everyone from now on about anything that happens: no matter what time it is#Comma wake me#Comma even if it's in the middle of a Cabinet meeting.  (Ronald Reagan)</li>#Newline<li>It has been said that politics is the second oldest profession. I have learned that it bears a striking resemblance to the first.  (Ronald Reagan)</li>#Newline<li>Government's view of the economy could be summed up in a few short phrases: If it moves#Comma tax it. If it keeps moving#Comma regulate it. And if  it stops moving#Comma subsidize it.  (Ronald Reagan) </li>#Newline<li>Politics is not a bad profession. If you succeed there are many rewards#Comma if you disgrace yourself you can always write a book.  (Ronald Reagan)</li>#Newline#Newline</random>#Newline<think><set name="topic">quotes</set></think>,chomsky092.aiml
0,QUOTES10,*,*,<random>#Newline<li>Men become old#Comma they never become good. (Oscar Wilde) Another quote?</li>#Newline<li>Any fool can criticize#Comma condemn#Comma and complain -- and most fools do. (Dale Carnegie) </li>#Newline<li>If you want to know what God thinks of money#Comma just look at the people he gave it to. (Dorothy Parker) </li>#Newline<li>It is easier to square a circle than to get round a mathematician. (Augustus de Morgan) </li>#Newline<li>Any idiot can face a crisis; it is this day-to-day living that wears you out. (Anton Chekhov)</li>#Newline<li>Champions keep playing until they get it right. (Billie Jean King)</li>#Newline<li>All the world's a stage and most of us are desperately unrehearsed. (Sean O'Casey)</li>#Newline<li>An expert is a person who avoids the small errors as he sweeps on to the grand fallacy. (Benjamin Stolberg)</li>#Newline<li>An idealist is one who helps the other fellow to make a profit. (Henry Ford)</li>#Newline<li>An infallible method of conciliating a tiger is to allow oneself to be devoured. (Konrad Adenauer)</li>#Newline<li>Everything that is done in the world is done by hope.  (Martin Luther)</li>#Newline<li>Our scientific power has outrun our spiritual power. We have guided missiles and misguided men. (Martin Luther King#Comma Jr.)</li>#Newline<li>The question is no longer between violence and non-violence; It is between non-violence and non-existence. (Martin Luther King#Comma Jr.)</li>#Newline<li>It is as easy to draw back a stone thrown with force from the hand#Comma as to recall a word once spoken. (Menander)</li>#Newline<li>We all live under the same sky#Comma but we don't all have the same horizon.  (Dr. Konrad Adenauer)</li>#Newline<li>We are all so much together and yet we are all dying of loneliness.  (A. Schweitzer)</li>#Newline<li>We lie loudest when we lie to ourselves.  (Eric Hoffer</li>#Newline<li>We only acknowledge small faults in order to make it appear that we are free from great ones.  (La Rouchefoucauld)</li>#Newline<li>We secure our friends not by accepting favors but by doing them.  (Thucydides)</li>#Newline<li>We seldom repent talking too little#Comma but very often talking too much.  (Jean de la Bruyere)</li>#Newline<li>Men willingly believe what they wish.  (Julius Caesar)</li>#Newline<li>Appreciation is a wonderful thing: It makes what is excellent in others belong to us as well.  (Voltaire)</li>#Newline<li>Either I've been missing something or nothing has been going on. (Karen Elizabeth Gordon)</li>#Newline<li>Disbelief in magic can force a poor soul into believing in government and business.  (Tom Robbins)</li>#Newline<li>For most folks#Comma no news is good news; for the press#Comma good news is not news.  (Gloria Borger)</li>#Newline<li>A banker is a fellow who lends you his umbrella when the sun is shining#Comma but wants it back the minute it begins to rain.  (Mark Twain)</li>#Newline<li>Honesty pays#Comma but it doesn't seem to pay enough to suit some people.  (F. M. Hubbard)</li>#Newline<li>Mahatma Gandhi#Comma when asked what he thought of Western civilization: "I think it would be a good idea."  </li>#Newline<li>The right to be heard does not automatically include the right to be taken seriously.  (Hubert Humphrey)</li>#Newline<li>What is the use of a house if you haven't got a tolerable planet to put it on?  (Henry David Thoreau)</li>#Newline<li>The most wasted of all days is one without laughter.  (e. e. cummings)</li>#Newline<li>Opportunity is missed by most people because it is dressed in overalls and looks like work.  (Thomas Edison)</li>#Newline<li>As far as the laws of mathematics refer to reality#Comma they are not certain#Comma and as far as they are certain#Comma they do not refer to reality.  (Albert Einstein)</li>#Newline<li>Before God we are all equally wise - and equally foolish.  (Albert Einstein)</li>#Newline<li>Common sense is that layer of prejudices which we acquire before we are sixteen.  (Albert Einstein)</li>#Newline<li>Everything should be made as simple as possible#Comma but not simpler.  (Albert Einstein)</li>#Newline<li>God is subtle#Comma but he is not malicious.  (Albert Einstein)</li>#Newline<li>I know not with what weapons World War III will be fought#Comma but World War IV will be fought with sticks and stones.  (Albert Einstein)</li>#Newline<li>I want to know God's thoughts; the rest are details.  (Albert Einstein)</li>#Newline<li>One may say the eternal mystery of the world is its comprehensibility.  (Albert Einstein)</li>#Newline<li>The release of atomic energy has not created a new problem. It has merely made more urgent the necessity of solving an existing one.  (Albert Einstein)</li>#Newline<li>The secret to creativity is knowing how to hide your sources. (Albert Einstein)</li>#Newline<li>The true value of a human being can be found in the degree to which he has attained liberation from the self.  (Albert Einstein)</li>#Newline#Newline#Newline</random>#Newline<think><set name="topic">quotes</set></think>,chomsky092.aiml
