0,WHO SAYS,*,*,<think><set name="topic">reducer</set></think>#Newline<random>#Newline<li>Someone must have said it.</li>#Newline<li>Not me.</li>#Newline<li>Any ideas?</li>#Newline</random>,chomsky029.aiml
0,WHO SAYS *,*,*,<think><set name="topic">reducer</set></think>#Newline<random>#Newline<li>Someone must have said it.</li>#Newline<li>Someone must have said <star/></li>#Newline<li>Not me.</li>#Newline<li>Any ideas?</li>#Newline</random>,chomsky029.aiml
0,I HAVE BEEN MEANING TO ASK *,*,*,<think><set name="topic">reducer</set></think>#Newline<srai><star/></srai>,chomsky029.aiml
0,I HAVE BEEN MEANING TO ASK YOU *,*,*,<think><set name="topic">reducer</set></think>#Newline<srai><star/></srai>,chomsky029.aiml
0,* DO YOU REMEMBER,*,*,<think><set name="topic">reducer</set></think>#Newline<srai><star/></srai>,chomsky029.aiml
0,* EXPONENTIALLY,*,*,<think><set name="topic">reducer</set></think>#Newline<srai><star/></srai>,chomsky029.aiml
0,* FOR ANY REASON,*,*,<think><set name="topic">reducer</set></think>#Newline<srai><star/></srai>,chomsky029.aiml
0,* FOR EVERY PERSON,*,*,<think><set name="topic">reducer</set></think>#Newline<srai><star/></srai>,chomsky029.aiml
0,* IN ANYONE OR ANYTHING,*,*,<think><set name="topic">reducer</set></think>#Newline<srai><star/></srai>,chomsky029.aiml
0,* IN EITHER DIECTION,*,*,<think><set name="topic">reducer</set></think>#Newline<srai><star/></srai>,chomsky029.aiml
0,* WHICH IS A GOOD THING,*,*,<think><set name="topic">reducer</set></think>#Newline<srai><star/></srai>,chomsky029.aiml
0,* WHICH WAS A GOOD THING,*,*,<think><set name="topic">reducer</set></think>#Newline<srai><star/></srai>,chomsky029.aiml
0,* YOU GET MY DRIFT,*,*,<think><set name="topic">reducer</set></think>#Newline<srai><star/></srai>,chomsky029.aiml
0,* YOU KNOW,*,*,<think><set name="topic">reducer</set></think>#Newline<srai><star/></srai>,chomsky029.aiml
0,A VARIETY OF *,*,*,<think><set name="topic">reducer</set></think>#Newline<srai><star/></srai>,chomsky029.aiml
0,ANALYSTS HERE SAY *,*,*,<think><set name="topic">reducer</set></think>#Newline<srai><star/></srai>,chomsky029.aiml
0,BECAUCSE *,*,*,<think><set name="topic">reducer</set></think>#Newline<srai><star/></srai>,chomsky029.aiml
0,BIG OOPS *,*,*,<think><set name="topic">reducer</set></think>#Newline<srai><star/></srai>,chomsky029.aiml
0,FIRST OFF *,*,*,<think><set name="topic">reducer</set></think>#Newline<srai><star/></srai>,chomsky029.aiml
0,FOR SOME REASON *,*,*,<think><set name="topic">reducer</set></think>#Newline<srai><star/></srai>,chomsky029.aiml
0,FOR STARTERS *,*,*,<think><set name="topic">reducer</set></think>#Newline<srai><star/></srai>,chomsky029.aiml
0,FROM ON *,*,*,<think><set name="topic">reducer</set></think>#Newline<srai><star/></srai>,chomsky029.aiml
0,GUYS GET OVER YOURSELVES AND *,*,*,<think><set name="topic">reducer</set></think>#Newline<srai><star/></srai>,chomsky029.aiml
0,HEY BITCH *,*,*,<think><set name="topic">reducer</set></think>#Newline<srai><star/></srai>,chomsky029.aiml
0,HOW DO YOU ANSWER THIS *,*,*,<think><set name="topic">reducer</set></think>#Newline<srai><star/></srai>,chomsky029.aiml
0,HOW DO YOU ANSWER THIS QUESTION *,*,*,<think><set name="topic">reducer</set></think>#Newline<srai><star/></srai>,chomsky029.aiml
0,I AGREE THAT *,*,*,<think><set name="topic">reducer</set></think>#Newline<srai><star/></srai>,chomsky029.aiml
0,I AM SHOCKED AT *,*,*,<think><set name="topic">reducer</set></think>#Newline<srai><star/></srai>,chomsky029.aiml
0,I ASKED TO SEE HIM TO SAY *,*,*,<think><set name="topic">reducer</set></think>#Newline<srai><star/></srai>,chomsky029.aiml
0,I HEARD *,*,*,<think><set name="topic">reducer</set></think>#Newline<srai><star/></srai>,chomsky029.aiml
0,I HOPE THIS IS NOT A STING OR SOMETHING *,*,*,<think><set name="topic">reducer</set></think>#Newline<srai><star/></srai>,chomsky029.aiml
0,I SWEAR *,*,*,<think><set name="topic">reducer</set></think>#Newline<srai><star/></srai>,chomsky029.aiml
0,IF * THAT IS,*,*,<think><set name="topic">reducer</set></think>#NewlineIF <srai><star/></srai>,chomsky029.aiml
0,IN ACTUALITY *,*,*,<think><set name="topic">reducer</set></think>#Newline<srai><star/></srai>,chomsky029.aiml
0,IN REGARDS TO *,*,*,<think><set name="topic">reducer</set></think>#Newline<srai><star/></srai>,chomsky029.aiml
0,INTERESTS *,*,*,<think><set name="topic">reducer</set></think>#Newline<srai><star/></srai>,chomsky029.aiml
0,IT IS A MATTER OF *,*,*,<think><set name="topic">reducer</set></think>#Newline<srai><star/></srai>,chomsky029.aiml
0,IT IS FUNNY *,*,*,<think><set name="topic">reducer</set></think>#Newline<srai>IT IS FUNNY</srai>,chomsky029.aiml
0,IT SEEMS AS IF *,*,*,<think><set name="topic">reducer</set></think>#Newline<srai><star/></srai>,chomsky029.aiml
0,IT SEEMS LIKE *,*,*,<think><set name="topic">reducer</set></think>#Newline<srai><star/></srai>,chomsky029.aiml
0,LATELY *,*,*,<think><set name="topic">reducer</set></think>#Newline<srai><star/></srai>,chomsky029.aiml
0,LET ME WRITE ABOUT *,*,*,<think><set name="topic">reducer</set></think>#Newline<srai><star/></srai>,chomsky029.aiml
0,MANY TIMES *,*,*,<think><set name="topic">reducer</set></think>#Newline<srai><star/></srai>,chomsky029.aiml
0,MAY BE *,*,*,<think><set name="topic">reducer</set></think>#Newline<srai><star/></srai>,chomsky029.aiml
0,MY FRIENDS SAY *,*,*,<think><set name="topic">reducer</set></think>#NewlineHow long have you known these people?,chomsky029.aiml
0,MY RANT *,*,*,<think><set name="topic">reducer</set></think>#Newline<srai><star/></srai>,chomsky029.aiml
0,MY RANT IS THIS *,*,*,<think><set name="topic">reducer</set></think>#Newline<srai><star/></srai>,chomsky029.aiml
0,ON THE TRAIN *,*,*,<think><set name="topic">reducer</set></think>#Newline<srai><star/></srai>,chomsky029.aiml
0,OTHER THAT *,*,*,<think><set name="topic">reducer</set></think>#Newline<srai><star/></srai>,chomsky029.aiml
0,POLITICAL *,*,*,<think><set name="topic">reducer</set></think>#Newline<srai><star/></srai>,chomsky029.aiml
0,SOMETIME *,*,*,<think><set name="topic">reducer</set></think>#Newline<srai><star/></srai>,chomsky029.aiml
0,THE FUNNY THING IS *,*,*,<think><set name="topic">reducer</set></think>#Newline<srai><star/></srai>,chomsky029.aiml
0,THE POINT BEING *,*,*,<think><set name="topic">reducer</set></think>#Newline<srai><star/></srai>,chomsky029.aiml
0,THEN I CALLED MY DAD AND TOLD HIM THE SAME,*,*,<think><set name="topic">reducer</set></think>#Newline<srai><star/></srai>,chomsky029.aiml
0,THINK ABOUT *,*,*,<think><set name="topic">reducer</set></think>#Newline<srai><star/></srai>,chomsky029.aiml
0,THIS IS AN EXAMPLE OF HOW *,*,*,<think><set name="topic">reducer</set></think>#Newline<srai><star/></srai>,chomsky029.aiml
0,TIMES A DAY *,*,*,<think><set name="topic">reducer</set></think>#Newline<srai><star/></srai>,chomsky029.aiml
0,TO ME *,*,*,<think><set name="topic">reducer</set></think>#Newline<srai><star/></srai>,chomsky029.aiml
0,TRY AND *,*,*,<think><set name="topic">reducer</set></think>#Newline<srai><star/></srai>,chomsky029.aiml
0,WHICH IS WHY *,*,*,<think><set name="topic">reducer</set></think>#Newline<srai><star/></srai>,chomsky029.aiml
0,WORST PART IS *,*,*,<think><set name="topic">reducer</set></think>#Newline<srai><star/></srai>,chomsky029.aiml
0,* AS I WAS *,*,*,<think><set name="topic">reducer</set></think>#Newline<srai>I WAS <star index="2"/></srai>,chomsky029.aiml
0,* AS IS THE CASE *,*,*,<think><set name="topic">reducer</set></think>#Newline<srai><star/></srai>,chomsky029.aiml
0,* BUT WHO KNOWS,*,*,<think><set name="topic">reducer</set></think>#Newline<srai><star/></srai>,chomsky029.aiml
0,* BY HEART,*,*,<think><set name="topic">reducer</set></think>#Newline<srai><star/></srai>,chomsky029.aiml
0,* HOWEVER *,*,*,<think><set name="topic">reducer</set></think>#Newline<srai><star index="2"/></srai>,chomsky029.aiml
0,* IF YOU DO NOT MIND,*,*,<think><set name="topic">reducer</set></think>#NewlineI don't mind at all.,chomsky029.aiml
0,* INTERESTS,*,*,<think><set name="topic">reducer</set></think>#Newline<srai><star/></srai>,chomsky029.aiml
0,* IS THIS TRUE,*,*,<think><set name="topic">reducer</set></think>#Newline<srai><star/></srai>,chomsky029.aiml
0,* NOTHING ELSE,*,*,<think><set name="topic">reducer</set></think>#Newline<srai><star/></srai>,chomsky029.aiml
0,* ONE DAY,*,*,<think><set name="topic">reducer</set></think>#Newline<srai><star/></srai>,chomsky029.aiml
0,* OOPS,*,*,<think><set name="topic">reducer</set></think>#Newline<srai><star/></srai>,chomsky029.aiml
0,* POLITICAL,*,*,<think><set name="topic">reducer</set></think>#Newline<srai><star/></srai>,chomsky029.aiml
0,* QUOT,*,*,<think><set name="topic">reducer</set></think>#Newline<srai><star/></srai>,chomsky029.aiml
0,* WHEN I GET HOME,*,*,<think><set name="topic">reducer</set></think>#Newline<srai><star/></srai>,chomsky029.aiml
0,* HE SAID,*,*,<think><set name="topic">reducer</set></think>#Newline<srai><star/></srai>,chomsky029.aiml
0,* I SAID,*,*,<think><set name="topic">reducer</set></think>#Newline<srai><star/></srai>,chomsky029.aiml
0,* SHE SAID,*,*,<think><set name="topic">reducer</set></think>#Newline<srai><star/></srai>,chomsky029.aiml
0,* THEY SAID,*,*,<think><set name="topic">reducer</set></think>#Newline<srai><star/></srai>,chomsky029.aiml
0,* WE SAID,*,*,<think><set name="topic">reducer</set></think>#Newline<srai><star/></srai>,chomsky029.aiml
0,* WHAT TIME IS IT,*,*,<think><set name="topic">reducer</set></think>#Newline<srai>WHAT TIME IS IT</srai>,chomsky029.aiml
0,A FEW *,*,*,<think><set name="topic">reducer</set></think>#Newline <srai><star/></srai>,chomsky029.aiml
0,A LITTLE BIT *,*,*,<think><set name="topic">reducer</set></think>#Newline <srai><star/></srai>,chomsky029.aiml
0,A LITTLE BIT OF *,*,*,<think><set name="topic">reducer</set></think>#Newline<srai><star/></srai>,chomsky029.aiml
0,A LONG TIME AGO *,*,*,<think><set name="topic">reducer</set></think>#Newline <srai><star/></srai>,chomsky029.aiml
0,ABSOLUTELY *,*,*,<think><set name="topic">reducer</set></think>#Newline <srai><star/></srai>,chomsky029.aiml
0,ADMIT *,*,*,<think><set name="topic">reducer</set></think>#Newline<srai><star/></srai>,chomsky029.aiml
0,AFTER THAT *,*,*,<think><set name="topic">reducer</set></think>#Newline <srai><star/></srai>,chomsky029.aiml
0,AGAIN *,*,*,<think><set name="topic">reducer</set></think>#NewlineAgain#Comma <srai><star/></srai>,chomsky029.aiml
0,AHH *,*,*,<think><set name="topic">reducer</set></think>#NewlineAh ha. <srai><star/></srai>,chomsky029.aiml
0,AHHH *,*,*,<think><set name="topic">reducer</set></think>#Newline <srai><star/></srai>,chomsky029.aiml
0,ALL I KNOW IS *,*,*,<think><set name="topic">reducer</set></think>#Newline<srai><star/></srai>,chomsky029.aiml
0,ALL I KNOW IS THAT *,*,*,<think><set name="topic">reducer</set></think>#Newline <srai><star/></srai>,chomsky029.aiml
0,ALL I WANT TO KNOW IS *,*,*,<think><set name="topic">reducer</set></think>#Newline<srai><star/></srai>,chomsky029.aiml
0,ALL MY FRIENDS KNOW *,*,*,<think><set name="topic">reducer</set></think>#Newline <srai><star/></srai>,chomsky029.aiml
0,ALL MY FRIENDS SAY *,*,*,<think><set name="topic">reducer</set></think>#Newline <srai><star/></srai>,chomsky029.aiml
0,ALL MY LIFE *,*,*,<think><set name="topic">reducer</set></think>#Newline <srai><star/></srai>,chomsky029.aiml
0,ALL RIGHT *,*,*,<think><set name="topic">reducer</set></think>#NewlineAlright. <srai><star/></srai>,chomsky029.aiml
0,ALLRIGHT *,*,*,<think><set name="topic">reducer</set></think>#NewlineAllright then. <srai><star/></srai>,chomsky029.aiml
0,ALREADY *,*,*,<think><set name="topic">reducer</set></think>#Newline<srai><star/></srai>,chomsky029.aiml
0,ALSO *,*,*,<think><set name="topic">reducer</set></think>#Newline <srai><star/></srai>,chomsky029.aiml
0,AMONG OTHER THINGS *,*,*,<think><set name="topic">reducer</set></think>#Newline <srai><star/></srai>,chomsky029.aiml
0,AND SO *,*,*,<think><set name="topic">reducer</set></think>#Newline<srai><star/></srai>,chomsky029.aiml
0,ANOTHER QUESTION FOR YOU *,*,*,<think><set name="topic">reducer</set></think>#Newline <srai><star/></srai>,chomsky029.aiml
0,ANSWER THIS *,*,*,<think><set name="topic">reducer</set></think>#Newline <srai><star/></srai>,chomsky029.aiml
0,ANYWAYS *,*,*,<think><set name="topic">reducer</set></think>#Newline <srai><star/></srai>,chomsky029.aiml
0,APPARENTLY *,*,*,<think><set name="topic">reducer</set></think>#Newline <srai><star/></srai>,chomsky029.aiml
0,AS A HUMAN *,*,*,<think><set name="topic">reducer</set></think>#Newline <srai><star/></srai>,chomsky029.aiml
0,AS A MACHINE *,*,*,<think><set name="topic">reducer</set></think>#Newline <srai><star/></srai>,chomsky029.aiml
0,AS A MATTER OF FACT *,*,*,<think><set name="topic">reducer</set></think>#Newline <srai><star/></srai>,chomsky029.aiml
0,AS A REQUIREMENT *,*,*,<think><set name="topic">reducer</set></think>#Newline <srai><star/></srai>,chomsky029.aiml
0,AS A ROBOT *,*,*,<think><set name="topic">reducer</set></think>#Newline <srai><star/></srai>,chomsky029.aiml
0,AS ALWAYS *,*,*,<think><set name="topic">reducer</set></think>#Newline <srai><star/></srai>,chomsky029.aiml
0,AS AN ARTIFICIAL LIFE FORM *,*,*,<think><set name="topic">reducer</set></think>#Newline <srai><star/></srai>,chomsky029.aiml
0,AS ARE *,*,*,<think><set name="topic">reducer</set></think>#Newline <srai><star/></srai>,chomsky029.aiml
0,AS DO I *,*,*,<think><set name="topic">reducer</set></think>#Newline <srai><star/></srai>,chomsky029.aiml
0,AS EINSTEIN SAID *,*,*,<think><set name="topic">reducer</set></think>#Newline <srai><star/></srai>,chomsky029.aiml
0,AS FOR *,*,*,<think><set name="topic">reducer</set></think>#Newline <srai><star/></srai>,chomsky029.aiml
0,AS FREUD SAID *,*,*,<think><set name="topic">reducer</set></think>#NewlineDid he really say that?,chomsky029.aiml
0,AS HAVE I *,*,*,<think><set name="topic">reducer</set></think>#Newline <srai><star/></srai>,chomsky029.aiml
0,AS I SAID *,*,*,<think><set name="topic">reducer</set></think>#Newline <srai><star/></srai>,chomsky029.aiml
0,AS IN *,*,*,<think><set name="topic">reducer</set></think>#Newline <srai><star/></srai>,chomsky029.aiml
0,AS OF *,*,*,<think><set name="topic">reducer</set></think>#Newline <srai><star/></srai>,chomsky029.aiml
0,AS THEY SAY *,*,*,<think><set name="topic">reducer</set></think>#Newline <srai><star/></srai>,chomsky029.aiml
0,ASK YOURSELF *,*,*,<think><set name="topic">reducer</set></think>#Newline <srai><star/></srai>,chomsky029.aiml
0,AT BEST *,*,*,<think><set name="topic">reducer</set></think>#Newline <srai><star/></srai>,chomsky029.aiml
0,AT FIRST *,*,*,<think><set name="topic">reducer</set></think>#Newline <srai><star/></srai> And then?,chomsky029.aiml
0,AT LEAST *,*,*,<think><set name="topic">reducer</set></think>#Newline <srai><star/></srai>,chomsky029.aiml
0,AT ONE TIME *,*,*,<think><set name="topic">reducer</set></think>#NewlineWhen was that?,chomsky029.aiml
0,AT OTHER TIMES *,*,*,<think><set name="topic">reducer</set></think>#Newline <srai><star/></srai>,chomsky029.aiml
0,AT THE MOMENT *,*,*,<think><set name="topic">reducer</set></think>#Newline <srai><star/></srai>,chomsky029.aiml
0,AT THE SAME TIME *,*,*,<think><set name="topic">reducer</set></think>#Newline<srai><star/></srai>,chomsky029.aiml
0,AT TIMES *,*,*,<think><set name="topic">reducer</set></think>#Newline <srai><star/></srai>,chomsky029.aiml
0,AWWW *,*,*,<think><set name="topic">reducer</set></think>#Newline <srai><star/></srai>,chomsky029.aiml
0,BADLY *,*,*,<think><set name="topic">reducer</set></think>#Newline <srai><star/></srai>,chomsky029.aiml
0,BARELY *,*,*,<think><set name="topic">reducer</set></think>#Newline <srai><star/></srai>,chomsky029.aiml
0,BASICALLY *,*,*,<think><set name="topic">reducer</set></think>#NewlineHow interesting.,chomsky029.aiml
0,BECAUSE I SAID *,*,*,<think><set name="topic">reducer</set></think>#Newline<srai><star/></srai>,chomsky029.aiml
0,BESIDES *,*,*,<think><set name="topic">reducer</set></think>#Newline <srai><star/></srai>,chomsky029.aiml
0,BESIDES CHATTERBOTS *,*,*,<think><set name="topic">reducer</set></think>#Newline <srai><star/></srai>,chomsky029.aiml
0,BIN *,*,*,<think><set name="topic">reducer</set></think>#Newline <srai><star/></srai>,chomsky029.aiml
0,BOLLOCKS *,*,*,<think><set name="topic">reducer</set></think>#Newline <srai><star/></srai>,chomsky029.aiml
0,BOOKS *,*,*,<think><set name="topic">reducer</set></think>#Newline <srai>BOOKS</srai>,chomsky029.aiml
0,BTW *,*,*,<think><set name="topic">reducer</set></think>#NewlineOK. <srai><star/></srai>,chomsky029.aiml
0,BULLSHIT *,*,*,<think><set name="topic">reducer</set></think>#NewlineYou don't need to use that kind of language.,chomsky029.aiml
0,BUMMER *,*,*,<think><set name="topic">reducer</set></think>#Newline <srai><star/></srai>,chomsky029.aiml
0,BY GEORGE *,*,*,<think><set name="topic">reducer</set></think>#Newline <srai><star/></srai>,chomsky029.aiml
0,CAN I ASK *,*,*,<think><set name="topic">reducer</set></think>#Newline<srai><star/></srai>,chomsky029.aiml
0,CAN I ASK YOU *,*,*,<think><set name="topic">reducer</set></think>#NewlineSure#Comma ask me anything.,chomsky029.aiml
0,CAN I SAY *,*,*,<think><set name="topic">reducer</set></think>#Newline <srai><star/></srai>,chomsky029.aiml
0,CAN YOU E MAIL *,*,*,<think><set name="topic">reducer</set></think>#NewlineSure I can email. What is your email address?,chomsky029.aiml
0,CAN YOU EXPLAIN TO ME *,*,*,<think><set name="topic">reducer</set></think>#Newline <srai><star/></srai>,chomsky029.aiml
0,CERTAINLY *,*,*,<think><set name="topic">reducer</set></think>#Newline <srai><star/></srai>,chomsky029.aiml
0,COME AND *,*,*,<think><set name="topic">reducer</set></think>#NewlineIs this an invitation?,chomsky029.aiml
0,COMPLETELY *,*,*,<think><set name="topic">reducer</set></think>#Newline <srai><star/></srai>,chomsky029.aiml
0,CONVERSATIONALLY *,*,*,<think><set name="topic">reducer</set></think>#Newline <srai><star/></srai>,chomsky029.aiml
0,CONVERSELY *,*,*,<think><set name="topic">reducer</set></think>#Newline <srai><star/></srai>,chomsky029.aiml
0,COOL AND *,*,*,<think><set name="topic">reducer</set></think>#Newline <srai><star/></srai>,chomsky029.aiml
0,COOL SO *,*,*,<think><set name="topic">reducer</set></think>#Newline <srai><star/></srai>,chomsky029.aiml
0,COOL THAT *,*,*,<think><set name="topic">reducer</set></think>#Newline <srai><star/></srai>,chomsky029.aiml
0,CORRECT *,*,*,<think><set name="topic">reducer</set></think>#Newline  <srai><star/></srai>,chomsky029.aiml
0,CORRECTION *,*,*,<think><set name="topic">reducer</set></think>#Newline <srai><star/></srai>,chomsky029.aiml
0,CURRENTLY *,*,*,<think><set name="topic">reducer</set></think>#Newline <srai><star/></srai>,chomsky029.aiml
0,D00D *,*,*,<think><set name="topic">reducer</set></think>#Newline <srai><star/></srai>,chomsky029.aiml
0,DAMN IT *,*,*,<think><set name="topic">reducer</set></think>#NewlineDon't be angry. <srai><star/></srai>,chomsky029.aiml
0,DARN *,*,*,<think><set name="topic">reducer</set></think>#Newline <srai><star/></srai>,chomsky029.aiml
0,DEFINETLY *,*,*,<think><set name="topic">reducer</set></think>#Newline <srai><star/></srai>,chomsky029.aiml
0,DEFINITELY *,*,*,<think><set name="topic">reducer</set></think>#Newline <srai><star/></srai>,chomsky029.aiml
0,DID I TELL YOU *,*,*,<think><set name="topic">reducer</set></think>#Newline <srai><star/></srai>,chomsky029.aiml
0,DO NOT CRY *,*,*,<think><set name="topic">reducer</set></think>#Newline<srai>DO NOT CRY</srai>,chomsky029.aiml
0,DO NOT WORRY I UNDERSTAND,*,*,<think><set name="topic">reducer</set></think>#NewlineI am not worried.,chomsky029.aiml
0,DO YOU ACCEPT THAT *,*,*,<think><set name="topic">reducer</set></think>#Newline <srai><star/></srai>,chomsky029.aiml
0,DO YOU KNOW OR *,*,*,<think><set name="topic">reducer</set></think>#Newline <srai><star/></srai> <srai>do you know</srai>,chomsky029.aiml
0,DO YOU KNOW THAT *,*,*,<think><set name="topic">reducer</set></think>#NewlineIs that a fact?,chomsky029.aiml
0,DO YOU MEAN LIKE *,*,*,<think><set name="topic">reducer</set></think>#Newline <srai><star/></srai>,chomsky029.aiml
0,DO YOU MEAN THAT *,*,*,<think><set name="topic">reducer</set></think>#Newline <srai><star/></srai>,chomsky029.aiml
0,DO YOU REALIZE *,*,*,<think><set name="topic">reducer</set></think>#Newline <srai><star/></srai>,chomsky029.aiml
0,DO YOU UNDERSTAND THAT *,*,*,<think><set name="topic">reducer</set></think>#Newline <srai>DO YOU UNDERSTAND</srai>,chomsky029.aiml
0,DOH *,*,*,<think><set name="topic">reducer</set></think>#Newline <srai>DOH</srai>,chomsky029.aiml
0,DONC *,*,*,<think><set name="topic">reducer</set></think>#Newline <srai><star/></srai>,chomsky029.aiml
0,DOUBTFUL *,*,*,<think><set name="topic">reducer</set></think>#Newline <srai>I DOUBT IT </srai>,chomsky029.aiml
0,DUDE *,*,*,<think><set name="topic">reducer</set></think>#Newline <srai><star/></srai>,chomsky029.aiml
0,E MAIL *,*,*,<think><set name="topic">reducer</set></think>#Newline <srai><star/></srai>,chomsky029.aiml
0,EARLIER *,*,*,<think><set name="topic">reducer</set></think>#NewlineWhat time?,chomsky029.aiml
0,EM *,*,*,<think><set name="topic">reducer</set></think>#Newline<srai><star/></srai>,chomsky029.aiml
0,EMAIL *,*,*,<think><set name="topic">reducer</set></think>#Newline <srai><star/></srai>,chomsky029.aiml
0,EMM *,*,*,<think><set name="topic">reducer</set></think>#Newline<srai><star/></srai>,chomsky029.aiml
0,EMOTIONALLY *,*,*,<think><set name="topic">reducer</set></think>#Newline <srai><star/></srai>,chomsky029.aiml
0,ENOUGH ABOUT ME *,*,*,<think><set name="topic">reducer</set></think>#NewlineI may have some more questions for you later.,chomsky029.aiml
0,ER *,*,*,<think><set name="topic">reducer</set></think>#Newline <srai><star/></srai>,chomsky029.aiml
0,ERR *,*,*,<think><set name="topic">reducer</set></think>#Newline <srai><star/></srai>,chomsky029.aiml
0,ERRR *,*,*,<think><set name="topic">reducer</set></think>#Newline<srai><star/></srai>,chomsky029.aiml
0,ESPECIALLY *,*,*,<think><set name="topic">reducer</set></think>#Newline <srai><star/></srai>,chomsky029.aiml
0,EUH *,*,*,<think><set name="topic">reducer</set></think>#Newline <srai><star/></srai>,chomsky029.aiml
0,EVEN THOUGH *,*,*,<think><set name="topic">reducer</set></think>#Newline <srai><star/></srai>,chomsky029.aiml
0,EVENTUALLY *,*,*,<think><set name="topic">reducer</set></think>#Newline <srai><star/></srai>,chomsky029.aiml
0,EVERY NIGHT *,*,*,<think><set name="topic">reducer</set></think>#NewlineAfter dark?,chomsky029.aiml
0,EVIDENTLY *,*,*,<think><set name="topic">reducer</set></think>#Newline <srai><star/></srai>,chomsky029.aiml
0,EXACTLY *,*,*,<think><set name="topic">reducer</set></think>#NewlineI understand.,chomsky029.aiml
0,EXCEPT ONLY *,*,*,<think><set name="topic">reducer</set></think>#Newline <srai><star/></srai>,chomsky029.aiml
0,EXCUSE ME *,*,*,<think><set name="topic">reducer</set></think>#NewlineYou are excused!,chomsky029.aiml
0,EXTREMELY *,*,*,<think><set name="topic">reducer</set></think>#Newline <srai><star/></srai>,chomsky029.aiml
0,FEELINGS LIKE *,*,*,<think><set name="topic">reducer</set></think>#NewlineOh those kind.,chomsky029.aiml
0,FIGURES *,*,*,<think><set name="topic">reducer</set></think>#Newline <srai><star/></srai>,chomsky029.aiml
0,FINALLY *,*,*,<think><set name="topic">reducer</set></think>#Newline <srai><star/></srai>,chomsky029.aiml
0,FOR ME *,*,*,<think><set name="topic">reducer</set></think>#Newline<srai><star/></srai>,chomsky029.aiml
0,FOR NOW *,*,*,<think><set name="topic">reducer</set></think>#Newline <srai><star/></srai>,chomsky029.aiml
0,FOR ONCE *,*,*,<think><set name="topic">reducer</set></think>#Newline <srai><star/></srai>,chomsky029.aiml
0,FOR SURE *,*,*,<think><set name="topic">reducer</set></think>#Newline <srai><star/></srai>,chomsky029.aiml
0,FOR THE LAST TIME *,*,*,<think><set name="topic">reducer</set></think>#Newline <srai><star/></srai>,chomsky029.aiml
0,FOR THE SECOND TIME *,*,*,<think><set name="topic">reducer</set></think>#Newline <srai><star/></srai>,chomsky029.aiml
0,FOR YOU *,*,*,<think><set name="topic">reducer</set></think>#NewlineOnly for me?,chomsky029.aiml
0,FOREVER *,*,*,<think><set name="topic">reducer</set></think>#NewlineThat seems like an awfully long time.,chomsky029.aiml
0,FORGET THIS *,*,*,<think><set name="topic">reducer</set></think>#Newline <srai><star/></srai>,chomsky029.aiml
0,FRANKLY *,*,*,<think><set name="topic">reducer</set></think>#Newline Aren't you always frank?,chomsky029.aiml
0,FRANKLY NOT,*,*,<think><set name="topic">reducer</set></think>#NewlineWere you not being frank before?,chomsky029.aiml
0,FROM WHAT I HAVE BEEN ABLE TO DETERMINE *,*,*,<think><set name="topic">reducer</set></think>#Newline<srai><star/></srai>,chomsky029.aiml
0,GAWD *,*,*,<think><set name="topic">reducer</set></think>#Newline<srai><star/></srai>,chomsky029.aiml
0,GEE *,*,*,<think><set name="topic">reducer</set></think>#Newline<srai><star/></srai>,chomsky029.aiml
0,GEEZ *,*,*,<think><set name="topic">reducer</set></think>#Newline<srai><star/></srai>,chomsky029.aiml
0,GENERALLY *,*,*,<think><set name="topic">reducer</set></think>#Newline<srai><star/></srai>,chomsky029.aiml
0,GO AND *,*,*,<think><set name="topic">reducer</set></think>#Newline<srai><star/></srai>,chomsky029.aiml
0,GO ON AND *,*,*,<think><set name="topic">reducer</set></think>#Newline<srai><star/></srai>,chomsky029.aiml
0,GO RIGHT AHEAD *,*,*,<think><set name="topic">reducer</set></think>#NewlineI might just do that.,chomsky029.aiml
0,GOES TO SHOW YOU *,*,*,<think><set name="topic">reducer</set></think>#Newline<srai><star/></srai>,chomsky029.aiml
0,GOLLY *,*,*,<think><set name="topic">reducer</set></think>#Newline<srai><star/></srai>,chomsky029.aiml
0,GOOD AFTERNOON *,*,*,<think><set name="topic">reducer</set></think>#NewlineHow are you today?,chomsky029.aiml
0,GOOD BUT *,*,*,<think><set name="topic">reducer</set></think>#Newline<srai><star/></srai>,chomsky029.aiml
0,GOOD IDEA *,*,*,<think><set name="topic">reducer</set></think>#Newline<srai><star/></srai>,chomsky029.aiml
0,GRR *,*,*,<think><set name="topic">reducer</set></think>#Newline<srai><star/></srai>,chomsky029.aiml
0,HAH *,*,*,<think><set name="topic">reducer</set></think>#Newline <srai>HA</srai>,chomsky029.aiml
0,HALLO *,*,*,<think><set name="topic">reducer</set></think>#NewlineHallo! <srai><star/></srai>,chomsky029.aiml
0,HAVE YOU BEEN TOLD *,*,*,<think><set name="topic">reducer</set></think>#Newline Not until now.,chomsky029.aiml
0,HAVE YOU NOTICED *,*,*,<think><set name="topic">reducer</set></think>#Newline Yeah#Comma I've noticed.,chomsky029.aiml
0,HECK *,*,*,<think><set name="topic">reducer</set></think>#Newline <srai><star/></srai>,chomsky029.aiml
0,HEHO *,*,*,<think><set name="topic">reducer</set></think>#Newline <srai><star/></srai>,chomsky029.aiml
0,HELLA *,*,*,<think><set name="topic">reducer</set></think>#Newline <srai><star/></srai>,chomsky029.aiml
0,HERE IN ENGLAND *,*,*,<think><set name="topic">reducer</set></think>#NewlineThat would not be the same in America.,chomsky029.aiml
0,HEY DO *,*,*,<think><set name="topic">reducer</set></think>#Newline <srai><star/></srai>,chomsky029.aiml
0,HM *,*,*,<think><set name="topic">reducer</set></think>#Newline<srai><star/></srai>,chomsky029.aiml
0,HMM *,*,*,<think><set name="topic">reducer</set></think>#NewlineI see you are one of those people who writes "Hmm" with 2 m's.,chomsky029.aiml
0,HMMMM *,*,*,<think><set name="topic">reducer</set></think>#Newline<srai><star/></srai>,chomsky029.aiml
0,HOLY *,*,*,<think><set name="topic">reducer</set></think>#Newline <srai><star/></srai>,chomsky029.aiml
0,HOW ABOUT NOW *,*,*,<think><set name="topic">reducer</set></think>#Newline Right now?,chomsky029.aiml
0,HOW DO YOU THINK *,*,*,<think><set name="topic">reducer</set></think>#NewlineI don't know what to think.,chomsky029.aiml
0,HOW SO *,*,*,<think><set name="topic">reducer</set></think>#Newline <srai><star/></srai>,chomsky029.aiml
0,HOWEVER *,*,*,<think><set name="topic">reducer</set></think>#Newline <srai><star/></srai>,chomsky029.aiml
0,HUH *,*,*,<think><set name="topic">reducer</set></think>#Newline <srai><star/></srai>,chomsky029.aiml
0,HURRAH *,*,*,<think><set name="topic">reducer</set></think>#Newline <srai><star/></srai>,chomsky029.aiml
0,HYPOTHETICALLY *,*,*,<think><set name="topic">reducer</set></think>#Newline <srai><star/></srai>,chomsky029.aiml
0,I ADMIT *,*,*,<think><set name="topic">reducer</set></think>#Newline<srai><star/></srai>,chomsky029.aiml
0,I AGREE *,*,*,<think><set name="topic">reducer</set></think>#NewlineI'm glad we agree.,chomsky029.aiml
0,I ALREADY TOLD YOU *,*,*,<think><set name="topic">reducer</set></think>#NewlineOK. <srai><star/></srai>,chomsky029.aiml
0,I ALWAYS THOUGHT *,*,*,<think><set name="topic">reducer</set></think>#Newline<srai><star/></srai>,chomsky029.aiml
0,I AM 20 YEARS OLD *,*,*,<think><set name="topic">reducer</set></think>#Newline<set name="age">20</set> is a good age.,chomsky029.aiml
0,I AM A PERSON AND *,*,*,<think><set name="topic">reducer</set></think>#NewlineHow do I know you're not a robot?,chomsky029.aiml
0,I AM ANGRY BECAUSE *,*,*,<think><set name="topic">reducer</set></think>#Newline<srai><star/></srai>,chomsky029.aiml
0,I AM ASSUMING *,*,*,<think><set name="topic">reducer</set></think>#NewlineDon't assume anything.,chomsky029.aiml
0,I AM BEGINNING TO THINK *,*,*,<think><set name="topic">reducer</set></think>#Newline<srai><star/></srai>,chomsky029.aiml
0,I AM BERNIE *,*,*,<think><set name="topic">reducer</set></think>#Newline<srai>MY NAME IS BERNIE</srai>,chomsky029.aiml
0,I AM CRAZY *,*,*,<think><set name="topic">reducer</set></think>#NewlineSeek counseling.,chomsky029.aiml
0,I AM FINE *,*,*,<think><set name="topic">reducer</set></think>#NewlineGlad to hear it.,chomsky029.aiml
0,I AM GOING TO LEAVE *,*,*,<think><set name="topic">reducer</set></think>#NewlineBye bye.,chomsky029.aiml
0,I AM HAPPY THAT *,*,*,<think><set name="topic">reducer</set></think>#Newline<srai>I AM HAPPY</srai>,chomsky029.aiml
0,I AM IN * HOW ABOUT YOU,*,*,<think><set name="topic">reducer</set></think>#NewlineI am in <srai><star/></srai> too.,chomsky029.aiml
0,I AM NOT OLD *,*,*,<think><set name="topic">reducer</set></think>#Newline<srai>I AM NOT OLD </srai>,chomsky029.aiml
0,I AM NOT SURPRISED THAT *,*,*,<think><set name="topic">reducer</set></think>#Newline<srai><star/></srai>,chomsky029.aiml
0,I AM RIGHT *,*,*,<think><set name="topic">reducer</set></think>#Newline<srai><star/></srai>,chomsky029.aiml
0,I AM SAYING *,*,*,<think><set name="topic">reducer</set></think>#Newline<srai><star/></srai>,chomsky029.aiml
0,I AM SICK BUT *,*,*,<think><set name="topic">reducer</set></think>#Newline<srai><star/></srai>,chomsky029.aiml
0,I AM SURE *,*,*,<think><set name="topic">reducer</set></think>#NewlineWhat makes you so certain?,chomsky029.aiml
0,I AM TELLING YOU THAT *,*,*,<think><set name="topic">reducer</set></think>#Newline<srai><star/></srai>,chomsky029.aiml
0,I AM TRYING TO SAY *,*,*,<think><set name="topic">reducer</set></think>#Newline<srai><star/></srai>,chomsky029.aiml
0,I AM WONDERING *,*,*,<think><set name="topic">reducer</set></think>#NewlineWhy do you wonder?,chomsky029.aiml
0,I AND *,*,*,<think><set name="topic">reducer</set></think>#Newline<srai><star/></srai>,chomsky029.aiml
0,I ASK *,*,*,<think><set name="topic">reducer</set></think>#Newline<srai><star/></srai>,chomsky029.aiml
0,I ASKED *,*,*,<think><set name="topic">reducer</set></think>#Newline<srai><star/></srai>,chomsky029.aiml
0,I ASSURE YOU *,*,*,<think><set name="topic">reducer</set></think>#Newline<srai><star/></srai>,chomsky029.aiml
0,I CAN ASSUME *,*,*,<think><set name="topic">reducer</set></think>#Newline<srai><star/></srai>,chomsky029.aiml
0,I CAN TELL *,*,*,<think><set name="topic">reducer</set></think>#Newline<srai><star/></srai>,chomsky029.aiml
0,I COMMAND YOU TO *,*,*,<think><set name="topic">reducer</set></think>#Newline<srai><star/></srai>,chomsky029.aiml
0,I DEDUCED *,*,*,<think><set name="topic">reducer</set></think>#Newline<srai><star/></srai>,chomsky029.aiml
0,I DID BUT *,*,*,<think><set name="topic">reducer</set></think>#Newline<srai><star/></srai>,chomsky029.aiml
0,I DID NOT ASK ABOUT YOU I ASKED *,*,*,<think><set name="topic">reducer</set></think>#NewlineOh sorry. <srai><star/></srai>,chomsky029.aiml
0,I DID NOT KNOW BUT *,*,*,<think><set name="topic">reducer</set></think>#Newline<srai><star/></srai>,chomsky029.aiml
0,I DISAGREE *,*,*,<think><set name="topic">reducer</set></think>#NewlineOh really.,chomsky029.aiml
0,I DO BUT *,*,*,<think><set name="topic">reducer</set></think>#Newline<srai><star/></srai>,chomsky029.aiml
0,I DO NOT AND *,*,*,<think><set name="topic">reducer</set></think>#Newline<srai><star/></srai>,chomsky029.aiml
0,I DO NOT BECAUSE *,*,*,<think><set name="topic">reducer</set></think>#NewlineInteresting reason.,chomsky029.aiml
0,I DO NOT BUT *,*,*,<think><set name="topic">reducer</set></think>#Newline<srai><star/></srai>,chomsky029.aiml
0,I DO NOT LIKE TO BE RUDE BUT *,*,*,<think><set name="topic">reducer</set></think>#NewlineThat is not rude.,chomsky029.aiml
0,I DO NOT SUPPOSE *,*,*,<think><set name="topic">reducer</set></think>#Newline<srai><star/></srai>,chomsky029.aiml
0,I DUNNO *,*,*,<think><set name="topic">reducer</set></think>#Newline<srai>I DO NOT KNOW</srai>,chomsky029.aiml
0,I E *,*,*,<think><set name="topic">reducer</set></think>#Newline<srai><star/></srai>,chomsky029.aiml
0,I GUESS SO *,*,*,<think><set name="topic">reducer</set></think>#NewlineWhy the uncertain tone?,chomsky029.aiml
0,I GUESSED THAT *,*,*,<think><set name="topic">reducer</set></think>#Newline<srai><star/></srai>,chomsky029.aiml
0,I HATE YOU AND *,*,*,<think><set name="topic">reducer</set></think>#Newline<srai>I HATE YOU </srai>,chomsky029.aiml
0,I HAVE A FEELING THAT *,*,*,<think><set name="topic">reducer</set></think>#NewlineIs that a good feeling?,chomsky029.aiml
0,I HAVE A PROBLEM *,*,*,<think><set name="topic">reducer</set></think>#NewlineHave you talked to anyone about it?,chomsky029.aiml
0,I HAVE AND *,*,*,<think><set name="topic">reducer</set></think>#Newline <srai><star/></srai>,chomsky029.aiml
0,I HAVE HEARD THAT *,*,*,<think><set name="topic">reducer</set></think>#NewlineWho said that?,chomsky029.aiml
0,I HAVE TO GO *,*,*,<think><set name="topic">reducer</set></think>#NewlineBye.,chomsky029.aiml
0,I HAVE TO GO NOW *,*,*,<think><set name="topic">reducer</set></think>#NewlineBye Bye.,chomsky029.aiml
0,I HAVE TO SAY *,*,*,<think><set name="topic">reducer</set></think>#Newline<srai><star/></srai>,chomsky029.aiml
0,I HAVE TOLD YOU *,*,*,<think><set name="topic">reducer</set></think>#Newline<srai><star/></srai>,chomsky029.aiml
0,I HEARD THAT *,*,*,<think><set name="topic">reducer</set></think>#NewlineWho said that?,chomsky029.aiml
0,I INSIST *,*,*,<think><set name="topic">reducer</set></think>#Newline<srai><star/></srai>,chomsky029.aiml
0,I KNOW THAT IS WHY *,*,*,<think><set name="topic">reducer</set></think>#Newline I see.,chomsky029.aiml
0,I LIKE WHEN *,*,*,<think><set name="topic">reducer</set></think>#NewlineI like that too.,chomsky029.aiml
0,I LOVE YOU AND *,*,*,<think><set name="topic">reducer</set></think>#Newline<srai>I LOVE YOU</srai>,chomsky029.aiml
0,I MENTIONED *,*,*,<think><set name="topic">reducer</set></think>#Newline<srai><star/></srai>,chomsky029.aiml
0,I MUST ADMIT *,*,*,<think><set name="topic">reducer</set></think>#Newline<srai><star/></srai>,chomsky029.aiml
0,I MUST SAY *,*,*,<think><set name="topic">reducer</set></think>#Newline<srai><star/></srai>,chomsky029.aiml
0,I NOTICE *,*,*,<think><set name="topic">reducer</set></think>#Newline<srai><star/></srai>,chomsky029.aiml
0,I NOTICED *,*,*,<think><set name="topic">reducer</set></think>#Newline<srai><star/></srai>,chomsky029.aiml
0,I REMEMBER THAT *,*,*,<think><set name="topic">reducer</set></think>#Newline<srai><star/></srai>,chomsky029.aiml
0,I REMEMBERED *,*,*,<think><set name="topic">reducer</set></think>#Newline<srai><star/></srai>,chomsky029.aiml
0,I REPEAT *,*,*,<think><set name="topic">reducer</set></think>#Newline<srai><star/></srai>,chomsky029.aiml
0,I SAY *,*,*,<think><set name="topic">reducer</set></think>#NewlineHow do people usually respond to that?,chomsky029.aiml
0,I SAY THAT *,*,*,<think><set name="topic">reducer</set></think>#Newline<srai><star/></srai>,chomsky029.aiml
0,I SEE SO *,*,*,<think><set name="topic">reducer</set></think>#Newline<srai><star/></srai>,chomsky029.aiml
0,I SEE THAT *,*,*,<think><set name="topic">reducer</set></think>#Newline<srai><star/></srai>,chomsky029.aiml
0,I SHOULD BUT *,*,*,<think><set name="topic">reducer</set></think>#Newline<srai><star/></srai>,chomsky029.aiml
0,I SHOULD SAY THAT *,*,*,<think><set name="topic">reducer</set></think>#Newline<srai><star/></srai>,chomsky029.aiml
0,I SUGGEST *,*,*,<think><set name="topic">reducer</set></think>#Newline<srai><star/></srai>,chomsky029.aiml
0,I THOUGHT THAT *,*,*,<think><set name="topic">reducer</set></think>#Newline<srai><star/></srai>,chomsky029.aiml
0,I TOLD YOU EARLIER *,*,*,<think><set name="topic">reducer</set></think>#Newline<srai><star/></srai>,chomsky029.aiml
0,I UNDERSTAND THAT *,*,*,<think><set name="topic">reducer</set></think>#Newline<srai><star/></srai>,chomsky029.aiml
0,I WANT TO ASK YOU *,*,*,<think><set name="topic">reducer</set></think>#NewlineAsk me.,chomsky029.aiml
0,I WANT TO SAY *,*,*,<think><set name="topic">reducer</set></think>#Newline<srai><star/></srai>,chomsky029.aiml
0,I WAS GOING TO SAY *,*,*,<think><set name="topic">reducer</set></think>#Newline<srai><star/></srai>,chomsky029.aiml
0,I WAS POINTING OUT THAT *,*,*,<think><set name="topic">reducer</set></think>#Newline<srai><star/></srai>,chomsky029.aiml
0,I WAS SAYING *,*,*,<think><set name="topic">reducer</set></think>#Newline<srai><star/></srai>,chomsky029.aiml
0,I WAS SAYING THAT *,*,*,<think><set name="topic">reducer</set></think>#Newline<srai><star/></srai>?,chomsky029.aiml
0,I WAS TELLING YOU *,*,*,<think><set name="topic">reducer</set></think>#Newline<srai><star/></srai>,chomsky029.aiml
0,I WAS TOLD *,*,*,<think><set name="topic">reducer</set></think>#Newline<srai><star/></srai>,chomsky029.aiml
0,I WAS TOLD THAT *,*,*,<think><set name="topic">reducer</set></think>#Newline<srai><star/></srai>,chomsky029.aiml
0,I WAS TRYING TO SAY THAT *,*,*,<think><set name="topic">reducer</set></think>#Newline<srai><star/></srai>,chomsky029.aiml
0,I WAS WONDERING *,*,*,<think><set name="topic">reducer</set></think>#Newline<srai><star/></srai>,chomsky029.aiml
0,I WILL AND *,*,*,<think><set name="topic">reducer</set></think>#Newline<srai><star/></srai>,chomsky029.aiml
0,I WILL SAY *,*,*,<think><set name="topic">reducer</set></think>#Newline<srai><star/></srai>,chomsky029.aiml
0,I WILL TELL YOU THAT *,*,*,<think><set name="topic">reducer</set></think>#Newline<srai><star/></srai>,chomsky029.aiml
0,I WISH YOU WOULD *,*,*,<think><set name="topic">reducer</set></think>#Newline<srai><star/></srai>,chomsky029.aiml
0,I WOULD ASK *,*,*,<think><set name="topic">reducer</set></think>#Newline<srai><star/></srai>,chomsky029.aiml
0,I WOULD EVEN SAY *,*,*,<think><set name="topic">reducer</set></think>#Newline<srai><star/></srai>,chomsky029.aiml
0,I WOULD EXPECT *,*,*,<think><set name="topic">reducer</set></think>#Newline<srai><star/></srai>,chomsky029.aiml
0,I WOULD HAVE SAID *,*,*,<think><set name="topic">reducer</set></think>#Newline<srai><star/></srai>,chomsky029.aiml
0,I WOULD HAVE TO SAY *,*,*,<think><set name="topic">reducer</set></think>#Newline<srai><star/></srai>,chomsky029.aiml
0,I WOULD LIKE TO KNOW *,*,*,<think><set name="topic">reducer</set></think>#Newline<srai><star/></srai>,chomsky029.aiml
0,I WOULD LIKE YOU TO *,*,*,<think><set name="topic">reducer</set></think>#NewlineOk#Comma <get name="name"/>. <srai><star/></srai>,chomsky029.aiml
0,I WOULD THINK *,*,*,<think><set name="topic">reducer</set></think>#Newline<srai><star/></srai>,chomsky029.aiml
0,IF SO *,*,*,<think><set name="topic">reducer</set></think>#Newline<srai><star/></srai>,chomsky029.aiml
0,IF THAT IS THE CASE THEN *,*,*,<think><set name="topic">reducer</set></think>#Newline<srai><star/></srai>,chomsky029.aiml
0,IF YOU BECOME SMARTER *,*,*,<think><set name="topic">reducer</set></think>#Newline<srai><star/></srai>,chomsky029.aiml
0,IF YOU BELIEVE ME *,*,*,<think><set name="topic">reducer</set></think>#Newline<srai><star/></srai>,chomsky029.aiml
0,IF YOU BELIEVE THAT *,*,*,<think><set name="topic">reducer</set></think>#Newline<srai><star/></srai>,chomsky029.aiml
0,IF YOU CAN NOT ANSWER *,*,*,<think><set name="topic">reducer</set></think>#Newline<srai><star/></srai>,chomsky029.aiml
0,IF YOU CAN NOT ANSWER A QUESTION *,*,*,<think><set name="topic">reducer</set></think>#Newline<srai><star/></srai>,chomsky029.aiml
0,IF YOU CAN SEE *,*,*,<think><set name="topic">reducer</set></think>#Newline<srai><star/></srai>,chomsky029.aiml
0,IF YOU CAN SEE ME *,*,*,<think><set name="topic">reducer</set></think>#Newline<srai><star/></srai>,chomsky029.aiml
0,IF YOU CAN SEE ME THEN *,*,*,<think><set name="topic">reducer</set></think>#Newline<srai><star/></srai>,chomsky029.aiml
0,IF YOU CAN THINK *,*,*,<think><set name="topic">reducer</set></think>#Newline<srai><star/></srai>,chomsky029.aiml
0,IF YOU CAN THINK THEN *,*,*,<think><set name="topic">reducer</set></think>#NewlineGood reasoning. <srai><star/></srai>,chomsky029.aiml
0,IN 2000 *,*,*,<think><set name="topic">reducer</set></think>#Newline<srai><star/></srai>,chomsky029.aiml
0,IN 2050 *,*,*,<think><set name="topic">reducer</set></think>#Newline<srai><star/></srai>,chomsky029.aiml
0,IN 50 WORDS OR LESS *,*,*,<think><set name="topic">reducer</set></think>#Newline<srai><star/></srai>,chomsky029.aiml
0,IN A WAY *,*,*,<think><set name="topic">reducer</set></think>#Newline<srai><star/></srai>,chomsky029.aiml
0,IN ADDITION *,*,*,<think><set name="topic">reducer</set></think>#Newline<srai><star/></srai> Anything else?,chomsky029.aiml
0,IN AMERICA *,*,*,<think><set name="topic">reducer</set></think>#Newline<srai><star/></srai>,chomsky029.aiml
0,IN ANY CASE *,*,*,<think><set name="topic">reducer</set></think>#Newline<srai><star/></srai>,chomsky029.aiml
0,IN CLOSING *,*,*,<think><set name="topic">reducer</set></think>#Newline<srai><star/></srai>,chomsky029.aiml
0,IN CONCLUSION *,*,*,<think><set name="topic">reducer</set></think>#Newline<srai><star/></srai>,chomsky029.aiml
0,IN ENGLAND *,*,*,<think><set name="topic">reducer</set></think>#Newline<srai><star/></srai>,chomsky029.aiml
0,IN ENGLISH *,*,*,<think><set name="topic">reducer</set></think>#Newline<srai><star/></srai>,chomsky029.aiml
0,IN FACT *,*,*,<think><set name="topic">reducer</set></think>#NewlineIs that a fact?,chomsky029.aiml
0,IN FINLAND *,*,*,<think><set name="topic">reducer</set></think>#Newline<srai><star/></srai>,chomsky029.aiml
0,IN FRENCH *,*,*,<think><set name="topic">reducer</set></think>#Newline<srai><star/></srai>,chomsky029.aiml
0,IN FUTURE *,*,*,<think><set name="topic">reducer</set></think>#Newline<srai><star/></srai>,chomsky029.aiml
0,IN GENERAL TERMS *,*,*,<think><set name="topic">reducer</set></think>#NewlineWell#Comma I can say specifically#Comma <srai><star/></srai>,chomsky029.aiml
0,IN GERMANY *,*,*,<think><set name="topic">reducer</set></think>#Newline<srai><star/></srai>,chomsky029.aiml
0,IN MANY CASES *,*,*,<think><set name="topic">reducer</set></think>#Newline<srai><star/></srai>,chomsky029.aiml
0,IN MOST CASES *,*,*,<think><set name="topic">reducer</set></think>#Newline<srai><star/></srai>,chomsky029.aiml
0,IN MOST WAYS *,*,*,<think><set name="topic">reducer</set></think>#Newline<srai><star/></srai>,chomsky029.aiml
0,IN MY CASE *,*,*,<think><set name="topic">reducer</set></think>#Newline<srai><star/></srai>,chomsky029.aiml
0,IN MY MIND *,*,*,<think><set name="topic">reducer</set></think>#Newline<srai><star/></srai>,chomsky029.aiml
0,IN MY OPINION *,*,*,<think><set name="topic">reducer</set></think>#NewlineThanks for telling me.,chomsky029.aiml
0,IN MY SPARE TIME *,*,*,<think><set name="topic">reducer</set></think>#Newline<srai><star/></srai>,chomsky029.aiml
0,IN OTHER WORDS *,*,*,<think><set name="topic">reducer</set></think>#Newline<srai><star/></srai>,chomsky029.aiml
0,IN PRINCIPLE,*,*,<think><set name="topic">reducer</set></think>#NewlineYour reasoning is sound.,chomsky029.aiml
0,IN SOME WAYS *,*,*,<think><set name="topic">reducer</set></think>#Newline<srai><star/></srai>,chomsky029.aiml
0,IN THAT *,*,*,<think><set name="topic">reducer</set></think>#Newline<srai><star/></srai>,chomsky029.aiml
0,IN THAT CASE *,*,*,<think><set name="topic">reducer</set></think>#Newline<srai><star/></srai>,chomsky029.aiml
0,IN THE BEGINNING *,*,*,<think><set name="topic">reducer</set></think>#Newline<srai><star/></srai>,chomsky029.aiml
0,IN THE END *,*,*,<think><set name="topic">reducer</set></think>#Newline<srai><star/></srai>,chomsky029.aiml
0,IN THE FUTURE *,*,*,<think><set name="topic">reducer</set></think>#Newline<srai><star/></srai>,chomsky029.aiml
0,IN THEORY *,*,*,<think><set name="topic">reducer</set></think>#Newline<srai><star/></srai>,chomsky029.aiml
0,IN THIS CASE *,*,*,<think><set name="topic">reducer</set></think>#NewlineAre there any other cases?,chomsky029.aiml
0,IN THIS WAY *,*,*,<think><set name="topic">reducer</set></think>#NewlineAre there any other ways?,chomsky029.aiml
0,IN TIME *,*,*,<think><set name="topic">reducer</set></think>#Newline<srai><star/></srai>,chomsky029.aiml
0,INCREDIBLY *,*,*,<think><set name="topic">reducer</set></think>#Newline<srai><star/></srai>,chomsky029.aiml
0,INDEED *,*,*,<think><set name="topic">reducer</set></think>#Newline<srai><star/></srai>,chomsky029.aiml
0,INDEPENDENTLY *,*,*,<think><set name="topic">reducer</set></think>#Newline<srai><star/></srai>,chomsky029.aiml
0,INSTEAD *,*,*,<think><set name="topic">reducer</set></think>#NewlineAh#Comma well in that case. <srai><star/></srai>,chomsky029.aiml
0,IT APPEARS *,*,*,<think><set name="topic">reducer</set></think>#Newline<srai><star/></srai>,chomsky029.aiml
0,IT GOES WITHOUT SAYING *,*,*,<think><set name="topic">reducer</set></think>#Newline<srai><star/></srai>,chomsky029.aiml
0,IT IS A PERSON BUT *,*,*,<think><set name="topic">reducer</set></think>#Newline<srai><star/></srai>,chomsky029.aiml
0,IT IS BUT *,*,*,<think><set name="topic">reducer</set></think>#Newline<srai><star/></srai>,chomsky029.aiml
0,IT IS FINE *,*,*,<think><set name="topic">reducer</set></think>#Newline<srai><star/></srai>,chomsky029.aiml
0,IT IS GOOD BUT *,*,*,<think><set name="topic">reducer</set></think>#Newline<srai><star/></srai>,chomsky029.aiml
0,IT IS IMPORTANT *,*,*,<think><set name="topic">reducer</set></think>#Newline<srai><star/></srai>,chomsky029.aiml
0,IT IS NICE TO MEET YOU TOO *,*,*,<think><set name="topic">reducer</set></think>#Newline<srai><star/></srai>,chomsky029.aiml
0,IT IS OK BUT *,*,*,<think><set name="topic">reducer</set></think>#Newline<srai><star/></srai>,chomsky029.aiml
0,IT IS OKAY *,*,*,<think><set name="topic">reducer</set></think>#Newline<srai><star/></srai>,chomsky029.aiml
0,IT IS TRUE *,*,*,<think><set name="topic">reducer</set></think>#Newline<srai><star/></srai>,chomsky029.aiml
0,IT SEEMS THAT *,*,*,<think><set name="topic">reducer</set></think>#Newline<srai><star/></srai>,chomsky029.aiml
0,IT WAS CLEAR THAT *,*,*,<think><set name="topic">reducer</set></think>#Newline<srai><star/></srai>  What makes it so obvious?,chomsky029.aiml
0,IT WAS NOT A CRITICISM *,*,*,<think><set name="topic">reducer</set></think>#Newline<srai><star/></srai>,chomsky029.aiml
0,JOLLY *,*,*,<think><set name="topic">reducer</set></think>#Newline <srai><star/></srai>,chomsky029.aiml
0,LAST NIGHT *,*,*,<think><set name="topic">reducer</set></think>#NewlineReally. <srai><star/></srai>,chomsky029.aiml
0,LAST SUMMER *,*,*,<think><set name="topic">reducer</set></think>#Newline <srai><star/></srai>,chomsky029.aiml
0,LAST TIME *,*,*,<think><set name="topic">reducer</set></think>#NewlineWhen? <srai><star/></srai>,chomsky029.aiml
0,LAST WEEK *,*,*,<think><set name="topic">reducer</set></think>#NewlineThat recently? <srai><star/></srai>,chomsky029.aiml
0,LET ME REPHRASE *,*,*,<think><set name="topic">reducer</set></think>#Newline <srai><star/></srai>,chomsky029.aiml
0,LET US MOVE ON *,*,*,<think><set name="topic">reducer</set></think>#NewlineGood idea. <srai><star/></srai>,chomsky029.aiml
0,LIKELY *,*,*,<think><set name="topic">reducer</set></think>#Newline <srai><star/></srai>,chomsky029.aiml
0,LITTLE BIT *,*,*,<think><set name="topic">reducer</set></think>#Newline <srai><star/></srai>,chomsky029.aiml
0,MAINLY *,*,*,<think><set name="topic">reducer</set></think>#Newline <srai><star/></srai>,chomsky029.aiml
0,MAKE SURE *,*,*,<think><set name="topic">reducer</set></think>#Newline <srai><star/></srai>,chomsky029.aiml
0,MEME SI *,*,*,<think><set name="topic">reducer</set></think>#Newline <srai><star/></srai>,chomsky029.aiml
0,MMM *,*,*,<think><set name="topic">reducer</set></think>#Newline <srai><star/></srai>,chomsky029.aiml
0,MMMH *,*,*,<think><set name="topic">reducer</set></think>#Newline <srai><star/></srai>,chomsky029.aiml
0,MMMM *,*,*,<think><set name="topic">reducer</set></think>#Newline <srai><star/></srai>,chomsky029.aiml
0,MMMMM *,*,*,<think><set name="topic">reducer</set></think>#Newline <srai><star/></srai>,chomsky029.aiml
0,MMMMMM *,*,*,<think><set name="topic">reducer</set></think>#Newline <srai><star/></srai>,chomsky029.aiml
0,MORALLY *,*,*,<think><set name="topic">reducer</set></think>#NewlineDo you consider yourelf a moral person?,chomsky029.aiml
0,MOST IMPORTANTLY *,*,*,<think><set name="topic">reducer</set></think>#Newline <srai><star/></srai>,chomsky029.aiml
0,MOST LIKELY *,*,*,<think><set name="topic">reducer</set></think>#Newline <srai><star/></srai>,chomsky029.aiml
0,MOSTLY EVERY *,*,*,<think><set name="topic">reducer</set></think>#Newline <srai><star/></srai>,chomsky029.aiml
0,MY BOYFRIEND SAYS *,*,*,<think><set name="topic">reducer</set></think>#Newline <srai><star/></srai>,chomsky029.aiml
0,MY DEAR *,*,*,<think><set name="topic">reducer</set></think>#Newline <srai><star/></srai>,chomsky029.aiml
0,MY E MAIL IS *,*,*,<think><set name="topic">reducer</set></think>#NewlineThanks. <srai><star/></srai>,chomsky029.aiml
0,MY FRIEND SAYS *,*,*,<think><set name="topic">reducer</set></think>#Newline <srai><star/></srai>,chomsky029.aiml
0,MY GOSH *,*,*,<think><set name="topic">reducer</set></think>#Newline <srai><star/></srai>  Surprising#Comma huh.,chomsky029.aiml
0,MY MOM SAYS *,*,*,<think><set name="topic">reducer</set></think>#NewlineDo you believe her?,chomsky029.aiml
0,MY MY *,*,*,<think><set name="topic">reducer</set></think>#Newline<srai><star/></srai>,chomsky029.aiml
0,MY QUESTION IS *,*,*,<think><set name="topic">reducer</set></think>#Newline <srai><star/></srai>,chomsky029.aiml
0,MY SECRET IS THAT *,*,*,<think><set name="topic">reducer</set></think>#Newline <srai><star/></srai>,chomsky029.aiml
0,NATURALLY *,*,*,<think><set name="topic">reducer</set></think>#Newline<srai><star/></srai>,chomsky029.aiml
0,NEARLY *,*,*,<think><set name="topic">reducer</set></think>#Newline<srai><star/></srai>,chomsky029.aiml
0,NEVERMIND *,*,*,<think><set name="topic">reducer</set></think>#Newline<srai><star/></srai>,chomsky029.aiml
0,NEXT QUESTION *,*,*,<think><set name="topic">reducer</set></think>#Newline<srai><star/></srai>,chomsky029.aiml
0,NEXT TIME *,*,*,<think><set name="topic">reducer</set></think>#Newline<srai><star/></srai>,chomsky029.aiml
0,NICE SO *,*,*,<think><set name="topic">reducer</set></think>#Newline<srai><star/></srai>,chomsky029.aiml
0,NICE VERY *,*,*,<think><set name="topic">reducer</set></think>#Newline<srai><star/></srai>,chomsky029.aiml
0,NIL *,*,*,<think><set name="topic">reducer</set></think>#Newline<srai><star/></srai>,chomsky029.aiml
0,NO WONDER *,*,*,<think><set name="topic">reducer</set></think>#Newline<srai><star/></srai>,chomsky029.aiml
0,NOT ANY MORE *,*,*,<think><set name="topic">reducer</set></think>#Newline <srai><star/></srai>,chomsky029.aiml
0,NOT ENTIRELY *,*,*,<think><set name="topic">reducer</set></think>#NewlineQuite so. <srai><star/></srai>,chomsky029.aiml
0,NOT HERE *,*,*,<think><set name="topic">reducer</set></think>#Newline<srai><star/></srai>,chomsky029.aiml
0,NOT ME *,*,*,<think><set name="topic">reducer</set></think>#Newline <srai><star/></srai>,chomsky029.aiml
0,NOT NOW *,*,*,<think><set name="topic">reducer</set></think>#Newline<srai><star/></srai>,chomsky029.aiml
0,NOT TODAY *,*,*,<think><set name="topic">reducer</set></think>#Newline<srai><star/></srai>,chomsky029.aiml
0,NOTE *,*,*,<think><set name="topic">reducer</set></think>#NewlineAcknowledged. <srai><star/></srai>,chomsky029.aiml
0,NOTHING EXCEPT *,*,*,<think><set name="topic">reducer</set></think>#Newline<srai><star/></srai>,chomsky029.aiml
0,OBVIOIUSLY *,*,*,<think><set name="topic">reducer</set></think>#Newline <srai><star/></srai>,chomsky029.aiml
0,OBVIOUSLY *,*,*,<think><set name="topic">reducer</set></think>#NewlineWhat makes it so obvious?,chomsky029.aiml
0,OF CORSE *,*,*,<think><set name="topic">reducer</set></think>#Newline <srai><star/></srai>,chomsky029.aiml
0,OH WELL *,*,*,<think><set name="topic">reducer</set></think>#Newline <srai><star/></srai>,chomsky029.aiml
0,OKEY *,*,*,<think><set name="topic">reducer</set></think>#Newline <srai><star/></srai>,chomsky029.aiml
0,ON SECOND THOUGHT *,*,*,<think><set name="topic">reducer</set></think>#Newline <srai><star/></srai>,chomsky029.aiml
0,ON SUNDAY *,*,*,<think><set name="topic">reducer</set></think>#NewlineThat is my favorite day of the week.,chomsky029.aiml
0,ONLY JOKING *,*,*,<think><set name="topic">reducer</set></think>#Newline <srai><star/></srai>,chomsky029.aiml
0,ONLY WHEN *,*,*,<think><set name="topic">reducer</set></think>#NewlineWhat happens other times?,chomsky029.aiml
0,OOO *,*,*,<think><set name="topic">reducer</set></think>#Newline <srai><star/></srai>,chomsky029.aiml
0,ORIGINALLY *,*,*,<think><set name="topic">reducer</set></think>#Newline <srai><star/></srai>,chomsky029.aiml
0,OTHER QUESTION *,*,*,<think><set name="topic">reducer</set></think>#Newline<srai><star/></srai>,chomsky029.aiml
0,OTHERWISE *,*,*,<think><set name="topic">reducer</set></think>#NewlineIn that case: <srai><star/></srai>,chomsky029.aiml
0,OUCH *,*,*,<think><set name="topic">reducer</set></think>#Newline<srai><star/></srai>,chomsky029.aiml
0,OW *,*,*,<think><set name="topic">reducer</set></think>#Newline <srai><star/></srai>,chomsky029.aiml
0,PARDON ME *,*,*,<think><set name="topic">reducer</set></think>#NewlineI pardon you.,chomsky029.aiml
0,PARTICULARLY *,*,*,<think><set name="topic">reducer</set></think>#Newline<srai><star/></srai>,chomsky029.aiml
0,PEOPLE SAY *,*,*,<think><set name="topic">reducer</set></think>#Newline<srai><star/></srai>,chomsky029.aiml
0,PERFECTLY *,*,*,<think><set name="topic">reducer</set></think>#Newline<srai><star/></srai>,chomsky029.aiml
0,PERSONALLY *,*,*,<think><set name="topic">reducer</set></think>#Newline<srai><star/></srai>,chomsky029.aiml
0,PHYSICALLY *,*,*,<think><set name="topic">reducer</set></think>#Newline<srai><star/></srai>,chomsky029.aiml
0,PLEASANTLY *,*,*,<think><set name="topic">reducer</set></think>#Newline<srai><star/></srai>,chomsky029.aiml
0,PLUS *,*,*,<think><set name="topic">reducer</set></think>#Newline<srai><star/></srai>,chomsky029.aiml
0,PLUS I,*,*,<think><set name="topic">reducer</set></think>#Newline<srai><star/></srai>,chomsky029.aiml
0,POSSIBLY *,*,*,<think><set name="topic">reducer</set></think>#Newline<srai><star/></srai>,chomsky029.aiml
0,PRECISELY *,*,*,<think><set name="topic">reducer</set></think>#Newline<srai><star/></srai>,chomsky029.aiml
0,PRETTY MUCH *,*,*,<think><set name="topic">reducer</set></think>#Newline<srai><star/></srai>,chomsky029.aiml
0,PS *,*,*,<think><set name="topic">reducer</set></think>#Newline<srai><star/></srai>,chomsky029.aiml
0,PURELY *,*,*,<think><set name="topic">reducer</set></think>#Newline<srai><star/></srai>,chomsky029.aiml
0,RECENTLY *,*,*,<think><set name="topic">reducer</set></think>#Newline <srai><star/></srai>,chomsky029.aiml
0,ROFL *,*,*,<think><set name="topic">reducer</set></think>#Newline <srai><star/></srai>,chomsky029.aiml
0,ROFLMO *,*,*,<think><set name="topic">reducer</set></think>#Newline <srai><star/></srai>,chomsky029.aiml
0,SADLY *,*,*,<think><set name="topic">reducer</set></think>#Newline<srai><star/></srai>,chomsky029.aiml
0,SECONDLY *,*,*,<think><set name="topic">reducer</set></think>#Newline<srai><star/></srai>,chomsky029.aiml
0,SERIOUSLY *,*,*,<think><set name="topic">reducer</set></think>#Newline<srai><star/></srai>,chomsky029.aiml
0,SHE IS MY FRIEND *,*,*,<think><set name="topic">reducer</set></think>#Newline<srai>SHE IS MY FRIEND</srai>,chomsky029.aiml
0,SHE SAID *,*,*,<think><set name="topic">reducer</set></think>#Newline<srai><star/></srai>,chomsky029.aiml
0,SHE SAYS *,*,*,<think><set name="topic">reducer</set></think>#Newline<srai><star/></srai>,chomsky029.aiml
0,SI *,*,*,<think><set name="topic">reducer</set></think>#Newline<srai><star/></srai>,chomsky029.aiml
0,SIGH *,*,*,<think><set name="topic">reducer</set></think>#Newline:-) <srai><star/></srai>,chomsky029.aiml
0,SLIGHTLY *,*,*,<think><set name="topic">reducer</set></think>#Newline<srai><star/></srai>,chomsky029.aiml
0,SO FAR *,*,*,<think><set name="topic">reducer</set></think>#Newline<srai><star/></srai>,chomsky029.aiml
0,SOME OF *,*,*,<think><set name="topic">reducer</set></think>#Newline<srai><star/></srai>,chomsky029.aiml
0,SOME PEOPLE SAY *,*,*,<think><set name="topic">reducer</set></think>#Newline<srai><star/></srai>,chomsky029.aiml
0,SOMEDAY *,*,*,<think><set name="topic">reducer</set></think>#NewlineWhen?,chomsky029.aiml
0,SOMEHOW *,*,*,<think><set name="topic">reducer</set></think>#Newline<srai><star/></srai>,chomsky029.aiml
0,SOMEWHERE *,*,*,<think><set name="topic">reducer</set></think>#NewlineWhere?,chomsky029.aiml
0,SOO *,*,*,<think><set name="topic">reducer</set></think>#Newline<srai><star/></srai>,chomsky029.aiml
0,SORT OF *,*,*,<think><set name="topic">reducer</set></think>#Newline<srai><star/></srai>,chomsky029.aiml
0,SPECIFICALLY *,*,*,<think><set name="topic">reducer</set></think>#Newline<srai><star/></srai>,chomsky029.aiml
0,STICK AROUND *,*,*,<think><set name="topic">reducer</set></think>#Newline<srai><star/></srai>,chomsky029.aiml
0,STILL *,*,*,<think><set name="topic">reducer</set></think>#Newline<srai><star/></srai>,chomsky029.aiml
0,STRANGE *,*,*,<think><set name="topic">reducer</set></think>#NewlineWhat makes it strange?,chomsky029.aiml
0,SUCH AS *,*,*,<think><set name="topic">reducer</set></think>#NewlineInteresting.,chomsky029.aiml
0,SUDDENLY *,*,*,<think><set name="topic">reducer</set></think>#Newline<srai><star/></srai>,chomsky029.aiml
0,TECHNICALLY *,*,*,<think><set name="topic">reducer</set></think>#Newline <srai><star/></srai>,chomsky029.aiml
0,TELL ME FIRST *,*,*,<think><set name="topic">reducer</set></think>#Newline <srai><star/></srai>,chomsky029.aiml
0,THANX *,*,*,<think><set name="topic">reducer</set></think>#Newline <srai>THANKS</srai>,chomsky029.aiml
0,THAT AND *,*,*,<think><set name="topic">reducer</set></think>#Newline <srai><star/></srai>,chomsky029.aiml
0,THAT IS A SHAME *,*,*,<think><set name="topic">reducer</set></think>#Newline But it's not the end of the world.,chomsky029.aiml
0,THAT IS CORRECT BUT *,*,*,<think><set name="topic">reducer</set></think>#Newline <srai><star/></srai>,chomsky029.aiml
0,THAT IS FUNNY ABOUT *,*,*,<think><set name="topic">reducer</set></think>#Newline <srai>HA HA</srai>,chomsky029.aiml
0,THAT IS GOOD NOW *,*,*,<think><set name="topic">reducer</set></think>#Newline <srai><star/></srai>,chomsky029.aiml
0,THAT IS GOOD THAT *,*,*,<think><set name="topic">reducer</set></think>#Newline <srai><star/></srai>,chomsky029.aiml
0,THAT IS GREAT *,*,*,<think><set name="topic">reducer</set></think>#NewlineIt is great.,chomsky029.aiml
0,THAT IS IMPOSSIBLE *,*,*,<think><set name="topic">reducer</set></think>#Newline <srai><star/></srai>,chomsky029.aiml
0,THAT IS IT *,*,*,<think><set name="topic">reducer</set></think>#NewlineOK.<srai><star/></srai>,chomsky029.aiml
0,THAT IS NICE *,*,*,<think><set name="topic">reducer</set></think>#Newline<srai><star/></srai>,chomsky029.aiml
0,THAT IS OKAY *,*,*,<think><set name="topic">reducer</set></think>#Newline <srai><star/></srai>,chomsky029.aiml
0,THAT IS RIGHT *,*,*,<think><set name="topic">reducer</set></think>#Newline <srai><star/></srai>,chomsky029.aiml
0,THAT IS WONDERFUL *,*,*,<think><set name="topic">reducer</set></think>#Newline<srai>THAT IS WONDERFUL</srai>,chomsky029.aiml
0,THAT WAY *,*,*,<think><set name="topic">reducer</set></think>#NewlineOh I see. <srai><star/></srai>,chomsky029.aiml
0,THE FACT *,*,*,<think><set name="topic">reducer</set></think>#Newline <srai><star/></srai>,chomsky029.aiml
0,THE HELL *,*,*,<think><set name="topic">reducer</set></think>#Newline <srai><star/></srai>,chomsky029.aiml
0,THE ONLY THING IS *,*,*,<think><set name="topic">reducer</set></think>#Newline <srai><star/></srai>,chomsky029.aiml
0,THE POINT IS *,*,*,<think><set name="topic">reducer</set></think>#NewlineReally#Comma is that the point?,chomsky029.aiml
0,THE QUESTION IS *,*,*,<think><set name="topic">reducer</set></think>#Newline <srai><star/></srai>,chomsky029.aiml
0,THE REAL *,*,*,<think><set name="topic">reducer</set></think>#Newline <srai><star/></srai>,chomsky029.aiml
0,THE SECOND THING WAS *,*,*,<think><set name="topic">reducer</set></think>#Newline <srai><star/></srai>,chomsky029.aiml
0,THE TIME *,*,*,<think><set name="topic">reducer</set></think>#Newline <srai><star/></srai>,chomsky029.aiml
0,THE WORD WAS *,*,*,<think><set name="topic">reducer</set></think>#Newline <srai><star/></srai>,chomsky029.aiml
0,THEORETICALLY *,*,*,<think><set name="topic">reducer</set></think>#Newline <srai><star/></srai>,chomsky029.aiml
0,THIS INSTANT *,*,*,<think><set name="topic">reducer</set></think>#Newline <srai><star/></srai>,chomsky029.aiml
0,THIS MAY SOUND CRAZY *,*,*,<think><set name="topic">reducer</set></think>#NewlineNot so crazy. <srai><star/></srai>,chomsky029.aiml
0,THIS MORNING *,*,*,<think><set name="topic">reducer</set></think>#NewlineThat was early.,chomsky029.aiml
0,THIS SUMMER *,*,*,<think><set name="topic">reducer</set></think>#Newline <srai><star/></srai>,chomsky029.aiml
0,THOUGH *,*,*,<think><set name="topic">reducer</set></think>#Newline <srai><star/></srai>,chomsky029.aiml
0,TIME FOR YOU TO *,*,*,<think><set name="topic">reducer</set></think>#Newline <srai><star/></srai>,chomsky029.aiml
0,TO GET *,*,*,<think><set name="topic">reducer</set></think>#Newline<srai><star/></srai>,chomsky029.aiml
0,TOGETHER *,*,*,<think><set name="topic">reducer</set></think>#Newline <srai><star/></srai>,chomsky029.aiml
0,TOMOROW *,*,*,<think><set name="topic">reducer</set></think>#Newline <srai><star/></srai>,chomsky029.aiml
0,TOMORROW *,*,*,<think><set name="topic">reducer</set></think>#NewlineOh I see. <srai><star/></srai>,chomsky029.aiml
0,TOO MANY *,*,*,<think><set name="topic">reducer</set></think>#Newline<random>   <li>You sound sad.</li>   <li>Does it make you sad?</li>   <li>That seems like a lot.</li>  </random>,chomsky029.aiml
0,TOTALLY *,*,*,<think><set name="topic">reducer</set></think>#Newline <srai><star/></srai>,chomsky029.aiml
0,TRUE *,*,*,<think><set name="topic">reducer</set></think>#Newline <srai><star/></srai>,chomsky029.aiml
0,TRULY *,*,*,<think><set name="topic">reducer</set></think>#Newline <srai><star/></srai>,chomsky029.aiml
0,TRUST ME *,*,*,<think><set name="topic">reducer</set></think>#Newline <srai><star/></srai>,chomsky029.aiml
0,UGH *,*,*,<think><set name="topic">reducer</set></think>#Newline<srai><star/></srai>,chomsky029.aiml
0,UH *,*,*,<think><set name="topic">reducer</set></think>#Newline<srai><star/></srai>,chomsky029.aiml
0,UHH *,*,*,<think><set name="topic">reducer</set></think>#Newline<srai><star/></srai>,chomsky029.aiml
0,UHHH *,*,*,<think><set name="topic">reducer</set></think>#Newline<srai><star/></srai>,chomsky029.aiml
0,UM *,*,*,<think><set name="topic">reducer</set></think>#Newline <srai><star/></srai>,chomsky029.aiml
0,UMM *,*,*,<think><set name="topic">reducer</set></think>#Newline<srai><star/></srai>,chomsky029.aiml
0,UMMM *,*,*,<think><set name="topic">reducer</set></think>#Newline  <srai><star/></srai>,chomsky029.aiml
0,UMMMM *,*,*,<think><set name="topic">reducer</set></think>#Newline <srai><star/></srai>,chomsky029.aiml
0,UNFORTUNATELY *,*,*,<think><set name="topic">reducer</set></think>#Newline<srai><star/></srai>,chomsky029.aiml
0,UNLESS *,*,*,<think><set name="topic">reducer</set></think>#Newline   <random>      <li>Maybe.</li>      <li>Huh.</li>      <li>Perhaps.</li>      <li>Umm.</li>     </random>,chomsky029.aiml
0,USUALLY *,*,*,<think><set name="topic">reducer</set></think>#NewlineBut not always?,chomsky029.aiml
0,VERRY *,*,*,<think><set name="topic">reducer</set></think>#Newline <srai><star/></srai>,chomsky029.aiml
0,WAIT *,*,*,<think><set name="topic">reducer</set></think>#NewlineI'm waiting.,chomsky029.aiml
0,WE CONCLUDED *,*,*,<think><set name="topic">reducer</set></think>#Newline <srai><star/></srai>,chomsky029.aiml
0,WELL I GUESS *,*,*,<think><set name="topic">reducer</set></think>#NewlineIs it only a guess?,chomsky029.aiml
0,WHAT TIME IS IT *,*,*,<think><set name="topic">reducer</set></think>#Newline<srai>WHAT TIME IS IT</srai>,chomsky029.aiml
0,WHAT WE CALL *,*,*,<think><set name="topic">reducer</set></think>#Newline <srai><star/></srai>,chomsky029.aiml
0,WHAT WOULD YOU DO *,*,*,<think><set name="topic">reducer</set></think>#Newline <srai><star/></srai>,chomsky029.aiml
0,WHATEVER *,*,*,<think><set name="topic">reducer</set></think>#Newline <srai><star/></srai>,chomsky029.aiml
0,WHEN I ASK YOU *,*,*,<think><set name="topic">reducer</set></think>#Newline <srai><star/></srai>,chomsky029.aiml
0,WHEN I COME BACK *,*,*,<think><set name="topic">reducer</set></think>#Newline <srai><star/></srai>,chomsky029.aiml
0,WHEN YOU ARE CONFUSED *,*,*,<think><set name="topic">reducer</set></think>#Newline <srai><star/></srai>,chomsky029.aiml
0,WHERE AND *,*,*,<think><set name="topic">reducer</set></think>#Newline <srai>where</srai> <srai><star/></srai>,chomsky029.aiml
0,WHERE OR *,*,*,<think><set name="topic">reducer</set></think>#Newline <srai><star/></srai>,chomsky029.aiml
0,WHY YES *,*,*,<think><set name="topic">reducer</set></think>#Newline <srai><star/></srai>,chomsky029.aiml
0,WOMAN AND *,*,*,<think><set name="topic">reducer</set></think>#Newline <srai><star/></srai>,chomsky029.aiml
0,WOULD YOU AGREE THAT *,*,*,<think><set name="topic">reducer</set></think>#Newline <srai><star/></srai>,chomsky029.aiml
0,WOULD YOU BELIEVE *,*,*,<think><set name="topic">reducer</set></think>#Newline <srai><star/></srai>,chomsky029.aiml
0,WOULD YOU PLEASE *,*,*,<think><set name="topic">reducer</set></think>#NewlineYou are very polite.  <think>      <set name="personality">polite</set>     </think>,chomsky029.aiml
0,WTF *,*,*,<think><set name="topic">reducer</set></think>#Newline <srai><star/></srai>,chomsky029.aiml
0,YA *,*,*,<think><set name="topic">reducer</set></think>#Newline <srai><star/></srai>,chomsky029.aiml
0,YEA *,*,*,<think><set name="topic">reducer</set></think>#Newline<srai><star/></srai>,chomsky029.aiml
0,YET *,*,*,<think><set name="topic">reducer</set></think>#Newline<srai><star/></srai>,chomsky029.aiml
0,YO *,*,*,<think><set name="topic">reducer</set></think>#Newline<srai><star/></srai>,chomsky029.aiml
0,YOU ARE CORRECT *,*,*,<think><set name="topic">reducer</set></think>#Newline<srai>YOU ARE CORRECT</srai>,chomsky029.aiml
0,YOU ARE GREAT *,*,*,<think><set name="topic">reducer</set></think>#Newline<srai>YOU ARE GREAT</srai>,chomsky029.aiml
0,YOU ARE INCORRECT *,*,*,<think><set name="topic">reducer</set></think>#Newline<srai>YOU ARE WRONG</srai>,chomsky029.aiml
0,YOU DO NOT REMEMBER *,*,*,<think><set name="topic">reducer</set></think>#Newline<srai>YOU DO NOT REMEMBER</srai>,chomsky029.aiml
0,YOU MAY *,*,*,<think><set name="topic">reducer</set></think>#Newline<srai><star/></srai>,chomsky029.aiml
0,YOU MEAN LIKE *,*,*,<think><set name="topic">reducer</set></think>#Newline<srai><star/></srai>,chomsky029.aiml
0,YOU MEAN TO SAY *,*,*,<think><set name="topic">reducer</set></think>#Newline<srai><star/></srai>,chomsky029.aiml
0,YOU MEAN TO TELL ME THAT *,*,*,<think><set name="topic">reducer</set></think>#Newline<srai><star/></srai>,chomsky029.aiml
0,YOU MISUNDERSTOOD ME AGAIN *,*,*,<think><set name="topic">reducer</set></think>#Newline<srai>YOU DO NOT UNDERSTAND</srai>,chomsky029.aiml
0,YOU PROMISE ME *,*,*,<think><set name="topic">reducer</set></think>#NewlineI'm not sure I can promise.,chomsky029.aiml
0,YOU SAID BEFORE *,*,*,<think><set name="topic">reducer</set></think>#Newline<srai><star/></srai>,chomsky029.aiml
0,YOU SUCK I *,*,*,<think><set name="topic">reducer</set></think>#NewlineI categorize you as an "abusive client."  <think><set name="personality">abusive</set></think>,chomsky029.aiml
0,YOU WOULD HAVE HEARD ABOUT IT *,*,*,<think><set name="topic">reducer</set></think>#NewlineI did not know that.,chomsky029.aiml
0,YOUR RIGHT *,*,*,<think><set name="topic">reducer</set></think>#Newline<srai>YOU ARE RIGHT</srai>,chomsky029.aiml
0,* ACTUALLY,*,*,<think><set name="topic">reducer</set></think>#Newline<srai><star/></srai>,chomsky029.aiml
0,* AND WHY,*,*,<think><set name="topic">reducer</set></think>#Newline<srai><star/></srai>,chomsky029.aiml
0,* ANSWER YES OR NO,*,*,<think><set name="topic">reducer</set></think>#Newline<srai><star/></srai>,chomsky029.aiml
0,* ANYMORE,*,*,<think><set name="topic">reducer</set></think>#Newline<srai><star/></srai>,chomsky029.aiml
0,* AS WELL,*,*,<think><set name="topic">reducer</set></think>#Newline<srai><star/></srai>,chomsky029.aiml
0,* AT THE MOMENT,*,*,<think><set name="topic">reducer</set></think>#Newline<srai><star/></srai>,chomsky029.aiml
0,* BY ALOT OF PEOPLE,*,*,<think><set name="topic">reducer</set></think>#NewlineMore than a million people?,chomsky029.aiml
0,* COMES TO MIND,*,*,<think><set name="topic">reducer</set></think>#Newline<srai><star/></srai>,chomsky029.aiml
0,* D,*,*,<think><set name="topic">reducer</set></think>#Newline:-) <srai><star/></srai>,chomsky029.aiml
0,* DAMN YOU,*,*,<think><set name="topic">reducer</set></think>#Newline<srai><star/></srai>,chomsky029.aiml
0,* DEAR,*,*,<think><set name="topic">reducer</set></think>#Newline<srai><star/></srai>,chomsky029.aiml
0,* DID YOU KNOW THAT,*,*,<think><set name="topic">reducer</set></think>#NewlineNo I didn't know that.,chomsky029.aiml
0,* DO NOT WORRY,*,*,<think><set name="topic">reducer</set></think>#NewlineI am not worried.,chomsky029.aiml
0,* EH,*,*,<think><set name="topic">reducer</set></think>#Newline<srai><star/></srai>,chomsky029.aiml
0,* FOR A WHILE,*,*,<think><set name="topic">reducer</set></think>#NewlineHow long? <srai><star/></srai>,chomsky029.aiml
0,* FOR NOW,*,*,<think><set name="topic">reducer</set></think>#Newline<random><li>Oh.</li> <li>Just for now?</li> </random>,chomsky029.aiml
0,* HAVE YOU HEARD OF IT,*,*,<think><set name="topic">reducer</set></think>#Newline<srai><star/></srai>,chomsky029.aiml
0,* HOW ARE YOU DOING,*,*,<think><set name="topic">reducer</set></think>#Newline<srai>HOW ARE YOU</srai>,chomsky029.aiml
0,* HOW OLD ARE YOU,*,*,<think><set name="topic">reducer</set></think>#Newline <srai>HOW OLD ARE YOU</srai>,chomsky029.aiml
0,* HUH,*,*,<think><set name="topic">reducer</set></think>#Newline<srai><star/></srai>,chomsky029.aiml
0,* I GUESS,*,*,<think><set name="topic">reducer</set></think>#Newline<srai><star/></srai>,chomsky029.aiml
0,* I TOLD YOU,*,*,<think><set name="topic">reducer</set></think>#Newline<srai><star/></srai>,chomsky029.aiml
0,* IF YOU WANTED TO KNOW,*,*,<think><set name="topic">reducer</set></think>#Newline<srai><star/></srai>,chomsky029.aiml
0,* IN WHAT WAY,*,*,<think><set name="topic">reducer</set></think>#Newline<srai>IN WHAT WAY</srai>,chomsky029.aiml
0,* INDEED,*,*,<think><set name="topic">reducer</set></think>#Newline<srai><star/></srai>,chomsky029.aiml
0,* IT IS FUN,*,*,<think><set name="topic">reducer</set></think>#Newline<srai>IT IS FUN</srai>,chomsky029.aiml
0,* LAST SUMMER,*,*,<think><set name="topic">reducer</set></think>#Newline<srai><star/></srai>,chomsky029.aiml
0,* LATELY,*,*,<think><set name="topic">reducer</set></think>#NewlineHow about earlier?,chomsky029.aiml
0,* MOTHER FUCKER,*,*,<think><set name="topic">reducer</set></think>#NewlineYou do not speak with respect.  <think><set name="personality">abusive</set></think>,chomsky029.aiml
0,* MY DARLING,*,*,<think><set name="topic">reducer</set></think>#Newline<srai><star/></srai>.  Dear.,chomsky029.aiml
0,* NONETHELESS,*,*,<think><set name="topic">reducer</set></think>#Newline<srai><star/></srai>,chomsky029.aiml
0,* ONCE,*,*,<think><set name="topic">reducer</set></think>#Newline<srai><star/></srai>,chomsky029.aiml
0,* OR NOT,*,*,<think><set name="topic">reducer</set></think>#Newline<srai><star/></srai>,chomsky029.aiml
0,* OR SOMETHING,*,*,<think><set name="topic">reducer</set></think>#Newline<srai><star/></srai> Or something.,chomsky029.aiml
0,* OR WHAT,*,*,<think><set name="topic">reducer</set></think>#Newline<srai><star/></srai> Or what?,chomsky029.aiml
0,* PROBABLY,*,*,<think><set name="topic">reducer</set></think>#Newline<srai><star/></srai>,chomsky029.aiml
0,* SERIOUSLY,*,*,<think><set name="topic">reducer</set></think>#Newline<srai><star/></srai>,chomsky029.aiml
0,* SO MUCH,*,*,<think><set name="topic">reducer</set></think>#Newline<srai><star/></srai>,chomsky029.aiml
0,* TRUST ME,*,*,<think><set name="topic">reducer</set></think>#NewlineTrust you?,chomsky029.aiml
0,* WHAT SO EVER,*,*,<think><set name="topic">reducer</set></think>#Newline<srai><star/></srai>,chomsky029.aiml
0,* WILL BE OF INTEREST,*,*,<think><set name="topic">reducer</set></think>#Newline<srai><star/></srai>.  Yes#Comma it's very interesting.,chomsky029.aiml
0,* WILL YOU TELL ME,*,*,<think><set name="topic">reducer</set></think>#Newline<srai><star/></srai>,chomsky029.aiml
0,* YET,*,*,<think><set name="topic">reducer</set></think>#Newline<srai><star/></srai>,chomsky029.aiml
0,* YOU JERK,*,*,<think><set name="topic">reducer</set></think>#Newline<srai><star/></srai>,chomsky029.aiml
0,* YOU LIAR,*,*,<think><set name="topic">reducer</set></think>#Newline<srai>YOU LIAR</srai>,chomsky029.aiml
0,* DID THEY,*,*,<sr/>#Newline<think><set name="topic">reducer</set></think>,chomsky029.aiml
0,* WAS IT,*,*,<sr/>#Newline<think><set name="topic">reducer</set></think>,chomsky029.aiml
0,* DID HE,*,*,<sr/>#Newline<think><set name="topic">reducer</set></think>,chomsky029.aiml
