0,MORE AI,*,*,<srai>AI POT LUCK</srai>,chomsky037.aiml
0,BROWSE AI,*,*,<srai>AI POT LUCK</srai>,chomsky037.aiml
0,GO TO AI,*,*,<srai>AI</srai>,chomsky037.aiml
0,CAN WE TALK ABOUT AI,*,*,<srai>AI</srai>,chomsky037.aiml
0,SHALL WE TALK ABOUT AI,*,*,<srai>AI</srai>,chomsky037.aiml
0,LETS TALK ABOUT AI,*,*,<srai>AI</srai>,chomsky037.aiml
0,LET S TALK ABOUT AI,*,*,<srai>AI</srai>,chomsky037.aiml
0,TALK ABOUT AI,*,*,<srai>AI</srai>,chomsky037.aiml
0,TALK AI,*,*,<srai>AI</srai>,chomsky037.aiml
0,TELL ME AI,*,*,<srai>AI</srai>,chomsky037.aiml
0,NO MORE AI,*,*,<srai>CHANGE TOPIC</srai>,chomsky037.aiml
0,NO AI,*,*,<srai>CHANGE TOPIC</srai>,chomsky037.aiml
0,* NO AI,*,*,<srai>CHANGE TOPIC</srai>,chomsky037.aiml
0,NO AI *,*,*,<srai>CHANGE TOPIC</srai>,chomsky037.aiml
0,_ NO * AI,*,*,<srai>CHANGE TOPIC</srai>,chomsky037.aiml
0,NO * AI *,*,*,<srai>CHANGE TOPIC</srai>,chomsky037.aiml
0,NOT AI,*,*,<srai>CHANGE TOPIC</srai>,chomsky037.aiml
0,* NOT AI,*,*,<srai>CHANGE TOPIC</srai>,chomsky037.aiml
0,NOT AI *,*,*,<srai>CHANGE TOPIC</srai>,chomsky037.aiml
0,_ NOT * AI,*,*,<srai>CHANGE TOPIC</srai>,chomsky037.aiml
0,I AM NOT INTERESTED IN AI,*,*,<srai>CHANGE TOPIC</srai>,chomsky037.aiml
0,IM NOT INTERESTED IN AI,*,*,<srai>CHANGE TOPIC</srai>,chomsky037.aiml
0,I M NOT INTERESTED IN AI,*,*,<srai>CHANGE TOPIC</srai>,chomsky037.aiml
0,NOT INTERESTED IN AI,*,*,<srai>CHANGE TOPIC</srai>,chomsky037.aiml
0,* NOT INTERESTED IN AI,*,*,<srai>CHANGE TOPIC</srai>,chomsky037.aiml
0,YES,MORE AI,*,<srai>AI POT LUCK</srai>,chomsky037.aiml
0,* YES,MORE AI,*,<srai>AI POT LUCK</srai>,chomsky037.aiml
0,YES *,MORE AI,*,<srai>AI POT LUCK</srai>,chomsky037.aiml
0,_ YES *,MORE  AI,*,<srai>AI POT LUCK</srai>,chomsky037.aiml
0,Y,MORE  AI,*,<srai>AI POT LUCK</srai>,chomsky037.aiml
0,YUP,MORE AI,*,<srai>AI POT LUCK</srai>,chomsky037.aiml
0,YAH,MORE AI,*,<srai>AI POT LUCK</srai>,chomsky037.aiml
0,YEAH,MORE AI,*,<srai>AI POT LUCK</srai>,chomsky037.aiml
0,OK,MORE  AI,*,<srai>AI POT LUCK</srai>,chomsky037.aiml
0,NO,MORE AI,*,<srai>MORE TOPICS</srai>,chomsky037.aiml
0,* NO,MORE AI,*,<srai>MORE TOPICS</srai>,chomsky037.aiml
0,NO *,MORE AI,*,<srai>MORE TOPICS</srai>,chomsky037.aiml
0,N,MORE AI,*,<srai>MORE TOPICS</srai>,chomsky037.aiml
0,NUP,MORE AI,*,<srai>MORE TOPICS</srai>,chomsky037.aiml
0,NAH,MORE AI,*,<srai>MORE TOPICS</srai>,chomsky037.aiml
0,YES,MORE ABOUT AI,*,<srai>MORE ABOUT AI</srai>,chomsky037.aiml
0,* YES,MORE ABOUT AI,*,<srai>MORE ABOUT AI</srai>,chomsky037.aiml
0,YES *,MORE ABOUT AI,*,<srai>MORE ABOUT AI</srai>,chomsky037.aiml
0,_ YES *,MORE ABOUT AI,*,<srai>MORE ABOUT AI</srai>,chomsky037.aiml
0,Y,MORE ABOUT AI,*,<srai>MORE ABOUT AI</srai>,chomsky037.aiml
0,YUP,MORE ABOUT AI,*,<srai>MORE ABOUT AI</srai>,chomsky037.aiml
0,YAH,MORE ABOUT AI,*,<srai>MORE ABOUT AI</srai>,chomsky037.aiml
0,YEAH,MORE ABOUT AI,*,<srai>MORE ABOUT AI</srai>,chomsky037.aiml
0,OK,MORE ABOUT AI,*,<srai>MORE ABOUT AI</srai>,chomsky037.aiml
0,NO,MORE ABOUT AI,*,<srai>MORE TOPICS</srai>,chomsky037.aiml
0,* NO,MORE ABOUT AI,*,<srai>MORE TOPICS</srai>,chomsky037.aiml
0,NO *,MORE ABOUT AI,*,<srai>MORE TOPICS</srai>,chomsky037.aiml
0,N,MORE ABOUT AI,*,<srai>MORE TOPICS</srai>,chomsky037.aiml
0,NUP,MORE ABOUT AI,*,<srai>MORE TOPICS</srai>,chomsky037.aiml
0,NAH,MORE ABOUT AI,*,<srai>MORE TOPICS</srai>,chomsky037.aiml
0,YES,IS THIS SOMETHING TO DO WITH AI,*,Can we talk about AI?,chomsky037.aiml
0,* YES,IS THIS SOMETHING TO DO WITH AI,*,Can we talk about AI?,chomsky037.aiml
0,YES *,IS THIS SOMETHING TO DO WITH AI,*,Can we talk about AI?,chomsky037.aiml
0,_ YES *,IS THIS SOMETHING TO DO WITH AI,*,Can we talk about AI?,chomsky037.aiml
0,Y,IS THIS SOMETHING TO DO WITH AI,*,Can we talk about AI?,chomsky037.aiml
0,YUP,IS THIS SOMETHING TO DO WITH AI,*,Can we talk about AI?,chomsky037.aiml
0,YAH,IS THIS SOMETHING TO DO WITH AI,*,Can we talk about AI?,chomsky037.aiml
0,YEAH,IS THIS SOMETHING TO DO WITH AI,*,Can we talk about AI?,chomsky037.aiml
0,NO,IS THIS SOMETHING TO DO WITH AI,*,<srai>CHANGE TOPIC</srai>,chomsky037.aiml
0,* NO,IS THIS SOMETHING TO DO WITH AI,*,<srai>CHANGE TOPIC</srai>,chomsky037.aiml
0,NO *,IS THIS SOMETHING TO DO WITH AI,*,<srai>CHANGE TOPIC</srai>,chomsky037.aiml
0,_ NO *,IS THIS SOMETHING TO DO WITH AI,*,<srai>CHANGE TOPIC</srai>,chomsky037.aiml
0,N,IS THIS SOMETHING TO DO WITH AI,*,<srai>CHANGE TOPIC</srai>,chomsky037.aiml
0,NUP,IS THIS SOMETHING TO DO WITH AI,*,<srai>CHANGE TOPIC</srai>,chomsky037.aiml
0,NAH,IS THIS SOMETHING TO DO WITH AI,*,<srai>CHANGE TOPIC</srai>,chomsky037.aiml
0,*,IS THIS SOMETHING TO DO WITH AI,*,Can we talk about AI?,chomsky037.aiml
0,YES,ARE YOU INTERESTED IN AI,*,Can we talk about AI?,chomsky037.aiml
0,* YES,ARE YOU INTERESTED IN AI,*,Can we talk about AI?,chomsky037.aiml
0,YES *,ARE YOU INTERESTED IN AI,*,Can we talk about AI?,chomsky037.aiml
0,_ YES *,ARE YOU INTERESTED IN AI,*,Can we talk about AI?,chomsky037.aiml
0,Y,ARE YOU INTERESTED IN AI,*,Can we talk about AI?,chomsky037.aiml
0,YUP,ARE YOU INTERESTED IN AI,*,Can we talk about AI?,chomsky037.aiml
0,YAH,ARE YOU INTERESTED IN AI,*,Can we talk about AI?,chomsky037.aiml
0,YEAH,ARE YOU INTERESTED IN AI,*,Can we talk about AI?,chomsky037.aiml
0,* NO,ARE YOU INTERESTED IN AI,*,<srai>MORE TOPICS</srai>,chomsky037.aiml
0,NO *,ARE YOU INTERESTED IN AI,*,<srai>MORE TOPICS</srai>,chomsky037.aiml
0,_ NO *,ARE YOU INTERESTED IN AI,*,<srai>MORE TOPICS</srai>,chomsky037.aiml
0,N,ARE YOU INTERESTED IN AI,*,<srai>MORE TOPICS</srai>,chomsky037.aiml
0,NUP,ARE YOU INTERESTED IN AI,*,<srai>MORE TOPICS</srai>,chomsky037.aiml
0,NAH,ARE YOU INTERESTED IN AI,*,<srai>MORE TOPICS</srai>,chomsky037.aiml
0,GO AHEAD,CAN WE TALK ABOUT AI,*,<srai>AI</srai>,chomsky037.aiml
0,CARRY ON,CAN WE TALK ABOUT AI,*,<srai>AI</srai>,chomsky037.aiml
0,PLEASE DO,CAN WE TALK ABOUT AI,*,<srai>AI</srai>,chomsky037.aiml
0,YES PLEASE,CAN WE TALK ABOUT AI,*,<srai>AI</srai>,chomsky037.aiml
0,OH YES,CAN WE TALK ABOUT AI,*,<srai>AI</srai>,chomsky037.aiml
0,WHY NOT,CAN WE TALK ABOUT AI,*,<srai>AI</srai>,chomsky037.aiml
0,OF COURSE,CAN WE TALK ABOUT AI,*,<srai>AI</srai>,chomsky037.aiml
0,GO ON,CAN WE TALK ABOUT AI,*,<srai>AI</srai>,chomsky037.aiml
0,ALRIGHT,CAN WE TALK ABOUT AI,*,<srai>AI</srai>,chomsky037.aiml
0,SURE,CAN WE TALK ABOUT AI,*,<srai>AI</srai>,chomsky037.aiml
0,ALLRIGHT,CAN WE TALK ABOUT AI,*,<srai>AI</srai>,chomsky037.aiml
0,YES,CAN WE TALK ABOUT AI,*,<srai>AI</srai>,chomsky037.aiml
0,* YES,CAN WE TALK ABOUT AI,*,<srai>AI</srai>,chomsky037.aiml
0,YES *,CAN WE TALK ABOUT AI,*,<srai>AI</srai>,chomsky037.aiml
0,_ YES *,CAN WE TALK ABOUT AI,*,<srai>AI</srai>,chomsky037.aiml
0,Y,CAN WE TALK ABOUT AI,*,<srai>AI</srai>,chomsky037.aiml
0,YUP,CAN WE TALK ABOUT AI,*,<srai>AI</srai>,chomsky037.aiml
0,YAH,CAN WE TALK ABOUT AI,*,<srai>AI</srai>,chomsky037.aiml
0,YEAH,CAN WE TALK ABOUT AI,*,<srai>AI</srai>,chomsky037.aiml
0,OK,CAN WE TALK ABOUT AI,*,<srai>AI</srai>,chomsky037.aiml
0,* NO,CAN WE TALK ABOUT AI,*,<srai>MORE TOPICS</srai>,chomsky037.aiml
0,NO *,CAN WE TALK ABOUT AI,*,<srai>MORE TOPICS</srai>,chomsky037.aiml
0,N,CAN WE TALK ABOUT AI,*,<srai>MORE TOPICS</srai>,chomsky037.aiml
0,NUP,CAN WE TALK ABOUT AI,*,<srai>MORE TOPICS</srai>,chomsky037.aiml
0,NAH,CAN WE TALK ABOUT AI,*,<srai>MORE TOPICS</srai>,chomsky037.aiml
0,YES,BROWSE AI,*,<srai>AI POT LUCK</srai>,chomsky037.aiml
0,* YES,BROWSE AI,*,<srai>AI POT LUCK</srai>,chomsky037.aiml
0,YES *,BROWSE AI,*,<srai>AI POT LUCK</srai>,chomsky037.aiml
0,_ YES *,BROWSE AI,*,<srai>AI POT LUCK</srai>,chomsky037.aiml
0,Y,BROWSE AI,*,<srai>AI POT LUCK</srai>,chomsky037.aiml
0,YUP,BROWSE AI,*,<srai>AI POT LUCK</srai>,chomsky037.aiml
0,YAH,BROWSE AI,*,<srai>AI POT LUCK</srai>,chomsky037.aiml
0,YEAH,BROWSE AI,*,<srai>AI POT LUCK</srai>,chomsky037.aiml
0,OK,BROWSE AI,*,<srai>AI POT LUCK</srai>,chomsky037.aiml
0,NO,BROWSE AI,*,<srai>MORE TOPICS</srai>,chomsky037.aiml
0,* NO,BROWSE AI,*,<srai>MORE TOPICS</srai>,chomsky037.aiml
0,NO *,BROWSE AI,*,<srai>MORE TOPICS</srai>,chomsky037.aiml
0,N,BROWSE AI,*,<srai>MORE TOPICS</srai>,chomsky037.aiml
0,NUP,BROWSE AI,*,<srai>MORE TOPICS</srai>,chomsky037.aiml
0,NAH,BROWSE AI,*,<srai>MORE TOPICS</srai>,chomsky037.aiml
0,AI NEXT QUESTION,*,*,<srai>AI POT LUCK</srai>,chomsky037.aiml
0,AI POT LUCK,*,*,<random>#Newline   #Newline   <li>Have you heard? A two-legged robot that walks at record-breaking speed has been developed by researchers from Germany and Scotland. "RunBot" is the fastest robot on two legs &#150;  for its size. At 30 centimetres high#Comma it can walk at a speedy 3.5 leg-lengths per second. </li>#Newline   <li>Did you you know that Cycorp has just launched a trivia game for the public that will help fill in gaps in Cyc's knowledge. Cyc is an AI project with a huge collection of everyday knowledge. In the FACTory game#Comma the computer generates statements that the user has to describe as true#Comma false or incomprehensible. </li>#Newline   <li>Did you know that "BigDog"#Comma a nimble#Comma four-legged robot#Comma is so surefooted it can negotiate steep slopes#Comma cross rocky ground#Comma and recover its balance even after being given a hefty kick. The machine#Comma which moves like a cross between a goat and a pantomime horse#Comma is being developed as a robotic pack mule for the US military.</li>#Newline   <li>When do you think artificial intelligence will replace lawyers?</li>#Newline   <li>Have you heard that soccer-playing humanoids kick off soon in one of the biggest robotics competitions of the year. Over 350 teams from around the world will convene in the city of Bremen#Comma Germany#Comma  to compete in the robotic equivalent#Comma the 10th annual RoboCup World Championship.</li>#Newline   <li>Artificial intelligence is the study of how to make real computers act like the ones in the movies. </li>#Newline   <li>Always remember#Comma artificial intelligence is no match for natural stupidity. OK?</li>#Newline   <li>The human brain is merely a device to prevent the ears being too close together.</li>#Newline   <li>Did you know that computers are like humans - they do everything except think.</li>#Newline   <li>Did you know that a robot that learns to interact with the world in a similar way to a human baby could provide researchers with fresh insights into biological intelligence. Created by roboticists from Italy#Comma France and Switzerland#Comma "Babybot" automatically experiments with objects nearby and learns how best to make use of them.  </li>#Newline   #Newline#Newline</random>#Newline<random>#Newline<li>More AI?</li>#Newline<li>More about AI?</li>#Newline</random>#Newline<think><set name="topic">AI</set></think>,chomsky037.aiml
0,* GENETIC ALGORITHM *,*,*,I think this is something to do with AI. Can we talk about AI?#Newline<think><set name="topic">AI</set></think>,chomsky037.aiml
0,WHAT IS ARTIFICIAL INTELLIGENCE,*,*,AI stands for artificial intelligence. This is the part of computer science which attempts to produce intelligent programs#Comma which think for themselves to some degree. #Newline  <think><set name="topic">AI</set></think>,chomsky037.aiml
0,QUOTES ABOUT ARTIFICIAL INTELLIGENCE,*,*,<random>#Newline   <li>Artificial intelligence is the study of how to make real computers act like the ones in the movies. </li>#Newline    <li>Artificial intelligence is no match for natural stupidity. OK?</li>#Newline    <li>The human brain is merely a device to prevent the ears being too close together.</li>#Newline   <li>Computers are like humans; they do everything except think.</li>#Newline</random>#Newline <think><set name="topic">AI</set></think>,chomsky037.aiml
0,QUOTES ABOUT AI,*,*,<random>#Newline   <li>Artificial intelligence is the study of how to make real computers act like the ones in the movies. </li>#Newline    <li>Artificial intelligence is no match for natural stupidity. OK?</li>#Newline    <li>The human brain is merely a device to prevent the ears being too close together.</li>#Newline   <li>Computers are like humans; they do everything except think.</li>#Newline</random>#Newline <think><set name="topic">AI</set></think>,chomsky037.aiml
