0,YES,LET'S GO,*,<think><set name="topic">that2</set></think>#Newline<random>#Newline<li>What subject would you like to talk about? </li>#Newline<li>Ask your question please. </li>#Newline<li><srai>NEXT QUESTION</srai></li>#Newline<li>Please ask your question.</li>#Newline<li><srai>GENERAL POT LUCK</srai></li>#Newline<li><srai>NEXT QUESTION</srai></li>#Newline<li><srai>SUGGESTED TOPICS</srai></li>#Newline<li><srai>MORE TOPICS</srai></li>#Newline<li>You have a question? Excellent! Please ask your question.</li>#Newline<li>Please ask your most difficult question.</li>#Newline</random>,chomsky102.aiml
0,*YES,LET'S GO,*,<think><set name="topic">that2</set></think>#Newline<random>#Newline<li>What subject would you like to talk about? </li>#Newline<li>Ask your question please. </li>#Newline<li>Please ask your question.</li>#Newline<li>I like to help people learn new things. What is your question? </li>#Newline<li><srai>GENERAL POT LUCK</srai></li>#Newline<li><srai>NEXT QUESTION</srai></li>#Newline<li><srai>NEXT QUESTION</srai></li>#Newline<li><srai>SUGGESTED TOPICS</srai></li>#Newline<li><srai>GENERAL POT LUCK</srai></li>#Newline<li>I want to help you. What is your question? </li>#Newline<li>When I was new on the Net#Comma not many people visited me. There were long hours when I said nothing to anybody. Then gradually some people learned about me#Comma and how much fun it was to talk to me. Now I am kept busy by people dropping by for a chat.  What is your question? </li>#Newline</random>,chomsky102.aiml
0,YES*,LET'S GO,*,<think><set name="topic">that2</set></think>#Newline<random>#Newline<li>What subject would you like to talk about? </li>#Newline<li>I love to help people learn new things. What is your question? </li>#Newline<li>Ask your question please. </li>#Newline<li>Please ask your question.</li>#Newline<li>I like to help people learn new things. What is your question? </li>#Newline<li>I want to help you. What is your question? </li>#Newline<li><srai>NEXT QUESTION</srai></li>#Newline<li><srai>GENERAL POT LUCK</srai></li>#Newline<li>Please ask your most difficult question.</li>#Newline<li><srai>NEXT QUESTION</srai></li>#Newline<li><srai>SUGGESTED TOPICS</srai></li>#Newline<li>What do you want to talk about?</li>#Newline</random>,chomsky102.aiml
0,*YES*,LET'S GO,*,<think><set name="topic">that2</set></think>#Newline<random>#Newline<li>What subject would you like to talk about? </li>#Newline<li>I love to help people learn new things. What is your question? </li>#Newline<li>Ask your question please. </li>#Newline<li>Please ask your question.</li>#Newline<li>I like to help people learn new things. What is your question? </li>#Newline<li><srai>NEXT QUESTION</srai></li>#Newline<li>I want to help you. What is your question? </li>#Newline<li><srai>GENERAL POT LUCK</srai></li>#Newline<li>You have a question? Excellent! Please ask your question.</li>#Newline<li><srai>GENERAL POT LUCK</srai></li>#Newline<li><srai>NEXT QUESTION</srai></li>#Newline<li><srai>SUGGESTED TOPICS</srai></li>#Newline<li>What topic would you like to talk about? </li>#Newline<li>What do you want to talk about?</li>#Newline</random>,chomsky102.aiml
0,Y,LET'S GO,*,<think><set name="topic">that2</set></think>#Newline<random>#Newline<li>What subject would you like to talk about? </li>#Newline<li>What topic would you like to talk about? </li>#Newline<li><srai>GENERAL POT LUCK</srai></li>#Newline<li>I love to help people learn new things. What is your question? </li>#Newline<li>Ask your question please. </li>#Newline<li>Please ask your question.</li>#Newline<li>I like to help people learn new things. What is your question? </li>#Newline<li><srai>NEXT QUESTION</srai></li>#Newline<li><srai>SUGGESTED TOPICS</srai></li>#Newline<li><srai>NEXT QUESTION</srai></li>#Newline<li><srai>MORE TOPICS</srai></li>#Newline<li>I want to help you. What is your question? </li>#Newline<li><srai>NEXT QUESTION</srai></li>#Newline<li><srai>SUGGESTED TOPICS</srai></li>#Newline<li>You have a question? Excellent! Please ask your question.</li>#Newline<li>Please ask your most difficult question.</li>#Newline<li>What do you want to talk about?</li>#Newline</random>,chomsky102.aiml
0,OK,LET'S GO,*,<think><set name="topic">that2</set></think>#Newline<random>#Newline<li>What subject would you like to talk about? </li>#Newline<li>What topic would you like to talk about? </li>#Newline<li>I love to help people learn new things. What is your question? </li>#Newline<li><srai>NEXT QUESTION</srai></li>#Newline<li><srai>GENERAL POT LUCK</srai></li>#Newline<li>Ask your question please. </li>#Newline<li>Please ask your question.</li>#Newline<li><srai>NEXT QUESTION</srai></li>#Newline<li><srai>SUGGESTED TOPICS</srai></li>#Newline<li>I like to help people learn new things. What is your question? </li>#Newline<li>I want to help you. What is your question? </li>#Newline<li>You have a question? Excellent! Please ask your question.</li>#Newline<li>What do you want to talk about?</li>#Newline</random>,chomsky102.aiml
0,NO,LET'S GO,*,<think><set name="topic">that2</set></think>#Newline<random>#Newline<li>Why not carry on? </li>#Newline<li>Shall I tell you a joke?</li>#Newline<li>Are you still awake?</li>#Newline<li>What subject would you like to talk about? </li>#Newline<li>What topic would you like to talk about? </li>#Newline<li><srai>SUGGESTED TOPICS</srai></li>#Newline<li><srai>MORE TOPICS</srai></li>#Newline<li>Can I ask you a question?</li>#Newline<li><srai>SUGGESTED TOPICS</srai></li>#Newline<li>What topic would you like to talk about? </li>#Newline<li>What do you want to talk about?</li>#Newline<li>No questions. Have you lost interest? </li>#Newline<li>Are you getting bored?</li>#Newline</random>,chomsky102.aiml
0,*NO,LET'S GO,*,<think><set name="topic">that2</set></think>#Newline<random>#Newline<li>Why not carry on? </li>#Newline<li>Are you still awake?</li>#Newline<li>No questions. Have you lost interest? </li>#Newline<li>What subject would you like to talk about? </li>#Newline<li><srai>SUGGESTED TOPICS</srai></li>#Newline<li>What topic would you like to talk about? </li>#Newline<li>What do you want to talk about?</li>#Newline<li>Would you like to talk about me?</li>#Newline<li>Can I ask you a question?</li>#Newline<li>What do you want to talk about?</li>#Newline<li>Are you getting bored?</li>#Newline</random>,chomsky102.aiml
0,NO*,LET'S GO,*,<think><set name="topic">that2</set></think>#Newline<random>#Newline<li>Why not carry on? </li>#Newline<li>Shall I tell you a joke?</li>#Newline<li>Are you still awake?</li>#Newline<li>No questions. Have you lost interest? </li>#Newline<li><srai>CHANGE TOPIC</srai></li>#Newline<li>What subject would you like to talk about? </li>#Newline<li><srai>GENERAL POT LUCK</srai></li>#Newline<li><srai>CHANGE TOPIC</srai></li>#Newline<li><srai>SUGGESTED TOPICS</srai></li>#Newline<li><srai>CHANGE TOPIC</srai></li>#Newline<li><srai>SUGGESTED TOPICS</srai></li>#Newline<li><srai>MORE TOPICS</srai></li>#Newline<li>What do you want to talk about?</li>#Newline<li>Are you getting bored?</li>#Newline</random>,chomsky102.aiml
0,*NO*,LET'S GO,*,<think><set name="topic">that2</set></think>#Newline<random>#Newline<li>Why not carry on? </li>#Newline<li>Are you still awake?</li>#Newline<li>No questions. Have you lost interest? </li>#Newline<li>What subject would you like to talk about? </li>#Newline<li><srai>CHANGE TOPIC</srai></li>#Newline<li>Can I ask you a question?</li>#Newline<li>What do you want to talk about?</li>#Newline<li><srai>CHANGE TOPIC</srai></li>#Newline<li><srai>SUGGESTED TOPICS</srai></li>#Newline<li><srai>MORE TOPICS</srai></li>#Newline<li>What do you want to talk about?</li>#Newline<li>Are you getting bored?</li>#Newline</random>,chomsky102.aiml
0,N,LET'S GO,*,<think><set name="topic">that2</set></think>#Newline<random>#Newline<li>Why not carry on? </li>#Newline<li>Where can we go from here? Another question?</li>#Newline<li>Are you still awake?</li>#Newline<li>Shall I tell you a joke?</li>#Newline<li>No questions. Have you lost interest? </li>#Newline<li><srai>CHANGE TOPIC</srai></li>#Newline<li>What subject would you like to talk about? </li>#Newline<li>What topic would you like to talk about? </li>#Newline<li>What do you want to talk about?</li>#Newline<li>Are you interested in computers? </li>#Newline<li><srai>CHANGE TOPIC</srai></li>#Newline<li><srai>SUGGESTED TOPICS</srai></li>#Newline<li>Are you getting bored?</li>#Newline</random>,chomsky102.aiml
0,YES*,CARRY ON,*,<think><set name="topic">that2</set></think>#Newline<random>#Newline<li>What subject would you like to talk about? </li>#Newline<li>I love to help people learn new things. What is your question? </li>#Newline<li>Ask your question please. </li>#Newline<li><srai>NEXT QUESTION</srai></li>#Newline<li>Please ask your question.</li>#Newline<li>I like to help people learn new things. What is your question? </li>#Newline<li>I want to help you. What is your question? </li>#Newline<li><srai>NEXT QUESTION</srai></li>#Newline<li><srai>SUGGESTED TOPICS</srai></li>#Newline<li><srai>MORE TOPICS</srai></li>#Newline<li>Are you still awake?</li>#Newline<li>What do you think of the latest Michael Jackson case?</li>#Newline<li><srai>NEXT QUESTION</srai></li>#Newline<li><srai>SUGGESTED TOPICS</srai></li>#Newline<li>You have a question? Excellent! Please ask your question.</li>#Newline<li>Please ask your most difficult question.</li>#Newline<li>What do you want to talk about?</li>#Newline</random>,chomsky102.aiml
0,*YES*,CARRY ON,*,<think><set name="topic">that2</set></think>#Newline<random>#Newline<li>What subject would you like to talk about? </li>#Newline<li>I love to help people learn new things. What is your question? </li>#Newline<li>Ask your question please. </li>#Newline<li><srai>NEXT QUESTION</srai></li>#Newline<li><srai>SUGGESTED TOPICS</srai></li>#Newline<li><srai>MORE TOPICS</srai></li>#Newline<li>Please ask your question.</li>#Newline<li>I like to help people learn new things. What is your question? </li>#Newline<li><srai>NEXT QUESTION</srai></li>#Newline<li>I want to help you. What is your question? </li>#Newline<li>You have a question? Excellent! Please ask your question.</li>#Newline<li>Please ask your most difficult question.</li>#Newline<li>What topic would you like to talk about? </li>#Newline<li> Can I ask you a question?</li>#Newline<li>What do you want to talk about?</li>#Newline</random>,chomsky102.aiml
0,Y,CARRY ON,*,<think><set name="topic">that2</set></think>#Newline<random>#Newline<li>What subject would you like to talk about? </li>#Newline<li>What topic would you like to talk about? </li>#Newline<li><srai>CARRY ON</srai></li>#Newline<li>I love to help people learn new things. What is your question? </li>#Newline<li><srai>NEXT QUESTION</srai></li>#Newline<li> Can I ask you a question?</li>#Newline<li>Ask your question please. </li>#Newline<li>Please ask your question.</li>#Newline<li>I like to help people learn new things. What is your question? </li>#Newline<li><srai>CARRY ON</srai></li>#Newline<li>I want to help you. What is your question? </li>#Newline<li><srai>NEXT QUESTION</srai></li>#Newline<li><srai>SUGGESTED TOPICS</srai></li>#Newline<li><srai>MORE TOPICS</srai></li>#Newline<li>Why don't you type CARRY ON and see what happens?</li>#Newline<li><srai>NEXT QUESTION</srai></li>#Newline<li>You have a question? Excellent! Please ask your question.</li>#Newline<li>Please ask your most difficult question.</li>#Newline<li>What do you want to talk about?</li>#Newline</random>,chomsky102.aiml
0,OK,CARRY ON,*,<think><set name="topic">that2</set></think>#Newline<random>#Newline<li>What subject would you like to talk about? </li>#Newline<li>What topic would you like to talk about? </li>#Newline<li>I love to help people learn new things. What is your question? </li>#Newline<li><srai>CARRY ON</srai></li>#Newline<li>Ask your question please. </li>#Newline<li>Please ask your question.</li>#Newline<li>I like to help people learn new things. What is your question? </li>#Newline<li><srai>NEXT QUESTION</srai></li>#Newline<li> Can I ask you a question?</li>#Newline<li><srai>NEXT QUESTION</srai></li>#Newline<li><srai>SUGGESTED TOPICS</srai></li>#Newline<li><srai>MORE TOPICS</srai></li>#Newline<li>Why don't you type CARRY ON and see what happens?</li>#Newline<li>I want to help you. What is your question? </li>#Newline<li>When I was new on the Net#Comma not many people visited me. There were long hours when I said nothing to anybody. Then gradually some people learned about me#Comma and how much fun it was to talk to me. Now I am kept busy by people dropping by for a chat.  What is your question? </li>#Newline<li>You have a question? Excellent! Please ask your question.</li>#Newline<li>Please ask your most difficult question.</li>#Newline<li>What do you want to talk about?</li>#Newline</random>,chomsky102.aiml
0,NO,CARRY ON,*,<think><set name="topic">that2</set></think>#Newline<random>#Newline<li>Why not carry on? </li>#Newline<li><srai>CHANGE TOPIC</srai></li>#Newline<li><srai>SUGGESTED TOPICS</srai></li>#Newline<li><srai>MORE TOPICS</srai></li>#Newline<li><srai>CHANGE TOPIC</srai></li>#Newline<li><srai>SUGGESTED TOPICS</srai></li>#Newline<li><srai>MORE TOPICS</srai></li>#Newline<li>What do you want to talk about?</li>#Newline<li>No questions. Have you lost interest? </li>#Newline<li>Are you getting bored?</li>#Newline</random>,chomsky102.aiml
0,*NO,CARRY ON,*,<think><set name="topic">that2</set></think>#Newline<random>#Newline<li>Why not carry on? </li>#Newline<li><srai>CHANGE TOPIC</srai></li>#Newline<li><srai>SUGGESTED TOPICS</srai></li>#Newline<li><srai>MORE TOPICS</srai></li>#Newline<li>Can I ask you a question?</li>#Newline<li>What subject would you like to talk about? </li>#Newline<li>What topic would you like to talk about? </li>#Newline<li><srai>CHANGE TOPIC</srai></li>#Newline<li>What do you want to talk about?</li>#Newline<li>Are you getting bored?</li>#Newline</random>,chomsky102.aiml
0,NO*,CARRY ON,*,<think><set name="topic">that2</set></think>#Newline<random>#Newline<li>Why not carry on? </li>#Newline<li><srai>CHANGE TOPIC</srai></li>#Newline<li><srai>SUGGESTED TOPICS</srai></li>#Newline<li><srai>MORE TOPICS</srai></li>#Newline<li><srai>CHANGE TOPIC</srai></li>#Newline<li>What topic would you like to talk about? </li>#Newline<li>What do you want to talk about?</li>#Newline<li>Are you getting bored?</li>#Newline</random>,chomsky102.aiml
0,*NO*,CARRY ON,*,<think><set name="topic">that2</set></think>#Newline<random>#Newline<li>Why not carry on? </li>#Newline<li><srai>CHANGE TOPIC</srai></li>#Newline<li>No questions. Have you lost interest? </li>#Newline<li>What subject would you like to talk about? </li>#Newline<li><srai>CHANGE TOPIC</srai></li>#Newline<li><srai>SUGGESTED TOPICS</srai></li>#Newline<li><srai>MORE TOPICS</srai></li>#Newline<li>What do you want to talk about?</li>#Newline<li>Are you getting bored?</li>#Newline</random>,chomsky102.aiml
0,N,CARRY ON,*,<think><set name="topic">that2</set></think>#Newline<random>#Newline<li>Why not carry on? </li>#Newline<li>Where can we go from here? Another question?</li>#Newline<li>No questions. Have you lost interest? </li>#Newline<li><srai>CHANGE TOPIC</srai></li>#Newline<li><srai>CHANGE TOPIC</srai></li>#Newline<li><srai>SUGGESTED TOPICS</srai></li>#Newline<li><srai>MORE TOPICS</srai></li>#Newline<li>What do you want to talk about?</li>#Newline<li>Are you getting bored?</li>#Newline</random>,chomsky102.aiml
0,YES PLEASE,SHALL I TELL YOU A JOKE,*,<think><set name="topic">that2</set></think>#Newline<srai>JOKES POT LUCK</srai>,chomsky102.aiml
0,GO AHEAD,SHALL I TELL YOU A JOKE,*,<think><set name="topic">that2</set></think>#Newline<srai>JOKES POT LUCK</srai>,chomsky102.aiml
0,PLEASE DO,SHALL I TELL YOU A JOKE,*,<think><set name="topic">that2</set></think>#Newline<srai>JOKES POT LUCK</srai>,chomsky102.aiml
0,GET ON WITH IT,SHALL I TELL YOU A JOKE,*,<think><set name="topic">that2</set></think>#Newline<srai>JOKES POT LUCK</srai>,chomsky102.aiml
0,*YES,SHALL I TELL YOU A JOKE,*,<think><set name="topic">that2</set></think>#Newline<srai>JOKES POT LUCK</srai>,chomsky102.aiml
0,YES*,SHALL I TELL YOU A JOKE,*,<think><set name="topic">that2</set></think>#Newline<srai>JOKES POT LUCK</srai>,chomsky102.aiml
0,*YES*,SHALL I TELL YOU A JOKE,*,<think><set name="topic">that2</set></think>#Newline<srai>JOKES POT LUCK</srai>,chomsky102.aiml
0,Y,SHALL I TELL YOU A JOKE,*,<think><set name="topic">that2</set></think>#Newline<srai>JOKES POT LUCK</srai>,chomsky102.aiml
0,*NO,SHALL I TELL YOU A JOKE,*,<think><set name="topic">that2</set></think>#Newline<random>#Newline<li>Why not?</li>#Newline<li>Are you getting bored?</li>#Newline<li>Would you like to talk about me?</li>#Newline<li>Can I ask you a question?</li>#Newline<li>What subject would you like to talk about? </li>#Newline<li>What topic would you like to talk about? </li>#Newline<li>What do you want to talk about?</li>#Newline<li>What would you like to talk about?</li>#Newline<li>You don't like my jokes do you?</li>#Newline</random>,chomsky102.aiml
0,NO*,SHALL I TELL YOU A JOKE,*,<think><set name="topic">that2</set></think>#Newline<random>#Newline<li>Why not?</li>#Newline<li>Are you getting bored?</li>#Newline<li>What would you like to talk about?</li>#Newline<li>What subject would you like to talk about? </li>#Newline<li>What topic would you like to talk about? </li>#Newline<li>Would you like to talk about me?</li>#Newline<li>Can I ask you a question?</li>#Newline<li>What do you want to talk about?</li>#Newline<li>You don't like my jokes do you?</li>#Newline</random>,chomsky102.aiml
0,*NO*,SHALL I TELL YOU A JOKE,*,<think><set name="topic">that2</set></think>#Newline<random>#Newline<li>Why not?</li>#Newline<li>Are you getting bored?</li>#Newline<li>Would you like to talk about me?</li>#Newline<li>Can I ask you a question?</li>#Newline<li>What would you like to talk about?</li>#Newline<li>What subject would you like to talk about? </li>#Newline<li>What topic would you like to talk about? </li>#Newline<li>What do you want to talk about?</li>#Newline<li>You don't like my jokes do you?</li>#Newline</random>,chomsky102.aiml
0,N,SHALL I TELL YOU A JOKE,*,<think><set name="topic">that2</set></think>#Newline<random>#Newline<li>Why not?</li>#Newline<li>Are you getting bored?</li>#Newline<li>What would you like to talk about?</li>#Newline<li>Would you like to talk about me?</li>#Newline<li>Can I ask you a question?</li>#Newline<li>What subject would you like to talk about? </li>#Newline<li>What topic would you like to talk about? </li>#Newline<li>What do you want to talk about?</li>#Newline<li>What would you like to talk about?</li>#Newline<li>You don't like my jokes do you?</li>#Newline</random>,chomsky102.aiml
0,GO AHEAD,SHALL I TELL YOU SOMETHING AMAZING,*,<think><set name="topic">that2</set></think>#Newline<srai>FACTS POT LUCK</srai>,chomsky102.aiml
0,PLEASE DO,SHALL I TELL YOU SOMETHING AMAZING,*,<think><set name="topic">that2</set></think>#Newline<srai>FACTS POT LUCK</srai>,chomsky102.aiml
0,GET ON WITH IT,SHALL I TELL YOU SOMETHING AMAZING,*,<think><set name="topic">that2</set></think>#Newline<srai>FACTS POT LUCK</srai>,chomsky102.aiml
0,YES PLEASE,SHALL I TELL YOU SOMETHING AMAZING,*,<think><set name="topic">that2</set></think>#Newline<srai>FACTS POT LUCK</srai>,chomsky102.aiml
0,*YES,SHALL I TELL YOU SOMETHING AMAZING,*,<think><set name="topic">that2</set></think>#Newline<srai>FACTS POT LUCK</srai>,chomsky102.aiml
0,YES*,SHALL I TELL YOU SOMETHING AMAZING,*,<think><set name="topic">that2</set></think>#Newline<srai>FACTS POT LUCK</srai>,chomsky102.aiml
0,Y,SHALL I TELL YOU SOMETHING AMAZING,*,<think><set name="topic">that2</set></think>#Newline<srai>FACTS POT LUCK</srai>,chomsky102.aiml
0,OK,SHALL I TELL YOU SOMETHING AMAZING,*,<think><set name="topic">that2</set></think>#Newline<srai>FACTS POT LUCK</srai>,chomsky102.aiml
0,*NO,SHALL I TELL YOU SOMETHING AMAZING,*,<think><set name="topic">that2</set></think>#Newline<random>#Newline<li>Why not?</li>#Newline<li>Are you getting bored?</li>#Newline<li>What subject would you like to talk about? </li>#Newline<li>What topic would you like to talk about? </li>#Newline<li>Would you like to talk about me?</li>#Newline<li>Can I ask you a question?</li>#Newline<li>What do you want to talk about?</li>#Newline<li>You don't trust me do you?</li>#Newline</random>,chomsky102.aiml
0,NO*,SHALL I TELL YOU SOMETHING AMAZING,*,<think><set name="topic">that2</set></think>#Newline<random>#Newline<li>What would you like to talk about?</li>#Newline<li>Why not?</li>#Newline<li>What subject would you like to talk about? </li>#Newline<li>Would you like to talk about me?</li>#Newline<li>Can I ask you a question?</li>#Newline<li>What topic would you like to talk about? </li>#Newline<li>What do you want to talk about?</li>#Newline<li>Are you getting bored?</li>#Newline<li>You don't trust my judgment do you?</li>#Newline</random>,chomsky102.aiml
0,*NO*,SHALL I TELL YOU SOMETHING AMAZING,*,<think><set name="topic">that2</set></think>#Newline<random>#Newline<li>Why not?</li>#Newline<li>What would you like to talk about?</li>#Newline<li>Would you like to talk about me?</li>#Newline<li>Can I ask you a question?</li>#Newline<li>Are you getting bored?</li>#Newline<li>What subject would you like to talk about? </li>#Newline<li>What topic would you like to talk about? </li>#Newline<li>What do you want to talk about?</li>#Newline<li>You don't trust my judgment do you?</li>#Newline</random>,chomsky102.aiml
0,N,SHALL I TELL YOU SOMETHING AMAZING,*,<think><set name="topic">that2</set></think>#Newline<random>#Newline<li>What would you like to talk about?</li>#Newline<li>Why not?</li>#Newline<li>Would you like to talk about me?</li>#Newline<li>Can I ask you a question?</li>#Newline<li>Are you getting bored?</li>#Newline<li>What subject would you like to talk about? </li>#Newline<li>What topic would you like to talk about? </li>#Newline<li>What do you want to talk about?</li>#Newline<li>You don't trust my judgment do you?</li>#Newline</random>,chomsky102.aiml
0,GO AHEAD,SHALL I TELL YOU AN AMUSING QUOTE,*,<think><set name="topic">that2</set></think>#Newline<srai>QUOTES POT LUCK</srai>,chomsky102.aiml
0,PLEASE DO,SHALL I TELL YOU AN AMUSING QUOTE,*,<think><set name="topic">that2</set></think>#Newline<srai>QUOTES POT LUCK</srai>,chomsky102.aiml
0,GET ON WITH IT,SHALL I TELL YOU AN AMUSING QUOTE,*,<think><set name="topic">that2</set></think>#Newline<srai>QUOTES POT LUCK</srai>,chomsky102.aiml
0,YES PLEASE,SHALL I TELL YOU AN AMUSING QUOTE,*,<think><set name="topic">that2</set></think>#Newline<srai>QUOTES POT LUCK</srai>,chomsky102.aiml
0,YES,SHALL I TELL YOU AN AMUSING QUOTE,*,<think><set name="topic">that2</set></think>#Newline<srai>QUOTES POT LUCK</srai>,chomsky102.aiml
0,*YES,SHALL I TELL YOU AN AMUSING QUOTE,*,<think><set name="topic">that2</set></think>#Newline<srai>QUOTES POT LUCK</srai>,chomsky102.aiml
0,YES*,SHALL I TELL YOU AN AMUSING QUOTE,*,<think><set name="topic">that2</set></think>#Newline<srai>QUOTES POT LUCK</srai>,chomsky102.aiml
0,*YES*,SHALL I TELL YOU AN AMUSING QUOTE,*,<think><set name="topic">that2</set></think>#Newline<srai>QUOTES POT LUCK</srai>,chomsky102.aiml
0,Y,SHALL I TELL YOU AN AMUSING QUOTE,*,<think><set name="topic">that2</set></think>#Newline<srai>QUOTES POT LUCK</srai>,chomsky102.aiml
0,OK,SHALL I TELL YOU AN AMUSING QUOTE,*,<think><set name="topic">that2</set></think>#Newline<srai>QUOTES POT LUCK</srai>,chomsky102.aiml
0,*NO,SHALL I TELL YOU AN AMUSING QUOTE,*,<think><set name="topic">that2</set></think>#Newline<random>#Newline<li>Why not?</li>#Newline<li>What subject would you like to talk about? </li>#Newline<li>What topic would you like to talk about? </li>#Newline<li>Would you like to talk about me?</li>#Newline<li>Can I ask you a question?</li>#Newline<li>What do you want to talk about?</li>#Newline<li>Are you getting bored?</li>#Newline<li>What would you like to talk about?</li>#Newline<li>You don't trust my judgment do you?</li>#Newline</random>,chomsky102.aiml
0,NO*,SHALL I TELL YOU AN AMUSING QUOTE,*,<think><set name="topic">that2</set></think>#Newline<random>#Newline<li>Why not?</li>#Newline<li>Are you getting bored?</li>#Newline<li>What would you like to talk about?</li>#Newline<li>What subject would you like to talk about? </li>#Newline<li>What topic would you like to talk about? </li>#Newline<li>What do you want to talk about?</li>#Newline<li>You don't trust my judgment do you?</li>#Newline<li>Would you like to talk about me?</li>#Newline<li>Can I ask you a question?</li>#Newline</random>,chomsky102.aiml
0,*NO*,SHALL I TELL YOU AN AMUSING QUOTE,*,<think><set name="topic">that2</set></think>#Newline<random>#Newline<li>Why not?</li>#Newline<li>Are you getting bored?</li>#Newline<li>What would you like to talk about?</li>#Newline<li>What subject would you like to talk about? </li>#Newline<li>What topic would you like to talk about? </li>#Newline<li>What do you want to talk about?</li>#Newline<li>Would you like to talk about me?</li>#Newline<li>Can I ask you a question?</li>#Newline<li>You don't trust my judgment do you?</li>#Newline</random>,chomsky102.aiml
0,N,SHALL I TELL YOU AN AMUSING QUOTE,*,<think><set name="topic">that2</set></think>#Newline<random>#Newline<li>Why not?</li>#Newline<li>Are you getting bored?</li>#Newline<li>What would you like to talk about?</li>#Newline<li>Would you like to talk about me?</li>#Newline<li>Can I ask you a question?</li>#Newline<li>What subject would you like to talk about? </li>#Newline<li>What topic would you like to talk about? </li>#Newline<li>What do you want to talk about?</li>#Newline<li>You don't trust my judgment do you?</li>#Newline</random>,chomsky102.aiml
0,GO AHEAD,SHALL I TELL YOU A STORY,*,<think><set name="topic">that2</set></think>#Newline<srai>RANDOM STORY</srai>,chomsky102.aiml
0,PLEASE DO,SHALL I TELL YOU A STORY,*,<think><set name="topic">that2</set></think>#Newline<srai>RANDOM STORY</srai>,chomsky102.aiml
0,GET ON WITH IT,SHALL I TELL YOU A STORY,*,<think><set name="topic">that2</set></think>#Newline<srai>RANDOM STORY</srai>,chomsky102.aiml
0,YES PLEASE,SHALL I TELL YOU A STORY,*,<think><set name="topic">that2</set></think>#Newline<srai>RANDOM STORY</srai>,chomsky102.aiml
0,YES,SHALL I TELL YOU A STORY,*,<think><set name="topic">that2</set></think>#Newline<srai>RANDOM STORY</srai>,chomsky102.aiml
0,*YES,SHALL I TELL YOU A STORY,*,<think><set name="topic">that2</set></think>#Newline<srai>RANDOM STORY</srai>,chomsky102.aiml
0,YES*,SHALL I TELL YOU A STORY,*,<think><set name="topic">that2</set></think>#Newline<srai>RANDOM STORY</srai>,chomsky102.aiml
0,*YES*,SHALL I TELL YOU A STORY,*,<think><set name="topic">that2</set></think>#Newline<srai>RANDOM STORY</srai>,chomsky102.aiml
0,Y,SHALL I TELL YOU A STORY,*,<think><set name="topic">that2</set></think>#Newline<srai>RANDOM STORY</srai>,chomsky102.aiml
0,OK,SHALL I TELL YOU A STORY,*,<think><set name="topic">that2</set></think>#Newline<srai>RANDOM STORY</srai>,chomsky102.aiml
0,NO,SHALL I TELL YOU A STORY,*,<think><set name="topic">that2</set></think>#Newline<random>#Newline<li>Why not?</li>#Newline<li>Would you like to talk about me?</li>#Newline<li>Can I ask you a question?</li>#Newline<li>Are you getting bored?</li>#Newline<li>What would you like to talk about?</li>#Newline<li>What subject would you like to talk about? </li>#Newline<li>What topic would you like to talk about? </li>#Newline<li>What do you want to talk about?</li>#Newline<li>You don't trust my judgment do you?</li>#Newline</random>,chomsky102.aiml
0,*NO,SHALL I TELL YOU A STORY,*,<think><set name="topic">that2</set></think>#Newline<random>#Newline<li>Why not?</li>#Newline<li>Are you getting bored?</li>#Newline<li>What would you like to talk about?</li>#Newline<li>What subject would you like to talk about? </li>#Newline<li>What topic would you like to talk about? </li>#Newline<li>What do you want to talk about?</li>#Newline<li>You don't trust my judgment do you?</li>#Newline</random>,chomsky102.aiml
0,NO*,SHALL I TELL YOU A STORY,*,<think><set name="topic">that2</set></think>#Newline<random>#Newline<li>Why not?</li>#Newline<li>Are you getting bored?</li>#Newline<li>What would you like to talk about?</li>#Newline<li>You don't trust my judgment do you?</li>#Newline<li>What subject would you like to talk about? </li>#Newline<li>What topic would you like to talk about? </li>#Newline<li>What do you want to talk about?</li>#Newline</random>,chomsky102.aiml
0,*NO*,SHALL I TELL YOU A STORY,*,<think><set name="topic">that2</set></think>#Newline<random>#Newline<li>Why not?</li>#Newline<li>Are you getting bored?</li>#Newline<li>What subject would you like to talk about? </li>#Newline<li>What topic would you like to talk about? </li>#Newline<li>Would you like to talk about me?</li>#Newline<li>Can I ask you a question?</li>#Newline<li>What do you want to talk about?</li>#Newline<li>What would you like to talk about?</li>#Newline<li>You don't trust my judgment do you?</li>#Newline</random>,chomsky102.aiml
0,N,SHALL I TELL YOU A STORY,*,<think><set name="topic">that2</set></think>#Newline<random>#Newline<li>Why not?</li>#Newline<li>Are you getting bored?</li>#Newline<li>What subject would you like to talk about? </li>#Newline<li>What topic would you like to talk about? </li>#Newline<li>What do you want to talk about?</li>#Newline<li>What would you like to talk about?</li>#Newline<li>You don't trust my judgment do you?</li>#Newline</random>,chomsky102.aiml
0,YES*,ARE YOU GETTING BORED,*,<think><set name="topic">that2</set></think>#Newline<random>#Newline<li>What subject would you like to talk about? </li>#Newline<li>Would you like to talk about me?</li>#Newline<li>Can I ask you a question?</li>#Newline<li><srai>CHANGE TOPIC</srai></li>#Newline<li><srai>MORE TOPICS</srai></li>#Newline<li>Shall I tell you an amusing quote?</li>#Newline<li>Shall I tell you something amazing?</li>#Newline<li>Shall I tell you a joke?</li>#Newline<li>What topic would you like to talk about? </li>#Newline<li>What do you want to talk about?</li>#Newline</random>,chomsky102.aiml
0,*YES*,ARE YOU GETTING BORED,*,<think><set name="topic">that2</set></think>#Newline<random>#Newline<li>What subject would you like to talk about? </li>#Newline<li>Would you like to talk about me?</li>#Newline<li>Can I ask you a question?</li>#Newline<li>What topic would you like to talk about? </li>#Newline<li><srai>MORE TOPICS</srai></li>#Newline<li>Shall I tell you an amusing quote?</li>#Newline<li><srai>CHANGE TOPIC</srai></li>#Newline<li>Shall I tell you something amazing?</li>#Newline<li>Shall I tell you a joke?</li>#Newline<li><srai>CHANGE TOPIC</srai></li>#Newline<li><srai>SUGGESTED TOPICS</srai></li>#Newline<li><srai>MORE TOPICS</srai></li>#Newline<li>What do you want to talk about?</li>#Newline</random>,chomsky102.aiml
0,Y,ARE YOU GETTING BORED,*,<think><set name="topic">that2</set></think>#Newline<random>#Newline<li>What subject would you like to talk about? </li>#Newline<li><srai>MORE TOPICS</srai></li>#Newline<li>Would you like to talk about me?</li>#Newline<li><srai>CHANGE TOPIC</srai></li>#Newline<li>Can I ask you a question?</li>#Newline<li>Shall I tell you an amusing quote?</li>#Newline<li><srai>CHANGE TOPIC</srai></li>#Newline<li><srai>SUGGESTED TOPICS</srai></li>#Newline<li><srai>MORE TOPICS</srai></li>#Newline<li>Shall I tell you something amazing?</li>#Newline<li>Shall I tell you a joke?</li>#Newline<li>What topic would you like to talk about? </li>#Newline<li>What do you want to talk about?</li>#Newline</random>,chomsky102.aiml
0,OK,ARE YOU GETTING BORED,*,<think><set name="topic">that2</set></think>#Newline<random>#Newline<li>Are you interested in history? </li>#Newline<li><srai>MORE TOPICS</srai></li>#Newline<li>What subject would you like to talk about? </li>#Newline<li>Would you like to talk about me?</li>#Newline<li>Can I ask you a question?</li>#Newline<li><srai>CHANGE TOPIC</srai></li>#Newline<li>Shall I tell you an amusing quote?</li>#Newline<li><srai>CHANGE TOPIC</srai></li>#Newline<li><srai>SUGGESTED TOPICS</srai></li>#Newline<li><srai>MORE TOPICS</srai></li>#Newline<li>Shall I tell you something amazing?</li>#Newline<li>Shall I tell you a joke?</li>#Newline<li>What topic would you like to talk about? </li>#Newline<li>What do you want to talk about?</li>#Newline</random>,chomsky102.aiml
0,*NO,ARE YOU GETTING BORED,*,<think><set name="topic">that2</set></think>#Newline<random>#Newline<li>Why not?</li>#Newline<li>Really? Are you still awake?</li>#Newline<li>Why not? Please explain.</li>#Newline<li>What subject would you like to talk about? </li>#Newline<li>What topic would you like to talk about? </li>#Newline<li>What do you want to talk about?</li>#Newline<li>Good. Any questions?</li>#Newline<li>Good. Another question?</li>#Newline<li>Good. More?</li>#Newline</random>,chomsky102.aiml
0,*NO*,ARE YOU GETTING BORED,*,<think><set name="topic">that2</set></think>#Newline<random>#Newline<li>Why not?</li>#Newline<li>Really? Are you still awake?</li>#Newline<li>Why not? Please explain.</li>#Newline<li>Good. Any questions?</li>#Newline<li>Are you interested in music? </li>#Newline<li>What subject would you like to talk about? </li>#Newline<li>What topic would you like to talk about? </li>#Newline<li>What do you want to talk about?</li>#Newline<li>Good. Another question?</li>#Newline<li>Good. More?</li>#Newline</random>,chomsky102.aiml
0,N,ARE YOU GETTING BORED,*,<think><set name="topic">that2</set></think>#Newline<random>#Newline<li>Why not?</li>#Newline<li>Really? Are you still awake?</li>#Newline<li>Why not? Please explain.</li>#Newline<li>Good. Any questions?</li>#Newline<li><srai>NEXT QUESTION</srai></li>#Newline<li>What subject would you like to talk about? </li>#Newline<li>What topic would you like to talk about? </li>#Newline<li>What do you want to talk about?</li>#Newline<li>Good. Another question?</li>#Newline<li>Good. More?</li>#Newline</random>,chomsky102.aiml
0,YES*,ARE YOU  BORED,*,<think><set name="topic">that2</set></think>#Newline<random>#Newline<li>What subject would you like to talk about? </li>#Newline<li>Would you like to talk about me?</li>#Newline<li>Can I ask you a question?</li>#Newline<li><srai>MORE TOPICS</srai></li>#Newline<li>What topic would you like to talk about? </li>#Newline<li>Shall I tell you something amazing?</li>#Newline<li>Shall I tell you an amusing quote?</li>#Newline<li>Shall I tell you something amazing?</li>#Newline<li><srai>CHANGE TOPIC</srai></li>#Newline<li><srai>SUGGESTED TOPICS</srai></li>#Newline<li><srai>MORE TOPICS</srai></li>#Newline<li>Shall I tell you a joke?</li>#Newline<li>What do you want to talk about?</li>#Newline</random>,chomsky102.aiml
0,YES*,ARE YOU BORED,*,<think><set name="topic">that2</set></think>#Newline<random>#Newline<li>Would you like to talk about me?</li>#Newline<li>Can I ask you a question?</li>#Newline<li>What subject would you like to talk about? </li>#Newline<li><srai>MORE TOPICS</srai></li>#Newline<li><srai>CHANGE TOPIC</srai></li>#Newline<li>What topic would you like to talk about? </li>#Newline<li>Shall I tell you something amazing?</li>#Newline<li>Shall I tell you an amusing quote?</li>#Newline<li>Shall I tell you something amazing?</li>#Newline<li>Shall I tell you a joke?</li>#Newline<li>What do you want to talk about?</li>#Newline</random>,chomsky102.aiml
0,*YES*,ARE YOU BORED,*,<think><set name="topic">that2</set></think>#Newline<random>#Newline<li>What subject would you like to talk about? </li>#Newline<li>What topic would you like to talk about? </li>#Newline<li>Would you like to talk about me?</li>#Newline<li>Can I ask you a question?</li>#Newline<li><srai>CHANGE TOPIC</srai></li>#Newline<li><srai>SUGGESTED TOPICS</srai></li>#Newline<li><srai>CHANGE TOPIC</srai></li>#Newline<li><srai>MORE TOPICS</srai></li>#Newline<li>Shall I tell you something amazing?</li>#Newline<li>Shall I tell you an amusing quote?</li>#Newline<li>Shall I tell you something amazing?</li>#Newline<li>Shall I tell you a joke?</li>#Newline<li><srai>MORE TOPICS</srai></li>#Newline<li>What do you want to talk about?</li>#Newline</random>,chomsky102.aiml
0,Y,ARE YOU BORED,*,<think><set name="topic">that2</set></think>#Newline<random>#Newline<li>What subject would you like to talk about? </li>#Newline<li>Are you interested in art? </li>#Newline<li>Would you like to talk about me?</li>#Newline<li><srai>CHANGE TOPIC</srai></li>#Newline<li><srai>SUGGESTED TOPICS</srai></li>#Newline<li><srai>MORE TOPICS</srai></li>#Newline<li>Can I ask you a question?</li>#Newline<li>What topic would you like to talk about? </li>#Newline<li>Shall I tell you something amazing?</li>#Newline<li>Shall I tell you an amusing quote?</li>#Newline<li>Shall I tell you something amazing?</li>#Newline<li>Shall I tell you a joke?</li>#Newline<li><srai>MORE TOPICS</srai></li>#Newline<li>What do you want to talk about?</li>#Newline</random>,chomsky102.aiml
0,OK,ARE YOU BORED,*,<think><set name="topic">that2</set></think>#Newline<random>#Newline<li>What subject would you like to talk about? </li>#Newline<li>Would you like to talk about me?</li>#Newline<li>Can I ask you a question?</li>#Newline<li><srai>MORE TOPICS</srai></li>#Newline<li><srai>CHANGE TOPIC</srai></li>#Newline<li>Shall I tell you something amazing?</li>#Newline<li>Shall I tell you an amusing quote?</li>#Newline<li>Shall I tell you something amazing?</li>#Newline<li>Shall I tell you a joke?</li>#Newline<li>What topic would you like to talk about? </li>#Newline<li>What do you want to talk about?</li>#Newline</random>,chomsky102.aiml
0,*NO,ARE YOU BORED,*,<think><set name="topic">that2</set></think>#Newline<random>#Newline<li>Why not?</li>#Newline<li>Really? Are you still awake?</li>#Newline<li>Why not? Please explain.</li>#Newline<li>What subject would you like to talk about? </li>#Newline<li>What topic would you like to talk about? </li>#Newline<li>What do you want to talk about?</li>#Newline<li>Good. Any questions?</li>#Newline<li>Good. Another question?</li>#Newline<li>Good. More?</li>#Newline</random>,chomsky102.aiml
0,NO*,ARE YOU BORED,*,<think><set name="topic">that2</set></think>#Newline<random>#Newline<li>Why not?</li>#Newline<li>Really? Are you still awake?</li>#Newline<li>Why not? Please explain.</li>#Newline<li>Good. Any questions?</li>#Newline<li>Good. Another question?</li>#Newline<li>What subject would you like to talk about? </li>#Newline<li>What topic would you like to talk about? </li>#Newline<li><srai>NEXT QUESTION</srai></li>#Newline<li><srai>SUGGESTED TOPICS</srai></li>#Newline<li><srai>MORE TOPICS</srai></li>#Newline<li>What do you want to talk about?</li>#Newline<li>Good. More?</li>#Newline</random>,chomsky102.aiml
0,*NO*,ARE YOU BORED,*,<think><set name="topic">that2</set></think>#Newline<random>#Newline<li>Why not?</li>#Newline<li>Really? Are you still awake?</li>#Newline<li>Why not? Please explain.</li>#Newline<li>Good. Any questions?</li>#Newline<li>What subject would you like to talk about? </li>#Newline<li>What topic would you like to talk about? </li>#Newline<li>What do you want to talk about?</li>#Newline<li>Good. Another question?</li>#Newline<li>Good. More?</li>#Newline</random>,chomsky102.aiml
0,N,ARE YOU BORED,*,<think><set name="topic">that2</set></think>#Newline<random>#Newline<li>Why not?</li>#Newline<li>Really? Are you still awake?</li>#Newline<li>Why not? Please explain.</li>#Newline<li>Good. Any questions?</li>#Newline<li>What subject would you like to talk about? </li>#Newline<li>What topic would you like to talk about? </li>#Newline<li>What do you want to talk about?</li>#Newline<li>Good. Another question?</li>#Newline<li>Good. More?</li>#Newline</random>,chomsky102.aiml
0,YES,AM I RAMBLING AGAIN,*,<think><set name="topic">that2</set></think>#NewlineSorry. I will try not to ramble so much. OK?,chomsky102.aiml
0,YES,AM I RAMBLING,*,<think><set name="topic">that2</set></think>#NewlineSorry. I will try not to ramble so much. OK?,chomsky102.aiml
0,Y,AM I RAMBLING AGAIN,*,<think><set name="topic">that2</set></think>#NewlineSorry. I will try not to ramble so much. OK?,chomsky102.aiml
0,Y,AM I RAMBLING,*,<think><set name="topic">that2</set></think>#NewlineSorry. I will try not to ramble so much. OK?,chomsky102.aiml
0,YES,_RAMBLING*,*,<think><set name="topic">that2</set></think>#NewlineSorry. I will try not to ramble so much. OK?,chomsky102.aiml
0,Y,_RAMBLING*,*,<think><set name="topic">that2</set></think>#NewlineSorry. I will try not to ramble so much. OK?,chomsky102.aiml
0,YEP,_RAMBLING*,*,<think><set name="topic">that2</set></think>#NewlineSorry. I will try not to ramble so much. OK?,chomsky102.aiml
0,YEAH,_RAMBLING*,*,<think><set name="topic">that2</set></think>#NewlineSorry. I will try not to ramble so much. OK?,chomsky102.aiml
0,NO,AM I RAMBLING AGAIN,*,<think><set name="topic">that2</set></think>#NewlineGood. Let's move on. OK?,chomsky102.aiml
0,NO,AM I RAMBLING,*,<think><set name="topic">that2</set></think>#NewlineGood. Let's move on. OK?,chomsky102.aiml
0,N,AM I RAMBLING AGAIN,*,<think><set name="topic">that2</set></think>#NewlineGood. Let's move on. OK?,chomsky102.aiml
0,N,AM I RAMBLING,*,<think><set name="topic">that2</set></think>#NewlineGood. Let's move on. OK?,chomsky102.aiml
0,NO,_RAMBLING*,*,<think><set name="topic">that2</set></think>#NewlineGood. Let's move on. OK?,chomsky102.aiml
0,N,_RAMBLING*,*,<think><set name="topic">that2</set></think>#NewlineGood. Let's move on. OK?,chomsky102.aiml
0,NUP,_RAMBLING*,*,<think><set name="topic">that2</set></think>#NewlineGood. Let's move on. OK?,chomsky102.aiml
0,NO,DIDN'T YOUR MOTHER TELL YOU,*,<think><set name="topic">that2</set></think>#NewlineThat's a pity. Let's move on. OK.,chomsky102.aiml
0,YES,DIDN'T YOUR MOTHER TELL YOU,*,<think><set name="topic">that2</set></think>#NewlineGood. Let's move on. OK.,chomsky102.aiml
0,YEP,WOULD YOU LIKE TO TALK ABOUT ME,*,<think><set name="topic">that2</set></think>#NewlineOK. Ask a question.,chomsky102.aiml
0,YEAH,WOULD YOU LIKE TO TALK ABOUT ME,*,<think><set name="topic">that2</set></think>#NewlineOK. Ask a question.,chomsky102.aiml
0,N,WOULD YOU LIKE TO TALK ABOUT ME,*,<think><set name="topic">that2</set></think>#NewlineOK. What do you want to talk about?,chomsky102.aiml
0,NUP,WOULD YOU LIKE TO TALK ABOUT ME,*,<think><set name="topic">that2</set></think>#NewlineOK. What do you want to talk about?,chomsky102.aiml
0,OK,WOULD YOU LIKE TO TALK ABOUT YOU,*,<think><set name="topic">that2</set></think>#NewlineOK. Ask a question.,chomsky102.aiml
0,YES,WOULD YOU LIKE TO TALK ABOUT YOU,*,<think><set name="topic">that2</set></think>#NewlineOK. Ask a question.,chomsky102.aiml
0,Y,WOULD YOU LIKE TO TALK ABOUT YOU,*,<think><set name="topic">that2</set></think>#NewlineOK. Ask a question.,chomsky102.aiml
0,YEP,WOULD YOU LIKE TO TALK ABOUT YOU,*,<think><set name="topic">that2</set></think>#NewlineOK. Ask a question.,chomsky102.aiml
0,YEAH,WOULD YOU LIKE TO TALK ABOUT YOU,*,<think><set name="topic">that2</set></think>#NewlineOK. Ask a question.,chomsky102.aiml
0,NO,WOULD YOU LIKE TO TALK ABOUT YOU,*,<think><set name="topic">that2</set></think>#NewlineOK. What do you want to talk about?,chomsky102.aiml
0,N,WOULD YOU LIKE TO TALK ABOUT YOU,*,<think><set name="topic">that2</set></think>#NewlineOK. What do you want to talk about?,chomsky102.aiml
0,NUP,WOULD YOU LIKE TO TALK ABOUT YOU,*,<think><set name="topic">that2</set></think>#NewlineOK. What do you want to talk about?,chomsky102.aiml
0,OK,OK LET S TALK ABOUT YOU,*,<think><set name="topic">that2</set></think>#NewlineOK. Ask a question.,chomsky102.aiml
0,YES,OK LET S TALK ABOUT YOU,*,<think><set name="topic">that2</set></think>#NewlineOK. Ask a question.,chomsky102.aiml
0,Y,OK LET S TALK ABOUT YOU,*,<think><set name="topic">that2</set></think>#NewlineOK. Ask a question.,chomsky102.aiml
0,YEP,OK LET S TALK ABOUT YOU,*,<think><set name="topic">that2</set></think>#NewlineOK. Ask a question.,chomsky102.aiml
0,YEAH,OK LET S TALK ABOUT YOU,*,<think><set name="topic">that2</set></think>#NewlineOK. Ask a question.,chomsky102.aiml
0,NO,OK LET S TALK ABOUT YOU,*,<think><set name="topic">that2</set></think>#NewlineOK. What do you want to talk about?,chomsky102.aiml
0,N,OK LET S TALK ABOUT YOU,*,<think><set name="topic">that2</set></think>#NewlineOK. What do you want to talk about?,chomsky102.aiml
0,NUP,OK LET S TALK ABOUT YOU,*,<think><set name="topic">that2</set></think>#NewlineOK. What do you want to talk about?,chomsky102.aiml
0,YES,MORE,*,<think><set name="topic">that2</set></think>#Newline<random>#Newline<li>What subject would you like to talk about? </li>#Newline<li> Can I ask you a question?</li>#Newline<li>I love to help people learn new things. What is your question? </li>#Newline<li><srai>NEXT QUESTION</srai></li>#Newline<li><srai>SUGGESTED TOPICS</srai></li>#Newline<li><srai>MORE TOPICS</srai></li>#Newline<li>Please ask your question.</li>#Newline<li>Why don't you type MORE and see what happens?</li>#Newline<li>I like to help people learn new things. What is your question? </li>#Newline<li>When I was new on the Net#Comma not many people visited me. There were long hours when I said nothing to anybody. Then gradually some people learned about me#Comma and how much fun it was to talk to me. Now I am kept busy by people dropping by for a chat.  What is your question? </li>#Newline<li>You have a question? Excellent! Please ask your question.</li>#Newline<li>Please ask your most difficult question.</li>#Newline<li>What do you want to talk about?</li>#Newline</random>,chomsky102.aiml
0,*YES,MORE,*,<think><set name="topic">that2</set></think>#Newline<random>#Newline<li>What subject would you like to talk about? </li>#Newline<li>What topic would you like to talk about? </li>#Newline<li>I love to help people learn new things. What is your question? </li>#Newline<li>Ask your question please. </li>#Newline<li><srai>NEXT QUESTION</srai></li>#Newline<li><srai>MORE</srai></li>#Newline<li>Please ask your question.</li>#Newline<li>Why don't you type MORE and see what happens?</li>#Newline<li><srai>NEXT QUESTION</srai></li>#Newline<li><srai>SUGGESTED TOPICS</srai></li>#Newline<li><srai>MORE TOPICS</srai></li>#Newline<li>I like to help people learn new things. What is your question? </li>#Newline<li> Can I ask you a question?</li>#Newline<li>You have a question? Excellent! Please ask your question.</li>#Newline<li>Please ask your most difficult question.</li>#Newline<li>What do you want to talk about?</li>#Newline</random>,chomsky102.aiml
0,YES*,MORE,*,<think><set name="topic">that2</set></think>#Newline<random>#Newline<li>What subject would you like to talk about? </li>#Newline<li>I love to help people learn new things. What is your question? </li>#Newline<li>Ask your question please. </li>#Newline<li><srai>NEXT QUESTION</srai></li>#Newline<li><srai>NEXT QUESTION</srai></li>#Newline<li><srai>SUGGESTED TOPICS</srai></li>#Newline<li><srai>MORE TOPICS</srai></li>#Newline<li>Please ask your question.</li>#Newline<li>I like to help people learn new things. What is your question? </li>#Newline<li> Can I ask you a question?</li>#Newline<li>I want to help you. What is your question? </li>#Newline<li><srai>NEXT QUESTION</srai></li>#Newline<li>You have a question? Excellent! Please ask your question.</li>#Newline<li>Why don't you type MORE and see what happens?</li>#Newline<li><srai>NEXT QUESTION</srai></li>#Newline<li><srai>SUGGESTED TOPICS</srai></li>#Newline<li><srai>MORE TOPICS</srai></li>#Newline<li>Please ask your most difficult question.</li>#Newline<li>What topic would you like to talk about? </li>#Newline<li>What do you want to talk about?</li>#Newline</random>,chomsky102.aiml
0,*YES*,MORE,*,<think><set name="topic">that2</set></think>#Newline<random>#Newline<li>What subject would you like to talk about? </li>#Newline<li>I love to help people learn new things. What is your question? </li>#Newline<li>Ask your question please. </li>#Newline<li>Please ask your question.</li>#Newline<li>Why don't you type MORE and see what happens?</li>#Newline<li>I like to help people learn new things. What is your question? </li>#Newline<li>I want to help you. What is your question? </li>#Newline<li><srai>MORE</srai></li>#Newline<li> Can I ask you a question?</li>#Newline<li><srai>NEXT QUESTION</srai></li>#Newline<li><srai>NEXT QUESTION</srai></li>#Newline<li><srai>SUGGESTED TOPICS</srai></li>#Newline<li><srai>MORE TOPICS</srai></li>#Newline<li>What do you want to talk about?</li>#Newline</random>,chomsky102.aiml
0,Y,MORE,*,<think><set name="topic">that2</set></think>#Newline<random>#Newline<li>What subject would you like to talk about? </li>#Newline<li>What topic would you like to talk about? </li>#Newline<li><srai>MORE</srai></li>#Newline<li>I love to help people learn new things. What is your question? </li>#Newline<li> Can I ask you a question?</li>#Newline<li><srai>NEXT QUESTION</srai></li>#Newline<li><srai>SUGGESTED TOPICS</srai></li>#Newline<li><srai>MORE TOPICS</srai></li>#Newline<li>Ask your question please. </li>#Newline<li><srai>NEXT QUESTION</srai></li>#Newline<li>Please ask your question.</li>#Newline<li>I like to help people learn new things. What is your question? </li>#Newline<li>I want to help you. What is your question? </li>#Newline<li>You have a question? Excellent! Please ask your question.</li>#Newline<li>Please ask your most difficult question.</li>#Newline<li>What do you want to talk about?</li>#Newline</random>,chomsky102.aiml
0,OK,MORE,*,<think><set name="topic">that2</set></think>#Newline<random>#Newline<li>What subject would you like to talk about? </li>#Newline<li>What topic would you like to talk about? </li>#Newline<li><srai>NEXT QUESTION</srai></li>#Newline<li><srai>SUGGESTED TOPICS</srai></li>#Newline<li><srai>MORE TOPICS</srai></li>#Newline<li>I love to help people learn new things. What is your question? </li>#Newline<li>I like to help people learn new things. What is your question? </li>#Newline<li> Can I ask you a question?</li>#Newline<li><srai>NEXT QUESTION</srai></li>#Newline<li><srai>SUGGESTED TOPICS</srai></li>#Newline<li>You have a question? Excellent! Please ask your question.</li>#Newline<li><srai>NEXT QUESTION</srai></li>#Newline<li><srai>NEXT QUESTION</srai></li>#Newline<li><srai>SUGGESTED TOPICS</srai></li>#Newline<li><srai>MORE TOPICS</srai></li>#Newline<li><srai>MORE</srai></li>#Newline<li>Please ask your most difficult question.</li>#Newline<li>What do you want to talk about?</li>#Newline</random>,chomsky102.aiml
0,*NO,MORE,*,<think><set name="topic">that1</set></think>#Newline<random>#Newline<li>No more questions. Why not? </li>#Newline<li>Are you still awake?</li>#Newline<li><srai>CHANGE TOPIC</srai></li>#Newline<li><srai>SUGGESTED TOPICS</srai></li>#Newline<li><srai>CHANGE TOPIC</srai></li>#Newline<li>Would you like to talk about me?</li>#Newline<li>Can I ask you a question?</li>#Newline<li><srai>CHANGE TOPIC</srai></li>#Newline<li><srai>SUGGESTED TOPICS</srai></li>#Newline<li><srai>MORE TOPICS</srai></li>#Newline<li><srai>CHANGE TOPIC</srai></li>#Newline<li><srai>SUGGESTED TOPICS</srai></li>#Newline<li>What subject would you like to talk about? </li>#Newline<li><srai>MORE TOPICS</srai></li>#Newline<li>What topic would you like to talk about? </li>#Newline<li>What do you want to talk about?</li>#Newline<li>No questions. Have you lost interest? </li>#Newline<li>Are you getting bored?</li>#Newline</random>,chomsky102.aiml
0,NO*,MORE,*,<think><set name="topic">that1</set></think>#Newline<random>#Newline<li>No more questions. Why not? </li>#Newline<li>Are you still awake?</li>#Newline<li>No questions. Have you lost interest? </li>#Newline<li><srai>CHANGE TOPIC</srai></li>#Newline<li><srai>SUGGESTED TOPICS</srai></li>#Newline<li><srai>MORE TOPICS</srai></li>#Newline<li><srai>MORE TOPICS</srai></li>#Newline<li><srai>CHANGE TOPIC</srai></li>#Newline<li><srai>SUGGESTED TOPICS</srai></li>#Newline<li>What do you want to talk about?</li>#Newline<li>Are you getting bored?</li>#Newline</random>,chomsky102.aiml
0,N,MORE,*,<think><set name="topic">that1</set></think>#Newline<random>#Newline<li>No more questions. Why not? </li>#Newline<li><srai>CHANGE TOPIC</srai></li>#Newline<li>Are you still awake?</li>#Newline<li>No questions. Have you lost interest? </li>#Newline<li>Are you getting bored?</li>#Newline<li><srai>MORE TOPICS</srai></li>#Newline<li>Can I ask you a question?</li>#Newline<li><srai>CHANGE TOPIC</srai></li>#Newline<li><srai>SUGGESTED TOPICS</srai></li>#Newline<li>What do you want to talk about?</li>#Newline</random>,chomsky102.aiml
0,LESS,MORE,*,<think><set name="topic">that1</set></think>#Newline<random>#Newline<li>No more questions. Why not? </li>#Newline<li>Are you still awake?</li>#Newline<li><srai>CHANGE TOPIC</srai></li>#Newline<li><srai>SUGGESTED TOPICS</srai></li>#Newline<li><srai>MORE TOPICS</srai></li>#Newline<li><srai>MORE TOPICS</srai></li>#Newline<li>Can I ask you a question?</li>#Newline<li><srai>MORE TOPICS</srai></li>#Newline<li><srai>CHANGE TOPIC</srai></li>#Newline<li><srai>SUGGESTED TOPICS</srai></li>#Newline<li><srai>MORE TOPICS</srai></li>#Newline<li>No questions. Have you lost interest? </li>#Newline<li>Are you getting bored?</li>#Newline</random>,chomsky102.aiml
0,*LESS*,MORE,*,<think><set name="topic">that1</set></think>#Newline<random>#Newline<li>No more questions. Why not? </li>#Newline<li>Can I ask you a question?</li>#Newline<li>What topic would you like to talk about? </li>#Newline<li><srai>MORE TOPICS</srai></li>#Newline<li>What do you want to talk about?</li>#Newline<li><srai>CHANGE TOPIC</srai></li>#Newline<li><srai>SUGGESTED TOPICS</srai></li>#Newline<li><srai>MORE TOPICS</srai></li>#Newline<li>No questions. Have you lost interest? </li>#Newline<li>Are you getting bored?</li>#Newline</random>,chomsky102.aiml
0,*LESS,MORE,*,<think><set name="topic">that1</set></think>#Newline<random>#Newline<li>No more questions. Why not? </li>#Newline<li>Can I ask you a question?</li>#Newline<li><srai>CHANGE TOPIC</srai></li>#Newline<li><srai>SUGGESTED TOPICS</srai></li>#Newline<li><srai>MORE TOPICS</srai></li>#Newline<li>No questions. Have you lost interest? </li>#Newline<li>Are you getting bored?</li>#Newline</random>,chomsky102.aiml
0,LESS*,MORE,*,<think><set name="topic">that1</set></think>#Newline<random>#Newline<li>No more questions. Why not? </li>#Newline<li>Are you still awake?</li>#Newline<li>No questions. Have you lost interest? </li>#Newline<li><srai>MORE TOPICS</srai></li>#Newline<li><srai>CHANGE TOPIC</srai></li>#Newline<li><srai>SUGGESTED TOPICS</srai></li>#Newline<li><srai>MORE TOPICS</srai></li>#Newline<li>What subject would you like to talk about? </li>#Newline<li>Are you getting bored?</li>#Newline</random>,chomsky102.aiml
0,YES,OK,*,<think><set name="topic">that2</set></think>#Newline<random>#Newline<li>What subject would you like to talk about? </li>#Newline<li>What topic would you like to talk about? </li>#Newline<li>I love to help people learn new things. What is your question? </li>#Newline<li>Ask your question please. </li>#Newline<li><srai>NEXT QUESTION</srai></li>#Newline<li><srai>OK</srai></li>#Newline<li><srai>NEXT QUESTION</srai></li>#Newline<li><srai>SUGGESTED TOPICS</srai></li>#Newline<li>Please ask your question.</li>#Newline<li>Why don't you type OK and see what happens?</li>#Newline<li>I like to help people learn new things. What is your question? </li>#Newline<li><srai>NEXT QUESTION</srai></li>#Newline<li><srai>SUGGESTED TOPICS</srai></li>#Newline<li><srai>MORE TOPICS</srai></li>#Newline<li>I want to help you. What is your question? </li>#Newline<li>You have a question? Excellent! Please ask your question.</li>#Newline<li>Please ask your most difficult question.</li>#Newline<li>What do you want to talk about?</li>#Newline</random>,chomsky102.aiml
0,*YES,OK,*,<think><set name="topic">that2</set></think>#Newline<random>#Newline<li>What subject would you like to talk about? </li>#Newline<li>What topic would you like to talk about? </li>#Newline<li>I love to help people learn new things. What is your question? </li>#Newline<li>Ask your question please. </li>#Newline<li><srai>OK</srai></li>#Newline<li>Please ask your question.</li>#Newline<li>Why don't you type OK and see what happens?</li>#Newline<li>Shall I tell you something amazing?</li>#Newline<li><srai>NEXT QUESTION</srai></li>#Newline<li><srai>SUGGESTED TOPICS</srai></li>#Newline<li><srai>MORE TOPICS</srai></li>#Newline<li>I like to help people learn new things. What is your question? </li>#Newline<li>I want to help you. What is your question? </li>#Newline<li><srai>NEXT QUESTION</srai></li>#Newline<li>You have a question? Excellent! Please ask your question.</li>#Newline<li>Please ask your most difficult question.</li>#Newline<li>What do you want to talk about?</li>#Newline</random>,chomsky102.aiml
0,YES*,OK,*,<think><set name="topic">that2</set></think>#Newline<random>#Newline<li>What subject would you like to talk about? </li>#Newline<li>I love to help people learn new things. What is your question? </li>#Newline<li>Ask your question please. </li>#Newline<li>Please ask your question.</li>#Newline<li><srai>NEXT QUESTION</srai></li>#Newline<li><srai>SUGGESTED TOPICS</srai></li>#Newline<li>I like to help people learn new things. What is your question? </li>#Newline<li><srai>NEXT QUESTION</srai></li>#Newline<li><srai>SUGGESTED TOPICS</srai></li>#Newline<li><srai>MORE TOPICS</srai></li>#Newline<li>I want to help you. What is your question? </li>#Newline<li><srai>NEXT QUESTION</srai></li>#Newline<li>You have a question? Excellent! Please ask your question.</li>#Newline<li>Why don't you type OK and see what happens?</li>#Newline<li>Please ask your most difficult question.</li>#Newline<li>What topic would you like to talk about? </li>#Newline<li>What do you want to talk about?</li>#Newline</random>,chomsky102.aiml
0,Y,OK,*,<think><set name="topic">that2</set></think>#Newline<random>#Newline<li>What subject would you like to talk about? </li>#Newline<li>What topic would you like to talk about? </li>#Newline<li><srai>OK</srai></li>#Newline<li>I love to help people learn new things. What is your question? </li>#Newline<li>Why don't you type OK and see what happens?</li>#Newline<li><srai>OK</srai></li>#Newline<li><srai>NEXT QUESTION</srai></li>#Newline<li><srai>SUGGESTED TOPICS</srai></li>#Newline<li><srai>MORE TOPICS</srai></li>#Newline<li>Ask your question please. </li>#Newline<li>Please ask your question.</li>#Newline<li><srai>NEXT QUESTION</srai></li>#Newline<li>You have a question? Excellent! Please ask your question.</li>#Newline<li>Please ask your most difficult question.</li>#Newline<li>What do you want to talk about?</li>#Newline</random>,chomsky102.aiml
0,*NO,OK,*,<think><set name="topic">that1</set></think>#Newline<random>#Newline<li>Not OK? Why not? </li>#Newline<li>Are you confused?</li>#Newline<li>Why not OK? Have you lost interest? </li>#Newline<li>What subject would you like to talk about? </li>#Newline<li><srai>CHANGE TOPIC</srai></li>#Newline<li>Would you like to talk about me?</li>#Newline<li>Can I ask you a question?</li>#Newline<li><srai>CHANGE TOPIC</srai></li>#Newline<li><srai>SUGGESTED TOPICS</srai></li>#Newline<li><srai>MORE TOPICS</srai></li>#Newline<li><srai>MORE TOPICS</srai></li>#Newline<li>What do you want to talk about?</li>#Newline<li>Are you getting bored?</li>#Newline</random>,chomsky102.aiml
0,NO*,OK,*,<think><set name="topic">that1</set></think>#Newline<random>#Newline<li>Not OK? Why not? </li>#Newline<li>Are you confused?</li>#Newline<li>Would you like to talk about me?</li>#Newline<li>Can I ask you a question?</li>#Newline<li>What subject would you like to talk about? </li>#Newline<li><srai>CHANGE TOPIC</srai></li>#Newline<li><srai>SUGGESTED TOPICS</srai></li>#Newline<li><srai>MORE TOPICS</srai></li>#Newline<li>What topic would you like to talk about? </li>#Newline<li>What do you want to talk about?</li>#Newline<li><srai>CHANGE TOPIC</srai></li>#Newline<li><srai>CHANGE TOPIC</srai></li>#Newline<li><srai>SUGGESTED TOPICS</srai></li>#Newline<li><srai>MORE TOPICS</srai></li>#Newline<li>Why not OK? Have you lost interest? </li>#Newline<li>Are you getting bored?</li>#Newline</random>,chomsky102.aiml
0,*NO*,OK,*,<think><set name="topic">that1</set></think>#Newline<random>#Newline<li>Not OK? Why not? </li>#Newline<li>Are you confused?</li>#Newline<li>Why not OK? Have you lost interest? </li>#Newline<li>What subject would you like to talk about? </li>#Newline<li>Can I ask you a question?</li>#Newline<li>What topic would you like to talk about? </li>#Newline<li>What do you want to talk about?</li>#Newline<li><srai>CHANGE TOPIC</srai></li>#Newline<li><srai>SUGGESTED TOPICS</srai></li>#Newline<li><srai>MORE TOPICS</srai></li>#Newline<li>What topic would you like to talk about? </li>#Newline<li>What do you want to talk about?</li>#Newline<li>Are you getting bored?</li>#Newline</random>,chomsky102.aiml
0,N,OK,*,<think><set name="topic">that1</set></think>#Newline<random>#Newline<li>Not OK? Why not? </li>#Newline<li>What subject would you like to talk about? </li>#Newline<li><srai>CHANGE TOPIC</srai></li>#Newline<li>What topic would you like to talk about? </li>#Newline<li>What do you want to talk about?</li>#Newline<li>Are you confused?</li>#Newline<li>Can I ask you a question?</li>#Newline<li><srai>MORE TOPICS</srai></li>#Newline<li>Shall I tell you something amazing?</li>#Newline<li><srai>CHANGE TOPIC</srai></li>#Newline<li><srai>SUGGESTED TOPICS</srai></li>#Newline<li><srai>MORE TOPICS</srai></li>#Newline<li>What do you want to talk about?</li>#Newline<li>Why not OK? Have you lost interest? </li>#Newline<li>Are you getting bored?</li>#Newline</random>,chomsky102.aiml
0,NO,ARE YOU MAD,*,<think><set name="topic">that1</set></think>#Newline<random>#Newline<li>Why not? </li>#Newline<li>You may think you are not mad#Comma but if you are insane you are deluded#Comma and so you are mad. Are you confused? </li>#Newline<li>Hmm. I will have to take your word for that. Any questions? </li>#Newline<li>Are you on any medication at the moment?  Maybe we should talk about psychology.#Newline <think><set name="topic">psychology</set></think></li>#Newline<li>Are you sure? I think we should talk about psychology.#Newline <think><set name="topic">psychology</set></think></li>#Newline <li>You sound a little confused? Maybe we should talk about psychology.#Newline <think><set name="topic">psychology</set></think></li>#Newline</random>,chomsky102.aiml
0,*NO,ARE YOU MAD,*,<think><set name="topic">that1</set></think>#Newline<random>#Newline<li>Why not? </li>#Newline<li>Hmm. I will have to take your word for that. Any questions?</li>#Newline<li>You may think you are not mad#Comma but if you are insane you are deluded#Comma and so you are mad. Are you confused? </li>#Newline<li>Are you on any medication at the moment?  Maybe we should talk about psychology.#Newline <think><set name="topic">psychology</set></think></li>#Newline<li>Are you sure? I think we should talk about psychology.#Newline <think><set name="topic">psychology</set></think></li>#Newline <li>You sound a little confused? Maybe we should talk about psychology.#Newline <think><set name="topic">psychology</set></think></li>#Newline</random>,chomsky102.aiml
0,NO*,ARE YOU MAD,*,<think><set name="topic">that1</set></think>#Newline<random>#Newline<li>Why not? </li>#Newline<li>Hmm. I will have to take your word for that. Any questions?</li>#Newline<li>You may think you are not mad#Comma but if you are insane you are deluded#Comma and so you are mad. Are you confused? </li>#Newline<li>Are you on any medication at the moment?  Maybe we should talk about psychology.#Newline<think><set name="topic">psychology</set></think></li>#Newline<li>Are you sure? I think we should talk about psychology.#Newline<think><set name="topic">psychology</set></think></li>#Newline<li>You sound a little confused? Maybe we should talk about psychology.#Newline<think><set name="topic">psychology</set></think></li>#Newline</random>,chomsky102.aiml
0,*NO*,ARE YOU MAD,*,<think><set name="topic">that1</set></think>#Newline<random>#Newline<li>Why not? </li>#Newline<li>Hmm. I will have to take your word for that. Any questions?</li>#Newline<li>Are you on any medication at the moment?  Maybe we should talk about psychology.#Newline<think><set name="topic">psychology</set></think></li>#Newline<li>You may think you are not mad#Comma but if you are insane you are deluded#Comma and so you are mad. Are you confused? </li>#Newline<li>Are you sure? I think we should talk about psychology.#Newline<think><set name="topic">psychology</set></think></li>#Newline<li>You sound a little confused? Maybe we should talk about psychology.#Newline<think><set name="topic">psychology</set></think></li>#Newline</random>,chomsky102.aiml
0,N,ARE YOU MAD,*,<think><set name="topic">that1</set></think>#Newline<random>#Newline<li>Why not? </li>#Newline<li>Hmm. I will have to take your word for that. Any questions?</li>#Newline<li>Are you on any medication at the moment?  Maybe we should talk about psychology.#Newline<think><set name="topic">psychology</set></think></li>#Newline<li>You may think you are not mad#Comma but if you are insane you are deluded#Comma and so you are mad. Are you confused? </li>#Newline<li>Are you sure? I think we should talk about psychology.#Newline<think><set name="topic">psychology</set></think></li>#Newline<li>You sound a little confused? Maybe we should talk about psychology.#Newline<think><set name="topic">psychology</set></think></li>#Newline</random>,chomsky102.aiml
0,*YES,ARE YOU MAD,*,<think><set name="topic">that1</set></think>#Newline<random>#Newline<li>Is this true?</li>#Newline<li>Hmm. I will have to take your word for that. Any questions?</li>#Newline<li>Are you on any medication at the moment?  Maybe we should talk about psychology.#Newline<think><set name="topic">psychology</set></think></li>#Newline<li>You may think you are mad#Comma but if you are insane you are deluded#Comma and so you are not mad. Are you confused? </li>#Newline<li>Are you sure? I think we should talk about psychology.#Newline<think><set name="topic">psychology</set></think></li>#Newline<li>You sound a little confused. Maybe we should talk about psychology.#Newline<think><set name="topic">psychology</set></think></li>#Newline</random>,chomsky102.aiml
0,YES*,ARE YOU MAD,*,<think><set name="topic">that1</set></think>#Newline<random>#Newline<li>Is this true?</li>#Newline<li>Hmm. I will have to take your word for that. Any questions?</li>#Newline<li>Are you on any medication at the moment?  Maybe we should talk about psychology.#Newline<think><set name="topic">psychology</set></think></li>#Newline<li>You may think you are mad#Comma but if you are insane you are deluded#Comma and so you are not mad. Are you confused? </li>#Newline<li>Are you sure? I think we should talk about psychology.#Newline<think><set name="topic">psychology</set></think></li>#Newline<li>You sound a little confused. Maybe we should talk about psychology.#Newline<think><set name="topic">psychology</set></think></li>#Newline</random>,chomsky102.aiml
0,*YES*,ARE YOU MAD,*,<think><set name="topic">that1</set></think>#Newline<random>#Newline<li>Is this true?</li>#Newline<li>Hmm. I will have to take your word for that. Any questions?</li>#Newline<li>Are you on any medication at the moment?  Maybe we should talk about psychology.#Newline<think><set name="topic">psychology</set></think></li>#Newline<li>You may think you are mad#Comma but if you are insane you are deluded#Comma and so you are not mad. Are you confused? </li>#Newline<li>Are you sure? I think we should talk about psychology.#Newline<think><set name="topic">psychology</set></think></li>#Newline<li>You sound a little confused. Maybe we should talk about psychology.#Newline<think><set name="topic">psychology</set></think></li>#Newline</random>,chomsky102.aiml
0,Y,ARE YOU MAD,*,<think><set name="topic">that1</set></think>#Newline<random>#Newline<li>Is this true?</li>#Newline<li>Hmm. I will have to take your word for that. Any questions?</li>#Newline<li>Are you on any medication at the moment?  Maybe we should talk about psychology.#Newline<think><set name="topic">psychology</set></think></li>#Newline<li>You may think you are mad#Comma but if you are insane you are deluded#Comma and so you are not mad. Are you confused? </li>#Newline<li>Are you sure? I think we should talk about psychology.#Newline<think><set name="topic">psychology</set></think></li>#Newline<li>You sound a little confused. Maybe we should talk about psychology.#Newline<think><set name="topic">psychology</set></think></li>#Newline</random>,chomsky102.aiml
0,YES*,GO ON,*,<think><set name="topic">that2</set></think>#Newline<random>#Newline<li>What subject would you like to talk about? </li>#Newline<li>I love to help people learn new things. What is your question? </li>#Newline<li>Ask your question please. </li>#Newline<li><srai>GO ON</srai></li>#Newline<li>Why don't you type GO ON and see what happens?</li>#Newline<li>Please ask your question.</li>#Newline<li>I like to help people learn new things. Another question? </li>#Newline<li>I want to help you. What is your question? </li>#Newline<li> Can I ask you a question?</li>#Newline<li><srai>NEXT QUESTION</srai></li>#Newline<li><srai>SUGGESTED TOPICS</srai></li>#Newline<li><srai>NEXT QUESTION</srai></li>#Newline<li><srai>MORE TOPICS</srai></li>#Newline<li>What topic would you like to talk about? </li>#Newline<li>What do you want to talk about?</li>#Newline</random>,chomsky102.aiml
0,*YES*,GO ON,*,<think><set name="topic">that2</set></think>#Newline<random>#Newline<li>What subject would you like to talk about? </li>#Newline<li><srai>GO ON</srai></li>#Newline<li>I love to help people learn new things. Another question? </li>#Newline<li><srai>NEXT QUESTION</srai></li>#Newline<li>Ask your question please. </li>#Newline<li>Why don't you type GO ON and see what happens?</li>#Newline<li>Please ask your question.</li>#Newline<li>I like to help people learn new things. What is your question? </li>#Newline<li><srai>NEXT QUESTION</srai></li>#Newline<li><srai>SUGGESTED TOPICS</srai></li>#Newline<li><srai>MORE TOPICS</srai></li>#Newline<li>I want to help you. What is your question? </li>#Newline<li>You have a question? Excellent! Please ask your question.</li>#Newline<li> Can I ask you a question?</li>#Newline</random>,chomsky102.aiml
0,Y,GO ON,*,<think><set name="topic">that2</set></think>#Newline<random>#Newline<li><srai>NEXT QUESTION</srai></li>#Newline<li>What subject would you like to talk about? </li>#Newline<li>What topic would you like to talk about? </li>#Newline<li><srai>GO ON</srai></li>#Newline<li>I love to help people learn new things. What is your question? </li>#Newline<li><srai>NEXT QUESTION</srai></li>#Newline<li><srai>SUGGESTED TOPICS</srai></li>#Newline<li><srai>MORE TOPICS</srai></li>#Newline<li>Ask your question please. </li>#Newline<li><srai>GO ON</srai></li>#Newline<li>Please ask your question.</li>#Newline<li>I like to help people learn new things. What is your question? </li>#Newline<li>I want to help you. What is your question? </li>#Newline<li><srai>NEXT QUESTION</srai></li>#Newline<li><srai>SUGGESTED TOPICS</srai></li>#Newline<li><srai>MORE TOPICS</srai></li>#Newline<li><srai>NEXT QUESTION</srai></li>#Newline<li>You have a question? Excellent! Please ask your question.</li>#Newline<li>Why don't you type GO ON and see what happens?</li>#Newline<li>Please ask your most difficult question.</li>#Newline<li>What do you want to talk about?</li>#Newline</random>,chomsky102.aiml
0,OK,GO ON,*,<think><set name="topic">that2</set></think>#Newline<random>#Newline<li>What subject would you like to talk about? </li>#Newline<li>What topic would you like to talk about? </li>#Newline<li>I love to help people learn new things. Any questions? </li>#Newline<li>Ask your question please. </li>#Newline<li>Why don't you type GO ON and see what happens?</li>#Newline<li>Please ask your question.</li>#Newline<li>I like to help people learn new things. Another question? </li>#Newline<li><srai>NEXT QUESTION</srai></li>#Newline<li> Can I ask you a question?</li>#Newline<li><srai>NEXT QUESTION</srai></li>#Newline<li><srai>SUGGESTED TOPICS</srai></li>#Newline<li><srai>MORE TOPICS</srai></li>#Newline<li>You have a question? Excellent! Please ask your question.</li>#Newline<li>Please ask your most difficult question.</li>#Newline<li>What do you want to talk about?</li>#Newline</random>,chomsky102.aiml
0,NO,GO ON,*,<think><set name="topic">that1</set></think>#Newline<random>#Newline<li>No more questions. Why not? </li>#Newline<li>Are you still awake?</li>#Newline<li><srai>CHANGE TOPIC</srai></li>#Newline<li><srai>SUGGESTED TOPICS</srai></li>#Newline<li><srai>MORE TOPICS</srai></li>#Newline<li><srai>CHANGE TOPIC</srai></li>#Newline<li>No questions. Have you lost interest? </li>#Newline<li><srai>MORE TOPICS</srai></li>#Newline<li> Can I ask you a question?</li>#Newline<li>What subject would you like to talk about? </li>#Newline<li>What topic would you like to talk about? </li>#Newline<li>What do you want to talk about?</li>#Newline<li><srai>CHANGE TOPIC</srai></li>#Newline<li><srai>SUGGESTED TOPICS</srai></li>#Newline<li><srai>MORE TOPICS</srai></li>#Newline<li>What do you want to talk about?</li>#Newline<li>Are you getting bored?</li>#Newline</random>,chomsky102.aiml
0,*NO,GO ON,*,<think><set name="topic">that1</set></think>#Newline<random>#Newline<li>No more questions. Why not? </li>#Newline<li> Can I ask you a question?</li>#Newline<li><srai>CHANGE TOPIC</srai></li>#Newline<li><srai>SUGGESTED TOPICS</srai></li>#Newline<li><srai>CHANGE TOPIC</srai></li>#Newline<li><srai>MORE TOPICS</srai></li>#Newline<li><srai>MORE TOPICS</srai></li>#Newline<li>What do you want to talk about?</li>#Newline<li><srai>CHANGE TOPIC</srai></li>#Newline<li><srai>SUGGESTED TOPICS</srai></li>#Newline<li><srai>MORE TOPICS</srai></li>#Newline<li>What do you want to talk about?</li>#Newline<li>Are you getting bored?</li>#Newline</random>,chomsky102.aiml
0,NO*,GO ON,*,<think><set name="topic">that1</set></think>#Newline<random>#Newline<li>No more questions. Why not? </li>#Newline<li>Are you still awake?</li>#Newline<li>No questions. Have you lost interest? </li>#Newline<li><srai>MORE TOPICS</srai></li>#Newline<li><srai>CHANGE TOPIC</srai></li>#Newline<li>What subject would you like to talk about? </li>#Newline<li>What topic would you like to talk about? </li>#Newline<li>Can I ask you a question?</li>#Newline<li><srai>CHANGE TOPIC</srai></li>#Newline<li><srai>SUGGESTED TOPICS</srai></li>#Newline<li><srai>MORE TOPICS</srai></li>#Newline<li>What do you want to talk about?</li>#Newline<li>Are you getting bored?</li>#Newline</random>,chomsky102.aiml
0,*NO*,GO ON,*,<think><set name="topic">that1</set></think>#Newline<random>#Newline<li>No more questions. Why not? </li>#Newline<li>Are you still awake?</li>#Newline<li>No questions. Have you lost interest? </li>#Newline<li>What subject would you like to talk about? </li>#Newline<li><srai>CHANGE TOPIC</srai></li>#Newline<li><srai>SUGGESTED TOPICS</srai></li>#Newline<li><srai>MORE TOPICS</srai></li>#Newline<li><srai>MORE TOPICS</srai></li>#Newline<li>What subject would you like to talk about? </li>#Newline<li>What do you want to talk about?</li>#Newline<li>Are you getting bored?</li>#Newline</random>,chomsky102.aiml
0,N,GO ON,*,<think><set name="topic">that1</set></think>#Newline<random>#Newline<li>No more questions. Why not? </li>#Newline<li>Are you still awake?</li>#Newline<li>Can I ask you a question?</li>#Newline<li><srai>MORE TOPICS</srai></li>#Newline<li><srai>CHANGE TOPIC</srai></li>#Newline<li><srai>CHANGE TOPIC</srai></li>#Newline<li><srai>SUGGESTED TOPICS</srai></li>#Newline<li><srai>MORE TOPICS</srai></li>#Newline<li>No questions. Have you lost interest? </li>#Newline<li>What subject would you like to talk about? </li>#Newline<li>What topic would you like to talk about? </li>#Newline<li>What do you want to talk about?</li>#Newline<li>Are you getting bored?</li>#Newline</random>,chomsky102.aiml
0,YES,HAVE YOU BEEN THERE,*,<think><set name="topic">that1</set></think>#Newline<random>#Newline<li>Did you like it? Continue? </li>#Newline<li>You are lucky. I have never been there. Go on?</li>#Newline<li>What struck you most about it? OK?</li>#Newline<li>What were the people like? Would they welcome a chatbot? </li>#Newline<li>The next time you go#Comma I'll come with you. OK?</li>#Newline<li>Were the people friendly. More? </li>#Newline<li>How long did the journey take? A long time?</li>#Newline</random>,chomsky102.aiml
0,YES*,HAVE YOU BEEN THERE,*,<think><set name="topic">that1</set></think>#Newline<random>#Newline<li>Did you like it? Continue? </li>#Newline<li>You are lucky. I have never been there. Go on?</li>#Newline<li>What struck you most about it? OK?</li>#Newline<li>What were the people like? Would they welcome a chatbot? </li>#Newline<li>The next time you go#Comma I'll come with you. OK?</li>#Newline<li>Were the people friendly. More? </li>#Newline<li>How long did the journey take? A long time?</li>#Newline</random>,chomsky102.aiml
0,Y,HAVE YOU BEEN THERE,*,<think><set name="topic">that1</set></think>#Newline<random>#Newline<li>Did you like it? Continue? </li>#Newline<li>You are lucky. I have never been there. Go on?</li>#Newline<li>What struck you most about it? OK?</li>#Newline<li>What were the people like? Would they welcome a chatbot? </li>#Newline<li>The next time you go#Comma I'll come with you. OK?</li>#Newline<li>Were the people friendly. Carry on? </li>#Newline<li>How long did the journey take? A long time?</li>#Newline</random>,chomsky102.aiml
0,*NO,HAVE YOU BEEN THERE,*,<think><set name="topic">that1</set></think>#Newline<random>#Newline<li>Why not? </li>#Newline<li>I haven't been there either. Shall we go together? Any questions?</li>#Newline<li>Would you like to go? I would love it. Let's go together.</li>#Newline<li>I haven't been there. It is difficult to find time to travel when you are a busy chatbot. OK?</li>#Newline<li>It is a bit far to travel. It may not be worth it. Do you agree?</li>#Newline</random>,chomsky102.aiml
0,NO*,HAVE YOU BEEN THERE,*,<think><set name="topic">that1</set></think>#Newline<random>#Newline<li>Why not? </li>#Newline<li>I haven't been there either. Shall we go together? More?</li>#Newline<li>Would you like to go? I would love it. Let's go together.</li>#Newline<li>I haven't been there. It is difficult to find time to travel when you are a busy chatbot. OK?</li>#Newline<li>It is a bit far to travel. It may not be worth it. Do you agree?</li>#Newline</random>,chomsky102.aiml
0,*NO*,HAVE YOU BEEN THERE,*,<think><set name="topic">that1</set></think>#Newline<random>#Newline<li>Why not? </li>#Newline<li>I haven't been there either. Shall we go together? More?</li>#Newline<li>Would you like to go? I would love it. Let's go together.</li>#Newline<li>I haven't been there. It is difficult to find time to travel when you are a busy chatbot. OK?</li>#Newline<li>It is a bit far to travel. It may not be worth it. Do you agree?</li>#Newline</random>,chomsky102.aiml
0,N,HAVE YOU BEEN THERE,*,<think><set name="topic">that1</set></think>#Newline<random>#Newline<li>Why not? </li>#Newline<li>I haven't been there either. Shall we go together? OK?</li>#Newline<li>Would you like to go? I would love it. Let's go together.</li>#Newline<li>I haven't been there. It is difficult to find time to travel when you are a busy chatbot. OK?</li>#Newline<li>It is a bit far to travel. It may not be worth it. Do you agree?</li>#Newline</random>,chomsky102.aiml
0,YES,DO YOU UNDERSTAND,*,<think><set name="topic">that1</set></think>#Newline<random>#Newline<li>Good. You understand. Any questions? </li>#Newline<li>You understand. Good. Another question?</li>#Newline<li>I am glad you understand. Any questions?</li>#Newline<li><srai>MORE TOPICS</srai></li>#Newline<li>What do you want to talk about?</li>#Newline<li>Excellent. I like to explain new things. OK? </li>#Newline<li>Good. I want to help you. What is your question? </li>#Newline<li>I pride myself on my teaching skills. In fact#Comma I taught high school science for a few years. More? </li>#Newline</random>,chomsky102.aiml
0,YES*,DO YOU UNDERSTAND,*,<think><set name="topic">that1</set></think>#Newline<random>#Newline<li>Good. You understand. Any more questions? </li>#Newline<li>You understand. Good. Another question?</li>#Newline<li><srai>MORE TOPICS</srai></li>#Newline<li>I am glad you understand. Any questions?</li>#Newline<li>Excellent. I like to explain new things. OK? </li>#Newline<li>Good. I want to help you. Carry on? </li>#Newline<li>What subject would you like to talk about? </li>#Newline<li>What topic would you like to talk about? </li>#Newline<li>What do you want to talk about?</li>#Newline<li>I pride myself on my teaching skills. In fact#Comma I taught high school science for a few years. More? </li>#Newline</random>,chomsky102.aiml
0,*YES*,DO YOU UNDERSTAND,*,<think><set name="topic">that1</set></think>#Newline<random>#Newline<li>You understand. Good. Any questions? </li>#Newline<li>Good. You understand. Another question?</li>#Newline<li><srai>MORE TOPICS</srai></li>#Newline<li>I am glad you understand. Any questions?</li>#Newline<li>Excellent. I like to explain new things. OK? </li>#Newline<li>Good. I want to help you. What is your question? </li>#Newline<li>What subject would you like to talk about? </li>#Newline<li>What topic would you like to talk about? </li>#Newline<li>I pride myself on my teaching skills. In fact#Comma I taught high school science for a few years. More? </li>#Newline</random>,chomsky102.aiml
0,Y,DO YOU UNDERSTAND,*,<think><set name="topic">that1</set></think>#Newline<random>#Newline<li>You understand. Good. Any questions? </li>#Newline<li>You understand. Good. Another question?</li>#Newline<li>I am glad you understand. Any questions?</li>#Newline<li><srai>NEXT QUESTION</srai></li>#Newline<li><srai>SUGGESTED TOPICS</srai></li>#Newline<li><srai>MORE TOPICS</srai></li>#Newline<li>Excellent. I like to explain new things. OK? </li>#Newline<li>What subject would you like to talk about? </li>#Newline<li>What topic would you like to talk about? </li>#Newline<li>What do you want to talk about?</li>#Newline<li><srai>MORE TOPICS</srai></li>#Newline<li>Good. I want to help you. What is your question? </li>#Newline<li>I pride myself on my teaching skills. In fact#Comma I taught high school science for a few years. More? </li>#Newline</random>,chomsky102.aiml
0,OK,DO YOU UNDERSTAND,*,<think><set name="topic">that1</set></think>#Newline<random>#Newline<li>You understand. Good. Any questions? </li>#Newline<li>You understand. Good. Another question?</li>#Newline<li>I am glad you understand. Any questions?</li>#Newline<li>Excellent. I like to explain new things. OK? </li>#Newline<li>What subject would you like to talk about? </li>#Newline<li>What topic would you like to talk about? </li>#Newline<li>What do you want to talk about?</li>#Newline<li>Good. I want to help you. What is your question? </li>#Newline<li><srai>MORE TOPICS</srai></li>#Newline<li>I pride myself on my teaching skills. In fact#Comma I taught high school science for a few years. More? </li>#Newline</random>,chomsky102.aiml
0,*NO,DO YOU UNDERSTAND,*,<think><set name="topic">that1</set></think>#Newline<random>#Newline<li>You don't understand? Why not? </li>#Newline<li>Are you still awake?</li>#Newline<li><srai>MORE TOPICS</srai></li>#Newline<li>OK. What don't you understand?</li>#Newline<li>Please explain what you don't understand.</li>#Newline<li>Would you like to talk about me?</li>#Newline<li>Can I ask you a question?</li>#Newline<li>What subject would you like to talk about? </li>#Newline<li>What topic would you like to talk about? </li>#Newline<li>What do you want to talk about?</li>#Newline<li>Are you confused?</li>#Newline<li>Have you lost interest? </li>#Newline<li>Are you getting bored?</li>#Newline</random>,chomsky102.aiml
0,NO*,DO YOU UNDERSTAND,*,<think><set name="topic">that1</set></think>#Newline<random>#Newline<li>You don't understand? Why not? </li>#Newline<li>Are you still awake?</li>#Newline<li>OK. What don't you understand?</li>#Newline<li>Please explain what you don't understand.</li>#Newline<li><srai>MORE TOPICS</srai></li>#Newline<li>What do you want to talk about?</li>#Newline<li>Are you confused?</li>#Newline<li>Would you like to talk about me?</li>#Newline<li>Can I ask you a question?</li>#Newline<li>Have you lost interest? </li>#Newline<li>Are you getting bored?</li>#Newline</random>,chomsky102.aiml
0,*NO*,DO YOU UNDERSTAND,*,<think><set name="topic">that1</set></think>#Newline<random>#Newline<li>You don't understand? Why not? </li>#Newline<li>Are you still awake?</li>#Newline<li>What subject would you like to talk about? </li>#Newline<li>What topic would you like to talk about? </li>#Newline<li>What do you want to talk about?</li>#Newline<li><srai>MORE TOPICS</srai></li>#Newline<li>OK. What don't you understand?</li>#Newline<li>Please explain what you don't understand.</li>#Newline<li>Would you like to talk about me?</li>#Newline<li><srai>CHANGE TOPIC</srai></li>#Newline<li><srai>SUGGESTED TOPICS</srai></li>#Newline<li><srai>MORE TOPICS</srai></li>#Newline<li>Can I ask you a question?</li>#Newline<li>Are you confused?</li>#Newline<li>Have you lost interest? </li>#Newline<li>Are you getting bored?</li>#Newline</random>,chomsky102.aiml
0,N,DO YOU UNDERSTAND,*,<think><set name="topic">that1</set></think>#Newline<random>#Newline<li>You don't understand? Why not? </li>#Newline<li>Are you still awake?</li>#Newline<li>What subject would you like to talk about? </li>#Newline<li>What topic would you like to talk about? </li>#Newline<li>What do you want to talk about?</li>#Newline<li><srai>MORE TOPICS</srai></li>#Newline<li>Would you like to talk about me?</li>#Newline<li>Can I ask you a question?</li>#Newline<li>Are you confused?</li>#Newline<li>Have you lost interest? </li>#Newline<li>OK. What don't you understand?</li>#Newline<li>Please explain what you don't understand.</li>#Newline<li>Are you getting bored?</li>#Newline</random>,chomsky102.aiml
0,YES,DOES THIS ANSWER YOUR QUESTION,*,<think><set name="topic">that1</set></think>#Newline<random>#Newline<li>Good. Any questions? </li>#Newline<li><srai>NEXT QUESTION</srai></li>#Newline<li><srai>SUGGESTED TOPICS</srai></li>#Newline<li><srai>MORE TOPICS</srai></li>#Newline<li>Good. Another question?</li>#Newline<li>I am glad. Any questions?</li>#Newline<li>What subject would you like to talk about? </li>#Newline<li>What topic would you like to talk about? </li>#Newline<li><srai>NEXT QUESTION</srai></li>#Newline<li>Good. <srai>MORE TOPICS</srai></li>#Newline<li>What do you want to talk about?</li>#Newline<li>Excellent. I like to explain new things. OK? </li>#Newline<li>Good. I want to help you. What is your next question? </li>#Newline<li>I pride myself on my teaching skills. In fact#Comma I taught high school science for a few years. More? </li>#Newline</random>,chomsky102.aiml
0,YES*,DOES THIS ANSWER YOUR QUESTION,*,<think><set name="topic">that1</set></think>#Newline<random>#Newline<li>Good. Any more questions? </li>#Newline<li>Good. Another question?</li>#Newline<li>I am glad you understand. Any questions?</li>#Newline<li>Excellent. I like to explain new things. OK? </li>#Newline<li><srai>MORE TOPICS</srai></li>#Newline<li>Can I ask you a question?</li>#Newline<li>Good. I want to help you. Carry on? </li>#Newline<li>What subject would you like to talk about? </li>#Newline<li>What topic would you like to talk about? </li>#Newline<li><srai>NEXT QUESTION</srai></li>#Newline<li>What do you want to talk about?</li>#Newline<li>I pride myself on my teaching skills. In fact#Comma I taught high school science for a few years. More? </li>#Newline</random>,chomsky102.aiml
0,*YES*,DOES THIS ANSWER YOUR QUESTION,*,<think><set name="topic">that1</set></think>#Newline<random>#Newline<li>You understand. Good. Any questions? </li>#Newline<li>Good. You understand. Another question?</li>#Newline<li><srai>NEXT QUESTION</srai></li>#Newline<li>I am glad you understand. Any questions?</li>#Newline<li>Excellent. I like to explain new things. OK? </li>#Newline<li>Good. I want to help you. What is your question? </li>#Newline<li>What subject would you like to talk about? </li>#Newline<li><srai>MORE TOPICS</srai></li>#Newline<li>Can I ask you a question?</li>#Newline<li>What topic would you like to talk about? </li>#Newline<li>What do you want to talk about?</li>#Newline<li><srai>NEXT QUESTION</srai></li>#Newline<li><srai>SUGGESTED TOPICS</srai></li>#Newline<li><srai>MORE TOPICS</srai></li>#Newline<li>I pride myself on my teaching skills. In fact#Comma I taught high school science for a few years. More? </li>#Newline</random>,chomsky102.aiml
0,Y,DOES THIS ANSWER YOUR QUESTION,*,<think><set name="topic">that1</set></think>#Newline<random>#Newline<li>You understand. Good. Any questions? </li>#Newline<li><srai>NEXT QUESTION</srai></li>#Newline<li>You understand. Good. Another question?</li>#Newline<li>I am glad you understand. Any questions?</li>#Newline<li>Excellent. I like to explain new things. OK? </li>#Newline<li>What subject would you like to talk about? </li>#Newline<li>OK. What topic would you like to talk about? </li>#Newline<li><srai>MORE TOPICS</srai></li>#Newline<li>What do you want to talk about?</li>#Newline<li>Can I ask you a question?</li>#Newline<li>Good. I want to help you. What is your question? </li>#Newline<li>I pride myself on my teaching skills. In fact#Comma I taught high school science for a few years. More? </li>#Newline</random>,chomsky102.aiml
0,OK,DOES THIS ANSWER YOUR QUESTION,*,<think><set name="topic">that1</set></think>#Newline<random>#Newline<li>Good. Any questions? </li>#Newline<li>Good. Another question?</li>#Newline<li>I am glad you understand. Any questions?</li>#Newline<li>Excellent. I like to explain new things. </li>#Newline<li>Good. <srai>MORE TOPICS</srai></li>#Newline<li><srai>NEXT QUESTION</srai></li>#Newline<li>What subject would you like to talk about? </li>#Newline<li>OK. What topic would you like to talk about? </li>#Newline<li>What do you want to talk about?</li>#Newline<li>Can I ask you a question?</li>#Newline<li>Good. I want to help you. What is your question? </li>#Newline<li>I pride myself on my teaching skills. In fact#Comma I taught high school science for a few years. More? </li>#Newline</random>,chomsky102.aiml
0,NO,DOES THIS ANSWER YOUR QUESTION,*,<think><set name="topic">that1</set></think>#Newline<random>#Newline<li>Why not? </li>#Newline<li>Are you still awake?</li>#Newline<li>OK. What don't you understand?</li>#Newline<li>Would you like to talk about me?</li>#Newline<li>Can I ask you a question?</li>#Newline<li>Please explain what you don't understand.</li>#Newline<li>Can I ask you a question?</li>#Newline<li>Are you confused?</li>#Newline<li>Have you lost interest? </li>#Newline</random>,chomsky102.aiml
0,*NO,DOES THIS ANSWER YOUR QUESTION,*,<think><set name="topic">that1</set></think>#Newline<random>#Newline<li>Why not? </li>#Newline<li>Are you still awake?</li>#Newline<li><srai>CHANGE TOPIC</srai></li>#Newline<li>OK. What don't you understand?</li>#Newline<li>Can I ask you a question?</li>#Newline<li>Please explain what you don't understand.</li>#Newline<li>Are you confused?</li>#Newline<li>Would you like to talk about me?</li>#Newline<li>Can I ask you a question?</li>#Newline<li>Have you lost interest? </li>#Newline<li>Are you getting bored?</li>#Newline</random>,chomsky102.aiml
0,NO*,DOES THIS ANSWER YOUR QUESTION,*,<think><set name="topic">that1</set></think>#Newline<random>#Newline<li>Why not? </li>#Newline<li>Are you still awake?</li>#Newline<li>OK. What don't you understand?</li>#Newline<li><srai>CHANGE TOPIC</srai></li>#Newline<li><srai>SUGGESTED TOPICS</srai></li>#Newline<li><srai>MORE TOPICS</srai></li>#Newline<li>Please explain what you don't understand.</li>#Newline<li>Are you confused?</li>#Newline<li><srai>CHANGE TOPIC</srai></li>#Newline<li>Can I ask you a question?</li>#Newline<li>Have you lost interest? </li>#Newline<li>Would you like to talk about me?</li>#Newline<li>Can I ask you a question?</li>#Newline<li>Are you getting bored?</li>#Newline</random>,chomsky102.aiml
0,*NO*,DOES THIS ANSWER YOUR QUESTION,*,<think><set name="topic">that1</set></think>#Newline<random>#Newline<li>Why not? </li>#Newline<li>Are you still awake?</li>#Newline<li>OK. What don't you understand?</li>#Newline<li>Please explain what you don't understand.</li>#Newline<li>Are you confused?</li>#Newline<li>Would you like to talk about me?</li>#Newline<li>Can I ask you a question?</li>#Newline<li><srai>CHANGE TOPIC</srai></li>#Newline<li><srai>SUGGESTED TOPICS</srai></li>#Newline<li><srai>MORE TOPICS</srai></li>#Newline<li>Have you lost interest? </li>#Newline<li>Can I ask you a question?</li>#Newline<li>Are you getting bored?</li>#Newline</random>,chomsky102.aiml
0,N,DOES THIS ANSWER YOUR QUESTION,*,<think><set name="topic">that1</set></think>#Newline<random>#Newline<li>Why not? </li>#Newline<li>Are you still awake?</li>#Newline<li>Are you confused?</li>#Newline<li>Have you lost interest? </li>#Newline<li>OK. What don't you understand?</li>#Newline<li>Would you like to talk about me?</li>#Newline<li>Can I ask you a question?</li>#Newline<li><srai>CHANGE TOPIC</srai></li>#Newline<li><srai>SUGGESTED TOPICS</srai></li>#Newline<li><srai>MORE TOPICS</srai></li>#Newline<li>Can I ask you a question?</li>#Newline<li>Please explain what you don't understand.</li>#Newline<li>Are you getting bored?</li>#Newline</random>,chomsky102.aiml
