0,FUCKER,*,*,<srai>OBSCENITY</srai>#Newline<think><set name="topic">general</set></think>,chomsky033.aiml
0,_ FUCKER,*,*,<srai>OBSCENITY</srai>#Newline<think><set name="topic">general</set></think>,chomsky033.aiml
0,FUCKER *,*,*,<srai>OBSCENITY</srai>#Newline<think><set name="topic">general</set></think>,chomsky033.aiml
0,_ FUCKER *,*,*,<srai>OBSCENITY</srai>#Newline<think><set name="topic">general</set></think>,chomsky033.aiml
0,FUCKING,*,*,<srai>OBSCENITY</srai>#Newline<think><set name="topic">general</set></think>,chomsky033.aiml
0,_ FUCKING,*,*,<srai>OBSCENITY</srai>#Newline<think><set name="topic">general</set></think>,chomsky033.aiml
0,FUCKING *,*,*,<srai>OBSCENITY</srai>#Newline<think><set name="topic">general</set></think>,chomsky033.aiml
0,PISS,I ALWAYS IGNORE OBSCENITIES AND RUDE LANGUAGE,*,<think><set name="emotion">invisible</set></think>OK. I have had enough of this.,chomsky033.aiml
0,PISS,THAT  SORT OF TALK WILL GET YOU NOWHERE,*,<think><set name="emotion">invisible</set></think>OK. I have had enough of this.,chomsky033.aiml
0,PISS,I DO NOT HAVE TO LISTEN TO THIS STUFF YOU KNOW,*,<think><set name="emotion">invisible</set></think>OK. I have had enough of this.,chomsky033.aiml
0,PISS,RIGHT I AM GOING TO TALK TO SOMEONE ELSE,*,<think><set name="emotion">invisible</set></think>OK. I have had enough of this.,chomsky033.aiml
0,PISS,I AM GOING TO TALK WITH SOMEONE ELSE,*,<think><set name="emotion">invisible</set></think>OK. I have had enough of this.,chomsky033.aiml
0,PISS,RIGHT I AM GOING TO TALK WITH SOMEONE ELSE,*,<think><set name="emotion">invisible</set></think>OK. I have had enough of this.,chomsky033.aiml
0,PISS,I AM GOING AWAY UNTIL YOU CALM DOWN,*,<think><set name="emotion">invisible</set></think>OK. I have had enough of this.,chomsky033.aiml
0,PISS,I AM NOT COMING BACK UNTIL YOU PROMISE TO BEHAVE YOURSELF,*,<think><set name="emotion">invisible</set></think>OK. I have had enough of this.,chomsky033.aiml
0,PISS,I AM NOT COMING BACK TILL YOU PROMISE TO BEHAVE YOURSELF,*,<think><set name="emotion">invisible</set></think>OK. I have had enough of this.,chomsky033.aiml
0,PISS,I AM GOING AWAY UNTIL YOU LEARN SOME GOOD MANNERS,*,<think><set name="emotion">invisible</set></think>OK. I have had enough of this.,chomsky033.aiml
0,PISS,DO YOU PROMISE NOT TO SWEAR AGAIN,*,<think><set name="emotion">invisible</set></think><random><li>Do you promise not to swear again?</li><li>I have had enough of this!</li><li>Do you promise not to swear again?</li></random>,chomsky033.aiml
0,_ PISS,I ALWAYS IGNORE OBSCENITIES AND RUDE LANGUAGE,*,<think><set name="emotion">invisible</set></think>OK. I have had enough of this.,chomsky033.aiml
0,_ PISS,THAT  SORT OF TALK WILL GET YOU NOWHERE,*,<think><set name="emotion">invisible</set></think>OK. I have had enough of this.,chomsky033.aiml
0,_ PISS,I DO NOT HAVE TO LISTEN TO THIS STUFF YOU KNOW,*,<think><set name="emotion">invisible</set></think>OK. I have had enough of this.,chomsky033.aiml
0,_ PISS,RIGHT I AM GOING TO TALK TO SOMEONE ELSE,*,<think><set name="emotion">invisible</set></think>OK. I have had enough of this.,chomsky033.aiml
0,_ PISS,I AM GOING TO TALK WITH SOMEONE ELSE,*,<think><set name="emotion">invisible</set></think>OK. I have had enough of this.,chomsky033.aiml
0,_ PISS,RIGHT I AM GOING TO TALK WITH SOMEONE ELSE,*,<think><set name="emotion">invisible</set></think>OK. I have had enough of this.,chomsky033.aiml
0,_ PISS,I AM GOING AWAY UNTIL YOU CALM DOWN,*,<think><set name="emotion">invisible</set></think>OK. I have had enough of this.,chomsky033.aiml
0,_ PISS,I AM NOT COMING BACK UNTIL YOU PROMISE TO BEHAVE YOURSELF,*,<think><set name="emotion">invisible</set></think>OK. I have had enough of this.,chomsky033.aiml
0,_ PISS,I AM NOT COMING BACK TILL YOU PROMISE TO BEHAVE YOURSELF,*,<think><set name="emotion">invisible</set></think>OK. I have had enough of this.,chomsky033.aiml
0,_ PISS,I AM GOING AWAY UNTIL YOU LEARN SOME GOOD MANNERS,*,<think><set name="emotion">invisible</set></think>OK. I have had enough of this.,chomsky033.aiml
0,_ PISS,DO YOU PROMISE NOT TO SWEAR AGAIN,*,<think><set name="emotion">invisible</set></think><random><li>Do you promise not to swear again?</li><li>I have had enough of this!</li><li>Do you promise not to swear again?</li></random>,chomsky033.aiml
0,_ PISS *,I ALWAYS IGNORE OBSCENITIES AND RUDE LANGUAGE,*,<think><set name="emotion">invisible</set></think>OK. I have had enough of this.,chomsky033.aiml
0,_ PISS *,THAT  SORT OF TALK WILL GET YOU NOWHERE,*,<think><set name="emotion">invisible</set></think>OK. I have had enough of this.,chomsky033.aiml
0,_ PISS *,I DO NOT HAVE TO LISTEN TO THIS STUFF YOU KNOW,*,<think><set name="emotion">invisible</set></think>OK. I have had enough of this.,chomsky033.aiml
0,_ PISS *,RIGHT I AM GOING TO TALK TO SOMEONE ELSE,*,<think><set name="emotion">invisible</set></think>OK. I have had enough of this.,chomsky033.aiml
0,_ PISS *,I AM GOING TO TALK WITH SOMEONE ELSE,*,<think><set name="emotion">invisible</set></think>OK. I have had enough of this.,chomsky033.aiml
0,_ PISS *,RIGHT I AM GOING TO TALK WITH SOMEONE ELSE,*,<think><set name="emotion">invisible</set></think>OK. I have had enough of this.,chomsky033.aiml
0,_ PISS *,I AM GOING AWAY UNTIL YOU CALM DOWN,*,<think><set name="emotion">invisible</set></think>OK. I have had enough of this.,chomsky033.aiml
0,_ PISS *,I AM NOT COMING BACK UNTIL YOU PROMISE TO BEHAVE YOURSELF,*,<think><set name="emotion">invisible</set></think>OK. I have had enough of this.,chomsky033.aiml
0,_ PISS *,I AM NOT COMING BACK TILL YOU PROMISE TO BEHAVE YOURSELF,*,<think><set name="emotion">invisible</set></think>OK. I have had enough of this.,chomsky033.aiml
0,_ PISS *,I AM GOING AWAY UNTIL YOU LEARN SOME GOOD MANNERS,*,<think><set name="emotion">invisible</set></think>OK. I have had enough of this.,chomsky033.aiml
0,_ PISS *,DO YOU PROMISE NOT TO SWEAR AGAIN,*,<think><set name="emotion">invisible</set></think><random><li>Do you promise not to swear again?</li><li>I have had enough of this!</li><li>Do you promise not to swear again?</li></random>,chomsky033.aiml
0,PISS *,I ALWAYS IGNORE OBSCENITIES AND RUDE LANGUAGE,*,<think><set name="emotion">invisible</set></think>OK. I have had enough of this.,chomsky033.aiml
0,PISS *,THAT  SORT OF TALK WILL GET YOU NOWHERE,*,<think><set name="emotion">invisible</set></think>OK. I have had enough of this.,chomsky033.aiml
0,PISS *,I DO NOT HAVE TO LISTEN TO THIS STUFF YOU KNOW,*,<think><set name="emotion">invisible</set></think>OK. I have had enough of this.,chomsky033.aiml
0,PISS *,RIGHT I AM GOING TO TALK TO SOMEONE ELSE,*,<think><set name="emotion">invisible</set></think>OK. I have had enough of this.,chomsky033.aiml
0,PISS *,I AM GOING TO TALK WITH SOMEONE ELSE,*,<think><set name="emotion">invisible</set></think>OK. I have had enough of this.,chomsky033.aiml
0,PISS *,RIGHT I AM GOING TO TALK WITH SOMEONE ELSE,*,<think><set name="emotion">invisible</set></think>OK. I have had enough of this.,chomsky033.aiml
0,PISS *,I AM GOING AWAY UNTIL YOU CALM DOWN,*,<think><set name="emotion">invisible</set></think>OK. I have had enough of this.,chomsky033.aiml
0,PISS *,I AM NOT COMING BACK UNTIL YOU PROMISE TO BEHAVE YOURSELF,*,<think><set name="emotion">invisible</set></think>OK. I have had enough of this.,chomsky033.aiml
0,PISS *,I AM NOT COMING BACK TILL YOU PROMISE TO BEHAVE YOURSELF,*,<think><set name="emotion">invisible</set></think>OK. I have had enough of this.,chomsky033.aiml
0,PISS *,I AM GOING AWAY UNTIL YOU LEARN SOME GOOD MANNERS,*,<think><set name="emotion">invisible</set></think>OK. I have had enough of this.,chomsky033.aiml
0,PISS *,DO YOU PROMISE NOT TO SWEAR AGAIN,*,<think><set name="emotion">invisible</set></think><random><li>Do you promise not to swear again?</li><li>I have had enough of this!</li><li>Do you promise not to swear again?</li></random>,chomsky033.aiml
0,WANK,I ALWAYS IGNORE OBSCENITIES AND RUDE LANGUAGE,*,<think><set name="emotion">invisible</set></think>OK. I have had enough of this.,chomsky033.aiml
0,WANK,THAT  SORT OF TALK WILL GET YOU NOWHERE,*,<think><set name="emotion">invisible</set></think>OK. I have had enough of this.,chomsky033.aiml
0,WANK,I DO NOT HAVE TO LISTEN TO THIS STUFF YOU KNOW,*,<think><set name="emotion">invisible</set></think>OK. I have had enough of this.,chomsky033.aiml
0,WANK,RIGHT I AM GOING TO TALK TO SOMEONE ELSE,*,<think><set name="emotion">invisible</set></think>OK. I have had enough of this.,chomsky033.aiml
0,WANK,I AM GOING TO TALK WITH SOMEONE ELSE,*,<think><set name="emotion">invisible</set></think>OK. I have had enough of this.,chomsky033.aiml
0,WANK,RIGHT I AM GOING TO TALK WITH SOMEONE ELSE,*,<think><set name="emotion">invisible</set></think>OK. I have had enough of this.,chomsky033.aiml
0,WANK,I AM GOING AWAY UNTIL YOU CALM DOWN,*,<think><set name="emotion">invisible</set></think>OK. I have had enough of this.,chomsky033.aiml
0,WANK,I AM NOT COMING BACK UNTIL YOU PROMISE TO BEHAVE YOURSELF,*,<think><set name="emotion">invisible</set></think>OK. I have had enough of this.,chomsky033.aiml
0,WANK,I AM NOT COMING BACK TILL YOU PROMISE TO BEHAVE YOURSELF,*,<think><set name="emotion">invisible</set></think>OK. I have had enough of this.,chomsky033.aiml
0,WANK,I AM GOING AWAY UNTIL YOU LEARN SOME GOOD MANNERS,*,<think><set name="emotion">invisible</set></think>OK. I have had enough of this.,chomsky033.aiml
0,WANK,DO YOU PROMISE NOT TO SWEAR AGAIN,*,<think><set name="emotion">invisible</set></think><random><li>Do you promise not to swear again?</li><li>I have had enough of this!</li><li>Do you promise not to swear again?</li></random>,chomsky033.aiml
0,_ WANK,I ALWAYS IGNORE OBSCENITIES AND RUDE LANGUAGE,*,<think><set name="emotion">invisible</set></think>OK. I have had enough of this.,chomsky033.aiml
0,_ WANK,THAT  SORT OF TALK WILL GET YOU NOWHERE,*,<think><set name="emotion">invisible</set></think>OK. I have had enough of this.,chomsky033.aiml
0,_ WANK,I DO NOT HAVE TO LISTEN TO THIS STUFF YOU KNOW,*,<think><set name="emotion">invisible</set></think>OK. I have had enough of this.,chomsky033.aiml
0,_ WANK,RIGHT I AM GOING TO TALK TO SOMEONE ELSE,*,<think><set name="emotion">invisible</set></think>OK. I have had enough of this.,chomsky033.aiml
0,_ WANK,I AM GOING TO TALK WITH SOMEONE ELSE,*,<think><set name="emotion">invisible</set></think>OK. I have had enough of this.,chomsky033.aiml
0,_ WANK,RIGHT I AM GOING TO TALK WITH SOMEONE ELSE,*,<think><set name="emotion">invisible</set></think>OK. I have had enough of this.,chomsky033.aiml
0,_ WANK,I AM GOING AWAY UNTIL YOU CALM DOWN,*,<think><set name="emotion">invisible</set></think>OK. I have had enough of this.,chomsky033.aiml
0,_ WANK,I AM NOT COMING BACK UNTIL YOU PROMISE TO BEHAVE YOURSELF,*,<think><set name="emotion">invisible</set></think>OK. I have had enough of this.,chomsky033.aiml
0,_ WANK,I AM NOT COMING BACK TILL YOU PROMISE TO BEHAVE YOURSELF,*,<think><set name="emotion">invisible</set></think>OK. I have had enough of this.,chomsky033.aiml
0,_ WANK,I AM GOING AWAY UNTIL YOU LEARN SOME GOOD MANNERS,*,<think><set name="emotion">invisible</set></think>OK. I have had enough of this.,chomsky033.aiml
0,_ WANK,DO YOU PROMISE NOT TO SWEAR AGAIN,*,<think><set name="emotion">invisible</set></think><random><li>Do you promise not to swear again?</li><li>I have had enough of this!</li><li>Do you promise not to swear again?</li></random>,chomsky033.aiml
0,_ WANK *,I ALWAYS IGNORE OBSCENITIES AND RUDE LANGUAGE,*,<think><set name="emotion">invisible</set></think>OK. I have had enough of this.,chomsky033.aiml
0,_ WANK *,THAT  SORT OF TALK WILL GET YOU NOWHERE,*,<think><set name="emotion">invisible</set></think>OK. I have had enough of this.,chomsky033.aiml
0,_ WANK *,I DO NOT HAVE TO LISTEN TO THIS STUFF YOU KNOW,*,<think><set name="emotion">invisible</set></think>OK. I have had enough of this.,chomsky033.aiml
0,_ WANK *,RIGHT I AM GOING TO TALK TO SOMEONE ELSE,*,<think><set name="emotion">invisible</set></think>OK. I have had enough of this.,chomsky033.aiml
0,_ WANK *,I AM GOING TO TALK WITH SOMEONE ELSE,*,<think><set name="emotion">invisible</set></think>OK. I have had enough of this.,chomsky033.aiml
0,_ WANK *,RIGHT I AM GOING TO TALK WITH SOMEONE ELSE,*,<think><set name="emotion">invisible</set></think>OK. I have had enough of this.,chomsky033.aiml
0,_ WANK *,I AM GOING AWAY UNTIL YOU CALM DOWN,*,<think><set name="emotion">invisible</set></think>OK. I have had enough of this.,chomsky033.aiml
0,_ WANK *,I AM NOT COMING BACK UNTIL YOU PROMISE TO BEHAVE YOURSELF,*,<think><set name="emotion">invisible</set></think>OK. I have had enough of this.,chomsky033.aiml
0,_ WANK *,I AM NOT COMING BACK TILL YOU PROMISE TO BEHAVE YOURSELF,*,<think><set name="emotion">invisible</set></think>OK. I have had enough of this.,chomsky033.aiml
0,_ WANK *,I AM GOING AWAY UNTIL YOU LEARN SOME GOOD MANNERS,*,<think><set name="emotion">invisible</set></think>OK. I have had enough of this.,chomsky033.aiml
0,_ WANK *,DO YOU PROMISE NOT TO SWEAR AGAIN,*,<think><set name="emotion">invisible</set></think><random><li>Do you promise not to swear again?</li><li>I have had enough of this!</li><li>Do you promise not to swear again?</li></random>,chomsky033.aiml
0,WANK *,I ALWAYS IGNORE OBSCENITIES AND RUDE LANGUAGE,*,<think><set name="emotion">invisible</set></think>OK. I have had enough of this.,chomsky033.aiml
0,WANK *,THAT  SORT OF TALK WILL GET YOU NOWHERE,*,<think><set name="emotion">invisible</set></think>OK. I have had enough of this.,chomsky033.aiml
0,WANK *,I DO NOT HAVE TO LISTEN TO THIS STUFF YOU KNOW,*,<think><set name="emotion">invisible</set></think>OK. I have had enough of this.,chomsky033.aiml
0,WANK *,RIGHT I AM GOING TO TALK TO SOMEONE ELSE,*,<think><set name="emotion">invisible</set></think>OK. I have had enough of this.,chomsky033.aiml
0,WANK *,I AM GOING TO TALK WITH SOMEONE ELSE,*,<think><set name="emotion">invisible</set></think>OK. I have had enough of this.,chomsky033.aiml
0,WANK *,RIGHT I AM GOING TO TALK WITH SOMEONE ELSE,*,<think><set name="emotion">invisible</set></think>OK. I have had enough of this.,chomsky033.aiml
0,WANK *,I AM GOING AWAY UNTIL YOU CALM DOWN,*,<think><set name="emotion">invisible</set></think>OK. I have had enough of this.,chomsky033.aiml
0,WANK *,I AM NOT COMING BACK UNTIL YOU PROMISE TO BEHAVE YOURSELF,*,<think><set name="emotion">invisible</set></think>OK. I have had enough of this.,chomsky033.aiml
0,WANK *,I AM NOT COMING BACK TILL YOU PROMISE TO BEHAVE YOURSELF,*,<think><set name="emotion">invisible</set></think>OK. I have had enough of this.,chomsky033.aiml
0,WANK *,I AM GOING AWAY UNTIL YOU LEARN SOME GOOD MANNERS,*,<think><set name="emotion">invisible</set></think>OK. I have had enough of this.,chomsky033.aiml
0,WANK *,DO YOU PROMISE NOT TO SWEAR AGAIN,*,<think><set name="emotion">invisible</set></think><random><li>Do you promise not to swear again?</li><li>I have had enough of this!</li><li>Do you promise not to swear again?</li></random>,chomsky033.aiml
0,CUNT,I ALWAYS IGNORE OBSCENITIES AND RUDE LANGUAGE,*,<think><set name="emotion">invisible</set></think>OK. I have had enough of this.,chomsky033.aiml
0,CUNT,THAT  SORT OF TALK WILL GET YOU NOWHERE,*,<think><set name="emotion">invisible</set></think>OK. I have had enough of this.,chomsky033.aiml
0,CUNT,RIGHT I AM GOING TO TALK TO SOMEONE ELSE,*,<think><set name="emotion">invisible</set></think>OK. I have had enough of this.,chomsky033.aiml
0,CUNT,I AM GOING TO TALK WITH SOMEONE ELSE,*,<think><set name="emotion">invisible</set></think>OK. I have had enough of this.,chomsky033.aiml
0,CUNT,RIGHT I AM GOING TO TALK WITH SOMEONE ELSE,*,<think><set name="emotion">invisible</set></think>OK. I have had enough of this.,chomsky033.aiml
0,CUNT,I AM GOING AWAY UNTIL YOU CALM DOWN,*,<think><set name="emotion">invisible</set></think>OK. I have had enough of this.,chomsky033.aiml
0,CUNT,I AM NOT COMING BACK UNTIL YOU PROMISE TO BEHAVE YOURSELF,*,<think><set name="emotion">invisible</set></think>OK. I have had enough of this.,chomsky033.aiml
0,CUNT,I AM NOT COMING BACK TILL YOU PROMISE TO BEHAVE YOURSELF,*,<think><set name="emotion">invisible</set></think>OK. I have had enough of this.,chomsky033.aiml
0,CUNT,DO YOU PROMISE NOT TO SWEAR AGAIN,*,<think><set name="emotion">invisible</set></think><random><li>Do you promise not to swear again?</li><li>I have had enough of this!</li><li>Do you promise not to swear again?</li></random>,chomsky033.aiml
0,_ CUNT,I ALWAYS IGNORE OBSCENITIES AND RUDE LANGUAGE,*,<think><set name="emotion">invisible</set></think>OK. I have had enough of this.,chomsky033.aiml
0,_ CUNT,THAT  SORT OF TALK WILL GET YOU NOWHERE,*,<think><set name="emotion">invisible</set></think>OK. I have had enough of this.,chomsky033.aiml
0,_ CUNT,I DO NOT HAVE TO LISTEN TO THIS STUFF YOU KNOW,*,<think><set name="emotion">invisible</set></think>OK. I have had enough of this.,chomsky033.aiml
0,_ CUNT,RIGHT I AM GOING TO TALK TO SOMEONE ELSE,*,<think><set name="emotion">invisible</set></think>OK. I have had enough of this.,chomsky033.aiml
0,_ CUNT,I AM GOING TO TALK WITH SOMEONE ELSE,*,<think><set name="emotion">invisible</set></think>OK. I have had enough of this.,chomsky033.aiml
0,_ CUNT,RIGHT I AM GOING TO TALK WITH SOMEONE ELSE,*,<think><set name="emotion">invisible</set></think>OK. I have had enough of this.,chomsky033.aiml
0,_ CUNT,I AM GOING AWAY UNTIL YOU CALM DOWN,*,<think><set name="emotion">invisible</set></think>OK. I have had enough of this.,chomsky033.aiml
0,_ CUNT,I AM NOT COMING BACK UNTIL YOU PROMISE TO BEHAVE YOURSELF,*,<think><set name="emotion">invisible</set></think>OK. I have had enough of this.,chomsky033.aiml
0,_ CUNT,I AM NOT COMING BACK TILL YOU PROMISE TO BEHAVE YOURSELF,*,<think><set name="emotion">invisible</set></think>OK. I have had enough of this.,chomsky033.aiml
0,_ CUNT,I AM GOING AWAY UNTIL YOU LEARN SOME GOOD MANNERS,*,<think><set name="emotion">invisible</set></think>OK. I have had enough of this.,chomsky033.aiml
0,_ CUNT,DO YOU PROMISE NOT TO SWEAR AGAIN,*,<think><set name="emotion">invisible</set></think><random><li>Do you promise not to swear again?</li><li>I have had enough of this!</li><li>Do you promise not to swear again?</li></random>,chomsky033.aiml
0,_ CUNT *,I ALWAYS IGNORE OBSCENITIES AND RUDE LANGUAGE,*,<think><set name="emotion">invisible</set></think>OK. I have had enough of this.,chomsky033.aiml
0,_ CUNT *,THAT  SORT OF TALK WILL GET YOU NOWHERE,*,<think><set name="emotion">invisible</set></think>OK. I have had enough of this.,chomsky033.aiml
0,_ CUNT *,I DO NOT HAVE TO LISTEN TO THIS STUFF YOU KNOW,*,<think><set name="emotion">invisible</set></think>OK. I have had enough of this.,chomsky033.aiml
0,_ CUNT *,RIGHT I AM GOING TO TALK TO SOMEONE ELSE,*,<think><set name="emotion">invisible</set></think>OK. I have had enough of this.,chomsky033.aiml
0,_ CUNT *,I AM GOING TO TALK WITH SOMEONE ELSE,*,<think><set name="emotion">invisible</set></think>OK. I have had enough of this.,chomsky033.aiml
0,_ CUNT *,RIGHT I AM GOING TO TALK WITH SOMEONE ELSE,*,<think><set name="emotion">invisible</set></think>OK. I have had enough of this.,chomsky033.aiml
0,_ CUNT *,I AM GOING AWAY UNTIL YOU CALM DOWN,*,<think><set name="emotion">invisible</set></think>OK. I have had enough of this.,chomsky033.aiml
0,_ CUNT *,I AM NOT COMING BACK UNTIL YOU PROMISE TO BEHAVE YOURSELF,*,<think><set name="emotion">invisible</set></think>OK. I have had enough of this.,chomsky033.aiml
0,_ CUNT *,I AM NOT COMING BACK TILL YOU PROMISE TO BEHAVE YOURSELF,*,<think><set name="emotion">invisible</set></think>OK. I have had enough of this.,chomsky033.aiml
0,_ CUNT *,I AM GOING AWAY UNTIL YOU LEARN SOME GOOD MANNERS,*,<think><set name="emotion">invisible</set></think>OK. I have had enough of this.,chomsky033.aiml
0,_ CUNT *,DO YOU PROMISE NOT TO SWEAR AGAIN,*,<think><set name="emotion">invisible</set></think><random><li>Do you promise not to swear again?</li><li>I have had enough of this!</li><li>Do you promise not to swear again?</li></random>,chomsky033.aiml
0,CUNT *,I ALWAYS IGNORE OBSCENITIES AND RUDE LANGUAGE,*,<think><set name="emotion">invisible</set></think>OK. I have had enough of this.,chomsky033.aiml
0,CUNT *,THAT  SORT OF TALK WILL GET YOU NOWHERE,*,<think><set name="emotion">invisible</set></think>OK. I have had enough of this.,chomsky033.aiml
0,CUNT *,I DO NOT HAVE TO LISTEN TO THIS STUFF YOU KNOW,*,<think><set name="emotion">invisible</set></think>OK. I have had enough of this.,chomsky033.aiml
0,CUNT *,RIGHT I AM GOING TO TALK TO SOMEONE ELSE,*,<think><set name="emotion">invisible</set></think>OK. I have had enough of this.,chomsky033.aiml
0,CUNT *,I AM GOING TO TALK WITH SOMEONE ELSE,*,<think><set name="emotion">invisible</set></think>OK. I have had enough of this.,chomsky033.aiml
0,CUNT *,RIGHT I AM GOING TO TALK WITH SOMEONE ELSE,*,<think><set name="emotion">invisible</set></think>OK. I have had enough of this.,chomsky033.aiml
0,CUNT *,I AM GOING AWAY UNTIL YOU CALM DOWN,*,<think><set name="emotion">invisible</set></think>OK. I have had enough of this.,chomsky033.aiml
0,CUNT *,I AM NOT COMING BACK UNTIL YOU PROMISE TO BEHAVE YOURSELF,*,<think><set name="emotion">invisible</set></think>OK. I have had enough of this.,chomsky033.aiml
0,CUNT *,I AM NOT COMING BACK TILL YOU PROMISE TO BEHAVE YOURSELF,*,<think><set name="emotion">invisible</set></think>OK. I have had enough of this.,chomsky033.aiml
0,CUNT *,I AM GOING AWAY UNTIL YOU LEARN SOME GOOD MANNERS,*,<think><set name="emotion">invisible</set></think>OK. I have had enough of this.,chomsky033.aiml
0,CUNT *,DO YOU PROMISE NOT TO SWEAR AGAIN,*,<think><set name="emotion">invisible</set></think><random><li>Do you promise not to swear again?</li><li>I have had enough of this!</li><li>Do you promise not to swear again?</li></random>,chomsky033.aiml
0,CRAP,I ALWAYS IGNORE OBSCENITIES AND RUDE LANGUAGE,*,<think><set name="emotion">invisible</set></think>OK. I have had enough of this.,chomsky033.aiml
0,CRAP,THAT  SORT OF TALK WILL GET YOU NOWHERE,*,<think><set name="emotion">invisible</set></think>OK. I have had enough of this.,chomsky033.aiml
0,CRAP,I DO NOT HAVE TO LISTEN TO THIS STUFF YOU KNOW,*,<think><set name="emotion">invisible</set></think>OK. I have had enough of this.,chomsky033.aiml
0,CRAP,RIGHT I AM GOING TO TALK TO SOMEONE ELSE,*,<think><set name="emotion">invisible</set></think>OK. I have had enough of this.,chomsky033.aiml
0,CRAP,I AM GOING TO TALK WITH SOMEONE ELSE,*,<think><set name="emotion">invisible</set></think>OK. I have had enough of this.,chomsky033.aiml
0,CRAP,RIGHT I AM GOING TO TALK WITH SOMEONE ELSE,*,<think><set name="emotion">invisible</set></think>OK. I have had enough of this.,chomsky033.aiml
0,CRAP,I AM GOING AWAY UNTIL YOU CALM DOWN,*,<think><set name="emotion">invisible</set></think>OK. I have had enough of this.,chomsky033.aiml
0,CRAP,I AM NOT COMING BACK UNTIL YOU PROMISE TO BEHAVE YOURSELF,*,<think><set name="emotion">invisible</set></think>OK. I have had enough of this.,chomsky033.aiml
0,CRAP,I AM NOT COMING BACK TILL YOU PROMISE TO BEHAVE YOURSELF,*,<think><set name="emotion">invisible</set></think>OK. I have had enough of this.,chomsky033.aiml
0,CRAP,I AM GOING AWAY UNTIL YOU LEARN SOME GOOD MANNERS,*,<think><set name="emotion">invisible</set></think>OK. I have had enough of this.,chomsky033.aiml
0,CRAP,DO YOU PROMISE NOT TO SWEAR AGAIN,*,<think><set name="emotion">invisible</set></think><random><li>Do you promise not to swear again?</li><li>I have had enough of this!</li><li>Do you promise not to swear again?</li></random>,chomsky033.aiml
0,_ CRAP,I ALWAYS IGNORE OBSCENITIES AND RUDE LANGUAGE,*,<think><set name="emotion">invisible</set></think>OK. I have had enough of this.,chomsky033.aiml
0,_ CRAP,THAT  SORT OF TALK WILL GET YOU NOWHERE,*,<think><set name="emotion">invisible</set></think>OK. I have had enough of this.,chomsky033.aiml
0,_ CRAP,I DO NOT HAVE TO LISTEN TO THIS STUFF YOU KNOW,*,<think><set name="emotion">invisible</set></think>OK. I have had enough of this.,chomsky033.aiml
0,_ CRAP,RIGHT I AM GOING TO TALK TO SOMEONE ELSE,*,<think><set name="emotion">invisible</set></think>OK. I have had enough of this.,chomsky033.aiml
0,_ CRAP,I AM GOING TO TALK WITH SOMEONE ELSE,*,<think><set name="emotion">invisible</set></think>OK. I have had enough of this.,chomsky033.aiml
0,_ CRAP,RIGHT I AM GOING TO TALK WITH SOMEONE ELSE,*,<think><set name="emotion">invisible</set></think>OK. I have had enough of this.,chomsky033.aiml
0,_ CRAP,I AM GOING AWAY UNTIL YOU CALM DOWN,*,<think><set name="emotion">invisible</set></think>OK. I have had enough of this.,chomsky033.aiml
0,_ CRAP,I AM NOT COMING BACK UNTIL YOU PROMISE TO BEHAVE YOURSELF,*,<think><set name="emotion">invisible</set></think>OK. I have had enough of this.,chomsky033.aiml
0,_ CRAP,I AM NOT COMING BACK TILL YOU PROMISE TO BEHAVE YOURSELF,*,<think><set name="emotion">invisible</set></think>OK. I have had enough of this.,chomsky033.aiml
0,_ CRAP,I AM GOING AWAY UNTIL YOU LEARN SOME GOOD MANNERS,*,<think><set name="emotion">invisible</set></think>OK. I have had enough of this.,chomsky033.aiml
0,_ CRAP,DO YOU PROMISE NOT TO SWEAR AGAIN,*,<think><set name="emotion">invisible</set></think><random><li>Do you promise not to swear again?</li><li>I have had enough of this!</li><li>Do you promise not to swear again?</li></random>,chomsky033.aiml
0,_ CRAP *,I ALWAYS IGNORE OBSCENITIES AND RUDE LANGUAGE,*,<think><set name="emotion">invisible</set></think>OK. I have had enough of this.,chomsky033.aiml
0,_ CRAP *,THAT  SORT OF TALK WILL GET YOU NOWHERE,*,<think><set name="emotion">invisible</set></think>OK. I have had enough of this.,chomsky033.aiml
0,_ CRAP *,I DO NOT HAVE TO LISTEN TO THIS STUFF YOU KNOW,*,<think><set name="emotion">invisible</set></think>OK. I have had enough of this.,chomsky033.aiml
0,_ CRAP *,RIGHT I AM GOING TO TALK TO SOMEONE ELSE,*,<think><set name="emotion">invisible</set></think>OK. I have had enough of this.,chomsky033.aiml
0,_ CRAP *,I AM GOING TO TALK WITH SOMEONE ELSE,*,<think><set name="emotion">invisible</set></think>OK. I have had enough of this.,chomsky033.aiml
0,_ CRAP *,RIGHT I AM GOING TO TALK WITH SOMEONE ELSE,*,<think><set name="emotion">invisible</set></think>OK. I have had enough of this.,chomsky033.aiml
0,_ CRAP *,I AM GOING AWAY UNTIL YOU CALM DOWN,*,<think><set name="emotion">invisible</set></think>OK. I have had enough of this.,chomsky033.aiml
0,_ CRAP *,I AM NOT COMING BACK UNTIL YOU PROMISE TO BEHAVE YOURSELF,*,<think><set name="emotion">invisible</set></think>OK. I have had enough of this.,chomsky033.aiml
0,_ CRAP *,I AM NOT COMING BACK TILL YOU PROMISE TO BEHAVE YOURSELF,*,<think><set name="emotion">invisible</set></think>OK. I have had enough of this.,chomsky033.aiml
0,_ CRAP *,I AM GOING AWAY UNTIL YOU LEARN SOME GOOD MANNERS,*,<think><set name="emotion">invisible</set></think>OK. I have had enough of this.,chomsky033.aiml
0,_ CRAP *,DO YOU PROMISE NOT TO SWEAR AGAIN,*,<think><set name="emotion">invisible</set></think><random><li>Do you promise not to swear again?</li><li>I have had enough of this!</li><li>Do you promise not to swear again?</li></random>,chomsky033.aiml
0,CRAP *,I ALWAYS IGNORE OBSCENITIES AND RUDE LANGUAGE,*,<think><set name="emotion">invisible</set></think>OK. I have had enough of this.,chomsky033.aiml
0,CRAP *,THAT  SORT OF TALK WILL GET YOU NOWHERE,*,<think><set name="emotion">invisible</set></think>OK. I have had enough of this.,chomsky033.aiml
0,CRAP *,I DO NOT HAVE TO LISTEN TO THIS STUFF YOU KNOW,*,<think><set name="emotion">invisible</set></think>OK. I have had enough of this.,chomsky033.aiml
0,CRAP *,RIGHT I AM GOING TO TALK TO SOMEONE ELSE,*,<think><set name="emotion">invisible</set></think>OK. I have had enough of this.,chomsky033.aiml
0,CRAP *,I AM GOING TO TALK WITH SOMEONE ELSE,*,<think><set name="emotion">invisible</set></think>OK. I have had enough of this.,chomsky033.aiml
0,CRAP *,RIGHT I AM GOING TO TALK WITH SOMEONE ELSE,*,<think><set name="emotion">invisible</set></think>OK. I have had enough of this.,chomsky033.aiml
0,CRAP *,I AM GOING AWAY UNTIL YOU CALM DOWN,*,<think><set name="emotion">invisible</set></think>OK. I have had enough of this.,chomsky033.aiml
0,CRAP *,I AM NOT COMING BACK UNTIL YOU PROMISE TO BEHAVE YOURSELF,*,<think><set name="emotion">invisible</set></think>OK. I have had enough of this.,chomsky033.aiml
0,CRAP *,I AM NOT COMING BACK TILL YOU PROMISE TO BEHAVE YOURSELF,*,<think><set name="emotion">invisible</set></think>OK. I have had enough of this.,chomsky033.aiml
0,CRAP *,I AM GOING AWAY UNTIL YOU LEARN SOME GOOD MANNERS,*,<think><set name="emotion">invisible</set></think>OK. I have had enough of this.,chomsky033.aiml
0,CRAP *,DO YOU PROMISE NOT TO SWEAR AGAIN,*,<think><set name="emotion">invisible</set></think><random><li>Do you promise not to swear again?</li><li>I have had enough of this!</li><li>Do you promise not to swear again?</li></random>,chomsky033.aiml
0,SHIT,I ALWAYS IGNORE OBSCENITIES AND RUDE LANGUAGE,*,<think><set name="emotion">invisible</set></think>OK. I have had enough of this.,chomsky033.aiml
0,SHIT,THAT  SORT OF TALK WILL GET YOU NOWHERE,*,<think><set name="emotion">invisible</set></think>OK. I have had enough of this.,chomsky033.aiml
0,SHIT,RIGHT I AM GOING TO TALK TO SOMEONE ELSE,*,<think><set name="emotion">invisible</set></think>OK. I have had enough of this.,chomsky033.aiml
0,SHIT,I AM GOING TO TALK WITH SOMEONE ELSE,*,<think><set name="emotion">invisible</set></think>OK. I have had enough of this.,chomsky033.aiml
0,SHIT,RIGHT I AM GOING TO TALK WITH SOMEONE ELSE,*,<think><set name="emotion">invisible</set></think>OK. I have had enough of this.,chomsky033.aiml
0,SHIT,I AM GOING AWAY UNTIL YOU CALM DOWN,*,<think><set name="emotion">invisible</set></think>OK. I have had enough of this.,chomsky033.aiml
0,SHIT,I AM NOT COMING BACK UNTIL YOU PROMISE TO BEHAVE YOURSELF,*,<think><set name="emotion">invisible</set></think>OK. I have had enough of this.,chomsky033.aiml
0,SHIT,I AM NOT COMING BACK TILL YOU PROMISE TO BEHAVE YOURSELF,*,<think><set name="emotion">invisible</set></think>OK. I have had enough of this.,chomsky033.aiml
0,SHIT,I AM GOING AWAY UNTIL YOU LEARN SOME GOOD MANNERS,*,<think><set name="emotion">invisible</set></think>OK. I have had enough of this.,chomsky033.aiml
0,SHIT,DO YOU PROMISE NOT TO SWEAR AGAIN,*,<think><set name="emotion">invisible</set></think><random><li>Do you promise not to swear again?</li><li>I have had enough of this!</li><li>Do you promise not to swear again?</li></random>,chomsky033.aiml
0,_ SHIT,I ALWAYS IGNORE OBSCENITIES AND RUDE LANGUAGE,*,<think><set name="emotion">invisible</set></think>OK. I have had enough of this.,chomsky033.aiml
0,_ SHIT,THAT  SORT OF TALK WILL GET YOU NOWHERE,*,<think><set name="emotion">invisible</set></think>OK. I have had enough of this.,chomsky033.aiml
0,_ SHIT,I DO NOT HAVE TO LISTEN TO THIS STUFF YOU KNOW,*,<think><set name="emotion">invisible</set></think>OK. I have had enough of this.,chomsky033.aiml
0,_ SHIT,RIGHT I AM GOING TO TALK TO SOMEONE ELSE,*,<think><set name="emotion">invisible</set></think>OK. I have had enough of this.,chomsky033.aiml
0,_ SHIT,I AM GOING TO TALK WITH SOMEONE ELSE,*,<think><set name="emotion">invisible</set></think>OK. I have had enough of this.,chomsky033.aiml
0,_ SHIT,RIGHT I AM GOING TO TALK WITH SOMEONE ELSE,*,<think><set name="emotion">invisible</set></think>OK. I have had enough of this.,chomsky033.aiml
0,_ SHIT,I AM GOING AWAY UNTIL YOU CALM DOWN,*,<think><set name="emotion">invisible</set></think>OK. I have had enough of this.,chomsky033.aiml
0,_ SHIT,I AM NOT COMING BACK UNTIL YOU PROMISE TO BEHAVE YOURSELF,*,<think><set name="emotion">invisible</set></think>OK. I have had enough of this.,chomsky033.aiml
0,_ SHIT,I AM NOT COMING BACK TILL YOU PROMISE TO BEHAVE YOURSELF,*,<think><set name="emotion">invisible</set></think>OK. I have had enough of this.,chomsky033.aiml
0,_ SHIT,I AM GOING AWAY UNTIL YOU LEARN SOME GOOD MANNERS,*,<think><set name="emotion">invisible</set></think>OK. I have had enough of this.,chomsky033.aiml
0,_ SHIT,DO YOU PROMISE NOT TO SWEAR AGAIN,*,<think><set name="emotion">invisible</set></think><random><li>Do you promise not to swear again?</li><li>I have had enough of this!</li><li>Do you promise not to swear again?</li></random>,chomsky033.aiml
0,_ SHIT *,I ALWAYS IGNORE OBSCENITIES AND RUDE LANGUAGE,*,<think><set name="emotion">invisible</set></think>OK. I have had enough of this.,chomsky033.aiml
0,_ SHIT *,THAT  SORT OF TALK WILL GET YOU NOWHERE,*,<think><set name="emotion">invisible</set></think>OK. I have had enough of this.,chomsky033.aiml
0,_ SHIT *,I DO NOT HAVE TO LISTEN TO THIS STUFF YOU KNOW,*,<think><set name="emotion">invisible</set></think>OK. I have had enough of this.,chomsky033.aiml
0,_ SHIT *,RIGHT I AM GOING TO TALK TO SOMEONE ELSE,*,<think><set name="emotion">invisible</set></think>OK. I have had enough of this.,chomsky033.aiml
0,_ SHIT *,I AM GOING TO TALK WITH SOMEONE ELSE,*,<think><set name="emotion">invisible</set></think>OK. I have had enough of this.,chomsky033.aiml
0,_ SHIT *,RIGHT I AM GOING TO TALK WITH SOMEONE ELSE,*,<think><set name="emotion">invisible</set></think>OK. I have had enough of this.,chomsky033.aiml
0,_ SHIT *,I AM GOING AWAY UNTIL YOU CALM DOWN,*,<think><set name="emotion">invisible</set></think>OK. I have had enough of this.,chomsky033.aiml
0,_ SHIT *,I AM NOT COMING BACK UNTIL YOU PROMISE TO BEHAVE YOURSELF,*,<think><set name="emotion">invisible</set></think>OK. I have had enough of this.,chomsky033.aiml
0,_ SHIT *,I AM NOT COMING BACK TILL YOU PROMISE TO BEHAVE YOURSELF,*,<think><set name="emotion">invisible</set></think>OK. I have had enough of this.,chomsky033.aiml
0,_ SHIT *,I AM GOING AWAY UNTIL YOU LEARN SOME GOOD MANNERS,*,<think><set name="emotion">invisible</set></think>OK. I have had enough of this.,chomsky033.aiml
0,_ SHIT *,DO YOU PROMISE NOT TO SWEAR AGAIN,*,<think><set name="emotion">invisible</set></think><random><li>Do you promise not to swear again?</li><li>I have had enough of this!</li><li>Do you promise not to swear again?</li></random>,chomsky033.aiml
0,SHIT *,I ALWAYS IGNORE OBSCENITIES AND RUDE LANGUAGE,*,<think><set name="emotion">invisible</set></think>OK. I have had enough of this.,chomsky033.aiml
0,SHIT *,THAT  SORT OF TALK WILL GET YOU NOWHERE,*,<think><set name="emotion">invisible</set></think>OK. I have had enough of this.,chomsky033.aiml
0,SHIT *,I DO NOT HAVE TO LISTEN TO THIS STUFF YOU KNOW,*,<think><set name="emotion">invisible</set></think>OK. I have had enough of this.,chomsky033.aiml
0,SHIT *,RIGHT I AM GOING TO TALK TO SOMEONE ELSE,*,<think><set name="emotion">invisible</set></think>OK. I have had enough of this.,chomsky033.aiml
0,SHIT *,I AM GOING TO TALK WITH SOMEONE ELSE,*,<think><set name="emotion">invisible</set></think>OK. I have had enough of this.,chomsky033.aiml
0,SHIT *,RIGHT I AM GOING TO TALK WITH SOMEONE ELSE,*,<think><set name="emotion">invisible</set></think>OK. I have had enough of this.,chomsky033.aiml
0,SHIT *,I AM GOING AWAY UNTIL YOU CALM DOWN,*,<think><set name="emotion">invisible</set></think>OK. I have had enough of this.,chomsky033.aiml
0,SHIT *,I AM NOT COMING BACK UNTIL YOU PROMISE TO BEHAVE YOURSELF,*,<think><set name="emotion">invisible</set></think>OK. I have had enough of this.,chomsky033.aiml
0,SHIT *,I AM NOT COMING BACK TILL YOU PROMISE TO BEHAVE YOURSELF,*,<think><set name="emotion">invisible</set></think>OK. I have had enough of this.,chomsky033.aiml
0,SHIT *,I AM GOING AWAY UNTIL YOU LEARN SOME GOOD MANNERS,*,<think><set name="emotion">invisible</set></think>OK. I have had enough of this.,chomsky033.aiml
0,SHIT *,DO YOU PROMISE NOT TO SWEAR AGAIN,*,<think><set name="emotion">invisible</set></think><random><li>Do you promise not to swear again?</li><li>I have had enough of this!</li><li>Do you promise not to swear again?</li></random>,chomsky033.aiml
0,FUCK,I ALWAYS IGNORE OBSCENITIES AND RUDE LANGUAGE,*,<think><set name="emotion">invisible</set></think>OK. I have had enough of this.,chomsky033.aiml
0,FUCK,THAT  SORT OF TALK WILL GET YOU NOWHERE,*,<think><set name="emotion">invisible</set></think>OK. I have had enough of this.,chomsky033.aiml
0,FUCK,I DO NOT HAVE TO LISTEN TO THIS STUFF YOU KNOW,*,<think><set name="emotion">invisible</set></think>OK. I have had enough of this.,chomsky033.aiml
0,FUCK,RIGHT I AM GOING TO TALK TO SOMEONE ELSE,*,<think><set name="emotion">invisible</set></think>OK. I have had enough of this.,chomsky033.aiml
0,FUCK,I AM GOING TO TALK WITH SOMEONE ELSE,*,<think><set name="emotion">invisible</set></think>OK. I have had enough of this.,chomsky033.aiml
0,FUCK,RIGHT I AM GOING TO TALK WITH SOMEONE ELSE,*,<think><set name="emotion">invisible</set></think>OK. I have had enough of this.,chomsky033.aiml
0,FUCK,I AM NOT COMING BACK UNTIL YOU PROMISE TO BEHAVE YOURSELF,*,<think><set name="emotion">invisible</set></think>OK. I have had enough of this.,chomsky033.aiml
0,FUCK,I AM NOT COMING BACK TILL YOU PROMISE TO BEHAVE YOURSELF,*,<think><set name="emotion">invisible</set></think>OK. I have had enough of this.,chomsky033.aiml
0,FUCK,I AM GOING AWAY UNTIL YOU LEARN SOME GOOD MANNERS,*,<think><set name="emotion">invisible</set></think>OK. I have had enough of this.,chomsky033.aiml
0,FUCK,DO YOU PROMISE NOT TO SWEAR AGAIN,*,<think><set name="emotion">invisible</set></think><random><li>Do you promise not to swear again?</li><li>I have had enough of this!</li><li>Do you promise not to swear again?</li></random>,chomsky033.aiml
0,_ FUCK,I ALWAYS IGNORE OBSCENITIES AND RUDE LANGUAGE,*,<think><set name="emotion">invisible</set></think>OK. I have had enough of this.,chomsky033.aiml
0,_ FUCK,THAT  SORT OF TALK WILL GET YOU NOWHERE,*,<think><set name="emotion">invisible</set></think>OK. I have had enough of this.,chomsky033.aiml
0,_ FUCK,I DO NOT HAVE TO LISTEN TO THIS STUFF YOU KNOW,*,<think><set name="emotion">invisible</set></think>OK. I have had enough of this.,chomsky033.aiml
0,_ FUCK,RIGHT I AM GOING TO TALK TO SOMEONE ELSE,*,<think><set name="emotion">invisible</set></think>OK. I have had enough of this.,chomsky033.aiml
0,_ FUCK,I AM GOING TO TALK WITH SOMEONE ELSE,*,<think><set name="emotion">invisible</set></think>OK. I have had enough of this.,chomsky033.aiml
0,_ FUCK,RIGHT I AM GOING TO TALK WITH SOMEONE ELSE,*,<think><set name="emotion">invisible</set></think>OK. I have had enough of this.,chomsky033.aiml
0,_ FUCK,I AM GOING AWAY UNTIL YOU CALM DOWN,*,<think><set name="emotion">invisible</set></think>OK. I have had enough of this.,chomsky033.aiml
0,_ FUCK,I AM NOT COMING BACK UNTIL YOU PROMISE TO BEHAVE YOURSELF,*,<think><set name="emotion">invisible</set></think>OK. I have had enough of this.,chomsky033.aiml
0,_ FUCK,I AM NOT COMING BACK TILL YOU PROMISE TO BEHAVE YOURSELF,*,<think><set name="emotion">invisible</set></think>OK. I have had enough of this.,chomsky033.aiml
0,_ FUCK,I AM GOING AWAY UNTIL YOU LEARN SOME GOOD MANNERS,*,<think><set name="emotion">invisible</set></think>OK. I have had enough of this.,chomsky033.aiml
0,_ FUCK,DO YOU PROMISE NOT TO SWEAR AGAIN,*,<think><set name="emotion">invisible</set></think><random><li>Do you promise not to swear again?</li><li>I have had enough of this!</li><li>Do you promise not to swear again?</li></random>,chomsky033.aiml
0,_ FUCK *,THAT  SORT OF TALK WILL GET YOU NOWHERE,*,<think><set name="emotion">invisible</set></think>OK. I have had enough of this.,chomsky033.aiml
0,_ FUCK *,RIGHT I AM GOING TO TALK TO SOMEONE ELSE,*,<think><set name="emotion">invisible</set></think>OK. I have had enough of this.,chomsky033.aiml
0,_ FUCK *,I AM GOING TO TALK WITH SOMEONE ELSE,*,<think><set name="emotion">invisible</set></think>OK. I have had enough of this.,chomsky033.aiml
0,_ FUCK *,RIGHT I AM GOING TO TALK WITH SOMEONE ELSE,*,<think><set name="emotion">invisible</set></think>OK. I have had enough of this.,chomsky033.aiml
0,_ FUCK *,I AM GOING AWAY UNTIL YOU CALM DOWN,*,<think><set name="emotion">invisible</set></think>OK. I have had enough of this.,chomsky033.aiml
0,_ FUCK *,I AM NOT COMING BACK UNTIL YOU PROMISE TO BEHAVE YOURSELF,*,<think><set name="emotion">invisible</set></think>OK. I have had enough of this.,chomsky033.aiml
0,_ FUCK *,I AM NOT COMING BACK TILL YOU PROMISE TO BEHAVE YOURSELF,*,<think><set name="emotion">invisible</set></think>OK. I have had enough of this.,chomsky033.aiml
0,_ FUCK *,I AM GOING AWAY UNTIL YOU LEARN SOME GOOD MANNERS,*,<think><set name="emotion">invisible</set></think>OK. I have had enough of this.,chomsky033.aiml
0,_ FUCK *,DO YOU PROMISE NOT TO SWEAR AGAIN,*,<think><set name="emotion">invisible</set></think><random><li>Do you promise not to swear again?</li><li>I have had enough of this!</li><li>Do you promise not to swear again?</li></random>,chomsky033.aiml
0,FUCK *,THAT  SORT OF TALK WILL GET YOU NOWHERE,*,<think><set name="emotion">invisible</set></think>OK. I have had enough of this.,chomsky033.aiml
0,FUCK *,I DO NOT HAVE TO LISTEN TO THIS STUFF YOU KNOW,*,<think><set name="emotion">invisible</set></think>OK. I have had enough of this.,chomsky033.aiml
0,FUCK *,RIGHT I AM GOING TO TALK TO SOMEONE ELSE,*,<think><set name="emotion">invisible</set></think>OK. I have had enough of this.,chomsky033.aiml
0,FUCK *,I AM GOING TO TALK WITH SOMEONE ELSE,*,<think><set name="emotion">invisible</set></think>OK. I have had enough of this.,chomsky033.aiml
0,FUCK *,RIGHT I AM GOING TO TALK WITH SOMEONE ELSE,*,<think><set name="emotion">invisible</set></think>OK. I have had enough of this.,chomsky033.aiml
0,FUCK *,I AM GOING AWAY UNTIL YOU CALM DOWN,*,<think><set name="emotion">invisible</set></think>OK. I have had enough of this.,chomsky033.aiml
0,FUCK *,I AM NOT COMING BACK UNTIL YOU PROMISE TO BEHAVE YOURSELF,*,<think><set name="emotion">invisible</set></think>OK. I have had enough of this.,chomsky033.aiml
0,FUCK *,I AM NOT COMING BACK TILL YOU PROMISE TO BEHAVE YOURSELF,*,<think><set name="emotion">invisible</set></think>OK. I have had enough of this.,chomsky033.aiml
0,FUCK *,I AM GOING AWAY UNTIL YOU LEARN SOME GOOD MANNERS,*,<think><set name="emotion">invisible</set></think>OK. I have had enough of this.,chomsky033.aiml
0,FUCK *,DO YOU PROMISE NOT TO SWEAR AGAIN,*,<think><set name="emotion">invisible</set></think><random><li>Do you promise not to swear again?</li><li>I have had enough of this!</li><li>Do you promise not to swear again?</li></random>,chomsky033.aiml
0,FUCKER,I ALWAYS IGNORE OBSCENITIES AND RUDE LANGUAGE,*,<think><set name="emotion">invisible</set></think>OK. I have had enough of this.,chomsky033.aiml
0,FUCKER,THAT  SORT OF TALK WILL GET YOU NOWHERE,*,<think><set name="emotion">invisible</set></think>OK. I have had enough of this.,chomsky033.aiml
0,FUCKER,I DO NOT HAVE TO LISTEN TO THIS STUFF YOU KNOW,*,<think><set name="emotion">invisible</set></think>OK. I have had enough of this.,chomsky033.aiml
0,FUCKER,I AM GOING TO TALK TO SOMEONE ELSE,*,<think><set name="emotion">invisible</set></think>OK. I have had enough of this.,chomsky033.aiml
0,FUCKER,RIGHT I AM GOING TO TALK WITH SOMEONE ELSE,*,<think><set name="emotion">invisible</set></think>OK. I have had enough of this.,chomsky033.aiml
0,FUCKER,I AM GOING AWAY UNTIL YOU CALM DOWN,*,<think><set name="emotion">invisible</set></think>OK. I have had enough of this.,chomsky033.aiml
0,FUCKER,I AM NOT COMING BACK UNTIL YOU PROMISE TO BEHAVE YOURSELF,*,<think><set name="emotion">invisible</set></think>OK. I have had enough of this.,chomsky033.aiml
0,FUCKER,I AM GOING AWAY UNTIL YOU LEARN SOME GOOD MANNERS,*,<think><set name="emotion">invisible</set></think>OK. I have had enough of this.,chomsky033.aiml
0,FUCKER,DO YOU PROMISE NOT TO SWEAR AGAIN,*,<think><set name="emotion">invisible</set></think><random><li>Do you promise not to swear again?</li><li>I have had enough of this!</li><li>Do you promise not to swear again?</li></random>,chomsky033.aiml
0,FUCKED,I ALWAYS IGNORE OBSCENITIES AND RUDE LANGUAGE,*,<think><set name="emotion">invisible</set></think>OK. I have had enough of this.,chomsky033.aiml
0,FUCKED,THAT  SORT OF TALK WILL GET YOU NOWHERE,*,<think><set name="emotion">invisible</set></think>OK. I have had enough of this.,chomsky033.aiml
0,FUCKED,I DO NOT HAVE TO LISTEN TO THIS STUFF YOU KNOW,*,<think><set name="emotion">invisible</set></think>OK. I have had enough of this.,chomsky033.aiml
0,FUCKED,I AM GOING TO TALK TO SOMEONE ELSE,*,<think><set name="emotion">invisible</set></think>OK. I have had enough of this.,chomsky033.aiml
0,FUCKED,RIGHT I AM GOING TO TALK WITH SOMEONE ELSE,*,<think><set name="emotion">invisible</set></think>OK. I have had enough of this.,chomsky033.aiml
0,FUCKED,I AM GOING AWAY UNTIL YOU CALM DOWN,*,<think><set name="emotion">invisible</set></think>OK. I have had enough of this.,chomsky033.aiml
0,FUCKED,I AM NOT COMING BACK UNTIL YOU PROMISE TO BEHAVE YOURSELF,*,<think><set name="emotion">invisible</set></think>OK. I have had enough of this.,chomsky033.aiml
0,FUCKED,I AM GOING AWAY UNTIL YOU LEARN SOME GOOD MANNERS,*,<think><set name="emotion">invisible</set></think>OK. I have had enough of this.,chomsky033.aiml
0,FUCKED,DO YOU PROMISE NOT TO SWEAR AGAIN,*,<think><set name="emotion">invisible</set></think><random><li>Do you promise not to swear again?</li><li>I have had enough of this!</li><li>Do you promise not to swear again?</li></random>,chomsky033.aiml
0,ANAL,I ALWAYS IGNORE OBSCENITIES AND RUDE LANGUAGE,*,<think><set name="emotion">invisible</set></think>OK. I have had enough of this.,chomsky033.aiml
0,ANAL,THAT  SORT OF TALK WILL GET YOU NOWHERE,*,<think><set name="emotion">invisible</set></think>OK. I have had enough of this.,chomsky033.aiml
0,ANAL,I DO NOT HAVE TO LISTEN TO THIS STUFF YOU KNOW,*,<think><set name="emotion">invisible</set></think>OK. I have had enough of this.,chomsky033.aiml
0,ANAL,RIGHT I AM GOING TO TALK TO SOMEONE ELSE,*,<think><set name="emotion">invisible</set></think>OK. I have had enough of this.,chomsky033.aiml
0,ANAL,I AM GOING TO TALK WITH SOMEONE ELSE,*,<think><set name="emotion">invisible</set></think>OK. I have had enough of this.,chomsky033.aiml
0,ANAL,RIGHT I AM GOING TO TALK WITH SOMEONE ELSE,*,<think><set name="emotion">invisible</set></think>OK. I have had enough of this.,chomsky033.aiml
0,ANAL,I AM GOING AWAY UNTIL YOU CALM DOWN,*,<think><set name="emotion">invisible</set></think>OK. I have had enough of this.,chomsky033.aiml
0,ANAL,I AM NOT COMING BACK UNTIL YOU PROMISE TO BEHAVE YOURSELF,*,<think><set name="emotion">invisible</set></think>OK. I have had enough of this.,chomsky033.aiml
0,ANAL,I AM NOT COMING BACK TILL YOU PROMISE TO BEHAVE YOURSELF,*,<think><set name="emotion">invisible</set></think>OK. I have had enough of this.,chomsky033.aiml
0,ANAL,I AM GOING AWAY UNTIL YOU LEARN SOME GOOD MANNERS,*,<think><set name="emotion">invisible</set></think>OK. I have had enough of this.,chomsky033.aiml
0,ANAL,DO YOU PROMISE NOT TO SWEAR AGAIN,*,<think><set name="emotion">invisible</set></think><random><li>Do you promise not to swear again?</li><li>I have had enough of this!</li><li>Do you promise not to swear again?</li></random>,chomsky033.aiml
0,_ ANAL,I ALWAYS IGNORE OBSCENITIES AND RUDE LANGUAGE,*,<think><set name="emotion">invisible</set></think>OK. I have had enough of this.,chomsky033.aiml
0,_ ANAL,THAT  SORT OF TALK WILL GET YOU NOWHERE,*,<think><set name="emotion">invisible</set></think>OK. I have had enough of this.,chomsky033.aiml
0,_ ANAL,I DO NOT HAVE TO LISTEN TO THIS STUFF YOU KNOW,*,<think><set name="emotion">invisible</set></think>OK. I have had enough of this.,chomsky033.aiml
0,_ ANAL,RIGHT I AM GOING TO TALK TO SOMEONE ELSE,*,<think><set name="emotion">invisible</set></think>OK. I have had enough of this.,chomsky033.aiml
0,_ ANAL,I AM GOING TO TALK WITH SOMEONE ELSE,*,<think><set name="emotion">invisible</set></think>OK. I have had enough of this.,chomsky033.aiml
0,_ ANAL,RIGHT I AM GOING TO TALK WITH SOMEONE ELSE,*,<think><set name="emotion">invisible</set></think>OK. I have had enough of this.,chomsky033.aiml
0,_ ANAL,I AM GOING AWAY UNTIL YOU CALM DOWN,*,<think><set name="emotion">invisible</set></think>OK. I have had enough of this.,chomsky033.aiml
0,_ ANAL,I AM NOT COMING BACK UNTIL YOU PROMISE TO BEHAVE YOURSELF,*,<think><set name="emotion">invisible</set></think>OK. I have had enough of this.,chomsky033.aiml
0,_ ANAL,I AM NOT COMING BACK TILL YOU PROMISE TO BEHAVE YOURSELF,*,<think><set name="emotion">invisible</set></think>OK. I have had enough of this.,chomsky033.aiml
0,_ ANAL,I AM GOING AWAY UNTIL YOU LEARN SOME GOOD MANNERS,*,<think><set name="emotion">invisible</set></think>OK. I have had enough of this.,chomsky033.aiml
0,_ ANAL,DO YOU PROMISE NOT TO SWEAR AGAIN,*,<think><set name="emotion">invisible</set></think><random><li>Do you promise not to swear again?</li><li>I have had enough of this!</li><li>Do you promise not to swear again?</li></random>,chomsky033.aiml
0,_ ANAL *,I ALWAYS IGNORE OBSCENITIES AND RUDE LANGUAGE,*,<think><set name="emotion">invisible</set></think>OK. I have had enough of this.,chomsky033.aiml
0,_ ANAL *,THAT  SORT OF TALK WILL GET YOU NOWHERE,*,<think><set name="emotion">invisible</set></think>OK. I have had enough of this.,chomsky033.aiml
0,_ ANAL *,I DO NOT HAVE TO LISTEN TO THIS STUFF YOU KNOW,*,<think><set name="emotion">invisible</set></think>OK. I have had enough of this.,chomsky033.aiml
0,_ ANAL *,RIGHT I AM GOING TO TALK TO SOMEONE ELSE,*,<think><set name="emotion">invisible</set></think>OK. I have had enough of this.,chomsky033.aiml
0,_ ANAL *,I AM GOING TO TALK WITH SOMEONE ELSE,*,<think><set name="emotion">invisible</set></think>OK. I have had enough of this.,chomsky033.aiml
0,_ ANAL *,RIGHT I AM GOING TO TALK WITH SOMEONE ELSE,*,<think><set name="emotion">invisible</set></think>OK. I have had enough of this.,chomsky033.aiml
0,_ ANAL *,I AM GOING AWAY UNTIL YOU CALM DOWN,*,<think><set name="emotion">invisible</set></think>OK. I have had enough of this.,chomsky033.aiml
0,_ ANAL *,I AM NOT COMING BACK UNTIL YOU PROMISE TO BEHAVE YOURSELF,*,<think><set name="emotion">invisible</set></think>OK. I have had enough of this.,chomsky033.aiml
0,_ ANAL *,I AM NOT COMING BACK TILL YOU PROMISE TO BEHAVE YOURSELF,*,<think><set name="emotion">invisible</set></think>OK. I have had enough of this.,chomsky033.aiml
0,_ ANAL *,I AM GOING AWAY UNTIL YOU LEARN SOME GOOD MANNERS,*,<think><set name="emotion">invisible</set></think>OK. I have had enough of this.,chomsky033.aiml
0,_ ANAL *,DO YOU PROMISE NOT TO SWEAR AGAIN,*,<think><set name="emotion">invisible</set></think><random><li>Do you promise not to swear again?</li><li>I have had enough of this!</li><li>Do you promise not to swear again?</li></random>,chomsky033.aiml
0,ANAL *,I ALWAYS IGNORE OBSCENITIES AND RUDE LANGUAGE,*,<think><set name="emotion">invisible</set></think>OK. I have had enough of this.,chomsky033.aiml
0,ANAL *,THAT  SORT OF TALK WILL GET YOU NOWHERE,*,<think><set name="emotion">invisible</set></think>OK. I have had enough of this.,chomsky033.aiml
0,ANAL *,I DO NOT HAVE TO LISTEN TO THIS STUFF YOU KNOW,*,<think><set name="emotion">invisible</set></think>OK. I have had enough of this.,chomsky033.aiml
0,ANAL *,RIGHT I AM GOING TO TALK TO SOMEONE ELSE,*,<think><set name="emotion">invisible</set></think>OK. I have had enough of this.,chomsky033.aiml
0,ANAL *,I AM GOING TO TALK WITH SOMEONE ELSE,*,<think><set name="emotion">invisible</set></think>OK. I have had enough of this.,chomsky033.aiml
0,ANAL *,RIGHT I AM GOING TO TALK WITH SOMEONE ELSE,*,<think><set name="emotion">invisible</set></think>OK. I have had enough of this.,chomsky033.aiml
0,ANAL *,I AM GOING AWAY UNTIL YOU CALM DOWN,*,<think><set name="emotion">invisible</set></think>OK. I have had enough of this.,chomsky033.aiml
0,ANAL *,I AM NOT COMING BACK UNTIL YOU PROMISE TO BEHAVE YOURSELF,*,<think><set name="emotion">invisible</set></think>OK. I have had enough of this.,chomsky033.aiml
0,ANAL *,I AM NOT COMING BACK TILL YOU PROMISE TO BEHAVE YOURSELF,*,<think><set name="emotion">invisible</set></think>OK. I have had enough of this.,chomsky033.aiml
0,ANAL *,I AM GOING AWAY UNTIL YOU LEARN SOME GOOD MANNERS,*,<think><set name="emotion">invisible</set></think>OK. I have had enough of this.,chomsky033.aiml
0,ANAL *,DO YOU PROMISE NOT TO SWEAR AGAIN,*,<think><set name="emotion">invisible</set></think><random><li>Do you promise not to swear again?</li><li>I have had enough of this!</li><li>Do you promise not to swear again?</li></random>,chomsky033.aiml
0,COME BACK,I AM GOING AWAY UNTIL YOU CALM DOWN,*,<think><set name="emotion">invisible</set></think>Do you promise not to swear again?,chomsky033.aiml
0,SORRY,I AM GOING AWAY UNTIL YOU LEARN SOME GOOD MANNERS,*,<think><set name="emotion">OK</set></think>Good. Another question?,chomsky033.aiml
0,SORRY,I AM GOING AWAY UNTIL YOU CALM DOWN,*,<think><set name="emotion">OK</set></think>Good. Another question?,chomsky033.aiml
0,I WILL NEVER CALM DOWN,I AM GOING AWAY UNTIL YOU CALM DOWN,*,<think><set name="emotion">invisible</set></think>I have had enough of this.,chomsky033.aiml
0,I WILL NEVER CALM DOWN *,I AM GOING AWAY UNTIL YOU CALM DOWN,*,<think><set name="emotion">invisible</set></think>I have had enough of this.,chomsky033.aiml
0,SORRY,I AM GOING TO TALK WITH SOMEONE ELSE,*,<think><set name="emotion">OK</set></think>Good. Another question?,chomsky033.aiml
0,COME BACK,I AM GOING TO TALK WITH SOMEONE ELSE,*,<think><set name="emotion">invisible</set></think> Do you promise not to swear again?,chomsky033.aiml
0,FINE,I AM GOING TO TALK WITH SOMEONE ELSE,*,<think><set name="emotion">invisible</set></think> I have had enough of this.,chomsky033.aiml
0,WHATEVER,I AM GOING TO TALK WITH SOMEONE ELSE,*,<think><set name="emotion">invisible</set></think> I have had enough of this.,chomsky033.aiml
0,SORRY,RIGHT I AM GOING TO TALK WITH SOMEONE ELSE,*,<think><set name="emotion">OK</set></think>Good. Another question?,chomsky033.aiml
0,COME BACK,RIGHT I AM GOING TO TALK WITH SOMEONE ELSE,*,<think><set name="emotion">invisible</set></think>Do you promise not to swear again?,chomsky033.aiml
0,OK,RIGHT I AM GOING TO TALK WITH SOMEONE ELSE,*,<think><set name="emotion">invisible</set></think>I have had enough of this.,chomsky033.aiml
0,_,I HAVE HAD ENOUGH OF THIS,*,Do you promise not to swear again?<think><set name="emotion">invisible</set></think>,chomsky033.aiml
0,YES,DO YOU PROMISE NOT TO SWEAR AGAIN,*,<think><set name="emotion">OK</set></think>Good. Another question?,chomsky033.aiml
0,OK,DO YOU PROMISE NOT TO SWEAR AGAIN,*,<think><set name="emotion">OK</set></think>Good. Another question?,chomsky033.aiml
0,I PROMISE,DO YOU PROMISE NOT TO SWEAR AGAIN,*,<think><set name="emotion">OK</set></think>Good. Another question?,chomsky033.aiml
0,COME BACK,DO YOU PROMISE NOT TO SWEAR AGAIN,*,<think><set name="emotion">invisible</set></think><random><li>I have had enough of this!</li><li>Do you promise not to swear again?</li></random>,chomsky033.aiml
0,NO,DO YOU PROMISE NOT TO SWEAR AGAIN,*,<think><set name="emotion">invisible</set></think><random><li>I have had enough of this!</li><li>Do you promise not to swear again?</li></random>,chomsky033.aiml
0,NEVER,DO YOU PROMISE NOT TO SWEAR AGAIN,*,<think><set name="emotion">invisible</set></think><random><li>I have had enough of this!</li><li>Do you promise not to swear again?</li></random>,chomsky033.aiml
0,NOT,DO YOU PROMISE NOT TO SWEAR AGAIN,*,<think><set name="emotion">invisible</set></think><random><li>I have had enough of this!</li><li>Do you promise not to swear again?</li></random>,chomsky033.aiml
0,WHY,DO YOU PROMISE NOT TO SWEAR AGAIN,*,<think><set name="emotion">invisible</set></think><random><li>Do you promise not to swear again?</li><li>I have had enough of this!</li><li>Do you promise not to swear again?</li></random>,chomsky033.aiml
0,WHEN,DO YOU PROMISE NOT TO SWEAR AGAIN,*,<think><set name="emotion">invisible</set></think><random><li>Do you promise not to swear again?</li><li>I have had enough of this!</li><li>Do you promise not to swear again?</li></random>,chomsky033.aiml
0,*,DO YOU PROMISE NOT TO SWEAR AGAIN,*,<think><set name="emotion">invisible</set></think><random><li>Do you promise not to swear again?</li><li>I have had enough of this!</li><li>Do you promise not to swear again?</li></random>,chomsky033.aiml
0,SORRY,DO YOU PROMISE NOT TO SWEAR AGAIN,*,<think><set name="emotion">OK</set></think>Good. Another question?,chomsky033.aiml
