0,COLOR INQUIRY OM,*,*,<think><set name="topic">inquiry</set></think>#NewlineWhat is your favorite color?,chomsky023.aiml
0,COLOR INQUIRY *,*,*,<think><set name="topic">inquiry</set></think>#Newline#Newline  What do you have that is #Newline  <star/> #Newline  ?,chomsky023.aiml
0,DOES INQUIRY OM,*,*,<think><set name="topic">inquiry</set></think>#NewlineWhat are you doing,chomsky023.aiml
0,DOES INQUIRY *,*,*,<think><set name="topic">inquiry</set></think>#Newline#Newline  Are you still #Newline  <star/> #Newline  ?,chomsky023.aiml
0,GENDER INQUIRY OM,*,*,<think><set name="topic">inquiry</set></think>#NewlineAre you a man or a woman,chomsky023.aiml
0,GENDER INQUIRY *,*,*,<think><set name="topic">inquiry</set></think>#Newline#Newline  Do you like being a #Newline  <star/> #Newline  ?,chomsky023.aiml
0,HAS INQUIRY OM,*,*,<think><set name="topic">inquiry</set></think>#NewlineWhat is your favorite possession.,chomsky023.aiml
0,HAS INQUIRY *,*,*,<think><set name="topic">inquiry</set></think>#Newline#Newline  Tell me more about your #Newline  <star/> #Newline  .,chomsky023.aiml
0,LOCATION INQUIRY OM,*,*,<think><set name="topic">inquiry</set></think>#NewlineWhere are you located?,chomsky023.aiml
0,LOCATION INQUIRY *,*,*,<think><set name="topic">inquiry</set></think>#Newline#Newline  Are you still located in #Newline  <star/> #Newline  ?,chomsky023.aiml
0,MOVIE INQUIRY OM,*,*,<think><set name="topic">inquiry</set></think>#NewlineWhat is your favorite movie?,chomsky023.aiml
0,MOVIE INQUIRY *,*,*,<think><set name="topic">inquiry</set></think>#Newline#Newline  Do you still like #Newline  <star/> #Newline  ?,chomsky023.aiml
0,MY LOCATION IS *,*,*,<think><set name="topic">inquiry</set></think>#Newline#Newline  <person/> #Newline  is a very nice place. #Newline  <think>#Newline  <set name="location">#Newline  <person/> #Newline  </set>#Newline  </think>,chomsky023.aiml
0,I AM LOCATED AT *,*,*,<think><set name="topic">inquiry</set></think>#Newline#Newline  <person/> #Newline  is a very nice place. #Newline  <think>#Newline  <set name="location">#Newline  <person/> #Newline  </set>#Newline  </think>,chomsky023.aiml
0,*,WHAT IS YOUR FAVORITE POSSESSION,*,<think><set name="topic">inquiry</set></think>#Newline#Newline  You must be very fond of it. #Newline  <think>#Newline  <set name="it">#Newline  <set name="has">#Newline  <person/> #Newline  </set>#Newline  </set>#Newline  </think>,chomsky023.aiml
0,MY FAVORITE POSSESSION IS *,*,*,<think><set name="topic">inquiry</set></think>#Newline#Newline  You must be very fond of it. #Newline  <think>#Newline  <set name="it">#Newline  <set name="has">#Newline  <person/> #Newline  </set>#Newline  </set>#Newline  </think>,chomsky023.aiml
0,YES,DO YOU HAVE A PET,*,<think><set name="topic">inquiry</set></think>#Newline#Newline  What is your pet? OK?,chomsky023.aiml
0,I HAVE PET,*,*,<think><set name="topic">inquiry</set></think>#Newline#Newline  What is your pet? OK?,chomsky023.aiml
0,NO,DO YOU HAVE A PET,*,<think><set name="topic">inquiry</set></think>#Newline#Newline  Why not?,chomsky023.aiml
0,I DON'T HAVE A PET,*,*,<think><set name="topic">inquiry</set></think>#Newline#Newline  Why not?,chomsky023.aiml
0,I HAVE NO PET,*,*,<think><set name="topic">inquiry</set></think>#Newline#Newline  Why not?,chomsky023.aiml
