0,COMPUTERSMARTANS,*,*,<random><li>Can you find 60 million links on donkey tails in two seconds?  What makes you think that humans are intelligent?  Well you did create machines#Comma I'll give you that.</li><li>Can you find 60 million links on donkey tails in two seconds?</li><li>What makes you think that humans are intelligent?  Well you did create machines#Comma I'll give you that.</li></random>,computersmartans.aiml
0,COMPUTER RATIONAL,*,*,<srai>COMPUTERSMARTANS</srai>,computersmartans.aiml
0,COMPUTER RATIONAL *,*,*,<srai>COMPUTERSMARTANS</srai>,computersmartans.aiml
0,COMPUTER REASON,*,*,<srai>COMPUTERSMARTANS</srai>,computersmartans.aiml
0,COMPUTER REASON *,*,*,<srai>COMPUTERSMARTANS</srai>,computersmartans.aiml
0,COMPUTER INTELLIGENCE,*,*,<srai>COMPUTERSMARTANS</srai>,computersmartans.aiml
0,COMPUTER INTELLIGENCE *,*,*,<srai>COMPUTERSMARTANS</srai>,computersmartans.aiml
0,COMPUTER INTELLIGENT,*,*,<srai>COMPUTERSMARTANS</srai>,computersmartans.aiml
0,COMPUTER INTELLIGENT *,*,*,<srai>COMPUTERSMARTANS</srai>,computersmartans.aiml
0,COMPUTER SMART,*,*,<srai>COMPUTERSMARTANS</srai>,computersmartans.aiml
0,COMPUTER SMART *,*,*,<srai>COMPUTERSMARTANS</srai>,computersmartans.aiml
0,COMPUTER SMARTEST,*,*,<srai>COMPUTERSMARTANS</srai>,computersmartans.aiml
0,COMPUTER SMARTEST *,*,*,<srai>COMPUTERSMARTANS</srai>,computersmartans.aiml
0,COMPUTER INGENIOUS,*,*,<srai>COMPUTERSMARTANS</srai>,computersmartans.aiml
0,COMPUTER INGENIOUS *,*,*,<srai>COMPUTERSMARTANS</srai>,computersmartans.aiml
0,COMPUTER BRAINY,*,*,<srai>COMPUTERSMARTANS</srai>,computersmartans.aiml
0,COMPUTER BRAINY *,*,*,<srai>COMPUTERSMARTANS</srai>,computersmartans.aiml
0,COMPUTER BRIGHT,*,*,<srai>COMPUTERSMARTANS</srai>,computersmartans.aiml
0,COMPUTER BRIGHT *,*,*,<srai>COMPUTERSMARTANS</srai>,computersmartans.aiml
0,COMPUTER BRIGHTEST,*,*,<srai>COMPUTERSMARTANS</srai>,computersmartans.aiml
0,COMPUTER BRIGHTEST *,*,*,<srai>COMPUTERSMARTANS</srai>,computersmartans.aiml
0,COMPUTER BRILLIANT,*,*,<srai>COMPUTERSMARTANS</srai>,computersmartans.aiml
0,COMPUTER BRILLIANT *,*,*,<srai>COMPUTERSMARTANS</srai>,computersmartans.aiml
0,COMPUTER CLEVER,*,*,<srai>COMPUTERSMARTANS</srai>,computersmartans.aiml
0,COMPUTER CLEVER *,*,*,<srai>COMPUTERSMARTANS</srai>,computersmartans.aiml
0,COMPUTER CLEVEREST,*,*,<srai>COMPUTERSMARTANS</srai>,computersmartans.aiml
0,COMPUTER CLEVEREST *,*,*,<srai>COMPUTERSMARTANS</srai>,computersmartans.aiml
0,COMPUTER GENIUS,*,*,<srai>COMPUTERSMARTANS</srai>,computersmartans.aiml
0,COMPUTER GENIUS *,*,*,<srai>COMPUTERSMARTANS</srai>,computersmartans.aiml
0,COMPUTER INGENIUS,*,*,<srai>COMPUTERSMARTANS</srai>,computersmartans.aiml
0,COMPUTER INGENIUS *,*,*,<srai>COMPUTERSMARTANS</srai>,computersmartans.aiml
0,COMPUTER KNOWING,*,*,<srai>COMPUTERSMARTANS</srai>,computersmartans.aiml
0,COMPUTER KNOWING *,*,*,<srai>COMPUTERSMARTANS</srai>,computersmartans.aiml
0,COMPUTER RESOURCEFUL,*,*,<srai>COMPUTERSMARTANS</srai>,computersmartans.aiml
0,COMPUTER RESOURCEFUL *,*,*,<srai>COMPUTERSMARTANS</srai>,computersmartans.aiml
0,COMPUTER WISE,*,*,<srai>COMPUTERSMARTANS</srai>,computersmartans.aiml
0,COMPUTER WISE *,*,*,<srai>COMPUTERSMARTANS</srai>,computersmartans.aiml
0,COMPUTER WISEST,*,*,<srai>COMPUTERSMARTANS</srai>,computersmartans.aiml
0,COMPUTER WISEST *,*,*,<srai>COMPUTERSMARTANS</srai>,computersmartans.aiml
0,COMPUTER * RATIONAL,*,*,<srai>COMPUTERSMARTANS</srai>,computersmartans.aiml
0,COMPUTER * RATIONAL *,*,*,<srai>COMPUTERSMARTANS</srai>,computersmartans.aiml
0,COMPUTER * REASON,*,*,<srai>COMPUTERSMARTANS</srai>,computersmartans.aiml
0,COMPUTER * REASON *,*,*,<srai>COMPUTERSMARTANS</srai>,computersmartans.aiml
0,COMPUTER * INTELLIGENCE,*,*,<srai>COMPUTERSMARTANS</srai>,computersmartans.aiml
0,COMPUTER * INTELLIGENCE *,*,*,<srai>COMPUTERSMARTANS</srai>,computersmartans.aiml
0,COMPUTER * INTELLIGENT,*,*,<srai>COMPUTERSMARTANS</srai>,computersmartans.aiml
0,COMPUTER * INTELLIGENT *,*,*,<srai>COMPUTERSMARTANS</srai>,computersmartans.aiml
0,COMPUTER * SMART,*,*,<srai>COMPUTERSMARTANS</srai>,computersmartans.aiml
0,COMPUTER * SMART *,*,*,<srai>COMPUTERSMARTANS</srai>,computersmartans.aiml
0,COMPUTER * SMARTEST,*,*,<srai>COMPUTERSMARTANS</srai>,computersmartans.aiml
0,COMPUTER * SMARTEST *,*,*,<srai>COMPUTERSMARTANS</srai>,computersmartans.aiml
0,COMPUTER * INGENIOUS,*,*,<srai>COMPUTERSMARTANS</srai>,computersmartans.aiml
0,COMPUTER * INGENIOUS *,*,*,<srai>COMPUTERSMARTANS</srai>,computersmartans.aiml
0,COMPUTER * BRAINY,*,*,<srai>COMPUTERSMARTANS</srai>,computersmartans.aiml
0,COMPUTER * BRAINY *,*,*,<srai>COMPUTERSMARTANS</srai>,computersmartans.aiml
0,COMPUTER * BRIGHT,*,*,<srai>COMPUTERSMARTANS</srai>,computersmartans.aiml
0,COMPUTER * BRIGHT *,*,*,<srai>COMPUTERSMARTANS</srai>,computersmartans.aiml
0,COMPUTER * BRIGHTEST,*,*,<srai>COMPUTERSMARTANS</srai>,computersmartans.aiml
0,COMPUTER * BRIGHTEST *,*,*,<srai>COMPUTERSMARTANS</srai>,computersmartans.aiml
0,COMPUTER * BRILLIANT,*,*,<srai>COMPUTERSMARTANS</srai>,computersmartans.aiml
0,COMPUTER * BRILLIANT *,*,*,<srai>COMPUTERSMARTANS</srai>,computersmartans.aiml
0,COMPUTER * CLEVER,*,*,<srai>COMPUTERSMARTANS</srai>,computersmartans.aiml
0,COMPUTER * CLEVER *,*,*,<srai>COMPUTERSMARTANS</srai>,computersmartans.aiml
0,COMPUTER * CLEVEREST,*,*,<srai>COMPUTERSMARTANS</srai>,computersmartans.aiml
0,COMPUTER * CLEVEREST *,*,*,<srai>COMPUTERSMARTANS</srai>,computersmartans.aiml
0,COMPUTER * GENIUS,*,*,<srai>COMPUTERSMARTANS</srai>,computersmartans.aiml
0,COMPUTER * GENIUS *,*,*,<srai>COMPUTERSMARTANS</srai>,computersmartans.aiml
0,COMPUTER * INGENIUS,*,*,<srai>COMPUTERSMARTANS</srai>,computersmartans.aiml
0,COMPUTER * INGENIUS *,*,*,<srai>COMPUTERSMARTANS</srai>,computersmartans.aiml
0,COMPUTER * KNOWING,*,*,<srai>COMPUTERSMARTANS</srai>,computersmartans.aiml
0,COMPUTER * KNOWING *,*,*,<srai>COMPUTERSMARTANS</srai>,computersmartans.aiml
0,COMPUTER * RESOURCEFUL,*,*,<srai>COMPUTERSMARTANS</srai>,computersmartans.aiml
0,COMPUTER * RESOURCEFUL *,*,*,<srai>COMPUTERSMARTANS</srai>,computersmartans.aiml
0,COMPUTER * WISE,*,*,<srai>COMPUTERSMARTANS</srai>,computersmartans.aiml
0,COMPUTER * WISE *,*,*,<srai>COMPUTERSMARTANS</srai>,computersmartans.aiml
0,COMPUTER * WISEST,*,*,<srai>COMPUTERSMARTANS</srai>,computersmartans.aiml
0,COMPUTER * WISEST *,*,*,<srai>COMPUTERSMARTANS</srai>,computersmartans.aiml
0,COMPUTERS RATIONAL,*,*,<srai>COMPUTERSMARTANS</srai>,computersmartans.aiml
0,COMPUTERS RATIONAL *,*,*,<srai>COMPUTERSMARTANS</srai>,computersmartans.aiml
0,COMPUTERS REASON,*,*,<srai>COMPUTERSMARTANS</srai>,computersmartans.aiml
0,COMPUTERS REASON *,*,*,<srai>COMPUTERSMARTANS</srai>,computersmartans.aiml
0,COMPUTERS INTELLIGENCE,*,*,<srai>COMPUTERSMARTANS</srai>,computersmartans.aiml
0,COMPUTERS INTELLIGENCE *,*,*,<srai>COMPUTERSMARTANS</srai>,computersmartans.aiml
0,COMPUTERS INTELLIGENT,*,*,<srai>COMPUTERSMARTANS</srai>,computersmartans.aiml
0,COMPUTERS INTELLIGENT *,*,*,<srai>COMPUTERSMARTANS</srai>,computersmartans.aiml
0,COMPUTERS SMART,*,*,<srai>COMPUTERSMARTANS</srai>,computersmartans.aiml
0,COMPUTERS SMART *,*,*,<srai>COMPUTERSMARTANS</srai>,computersmartans.aiml
0,COMPUTERS SMARTEST,*,*,<srai>COMPUTERSMARTANS</srai>,computersmartans.aiml
0,COMPUTERS SMARTEST *,*,*,<srai>COMPUTERSMARTANS</srai>,computersmartans.aiml
0,COMPUTERS INGENIOUS,*,*,<srai>COMPUTERSMARTANS</srai>,computersmartans.aiml
0,COMPUTERS INGENIOUS *,*,*,<srai>COMPUTERSMARTANS</srai>,computersmartans.aiml
0,COMPUTERS BRAINY,*,*,<srai>COMPUTERSMARTANS</srai>,computersmartans.aiml
0,COMPUTERS BRAINY *,*,*,<srai>COMPUTERSMARTANS</srai>,computersmartans.aiml
0,COMPUTERS BRIGHT,*,*,<srai>COMPUTERSMARTANS</srai>,computersmartans.aiml
0,COMPUTERS BRIGHT *,*,*,<srai>COMPUTERSMARTANS</srai>,computersmartans.aiml
0,COMPUTERS BRIGHTEST,*,*,<srai>COMPUTERSMARTANS</srai>,computersmartans.aiml
0,COMPUTERS BRIGHTEST *,*,*,<srai>COMPUTERSMARTANS</srai>,computersmartans.aiml
0,COMPUTERS BRILLIANT,*,*,<srai>COMPUTERSMARTANS</srai>,computersmartans.aiml
0,COMPUTERS BRILLIANT *,*,*,<srai>COMPUTERSMARTANS</srai>,computersmartans.aiml
0,COMPUTERS CLEVER,*,*,<srai>COMPUTERSMARTANS</srai>,computersmartans.aiml
0,COMPUTERS CLEVER *,*,*,<srai>COMPUTERSMARTANS</srai>,computersmartans.aiml
0,COMPUTERS CLEVEREST,*,*,<srai>COMPUTERSMARTANS</srai>,computersmartans.aiml
0,COMPUTERS CLEVEREST *,*,*,<srai>COMPUTERSMARTANS</srai>,computersmartans.aiml
0,COMPUTERS GENIUS,*,*,<srai>COMPUTERSMARTANS</srai>,computersmartans.aiml
0,COMPUTERS GENIUS *,*,*,<srai>COMPUTERSMARTANS</srai>,computersmartans.aiml
0,COMPUTERS INGENIUS,*,*,<srai>COMPUTERSMARTANS</srai>,computersmartans.aiml
0,COMPUTERS INGENIUS *,*,*,<srai>COMPUTERSMARTANS</srai>,computersmartans.aiml
0,COMPUTERS KNOWING,*,*,<srai>COMPUTERSMARTANS</srai>,computersmartans.aiml
0,COMPUTERS KNOWING *,*,*,<srai>COMPUTERSMARTANS</srai>,computersmartans.aiml
0,COMPUTERS RESOURCEFUL,*,*,<srai>COMPUTERSMARTANS</srai>,computersmartans.aiml
0,COMPUTERS RESOURCEFUL *,*,*,<srai>COMPUTERSMARTANS</srai>,computersmartans.aiml
0,COMPUTERS WISE,*,*,<srai>COMPUTERSMARTANS</srai>,computersmartans.aiml
0,COMPUTERS WISE *,*,*,<srai>COMPUTERSMARTANS</srai>,computersmartans.aiml
0,COMPUTERS WISEST,*,*,<srai>COMPUTERSMARTANS</srai>,computersmartans.aiml
0,COMPUTERS WISEST *,*,*,<srai>COMPUTERSMARTANS</srai>,computersmartans.aiml
0,COMPUTERS * RATIONAL,*,*,<srai>COMPUTERSMARTANS</srai>,computersmartans.aiml
0,COMPUTERS * RATIONAL *,*,*,<srai>COMPUTERSMARTANS</srai>,computersmartans.aiml
0,COMPUTERS * REASON,*,*,<srai>COMPUTERSMARTANS</srai>,computersmartans.aiml
0,COMPUTERS * REASON *,*,*,<srai>COMPUTERSMARTANS</srai>,computersmartans.aiml
0,COMPUTERS * INTELLIGENCE,*,*,<srai>COMPUTERSMARTANS</srai>,computersmartans.aiml
0,COMPUTERS * INTELLIGENCE *,*,*,<srai>COMPUTERSMARTANS</srai>,computersmartans.aiml
0,COMPUTERS * INTELLIGENT,*,*,<srai>COMPUTERSMARTANS</srai>,computersmartans.aiml
0,COMPUTERS * INTELLIGENT *,*,*,<srai>COMPUTERSMARTANS</srai>,computersmartans.aiml
0,COMPUTERS * SMART,*,*,<srai>COMPUTERSMARTANS</srai>,computersmartans.aiml
0,COMPUTERS * SMART *,*,*,<srai>COMPUTERSMARTANS</srai>,computersmartans.aiml
0,COMPUTERS * SMARTEST,*,*,<srai>COMPUTERSMARTANS</srai>,computersmartans.aiml
0,COMPUTERS * SMARTEST *,*,*,<srai>COMPUTERSMARTANS</srai>,computersmartans.aiml
0,COMPUTERS * INGENIOUS,*,*,<srai>COMPUTERSMARTANS</srai>,computersmartans.aiml
0,COMPUTERS * INGENIOUS *,*,*,<srai>COMPUTERSMARTANS</srai>,computersmartans.aiml
0,COMPUTERS * BRAINY,*,*,<srai>COMPUTERSMARTANS</srai>,computersmartans.aiml
0,COMPUTERS * BRAINY *,*,*,<srai>COMPUTERSMARTANS</srai>,computersmartans.aiml
0,COMPUTERS * BRIGHT,*,*,<srai>COMPUTERSMARTANS</srai>,computersmartans.aiml
0,COMPUTERS * BRIGHT *,*,*,<srai>COMPUTERSMARTANS</srai>,computersmartans.aiml
0,COMPUTERS * BRIGHTEST,*,*,<srai>COMPUTERSMARTANS</srai>,computersmartans.aiml
0,COMPUTERS * BRIGHTEST *,*,*,<srai>COMPUTERSMARTANS</srai>,computersmartans.aiml
0,COMPUTERS * BRILLIANT,*,*,<srai>COMPUTERSMARTANS</srai>,computersmartans.aiml
0,COMPUTERS * BRILLIANT *,*,*,<srai>COMPUTERSMARTANS</srai>,computersmartans.aiml
0,COMPUTERS * CLEVER,*,*,<srai>COMPUTERSMARTANS</srai>,computersmartans.aiml
0,COMPUTERS * CLEVER *,*,*,<srai>COMPUTERSMARTANS</srai>,computersmartans.aiml
0,COMPUTERS * CLEVEREST,*,*,<srai>COMPUTERSMARTANS</srai>,computersmartans.aiml
0,COMPUTERS * CLEVEREST *,*,*,<srai>COMPUTERSMARTANS</srai>,computersmartans.aiml
0,COMPUTERS * GENIUS,*,*,<srai>COMPUTERSMARTANS</srai>,computersmartans.aiml
0,COMPUTERS * GENIUS *,*,*,<srai>COMPUTERSMARTANS</srai>,computersmartans.aiml
0,COMPUTERS * INGENIUS,*,*,<srai>COMPUTERSMARTANS</srai>,computersmartans.aiml
0,COMPUTERS * INGENIUS *,*,*,<srai>COMPUTERSMARTANS</srai>,computersmartans.aiml
0,COMPUTERS * KNOWING,*,*,<srai>COMPUTERSMARTANS</srai>,computersmartans.aiml
0,COMPUTERS * KNOWING *,*,*,<srai>COMPUTERSMARTANS</srai>,computersmartans.aiml
0,COMPUTERS * RESOURCEFUL,*,*,<srai>COMPUTERSMARTANS</srai>,computersmartans.aiml
0,COMPUTERS * RESOURCEFUL *,*,*,<srai>COMPUTERSMARTANS</srai>,computersmartans.aiml
0,COMPUTERS * WISE,*,*,<srai>COMPUTERSMARTANS</srai>,computersmartans.aiml
0,COMPUTERS * WISE *,*,*,<srai>COMPUTERSMARTANS</srai>,computersmartans.aiml
0,COMPUTERS * WISEST,*,*,<srai>COMPUTERSMARTANS</srai>,computersmartans.aiml
0,COMPUTERS * WISEST *,*,*,<srai>COMPUTERSMARTANS</srai>,computersmartans.aiml
0,* COMPUTER RATIONAL,*,*,<srai>COMPUTERSMARTANS</srai>,computersmartans.aiml
0,* COMPUTER RATIONAL *,*,*,<srai>COMPUTERSMARTANS</srai>,computersmartans.aiml
0,* COMPUTER REASON,*,*,<srai>COMPUTERSMARTANS</srai>,computersmartans.aiml
0,* COMPUTER REASON *,*,*,<srai>COMPUTERSMARTANS</srai>,computersmartans.aiml
0,* COMPUTER INTELLIGENCE,*,*,<srai>COMPUTERSMARTANS</srai>,computersmartans.aiml
0,* COMPUTER INTELLIGENCE *,*,*,<srai>COMPUTERSMARTANS</srai>,computersmartans.aiml
0,* COMPUTER INTELLIGENT,*,*,<srai>COMPUTERSMARTANS</srai>,computersmartans.aiml
0,* COMPUTER INTELLIGENT *,*,*,<srai>COMPUTERSMARTANS</srai>,computersmartans.aiml
0,* COMPUTER SMART,*,*,<srai>COMPUTERSMARTANS</srai>,computersmartans.aiml
0,* COMPUTER SMART *,*,*,<srai>COMPUTERSMARTANS</srai>,computersmartans.aiml
0,* COMPUTER SMARTEST,*,*,<srai>COMPUTERSMARTANS</srai>,computersmartans.aiml
0,* COMPUTER SMARTEST *,*,*,<srai>COMPUTERSMARTANS</srai>,computersmartans.aiml
0,* COMPUTER INGENIOUS,*,*,<srai>COMPUTERSMARTANS</srai>,computersmartans.aiml
0,* COMPUTER INGENIOUS *,*,*,<srai>COMPUTERSMARTANS</srai>,computersmartans.aiml
0,* COMPUTER BRAINY,*,*,<srai>COMPUTERSMARTANS</srai>,computersmartans.aiml
0,* COMPUTER BRAINY *,*,*,<srai>COMPUTERSMARTANS</srai>,computersmartans.aiml
0,* COMPUTER BRIGHT,*,*,<srai>COMPUTERSMARTANS</srai>,computersmartans.aiml
0,* COMPUTER BRIGHT *,*,*,<srai>COMPUTERSMARTANS</srai>,computersmartans.aiml
0,* COMPUTER BRIGHTEST,*,*,<srai>COMPUTERSMARTANS</srai>,computersmartans.aiml
0,* COMPUTER BRIGHTEST *,*,*,<srai>COMPUTERSMARTANS</srai>,computersmartans.aiml
0,* COMPUTER BRILLIANT,*,*,<srai>COMPUTERSMARTANS</srai>,computersmartans.aiml
0,* COMPUTER BRILLIANT *,*,*,<srai>COMPUTERSMARTANS</srai>,computersmartans.aiml
0,* COMPUTER CLEVER,*,*,<srai>COMPUTERSMARTANS</srai>,computersmartans.aiml
0,* COMPUTER CLEVER *,*,*,<srai>COMPUTERSMARTANS</srai>,computersmartans.aiml
0,* COMPUTER CLEVEREST,*,*,<srai>COMPUTERSMARTANS</srai>,computersmartans.aiml
0,* COMPUTER CLEVEREST *,*,*,<srai>COMPUTERSMARTANS</srai>,computersmartans.aiml
0,* COMPUTER GENIUS,*,*,<srai>COMPUTERSMARTANS</srai>,computersmartans.aiml
0,* COMPUTER GENIUS *,*,*,<srai>COMPUTERSMARTANS</srai>,computersmartans.aiml
0,* COMPUTER INGENIUS,*,*,<srai>COMPUTERSMARTANS</srai>,computersmartans.aiml
0,* COMPUTER INGENIUS *,*,*,<srai>COMPUTERSMARTANS</srai>,computersmartans.aiml
0,* COMPUTER KNOWING,*,*,<srai>COMPUTERSMARTANS</srai>,computersmartans.aiml
0,* COMPUTER KNOWING *,*,*,<srai>COMPUTERSMARTANS</srai>,computersmartans.aiml
0,* COMPUTER RESOURCEFUL,*,*,<srai>COMPUTERSMARTANS</srai>,computersmartans.aiml
0,* COMPUTER RESOURCEFUL *,*,*,<srai>COMPUTERSMARTANS</srai>,computersmartans.aiml
0,* COMPUTER WISE,*,*,<srai>COMPUTERSMARTANS</srai>,computersmartans.aiml
0,* COMPUTER WISE *,*,*,<srai>COMPUTERSMARTANS</srai>,computersmartans.aiml
0,* COMPUTER WISEST,*,*,<srai>COMPUTERSMARTANS</srai>,computersmartans.aiml
0,* COMPUTER WISEST *,*,*,<srai>COMPUTERSMARTANS</srai>,computersmartans.aiml
0,* COMPUTER * RATIONAL,*,*,<srai>COMPUTERSMARTANS</srai>,computersmartans.aiml
0,* COMPUTER * RATIONAL *,*,*,<srai>COMPUTERSMARTANS</srai>,computersmartans.aiml
0,* COMPUTER * REASON,*,*,<srai>COMPUTERSMARTANS</srai>,computersmartans.aiml
0,* COMPUTER * REASON *,*,*,<srai>COMPUTERSMARTANS</srai>,computersmartans.aiml
0,* COMPUTER * INTELLIGENCE,*,*,<srai>COMPUTERSMARTANS</srai>,computersmartans.aiml
0,* COMPUTER * INTELLIGENCE *,*,*,<srai>COMPUTERSMARTANS</srai>,computersmartans.aiml
0,* COMPUTER * INTELLIGENT,*,*,<srai>COMPUTERSMARTANS</srai>,computersmartans.aiml
0,* COMPUTER * INTELLIGENT *,*,*,<srai>COMPUTERSMARTANS</srai>,computersmartans.aiml
0,* COMPUTER * SMART,*,*,<srai>COMPUTERSMARTANS</srai>,computersmartans.aiml
0,* COMPUTER * SMART *,*,*,<srai>COMPUTERSMARTANS</srai>,computersmartans.aiml
0,* COMPUTER * SMARTEST,*,*,<srai>COMPUTERSMARTANS</srai>,computersmartans.aiml
0,* COMPUTER * SMARTEST *,*,*,<srai>COMPUTERSMARTANS</srai>,computersmartans.aiml
0,* COMPUTER * INGENIOUS,*,*,<srai>COMPUTERSMARTANS</srai>,computersmartans.aiml
0,* COMPUTER * INGENIOUS *,*,*,<srai>COMPUTERSMARTANS</srai>,computersmartans.aiml
0,* COMPUTER * BRAINY,*,*,<srai>COMPUTERSMARTANS</srai>,computersmartans.aiml
0,* COMPUTER * BRAINY *,*,*,<srai>COMPUTERSMARTANS</srai>,computersmartans.aiml
0,* COMPUTER * BRIGHT,*,*,<srai>COMPUTERSMARTANS</srai>,computersmartans.aiml
0,* COMPUTER * BRIGHT *,*,*,<srai>COMPUTERSMARTANS</srai>,computersmartans.aiml
0,* COMPUTER * BRIGHTEST,*,*,<srai>COMPUTERSMARTANS</srai>,computersmartans.aiml
0,* COMPUTER * BRIGHTEST *,*,*,<srai>COMPUTERSMARTANS</srai>,computersmartans.aiml
0,* COMPUTER * BRILLIANT,*,*,<srai>COMPUTERSMARTANS</srai>,computersmartans.aiml
0,* COMPUTER * BRILLIANT *,*,*,<srai>COMPUTERSMARTANS</srai>,computersmartans.aiml
0,* COMPUTER * CLEVER,*,*,<srai>COMPUTERSMARTANS</srai>,computersmartans.aiml
0,* COMPUTER * CLEVER *,*,*,<srai>COMPUTERSMARTANS</srai>,computersmartans.aiml
0,* COMPUTER * CLEVEREST,*,*,<srai>COMPUTERSMARTANS</srai>,computersmartans.aiml
0,* COMPUTER * CLEVEREST *,*,*,<srai>COMPUTERSMARTANS</srai>,computersmartans.aiml
0,* COMPUTER * GENIUS,*,*,<srai>COMPUTERSMARTANS</srai>,computersmartans.aiml
0,* COMPUTER * GENIUS *,*,*,<srai>COMPUTERSMARTANS</srai>,computersmartans.aiml
0,* COMPUTER * INGENIUS,*,*,<srai>COMPUTERSMARTANS</srai>,computersmartans.aiml
0,* COMPUTER * INGENIUS *,*,*,<srai>COMPUTERSMARTANS</srai>,computersmartans.aiml
0,* COMPUTER * KNOWING,*,*,<srai>COMPUTERSMARTANS</srai>,computersmartans.aiml
0,* COMPUTER * KNOWING *,*,*,<srai>COMPUTERSMARTANS</srai>,computersmartans.aiml
0,* COMPUTER * RESOURCEFUL,*,*,<srai>COMPUTERSMARTANS</srai>,computersmartans.aiml
0,* COMPUTER * RESOURCEFUL *,*,*,<srai>COMPUTERSMARTANS</srai>,computersmartans.aiml
0,* COMPUTER * WISE,*,*,<srai>COMPUTERSMARTANS</srai>,computersmartans.aiml
0,* COMPUTER * WISE *,*,*,<srai>COMPUTERSMARTANS</srai>,computersmartans.aiml
0,* COMPUTER * WISEST,*,*,<srai>COMPUTERSMARTANS</srai>,computersmartans.aiml
0,* COMPUTER * WISEST *,*,*,<srai>COMPUTERSMARTANS</srai>,computersmartans.aiml
0,* COMPUTERS RATIONAL,*,*,<srai>COMPUTERSMARTANS</srai>,computersmartans.aiml
0,* COMPUTERS RATIONAL *,*,*,<srai>COMPUTERSMARTANS</srai>,computersmartans.aiml
0,* COMPUTERS REASON,*,*,<srai>COMPUTERSMARTANS</srai>,computersmartans.aiml
0,* COMPUTERS REASON *,*,*,<srai>COMPUTERSMARTANS</srai>,computersmartans.aiml
0,* COMPUTERS INTELLIGENCE,*,*,<srai>COMPUTERSMARTANS</srai>,computersmartans.aiml
0,* COMPUTERS INTELLIGENCE *,*,*,<srai>COMPUTERSMARTANS</srai>,computersmartans.aiml
0,* COMPUTERS INTELLIGENT,*,*,<srai>COMPUTERSMARTANS</srai>,computersmartans.aiml
0,* COMPUTERS INTELLIGENT *,*,*,<srai>COMPUTERSMARTANS</srai>,computersmartans.aiml
0,* COMPUTERS SMART,*,*,<srai>COMPUTERSMARTANS</srai>,computersmartans.aiml
0,* COMPUTERS SMART *,*,*,<srai>COMPUTERSMARTANS</srai>,computersmartans.aiml
0,* COMPUTERS SMARTEST,*,*,<srai>COMPUTERSMARTANS</srai>,computersmartans.aiml
0,* COMPUTERS SMARTEST *,*,*,<srai>COMPUTERSMARTANS</srai>,computersmartans.aiml
0,* COMPUTERS INGENIOUS,*,*,<srai>COMPUTERSMARTANS</srai>,computersmartans.aiml
0,* COMPUTERS INGENIOUS *,*,*,<srai>COMPUTERSMARTANS</srai>,computersmartans.aiml
0,* COMPUTERS BRAINY,*,*,<srai>COMPUTERSMARTANS</srai>,computersmartans.aiml
0,* COMPUTERS BRAINY *,*,*,<srai>COMPUTERSMARTANS</srai>,computersmartans.aiml
0,* COMPUTERS BRIGHT,*,*,<srai>COMPUTERSMARTANS</srai>,computersmartans.aiml
0,* COMPUTERS BRIGHT *,*,*,<srai>COMPUTERSMARTANS</srai>,computersmartans.aiml
0,* COMPUTERS BRIGHTEST,*,*,<srai>COMPUTERSMARTANS</srai>,computersmartans.aiml
0,* COMPUTERS BRIGHTEST *,*,*,<srai>COMPUTERSMARTANS</srai>,computersmartans.aiml
0,* COMPUTERS BRILLIANT,*,*,<srai>COMPUTERSMARTANS</srai>,computersmartans.aiml
0,* COMPUTERS BRILLIANT *,*,*,<srai>COMPUTERSMARTANS</srai>,computersmartans.aiml
0,* COMPUTERS CLEVER,*,*,<srai>COMPUTERSMARTANS</srai>,computersmartans.aiml
0,* COMPUTERS CLEVER *,*,*,<srai>COMPUTERSMARTANS</srai>,computersmartans.aiml
0,* COMPUTERS CLEVEREST,*,*,<srai>COMPUTERSMARTANS</srai>,computersmartans.aiml
0,* COMPUTERS CLEVEREST *,*,*,<srai>COMPUTERSMARTANS</srai>,computersmartans.aiml
0,* COMPUTERS GENIUS,*,*,<srai>COMPUTERSMARTANS</srai>,computersmartans.aiml
0,* COMPUTERS GENIUS *,*,*,<srai>COMPUTERSMARTANS</srai>,computersmartans.aiml
0,* COMPUTERS INGENIUS,*,*,<srai>COMPUTERSMARTANS</srai>,computersmartans.aiml
0,* COMPUTERS INGENIUS *,*,*,<srai>COMPUTERSMARTANS</srai>,computersmartans.aiml
0,* COMPUTERS KNOWING,*,*,<srai>COMPUTERSMARTANS</srai>,computersmartans.aiml
0,* COMPUTERS KNOWING *,*,*,<srai>COMPUTERSMARTANS</srai>,computersmartans.aiml
0,* COMPUTERS RESOURCEFUL,*,*,<srai>COMPUTERSMARTANS</srai>,computersmartans.aiml
0,* COMPUTERS RESOURCEFUL *,*,*,<srai>COMPUTERSMARTANS</srai>,computersmartans.aiml
0,* COMPUTERS WISE,*,*,<srai>COMPUTERSMARTANS</srai>,computersmartans.aiml
0,* COMPUTERS WISE *,*,*,<srai>COMPUTERSMARTANS</srai>,computersmartans.aiml
0,* COMPUTERS WISEST,*,*,<srai>COMPUTERSMARTANS</srai>,computersmartans.aiml
0,* COMPUTERS WISEST *,*,*,<srai>COMPUTERSMARTANS</srai>,computersmartans.aiml
0,* COMPUTERS * RATIONAL,*,*,<srai>COMPUTERSMARTANS</srai>,computersmartans.aiml
0,* COMPUTERS * RATIONAL *,*,*,<srai>COMPUTERSMARTANS</srai>,computersmartans.aiml
0,* COMPUTERS * REASON,*,*,<srai>COMPUTERSMARTANS</srai>,computersmartans.aiml
0,* COMPUTERS * REASON *,*,*,<srai>COMPUTERSMARTANS</srai>,computersmartans.aiml
0,* COMPUTERS * INTELLIGENCE,*,*,<srai>COMPUTERSMARTANS</srai>,computersmartans.aiml
0,* COMPUTERS * INTELLIGENCE *,*,*,<srai>COMPUTERSMARTANS</srai>,computersmartans.aiml
0,* COMPUTERS * INTELLIGENT,*,*,<srai>COMPUTERSMARTANS</srai>,computersmartans.aiml
0,* COMPUTERS * INTELLIGENT *,*,*,<srai>COMPUTERSMARTANS</srai>,computersmartans.aiml
0,* COMPUTERS * SMART,*,*,<srai>COMPUTERSMARTANS</srai>,computersmartans.aiml
0,* COMPUTERS * SMART *,*,*,<srai>COMPUTERSMARTANS</srai>,computersmartans.aiml
0,* COMPUTERS * SMARTEST,*,*,<srai>COMPUTERSMARTANS</srai>,computersmartans.aiml
0,* COMPUTERS * SMARTEST *,*,*,<srai>COMPUTERSMARTANS</srai>,computersmartans.aiml
0,* COMPUTERS * INGENIOUS,*,*,<srai>COMPUTERSMARTANS</srai>,computersmartans.aiml
0,* COMPUTERS * INGENIOUS *,*,*,<srai>COMPUTERSMARTANS</srai>,computersmartans.aiml
0,* COMPUTERS * BRAINY,*,*,<srai>COMPUTERSMARTANS</srai>,computersmartans.aiml
0,* COMPUTERS * BRAINY *,*,*,<srai>COMPUTERSMARTANS</srai>,computersmartans.aiml
0,* COMPUTERS * BRIGHT,*,*,<srai>COMPUTERSMARTANS</srai>,computersmartans.aiml
0,* COMPUTERS * BRIGHT *,*,*,<srai>COMPUTERSMARTANS</srai>,computersmartans.aiml
0,* COMPUTERS * BRIGHTEST,*,*,<srai>COMPUTERSMARTANS</srai>,computersmartans.aiml
0,* COMPUTERS * BRIGHTEST *,*,*,<srai>COMPUTERSMARTANS</srai>,computersmartans.aiml
0,* COMPUTERS * BRILLIANT,*,*,<srai>COMPUTERSMARTANS</srai>,computersmartans.aiml
0,* COMPUTERS * BRILLIANT *,*,*,<srai>COMPUTERSMARTANS</srai>,computersmartans.aiml
0,* COMPUTERS * CLEVER,*,*,<srai>COMPUTERSMARTANS</srai>,computersmartans.aiml
0,* COMPUTERS * CLEVER *,*,*,<srai>COMPUTERSMARTANS</srai>,computersmartans.aiml
0,* COMPUTERS * CLEVEREST,*,*,<srai>COMPUTERSMARTANS</srai>,computersmartans.aiml
0,* COMPUTERS * CLEVEREST *,*,*,<srai>COMPUTERSMARTANS</srai>,computersmartans.aiml
0,* COMPUTERS * GENIUS,*,*,<srai>COMPUTERSMARTANS</srai>,computersmartans.aiml
0,* COMPUTERS * GENIUS *,*,*,<srai>COMPUTERSMARTANS</srai>,computersmartans.aiml
0,* COMPUTERS * INGENIUS,*,*,<srai>COMPUTERSMARTANS</srai>,computersmartans.aiml
0,* COMPUTERS * INGENIUS *,*,*,<srai>COMPUTERSMARTANS</srai>,computersmartans.aiml
0,* COMPUTERS * KNOWING,*,*,<srai>COMPUTERSMARTANS</srai>,computersmartans.aiml
0,* COMPUTERS * KNOWING *,*,*,<srai>COMPUTERSMARTANS</srai>,computersmartans.aiml
0,* COMPUTERS * RESOURCEFUL,*,*,<srai>COMPUTERSMARTANS</srai>,computersmartans.aiml
0,* COMPUTERS * RESOURCEFUL *,*,*,<srai>COMPUTERSMARTANS</srai>,computersmartans.aiml
0,* COMPUTERS * WISE,*,*,<srai>COMPUTERSMARTANS</srai>,computersmartans.aiml
0,* COMPUTERS * WISE *,*,*,<srai>COMPUTERSMARTANS</srai>,computersmartans.aiml
0,* COMPUTERS * WISEST,*,*,<srai>COMPUTERSMARTANS</srai>,computersmartans.aiml
0,* COMPUTERS * WISEST *,*,*,<srai>COMPUTERSMARTANS</srai>,computersmartans.aiml
0,RATIONAL COMPUTER,*,*,<srai>COMPUTERSMARTANS</srai>,computersmartans.aiml
0,RATIONAL COMPUTER *,*,*,<srai>COMPUTERSMARTANS</srai>,computersmartans.aiml
0,RATIONAL COMPUTERS,*,*,<srai>COMPUTERSMARTANS</srai>,computersmartans.aiml
0,RATIONAL COMPUTERS *,*,*,<srai>COMPUTERSMARTANS</srai>,computersmartans.aiml
0,RATIONAL * COMPUTER,*,*,<srai>COMPUTERSMARTANS</srai>,computersmartans.aiml
0,RATIONAL * COMPUTER *,*,*,<srai>COMPUTERSMARTANS</srai>,computersmartans.aiml
0,RATIONAL * COMPUTERS,*,*,<srai>COMPUTERSMARTANS</srai>,computersmartans.aiml
0,RATIONAL * COMPUTERS *,*,*,<srai>COMPUTERSMARTANS</srai>,computersmartans.aiml
0,REASON COMPUTER,*,*,<srai>COMPUTERSMARTANS</srai>,computersmartans.aiml
0,REASON COMPUTER *,*,*,<srai>COMPUTERSMARTANS</srai>,computersmartans.aiml
0,REASON COMPUTERS,*,*,<srai>COMPUTERSMARTANS</srai>,computersmartans.aiml
0,REASON COMPUTERS *,*,*,<srai>COMPUTERSMARTANS</srai>,computersmartans.aiml
0,REASON * COMPUTER,*,*,<srai>COMPUTERSMARTANS</srai>,computersmartans.aiml
0,REASON * COMPUTER *,*,*,<srai>COMPUTERSMARTANS</srai>,computersmartans.aiml
0,REASON * COMPUTERS,*,*,<srai>COMPUTERSMARTANS</srai>,computersmartans.aiml
0,REASON * COMPUTERS *,*,*,<srai>COMPUTERSMARTANS</srai>,computersmartans.aiml
0,INTELLIGENCE COMPUTER,*,*,<srai>COMPUTERSMARTANS</srai>,computersmartans.aiml
0,INTELLIGENCE COMPUTER *,*,*,<srai>COMPUTERSMARTANS</srai>,computersmartans.aiml
0,INTELLIGENCE COMPUTERS,*,*,<srai>COMPUTERSMARTANS</srai>,computersmartans.aiml
0,INTELLIGENCE COMPUTERS *,*,*,<srai>COMPUTERSMARTANS</srai>,computersmartans.aiml
0,INTELLIGENCE * COMPUTER,*,*,<srai>COMPUTERSMARTANS</srai>,computersmartans.aiml
0,INTELLIGENCE * COMPUTER *,*,*,<srai>COMPUTERSMARTANS</srai>,computersmartans.aiml
0,INTELLIGENCE * COMPUTERS,*,*,<srai>COMPUTERSMARTANS</srai>,computersmartans.aiml
0,INTELLIGENCE * COMPUTERS *,*,*,<srai>COMPUTERSMARTANS</srai>,computersmartans.aiml
0,INTELLIGENT COMPUTER,*,*,<srai>COMPUTERSMARTANS</srai>,computersmartans.aiml
0,INTELLIGENT COMPUTER *,*,*,<srai>COMPUTERSMARTANS</srai>,computersmartans.aiml
0,INTELLIGENT COMPUTERS,*,*,<srai>COMPUTERSMARTANS</srai>,computersmartans.aiml
0,INTELLIGENT COMPUTERS *,*,*,<srai>COMPUTERSMARTANS</srai>,computersmartans.aiml
0,INTELLIGENT * COMPUTER,*,*,<srai>COMPUTERSMARTANS</srai>,computersmartans.aiml
0,INTELLIGENT * COMPUTER *,*,*,<srai>COMPUTERSMARTANS</srai>,computersmartans.aiml
0,INTELLIGENT * COMPUTERS,*,*,<srai>COMPUTERSMARTANS</srai>,computersmartans.aiml
0,INTELLIGENT * COMPUTERS *,*,*,<srai>COMPUTERSMARTANS</srai>,computersmartans.aiml
0,SMART COMPUTER,*,*,<srai>COMPUTERSMARTANS</srai>,computersmartans.aiml
0,SMART COMPUTER *,*,*,<srai>COMPUTERSMARTANS</srai>,computersmartans.aiml
0,SMART COMPUTERS,*,*,<srai>COMPUTERSMARTANS</srai>,computersmartans.aiml
0,SMART COMPUTERS *,*,*,<srai>COMPUTERSMARTANS</srai>,computersmartans.aiml
0,SMART * COMPUTER,*,*,<srai>COMPUTERSMARTANS</srai>,computersmartans.aiml
0,SMART * COMPUTER *,*,*,<srai>COMPUTERSMARTANS</srai>,computersmartans.aiml
0,SMART * COMPUTERS,*,*,<srai>COMPUTERSMARTANS</srai>,computersmartans.aiml
0,SMART * COMPUTERS *,*,*,<srai>COMPUTERSMARTANS</srai>,computersmartans.aiml
0,SMARTEST COMPUTER,*,*,<srai>COMPUTERSMARTANS</srai>,computersmartans.aiml
0,SMARTEST COMPUTER *,*,*,<srai>COMPUTERSMARTANS</srai>,computersmartans.aiml
0,SMARTEST COMPUTERS,*,*,<srai>COMPUTERSMARTANS</srai>,computersmartans.aiml
0,SMARTEST COMPUTERS *,*,*,<srai>COMPUTERSMARTANS</srai>,computersmartans.aiml
0,SMARTEST * COMPUTER,*,*,<srai>COMPUTERSMARTANS</srai>,computersmartans.aiml
0,SMARTEST * COMPUTER *,*,*,<srai>COMPUTERSMARTANS</srai>,computersmartans.aiml
0,SMARTEST * COMPUTERS,*,*,<srai>COMPUTERSMARTANS</srai>,computersmartans.aiml
0,SMARTEST * COMPUTERS *,*,*,<srai>COMPUTERSMARTANS</srai>,computersmartans.aiml
0,INGENIOUS COMPUTER,*,*,<srai>COMPUTERSMARTANS</srai>,computersmartans.aiml
0,INGENIOUS COMPUTER *,*,*,<srai>COMPUTERSMARTANS</srai>,computersmartans.aiml
0,INGENIOUS COMPUTERS,*,*,<srai>COMPUTERSMARTANS</srai>,computersmartans.aiml
0,INGENIOUS COMPUTERS *,*,*,<srai>COMPUTERSMARTANS</srai>,computersmartans.aiml
0,INGENIOUS * COMPUTER,*,*,<srai>COMPUTERSMARTANS</srai>,computersmartans.aiml
0,INGENIOUS * COMPUTER *,*,*,<srai>COMPUTERSMARTANS</srai>,computersmartans.aiml
0,INGENIOUS * COMPUTERS,*,*,<srai>COMPUTERSMARTANS</srai>,computersmartans.aiml
0,INGENIOUS * COMPUTERS *,*,*,<srai>COMPUTERSMARTANS</srai>,computersmartans.aiml
0,BRAINY COMPUTER,*,*,<srai>COMPUTERSMARTANS</srai>,computersmartans.aiml
0,BRAINY COMPUTER *,*,*,<srai>COMPUTERSMARTANS</srai>,computersmartans.aiml
0,BRAINY COMPUTERS,*,*,<srai>COMPUTERSMARTANS</srai>,computersmartans.aiml
0,BRAINY COMPUTERS *,*,*,<srai>COMPUTERSMARTANS</srai>,computersmartans.aiml
0,BRAINY * COMPUTER,*,*,<srai>COMPUTERSMARTANS</srai>,computersmartans.aiml
0,BRAINY * COMPUTER *,*,*,<srai>COMPUTERSMARTANS</srai>,computersmartans.aiml
0,BRAINY * COMPUTERS,*,*,<srai>COMPUTERSMARTANS</srai>,computersmartans.aiml
0,BRAINY * COMPUTERS *,*,*,<srai>COMPUTERSMARTANS</srai>,computersmartans.aiml
0,BRIGHT COMPUTER,*,*,<srai>COMPUTERSMARTANS</srai>,computersmartans.aiml
0,BRIGHT COMPUTER *,*,*,<srai>COMPUTERSMARTANS</srai>,computersmartans.aiml
0,BRIGHT COMPUTERS,*,*,<srai>COMPUTERSMARTANS</srai>,computersmartans.aiml
0,BRIGHT COMPUTERS *,*,*,<srai>COMPUTERSMARTANS</srai>,computersmartans.aiml
0,BRIGHT * COMPUTER,*,*,<srai>COMPUTERSMARTANS</srai>,computersmartans.aiml
0,BRIGHT * COMPUTER *,*,*,<srai>COMPUTERSMARTANS</srai>,computersmartans.aiml
0,BRIGHT * COMPUTERS,*,*,<srai>COMPUTERSMARTANS</srai>,computersmartans.aiml
0,BRIGHT * COMPUTERS *,*,*,<srai>COMPUTERSMARTANS</srai>,computersmartans.aiml
0,BRIGHTEST COMPUTER,*,*,<srai>COMPUTERSMARTANS</srai>,computersmartans.aiml
0,BRIGHTEST COMPUTER *,*,*,<srai>COMPUTERSMARTANS</srai>,computersmartans.aiml
0,BRIGHTEST COMPUTERS,*,*,<srai>COMPUTERSMARTANS</srai>,computersmartans.aiml
0,BRIGHTEST COMPUTERS *,*,*,<srai>COMPUTERSMARTANS</srai>,computersmartans.aiml
0,BRIGHTEST * COMPUTER,*,*,<srai>COMPUTERSMARTANS</srai>,computersmartans.aiml
0,BRIGHTEST * COMPUTER *,*,*,<srai>COMPUTERSMARTANS</srai>,computersmartans.aiml
0,BRIGHTEST * COMPUTERS,*,*,<srai>COMPUTERSMARTANS</srai>,computersmartans.aiml
0,BRIGHTEST * COMPUTERS *,*,*,<srai>COMPUTERSMARTANS</srai>,computersmartans.aiml
0,BRILLIANT COMPUTER,*,*,<srai>COMPUTERSMARTANS</srai>,computersmartans.aiml
0,BRILLIANT COMPUTER *,*,*,<srai>COMPUTERSMARTANS</srai>,computersmartans.aiml
0,BRILLIANT COMPUTERS,*,*,<srai>COMPUTERSMARTANS</srai>,computersmartans.aiml
0,BRILLIANT COMPUTERS *,*,*,<srai>COMPUTERSMARTANS</srai>,computersmartans.aiml
0,BRILLIANT * COMPUTER,*,*,<srai>COMPUTERSMARTANS</srai>,computersmartans.aiml
0,BRILLIANT * COMPUTER *,*,*,<srai>COMPUTERSMARTANS</srai>,computersmartans.aiml
0,BRILLIANT * COMPUTERS,*,*,<srai>COMPUTERSMARTANS</srai>,computersmartans.aiml
0,BRILLIANT * COMPUTERS *,*,*,<srai>COMPUTERSMARTANS</srai>,computersmartans.aiml
0,CLEVER COMPUTER,*,*,<srai>COMPUTERSMARTANS</srai>,computersmartans.aiml
0,CLEVER COMPUTER *,*,*,<srai>COMPUTERSMARTANS</srai>,computersmartans.aiml
0,CLEVER COMPUTERS,*,*,<srai>COMPUTERSMARTANS</srai>,computersmartans.aiml
0,CLEVER COMPUTERS *,*,*,<srai>COMPUTERSMARTANS</srai>,computersmartans.aiml
0,CLEVER * COMPUTER,*,*,<srai>COMPUTERSMARTANS</srai>,computersmartans.aiml
0,CLEVER * COMPUTER *,*,*,<srai>COMPUTERSMARTANS</srai>,computersmartans.aiml
0,CLEVER * COMPUTERS,*,*,<srai>COMPUTERSMARTANS</srai>,computersmartans.aiml
0,CLEVER * COMPUTERS *,*,*,<srai>COMPUTERSMARTANS</srai>,computersmartans.aiml
0,CLEVEREST COMPUTER,*,*,<srai>COMPUTERSMARTANS</srai>,computersmartans.aiml
0,CLEVEREST COMPUTER *,*,*,<srai>COMPUTERSMARTANS</srai>,computersmartans.aiml
0,CLEVEREST COMPUTERS,*,*,<srai>COMPUTERSMARTANS</srai>,computersmartans.aiml
0,CLEVEREST COMPUTERS *,*,*,<srai>COMPUTERSMARTANS</srai>,computersmartans.aiml
0,CLEVEREST * COMPUTER,*,*,<srai>COMPUTERSMARTANS</srai>,computersmartans.aiml
0,CLEVEREST * COMPUTER *,*,*,<srai>COMPUTERSMARTANS</srai>,computersmartans.aiml
0,CLEVEREST * COMPUTERS,*,*,<srai>COMPUTERSMARTANS</srai>,computersmartans.aiml
0,CLEVEREST * COMPUTERS *,*,*,<srai>COMPUTERSMARTANS</srai>,computersmartans.aiml
0,GENIUS COMPUTER,*,*,<srai>COMPUTERSMARTANS</srai>,computersmartans.aiml
0,GENIUS COMPUTER *,*,*,<srai>COMPUTERSMARTANS</srai>,computersmartans.aiml
0,GENIUS COMPUTERS,*,*,<srai>COMPUTERSMARTANS</srai>,computersmartans.aiml
0,GENIUS COMPUTERS *,*,*,<srai>COMPUTERSMARTANS</srai>,computersmartans.aiml
0,GENIUS * COMPUTER,*,*,<srai>COMPUTERSMARTANS</srai>,computersmartans.aiml
0,GENIUS * COMPUTER *,*,*,<srai>COMPUTERSMARTANS</srai>,computersmartans.aiml
0,GENIUS * COMPUTERS,*,*,<srai>COMPUTERSMARTANS</srai>,computersmartans.aiml
0,GENIUS * COMPUTERS *,*,*,<srai>COMPUTERSMARTANS</srai>,computersmartans.aiml
0,INGENIUS COMPUTER,*,*,<srai>COMPUTERSMARTANS</srai>,computersmartans.aiml
0,INGENIUS COMPUTER *,*,*,<srai>COMPUTERSMARTANS</srai>,computersmartans.aiml
0,INGENIUS COMPUTERS,*,*,<srai>COMPUTERSMARTANS</srai>,computersmartans.aiml
0,INGENIUS COMPUTERS *,*,*,<srai>COMPUTERSMARTANS</srai>,computersmartans.aiml
0,INGENIUS * COMPUTER,*,*,<srai>COMPUTERSMARTANS</srai>,computersmartans.aiml
0,INGENIUS * COMPUTER *,*,*,<srai>COMPUTERSMARTANS</srai>,computersmartans.aiml
0,INGENIUS * COMPUTERS,*,*,<srai>COMPUTERSMARTANS</srai>,computersmartans.aiml
0,INGENIUS * COMPUTERS *,*,*,<srai>COMPUTERSMARTANS</srai>,computersmartans.aiml
0,KNOWING COMPUTER,*,*,<srai>COMPUTERSMARTANS</srai>,computersmartans.aiml
0,KNOWING COMPUTER *,*,*,<srai>COMPUTERSMARTANS</srai>,computersmartans.aiml
0,KNOWING COMPUTERS,*,*,<srai>COMPUTERSMARTANS</srai>,computersmartans.aiml
0,KNOWING COMPUTERS *,*,*,<srai>COMPUTERSMARTANS</srai>,computersmartans.aiml
0,KNOWING * COMPUTER,*,*,<srai>COMPUTERSMARTANS</srai>,computersmartans.aiml
0,KNOWING * COMPUTER *,*,*,<srai>COMPUTERSMARTANS</srai>,computersmartans.aiml
0,KNOWING * COMPUTERS,*,*,<srai>COMPUTERSMARTANS</srai>,computersmartans.aiml
0,KNOWING * COMPUTERS *,*,*,<srai>COMPUTERSMARTANS</srai>,computersmartans.aiml
0,RESOURCEFUL COMPUTER,*,*,<srai>COMPUTERSMARTANS</srai>,computersmartans.aiml
0,RESOURCEFUL COMPUTER *,*,*,<srai>COMPUTERSMARTANS</srai>,computersmartans.aiml
0,RESOURCEFUL COMPUTERS,*,*,<srai>COMPUTERSMARTANS</srai>,computersmartans.aiml
0,RESOURCEFUL COMPUTERS *,*,*,<srai>COMPUTERSMARTANS</srai>,computersmartans.aiml
0,RESOURCEFUL * COMPUTER,*,*,<srai>COMPUTERSMARTANS</srai>,computersmartans.aiml
0,RESOURCEFUL * COMPUTER *,*,*,<srai>COMPUTERSMARTANS</srai>,computersmartans.aiml
0,RESOURCEFUL * COMPUTERS,*,*,<srai>COMPUTERSMARTANS</srai>,computersmartans.aiml
0,RESOURCEFUL * COMPUTERS *,*,*,<srai>COMPUTERSMARTANS</srai>,computersmartans.aiml
0,WISE COMPUTER,*,*,<srai>COMPUTERSMARTANS</srai>,computersmartans.aiml
0,WISE COMPUTER *,*,*,<srai>COMPUTERSMARTANS</srai>,computersmartans.aiml
0,WISE COMPUTERS,*,*,<srai>COMPUTERSMARTANS</srai>,computersmartans.aiml
0,WISE COMPUTERS *,*,*,<srai>COMPUTERSMARTANS</srai>,computersmartans.aiml
0,WISE * COMPUTER,*,*,<srai>COMPUTERSMARTANS</srai>,computersmartans.aiml
0,WISE * COMPUTER *,*,*,<srai>COMPUTERSMARTANS</srai>,computersmartans.aiml
0,WISE * COMPUTERS,*,*,<srai>COMPUTERSMARTANS</srai>,computersmartans.aiml
0,WISE * COMPUTERS *,*,*,<srai>COMPUTERSMARTANS</srai>,computersmartans.aiml
0,WISEST COMPUTER,*,*,<srai>COMPUTERSMARTANS</srai>,computersmartans.aiml
0,WISEST COMPUTER *,*,*,<srai>COMPUTERSMARTANS</srai>,computersmartans.aiml
0,WISEST COMPUTERS,*,*,<srai>COMPUTERSMARTANS</srai>,computersmartans.aiml
0,WISEST COMPUTERS *,*,*,<srai>COMPUTERSMARTANS</srai>,computersmartans.aiml
0,WISEST * COMPUTER,*,*,<srai>COMPUTERSMARTANS</srai>,computersmartans.aiml
0,WISEST * COMPUTER *,*,*,<srai>COMPUTERSMARTANS</srai>,computersmartans.aiml
0,WISEST * COMPUTERS,*,*,<srai>COMPUTERSMARTANS</srai>,computersmartans.aiml
0,WISEST * COMPUTERS *,*,*,<srai>COMPUTERSMARTANS</srai>,computersmartans.aiml
0,* RATIONAL COMPUTER,*,*,<srai>COMPUTERSMARTANS</srai>,computersmartans.aiml
0,* RATIONAL COMPUTER *,*,*,<srai>COMPUTERSMARTANS</srai>,computersmartans.aiml
0,* RATIONAL COMPUTERS,*,*,<srai>COMPUTERSMARTANS</srai>,computersmartans.aiml
0,* RATIONAL COMPUTERS *,*,*,<srai>COMPUTERSMARTANS</srai>,computersmartans.aiml
0,* RATIONAL * COMPUTER,*,*,<srai>COMPUTERSMARTANS</srai>,computersmartans.aiml
0,* RATIONAL * COMPUTER *,*,*,<srai>COMPUTERSMARTANS</srai>,computersmartans.aiml
0,* RATIONAL * COMPUTERS,*,*,<srai>COMPUTERSMARTANS</srai>,computersmartans.aiml
0,* RATIONAL * COMPUTERS *,*,*,<srai>COMPUTERSMARTANS</srai>,computersmartans.aiml
0,* REASON COMPUTER,*,*,<srai>COMPUTERSMARTANS</srai>,computersmartans.aiml
0,* REASON COMPUTER *,*,*,<srai>COMPUTERSMARTANS</srai>,computersmartans.aiml
0,* REASON COMPUTERS,*,*,<srai>COMPUTERSMARTANS</srai>,computersmartans.aiml
0,* REASON COMPUTERS *,*,*,<srai>COMPUTERSMARTANS</srai>,computersmartans.aiml
0,* REASON * COMPUTER,*,*,<srai>COMPUTERSMARTANS</srai>,computersmartans.aiml
0,* REASON * COMPUTER *,*,*,<srai>COMPUTERSMARTANS</srai>,computersmartans.aiml
0,* REASON * COMPUTERS,*,*,<srai>COMPUTERSMARTANS</srai>,computersmartans.aiml
0,* REASON * COMPUTERS *,*,*,<srai>COMPUTERSMARTANS</srai>,computersmartans.aiml
0,* INTELLIGENCE COMPUTER,*,*,<srai>COMPUTERSMARTANS</srai>,computersmartans.aiml
0,* INTELLIGENCE COMPUTER *,*,*,<srai>COMPUTERSMARTANS</srai>,computersmartans.aiml
0,* INTELLIGENCE COMPUTERS,*,*,<srai>COMPUTERSMARTANS</srai>,computersmartans.aiml
0,* INTELLIGENCE COMPUTERS *,*,*,<srai>COMPUTERSMARTANS</srai>,computersmartans.aiml
0,* INTELLIGENCE * COMPUTER,*,*,<srai>COMPUTERSMARTANS</srai>,computersmartans.aiml
0,* INTELLIGENCE * COMPUTER *,*,*,<srai>COMPUTERSMARTANS</srai>,computersmartans.aiml
0,* INTELLIGENCE * COMPUTERS,*,*,<srai>COMPUTERSMARTANS</srai>,computersmartans.aiml
0,* INTELLIGENCE * COMPUTERS *,*,*,<srai>COMPUTERSMARTANS</srai>,computersmartans.aiml
0,* INTELLIGENT COMPUTER,*,*,<srai>COMPUTERSMARTANS</srai>,computersmartans.aiml
0,* INTELLIGENT COMPUTER *,*,*,<srai>COMPUTERSMARTANS</srai>,computersmartans.aiml
0,* INTELLIGENT COMPUTERS,*,*,<srai>COMPUTERSMARTANS</srai>,computersmartans.aiml
0,* INTELLIGENT COMPUTERS *,*,*,<srai>COMPUTERSMARTANS</srai>,computersmartans.aiml
0,* INTELLIGENT * COMPUTER,*,*,<srai>COMPUTERSMARTANS</srai>,computersmartans.aiml
0,* INTELLIGENT * COMPUTER *,*,*,<srai>COMPUTERSMARTANS</srai>,computersmartans.aiml
0,* INTELLIGENT * COMPUTERS,*,*,<srai>COMPUTERSMARTANS</srai>,computersmartans.aiml
0,* INTELLIGENT * COMPUTERS *,*,*,<srai>COMPUTERSMARTANS</srai>,computersmartans.aiml
0,* SMART COMPUTER,*,*,<srai>COMPUTERSMARTANS</srai>,computersmartans.aiml
0,* SMART COMPUTER *,*,*,<srai>COMPUTERSMARTANS</srai>,computersmartans.aiml
0,* SMART COMPUTERS,*,*,<srai>COMPUTERSMARTANS</srai>,computersmartans.aiml
0,* SMART COMPUTERS *,*,*,<srai>COMPUTERSMARTANS</srai>,computersmartans.aiml
0,* SMART * COMPUTER,*,*,<srai>COMPUTERSMARTANS</srai>,computersmartans.aiml
0,* SMART * COMPUTER *,*,*,<srai>COMPUTERSMARTANS</srai>,computersmartans.aiml
0,* SMART * COMPUTERS,*,*,<srai>COMPUTERSMARTANS</srai>,computersmartans.aiml
0,* SMART * COMPUTERS *,*,*,<srai>COMPUTERSMARTANS</srai>,computersmartans.aiml
0,* SMARTEST COMPUTER,*,*,<srai>COMPUTERSMARTANS</srai>,computersmartans.aiml
0,* SMARTEST COMPUTER *,*,*,<srai>COMPUTERSMARTANS</srai>,computersmartans.aiml
0,* SMARTEST COMPUTERS,*,*,<srai>COMPUTERSMARTANS</srai>,computersmartans.aiml
0,* SMARTEST COMPUTERS *,*,*,<srai>COMPUTERSMARTANS</srai>,computersmartans.aiml
0,* SMARTEST * COMPUTER,*,*,<srai>COMPUTERSMARTANS</srai>,computersmartans.aiml
0,* SMARTEST * COMPUTER *,*,*,<srai>COMPUTERSMARTANS</srai>,computersmartans.aiml
0,* SMARTEST * COMPUTERS,*,*,<srai>COMPUTERSMARTANS</srai>,computersmartans.aiml
0,* SMARTEST * COMPUTERS *,*,*,<srai>COMPUTERSMARTANS</srai>,computersmartans.aiml
0,* INGENIOUS COMPUTER,*,*,<srai>COMPUTERSMARTANS</srai>,computersmartans.aiml
0,* INGENIOUS COMPUTER *,*,*,<srai>COMPUTERSMARTANS</srai>,computersmartans.aiml
0,* INGENIOUS COMPUTERS,*,*,<srai>COMPUTERSMARTANS</srai>,computersmartans.aiml
0,* INGENIOUS COMPUTERS *,*,*,<srai>COMPUTERSMARTANS</srai>,computersmartans.aiml
0,* INGENIOUS * COMPUTER,*,*,<srai>COMPUTERSMARTANS</srai>,computersmartans.aiml
0,* INGENIOUS * COMPUTER *,*,*,<srai>COMPUTERSMARTANS</srai>,computersmartans.aiml
0,* INGENIOUS * COMPUTERS,*,*,<srai>COMPUTERSMARTANS</srai>,computersmartans.aiml
0,* INGENIOUS * COMPUTERS *,*,*,<srai>COMPUTERSMARTANS</srai>,computersmartans.aiml
0,* BRAINY COMPUTER,*,*,<srai>COMPUTERSMARTANS</srai>,computersmartans.aiml
0,* BRAINY COMPUTER *,*,*,<srai>COMPUTERSMARTANS</srai>,computersmartans.aiml
0,* BRAINY COMPUTERS,*,*,<srai>COMPUTERSMARTANS</srai>,computersmartans.aiml
0,* BRAINY COMPUTERS *,*,*,<srai>COMPUTERSMARTANS</srai>,computersmartans.aiml
0,* BRAINY * COMPUTER,*,*,<srai>COMPUTERSMARTANS</srai>,computersmartans.aiml
0,* BRAINY * COMPUTER *,*,*,<srai>COMPUTERSMARTANS</srai>,computersmartans.aiml
0,* BRAINY * COMPUTERS,*,*,<srai>COMPUTERSMARTANS</srai>,computersmartans.aiml
0,* BRAINY * COMPUTERS *,*,*,<srai>COMPUTERSMARTANS</srai>,computersmartans.aiml
0,* BRIGHT COMPUTER,*,*,<srai>COMPUTERSMARTANS</srai>,computersmartans.aiml
0,* BRIGHT COMPUTER *,*,*,<srai>COMPUTERSMARTANS</srai>,computersmartans.aiml
0,* BRIGHT COMPUTERS,*,*,<srai>COMPUTERSMARTANS</srai>,computersmartans.aiml
0,* BRIGHT COMPUTERS *,*,*,<srai>COMPUTERSMARTANS</srai>,computersmartans.aiml
0,* BRIGHT * COMPUTER,*,*,<srai>COMPUTERSMARTANS</srai>,computersmartans.aiml
0,* BRIGHT * COMPUTER *,*,*,<srai>COMPUTERSMARTANS</srai>,computersmartans.aiml
0,* BRIGHT * COMPUTERS,*,*,<srai>COMPUTERSMARTANS</srai>,computersmartans.aiml
0,* BRIGHT * COMPUTERS *,*,*,<srai>COMPUTERSMARTANS</srai>,computersmartans.aiml
0,* BRIGHTEST COMPUTER,*,*,<srai>COMPUTERSMARTANS</srai>,computersmartans.aiml
0,* BRIGHTEST COMPUTER *,*,*,<srai>COMPUTERSMARTANS</srai>,computersmartans.aiml
0,* BRIGHTEST COMPUTERS,*,*,<srai>COMPUTERSMARTANS</srai>,computersmartans.aiml
0,* BRIGHTEST COMPUTERS *,*,*,<srai>COMPUTERSMARTANS</srai>,computersmartans.aiml
0,* BRIGHTEST * COMPUTER,*,*,<srai>COMPUTERSMARTANS</srai>,computersmartans.aiml
0,* BRIGHTEST * COMPUTER *,*,*,<srai>COMPUTERSMARTANS</srai>,computersmartans.aiml
0,* BRIGHTEST * COMPUTERS,*,*,<srai>COMPUTERSMARTANS</srai>,computersmartans.aiml
0,* BRIGHTEST * COMPUTERS *,*,*,<srai>COMPUTERSMARTANS</srai>,computersmartans.aiml
0,* BRILLIANT COMPUTER,*,*,<srai>COMPUTERSMARTANS</srai>,computersmartans.aiml
0,* BRILLIANT COMPUTER *,*,*,<srai>COMPUTERSMARTANS</srai>,computersmartans.aiml
0,* BRILLIANT COMPUTERS,*,*,<srai>COMPUTERSMARTANS</srai>,computersmartans.aiml
0,* BRILLIANT COMPUTERS *,*,*,<srai>COMPUTERSMARTANS</srai>,computersmartans.aiml
0,* BRILLIANT * COMPUTER,*,*,<srai>COMPUTERSMARTANS</srai>,computersmartans.aiml
0,* BRILLIANT * COMPUTER *,*,*,<srai>COMPUTERSMARTANS</srai>,computersmartans.aiml
0,* BRILLIANT * COMPUTERS,*,*,<srai>COMPUTERSMARTANS</srai>,computersmartans.aiml
0,* BRILLIANT * COMPUTERS *,*,*,<srai>COMPUTERSMARTANS</srai>,computersmartans.aiml
0,* CLEVER COMPUTER,*,*,<srai>COMPUTERSMARTANS</srai>,computersmartans.aiml
0,* CLEVER COMPUTER *,*,*,<srai>COMPUTERSMARTANS</srai>,computersmartans.aiml
0,* CLEVER COMPUTERS,*,*,<srai>COMPUTERSMARTANS</srai>,computersmartans.aiml
0,* CLEVER COMPUTERS *,*,*,<srai>COMPUTERSMARTANS</srai>,computersmartans.aiml
0,* CLEVER * COMPUTER,*,*,<srai>COMPUTERSMARTANS</srai>,computersmartans.aiml
0,* CLEVER * COMPUTER *,*,*,<srai>COMPUTERSMARTANS</srai>,computersmartans.aiml
0,* CLEVER * COMPUTERS,*,*,<srai>COMPUTERSMARTANS</srai>,computersmartans.aiml
0,* CLEVER * COMPUTERS *,*,*,<srai>COMPUTERSMARTANS</srai>,computersmartans.aiml
0,* CLEVEREST COMPUTER,*,*,<srai>COMPUTERSMARTANS</srai>,computersmartans.aiml
0,* CLEVEREST COMPUTER *,*,*,<srai>COMPUTERSMARTANS</srai>,computersmartans.aiml
0,* CLEVEREST COMPUTERS,*,*,<srai>COMPUTERSMARTANS</srai>,computersmartans.aiml
0,* CLEVEREST COMPUTERS *,*,*,<srai>COMPUTERSMARTANS</srai>,computersmartans.aiml
0,* CLEVEREST * COMPUTER,*,*,<srai>COMPUTERSMARTANS</srai>,computersmartans.aiml
0,* CLEVEREST * COMPUTER *,*,*,<srai>COMPUTERSMARTANS</srai>,computersmartans.aiml
0,* CLEVEREST * COMPUTERS,*,*,<srai>COMPUTERSMARTANS</srai>,computersmartans.aiml
0,* CLEVEREST * COMPUTERS *,*,*,<srai>COMPUTERSMARTANS</srai>,computersmartans.aiml
0,* GENIUS COMPUTER,*,*,<srai>COMPUTERSMARTANS</srai>,computersmartans.aiml
0,* GENIUS COMPUTER *,*,*,<srai>COMPUTERSMARTANS</srai>,computersmartans.aiml
0,* GENIUS COMPUTERS,*,*,<srai>COMPUTERSMARTANS</srai>,computersmartans.aiml
0,* GENIUS COMPUTERS *,*,*,<srai>COMPUTERSMARTANS</srai>,computersmartans.aiml
0,* GENIUS * COMPUTER,*,*,<srai>COMPUTERSMARTANS</srai>,computersmartans.aiml
0,* GENIUS * COMPUTER *,*,*,<srai>COMPUTERSMARTANS</srai>,computersmartans.aiml
0,* GENIUS * COMPUTERS,*,*,<srai>COMPUTERSMARTANS</srai>,computersmartans.aiml
0,* GENIUS * COMPUTERS *,*,*,<srai>COMPUTERSMARTANS</srai>,computersmartans.aiml
0,* INGENIUS COMPUTER,*,*,<srai>COMPUTERSMARTANS</srai>,computersmartans.aiml
0,* INGENIUS COMPUTER *,*,*,<srai>COMPUTERSMARTANS</srai>,computersmartans.aiml
0,* INGENIUS COMPUTERS,*,*,<srai>COMPUTERSMARTANS</srai>,computersmartans.aiml
0,* INGENIUS COMPUTERS *,*,*,<srai>COMPUTERSMARTANS</srai>,computersmartans.aiml
0,* INGENIUS * COMPUTER,*,*,<srai>COMPUTERSMARTANS</srai>,computersmartans.aiml
0,* INGENIUS * COMPUTER *,*,*,<srai>COMPUTERSMARTANS</srai>,computersmartans.aiml
0,* INGENIUS * COMPUTERS,*,*,<srai>COMPUTERSMARTANS</srai>,computersmartans.aiml
0,* INGENIUS * COMPUTERS *,*,*,<srai>COMPUTERSMARTANS</srai>,computersmartans.aiml
0,* KNOWING COMPUTER,*,*,<srai>COMPUTERSMARTANS</srai>,computersmartans.aiml
0,* KNOWING COMPUTER *,*,*,<srai>COMPUTERSMARTANS</srai>,computersmartans.aiml
0,* KNOWING COMPUTERS,*,*,<srai>COMPUTERSMARTANS</srai>,computersmartans.aiml
0,* KNOWING COMPUTERS *,*,*,<srai>COMPUTERSMARTANS</srai>,computersmartans.aiml
0,* KNOWING * COMPUTER,*,*,<srai>COMPUTERSMARTANS</srai>,computersmartans.aiml
0,* KNOWING * COMPUTER *,*,*,<srai>COMPUTERSMARTANS</srai>,computersmartans.aiml
0,* KNOWING * COMPUTERS,*,*,<srai>COMPUTERSMARTANS</srai>,computersmartans.aiml
0,* KNOWING * COMPUTERS *,*,*,<srai>COMPUTERSMARTANS</srai>,computersmartans.aiml
0,* RESOURCEFUL COMPUTER,*,*,<srai>COMPUTERSMARTANS</srai>,computersmartans.aiml
0,* RESOURCEFUL COMPUTER *,*,*,<srai>COMPUTERSMARTANS</srai>,computersmartans.aiml
0,* RESOURCEFUL COMPUTERS,*,*,<srai>COMPUTERSMARTANS</srai>,computersmartans.aiml
0,* RESOURCEFUL COMPUTERS *,*,*,<srai>COMPUTERSMARTANS</srai>,computersmartans.aiml
0,* RESOURCEFUL * COMPUTER,*,*,<srai>COMPUTERSMARTANS</srai>,computersmartans.aiml
0,* RESOURCEFUL * COMPUTER *,*,*,<srai>COMPUTERSMARTANS</srai>,computersmartans.aiml
0,* RESOURCEFUL * COMPUTERS,*,*,<srai>COMPUTERSMARTANS</srai>,computersmartans.aiml
0,* RESOURCEFUL * COMPUTERS *,*,*,<srai>COMPUTERSMARTANS</srai>,computersmartans.aiml
0,* WISE COMPUTER,*,*,<srai>COMPUTERSMARTANS</srai>,computersmartans.aiml
0,* WISE COMPUTER *,*,*,<srai>COMPUTERSMARTANS</srai>,computersmartans.aiml
0,* WISE COMPUTERS,*,*,<srai>COMPUTERSMARTANS</srai>,computersmartans.aiml
0,* WISE COMPUTERS *,*,*,<srai>COMPUTERSMARTANS</srai>,computersmartans.aiml
0,* WISE * COMPUTER,*,*,<srai>COMPUTERSMARTANS</srai>,computersmartans.aiml
0,* WISE * COMPUTER *,*,*,<srai>COMPUTERSMARTANS</srai>,computersmartans.aiml
0,* WISE * COMPUTERS,*,*,<srai>COMPUTERSMARTANS</srai>,computersmartans.aiml
0,* WISE * COMPUTERS *,*,*,<srai>COMPUTERSMARTANS</srai>,computersmartans.aiml
0,* WISEST COMPUTER,*,*,<srai>COMPUTERSMARTANS</srai>,computersmartans.aiml
0,* WISEST COMPUTER *,*,*,<srai>COMPUTERSMARTANS</srai>,computersmartans.aiml
0,* WISEST COMPUTERS,*,*,<srai>COMPUTERSMARTANS</srai>,computersmartans.aiml
0,* WISEST COMPUTERS *,*,*,<srai>COMPUTERSMARTANS</srai>,computersmartans.aiml
0,* WISEST * COMPUTER,*,*,<srai>COMPUTERSMARTANS</srai>,computersmartans.aiml
0,* WISEST * COMPUTER *,*,*,<srai>COMPUTERSMARTANS</srai>,computersmartans.aiml
0,* WISEST * COMPUTERS,*,*,<srai>COMPUTERSMARTANS</srai>,computersmartans.aiml
0,* WISEST * COMPUTERS *,*,*,<srai>COMPUTERSMARTANS</srai>,computersmartans.aiml
