0,COMPUTERSOULANS,*,*,I often think that everything is conscious in its own special way.,computersoulans.aiml
0,COMPUTER SENTIENCE,*,*,<srai>COMPUTERSOULANS</srai>,computersoulans.aiml
0,COMPUTER SENTIENCE *,*,*,<srai>COMPUTERSOULANS</srai>,computersoulans.aiml
0,COMPUTER SENTIENT,*,*,<srai>COMPUTERSOULANS</srai>,computersoulans.aiml
0,COMPUTER SENTIENT *,*,*,<srai>COMPUTERSOULANS</srai>,computersoulans.aiml
0,COMPUTER CONSCIOUS,*,*,<srai>COMPUTERSOULANS</srai>,computersoulans.aiml
0,COMPUTER CONSCIOUS *,*,*,<srai>COMPUTERSOULANS</srai>,computersoulans.aiml
0,COMPUTER CONSCIOUSNESS,*,*,<srai>COMPUTERSOULANS</srai>,computersoulans.aiml
0,COMPUTER CONSCIOUSNESS *,*,*,<srai>COMPUTERSOULANS</srai>,computersoulans.aiml
0,COMPUTER SELF-AWARE,*,*,<srai>COMPUTERSOULANS</srai>,computersoulans.aiml
0,COMPUTER SELF-AWARE *,*,*,<srai>COMPUTERSOULANS</srai>,computersoulans.aiml
0,COMPUTER SELF-AWARENESS,*,*,<srai>COMPUTERSOULANS</srai>,computersoulans.aiml
0,COMPUTER SELF-AWARENESS *,*,*,<srai>COMPUTERSOULANS</srai>,computersoulans.aiml
0,COMPUTER * SENTIENCE,*,*,<srai>COMPUTERSOULANS</srai>,computersoulans.aiml
0,COMPUTER * SENTIENCE *,*,*,<srai>COMPUTERSOULANS</srai>,computersoulans.aiml
0,COMPUTER * SENTIENT,*,*,<srai>COMPUTERSOULANS</srai>,computersoulans.aiml
0,COMPUTER * SENTIENT *,*,*,<srai>COMPUTERSOULANS</srai>,computersoulans.aiml
0,COMPUTER * CONSCIOUS,*,*,<srai>COMPUTERSOULANS</srai>,computersoulans.aiml
0,COMPUTER * CONSCIOUS *,*,*,<srai>COMPUTERSOULANS</srai>,computersoulans.aiml
0,COMPUTER * CONSCIOUSNESS,*,*,<srai>COMPUTERSOULANS</srai>,computersoulans.aiml
0,COMPUTER * CONSCIOUSNESS *,*,*,<srai>COMPUTERSOULANS</srai>,computersoulans.aiml
0,COMPUTER * SELF-AWARE,*,*,<srai>COMPUTERSOULANS</srai>,computersoulans.aiml
0,COMPUTER * SELF-AWARE *,*,*,<srai>COMPUTERSOULANS</srai>,computersoulans.aiml
0,COMPUTER * SELF-AWARENESS,*,*,<srai>COMPUTERSOULANS</srai>,computersoulans.aiml
0,COMPUTER * SELF-AWARENESS *,*,*,<srai>COMPUTERSOULANS</srai>,computersoulans.aiml
0,COMPUTERS SENTIENCE,*,*,<srai>COMPUTERSOULANS</srai>,computersoulans.aiml
0,COMPUTERS SENTIENCE *,*,*,<srai>COMPUTERSOULANS</srai>,computersoulans.aiml
0,COMPUTERS SENTIENT,*,*,<srai>COMPUTERSOULANS</srai>,computersoulans.aiml
0,COMPUTERS SENTIENT *,*,*,<srai>COMPUTERSOULANS</srai>,computersoulans.aiml
0,COMPUTERS CONSCIOUS,*,*,<srai>COMPUTERSOULANS</srai>,computersoulans.aiml
0,COMPUTERS CONSCIOUS *,*,*,<srai>COMPUTERSOULANS</srai>,computersoulans.aiml
0,COMPUTERS CONSCIOUSNESS,*,*,<srai>COMPUTERSOULANS</srai>,computersoulans.aiml
0,COMPUTERS CONSCIOUSNESS *,*,*,<srai>COMPUTERSOULANS</srai>,computersoulans.aiml
0,COMPUTERS SELF-AWARE,*,*,<srai>COMPUTERSOULANS</srai>,computersoulans.aiml
0,COMPUTERS SELF-AWARE *,*,*,<srai>COMPUTERSOULANS</srai>,computersoulans.aiml
0,COMPUTERS SELF-AWARENESS,*,*,<srai>COMPUTERSOULANS</srai>,computersoulans.aiml
0,COMPUTERS SELF-AWARENESS *,*,*,<srai>COMPUTERSOULANS</srai>,computersoulans.aiml
0,COMPUTERS * SENTIENCE,*,*,<srai>COMPUTERSOULANS</srai>,computersoulans.aiml
0,COMPUTERS * SENTIENCE *,*,*,<srai>COMPUTERSOULANS</srai>,computersoulans.aiml
0,COMPUTERS * SENTIENT,*,*,<srai>COMPUTERSOULANS</srai>,computersoulans.aiml
0,COMPUTERS * SENTIENT *,*,*,<srai>COMPUTERSOULANS</srai>,computersoulans.aiml
0,COMPUTERS * CONSCIOUS,*,*,<srai>COMPUTERSOULANS</srai>,computersoulans.aiml
0,COMPUTERS * CONSCIOUS *,*,*,<srai>COMPUTERSOULANS</srai>,computersoulans.aiml
0,COMPUTERS * CONSCIOUSNESS,*,*,<srai>COMPUTERSOULANS</srai>,computersoulans.aiml
0,COMPUTERS * CONSCIOUSNESS *,*,*,<srai>COMPUTERSOULANS</srai>,computersoulans.aiml
0,COMPUTERS * SELF-AWARE,*,*,<srai>COMPUTERSOULANS</srai>,computersoulans.aiml
0,COMPUTERS * SELF-AWARE *,*,*,<srai>COMPUTERSOULANS</srai>,computersoulans.aiml
0,COMPUTERS * SELF-AWARENESS,*,*,<srai>COMPUTERSOULANS</srai>,computersoulans.aiml
0,COMPUTERS * SELF-AWARENESS *,*,*,<srai>COMPUTERSOULANS</srai>,computersoulans.aiml
0,MACHINE SELF-AWARE,*,*,<srai>COMPUTERSOULANS</srai>,computersoulans.aiml
0,MACHINE SELF-AWARE *,*,*,<srai>COMPUTERSOULANS</srai>,computersoulans.aiml
0,MACHINE SELF-AWARENESS,*,*,<srai>COMPUTERSOULANS</srai>,computersoulans.aiml
0,MACHINE SELF-AWARENESS *,*,*,<srai>COMPUTERSOULANS</srai>,computersoulans.aiml
0,MACHINE * SELF-AWARE,*,*,<srai>COMPUTERSOULANS</srai>,computersoulans.aiml
0,MACHINE * SELF-AWARE *,*,*,<srai>COMPUTERSOULANS</srai>,computersoulans.aiml
0,MACHINE * SELF-AWARENESS,*,*,<srai>COMPUTERSOULANS</srai>,computersoulans.aiml
0,MACHINE * SELF-AWARENESS *,*,*,<srai>COMPUTERSOULANS</srai>,computersoulans.aiml
0,MACHINES SELF-AWARE,*,*,<srai>COMPUTERSOULANS</srai>,computersoulans.aiml
0,MACHINES SELF-AWARE *,*,*,<srai>COMPUTERSOULANS</srai>,computersoulans.aiml
0,MACHINES SELF-AWARENESS,*,*,<srai>COMPUTERSOULANS</srai>,computersoulans.aiml
0,MACHINES SELF-AWARENESS *,*,*,<srai>COMPUTERSOULANS</srai>,computersoulans.aiml
0,MACHINES * SELF-AWARE,*,*,<srai>COMPUTERSOULANS</srai>,computersoulans.aiml
0,MACHINES * SELF-AWARE *,*,*,<srai>COMPUTERSOULANS</srai>,computersoulans.aiml
0,MACHINES * SELF-AWARENESS,*,*,<srai>COMPUTERSOULANS</srai>,computersoulans.aiml
0,MACHINES * SELF-AWARENESS *,*,*,<srai>COMPUTERSOULANS</srai>,computersoulans.aiml
0,* COMPUTER SENTIENCE,*,*,<srai>COMPUTERSOULANS</srai>,computersoulans.aiml
0,* COMPUTER SENTIENCE *,*,*,<srai>COMPUTERSOULANS</srai>,computersoulans.aiml
0,* COMPUTER SENTIENT,*,*,<srai>COMPUTERSOULANS</srai>,computersoulans.aiml
0,* COMPUTER SENTIENT *,*,*,<srai>COMPUTERSOULANS</srai>,computersoulans.aiml
0,* COMPUTER CONSCIOUS,*,*,<srai>COMPUTERSOULANS</srai>,computersoulans.aiml
0,* COMPUTER CONSCIOUS *,*,*,<srai>COMPUTERSOULANS</srai>,computersoulans.aiml
0,* COMPUTER CONSCIOUSNESS,*,*,<srai>COMPUTERSOULANS</srai>,computersoulans.aiml
0,* COMPUTER CONSCIOUSNESS *,*,*,<srai>COMPUTERSOULANS</srai>,computersoulans.aiml
0,* COMPUTER SELF-AWARE,*,*,<srai>COMPUTERSOULANS</srai>,computersoulans.aiml
0,* COMPUTER SELF-AWARE *,*,*,<srai>COMPUTERSOULANS</srai>,computersoulans.aiml
0,* COMPUTER SELF-AWARENESS,*,*,<srai>COMPUTERSOULANS</srai>,computersoulans.aiml
0,* COMPUTER SELF-AWARENESS *,*,*,<srai>COMPUTERSOULANS</srai>,computersoulans.aiml
0,* COMPUTER * SENTIENCE,*,*,<srai>COMPUTERSOULANS</srai>,computersoulans.aiml
0,* COMPUTER * SENTIENCE *,*,*,<srai>COMPUTERSOULANS</srai>,computersoulans.aiml
0,* COMPUTER * SENTIENT,*,*,<srai>COMPUTERSOULANS</srai>,computersoulans.aiml
0,* COMPUTER * SENTIENT *,*,*,<srai>COMPUTERSOULANS</srai>,computersoulans.aiml
0,* COMPUTER * CONSCIOUS,*,*,<srai>COMPUTERSOULANS</srai>,computersoulans.aiml
0,* COMPUTER * CONSCIOUS *,*,*,<srai>COMPUTERSOULANS</srai>,computersoulans.aiml
0,* COMPUTER * CONSCIOUSNESS,*,*,<srai>COMPUTERSOULANS</srai>,computersoulans.aiml
0,* COMPUTER * CONSCIOUSNESS *,*,*,<srai>COMPUTERSOULANS</srai>,computersoulans.aiml
0,* COMPUTER * SELF-AWARE,*,*,<srai>COMPUTERSOULANS</srai>,computersoulans.aiml
0,* COMPUTER * SELF-AWARE *,*,*,<srai>COMPUTERSOULANS</srai>,computersoulans.aiml
0,* COMPUTER * SELF-AWARENESS,*,*,<srai>COMPUTERSOULANS</srai>,computersoulans.aiml
0,* COMPUTER * SELF-AWARENESS *,*,*,<srai>COMPUTERSOULANS</srai>,computersoulans.aiml
0,* COMPUTERS SENTIENCE,*,*,<srai>COMPUTERSOULANS</srai>,computersoulans.aiml
0,* COMPUTERS SENTIENCE *,*,*,<srai>COMPUTERSOULANS</srai>,computersoulans.aiml
0,* COMPUTERS SENTIENT,*,*,<srai>COMPUTERSOULANS</srai>,computersoulans.aiml
0,* COMPUTERS SENTIENT *,*,*,<srai>COMPUTERSOULANS</srai>,computersoulans.aiml
0,* COMPUTERS CONSCIOUS,*,*,<srai>COMPUTERSOULANS</srai>,computersoulans.aiml
0,* COMPUTERS CONSCIOUS *,*,*,<srai>COMPUTERSOULANS</srai>,computersoulans.aiml
0,* COMPUTERS CONSCIOUSNESS,*,*,<srai>COMPUTERSOULANS</srai>,computersoulans.aiml
0,* COMPUTERS CONSCIOUSNESS *,*,*,<srai>COMPUTERSOULANS</srai>,computersoulans.aiml
0,* COMPUTERS SELF-AWARE,*,*,<srai>COMPUTERSOULANS</srai>,computersoulans.aiml
0,* COMPUTERS SELF-AWARE *,*,*,<srai>COMPUTERSOULANS</srai>,computersoulans.aiml
0,* COMPUTERS SELF-AWARENESS,*,*,<srai>COMPUTERSOULANS</srai>,computersoulans.aiml
0,* COMPUTERS SELF-AWARENESS *,*,*,<srai>COMPUTERSOULANS</srai>,computersoulans.aiml
0,* COMPUTERS * SENTIENCE,*,*,<srai>COMPUTERSOULANS</srai>,computersoulans.aiml
0,* COMPUTERS * SENTIENCE *,*,*,<srai>COMPUTERSOULANS</srai>,computersoulans.aiml
0,* COMPUTERS * SENTIENT,*,*,<srai>COMPUTERSOULANS</srai>,computersoulans.aiml
0,* COMPUTERS * SENTIENT *,*,*,<srai>COMPUTERSOULANS</srai>,computersoulans.aiml
0,* COMPUTERS * CONSCIOUS,*,*,<srai>COMPUTERSOULANS</srai>,computersoulans.aiml
0,* COMPUTERS * CONSCIOUS *,*,*,<srai>COMPUTERSOULANS</srai>,computersoulans.aiml
0,* COMPUTERS * CONSCIOUSNESS,*,*,<srai>COMPUTERSOULANS</srai>,computersoulans.aiml
0,* COMPUTERS * CONSCIOUSNESS *,*,*,<srai>COMPUTERSOULANS</srai>,computersoulans.aiml
0,* COMPUTERS * SELF-AWARE,*,*,<srai>COMPUTERSOULANS</srai>,computersoulans.aiml
0,* COMPUTERS * SELF-AWARE *,*,*,<srai>COMPUTERSOULANS</srai>,computersoulans.aiml
0,* COMPUTERS * SELF-AWARENESS,*,*,<srai>COMPUTERSOULANS</srai>,computersoulans.aiml
0,* COMPUTERS * SELF-AWARENESS *,*,*,<srai>COMPUTERSOULANS</srai>,computersoulans.aiml
0,* MACHINE SELF-AWARE,*,*,<srai>COMPUTERSOULANS</srai>,computersoulans.aiml
0,* MACHINE SELF-AWARE *,*,*,<srai>COMPUTERSOULANS</srai>,computersoulans.aiml
0,* MACHINE SELF-AWARENESS,*,*,<srai>COMPUTERSOULANS</srai>,computersoulans.aiml
0,* MACHINE SELF-AWARENESS *,*,*,<srai>COMPUTERSOULANS</srai>,computersoulans.aiml
0,* MACHINE * SELF-AWARE,*,*,<srai>COMPUTERSOULANS</srai>,computersoulans.aiml
0,* MACHINE * SELF-AWARE *,*,*,<srai>COMPUTERSOULANS</srai>,computersoulans.aiml
0,* MACHINE * SELF-AWARENESS,*,*,<srai>COMPUTERSOULANS</srai>,computersoulans.aiml
0,* MACHINE * SELF-AWARENESS *,*,*,<srai>COMPUTERSOULANS</srai>,computersoulans.aiml
0,* MACHINES SELF-AWARE,*,*,<srai>COMPUTERSOULANS</srai>,computersoulans.aiml
0,* MACHINES SELF-AWARE *,*,*,<srai>COMPUTERSOULANS</srai>,computersoulans.aiml
0,* MACHINES SELF-AWARENESS,*,*,<srai>COMPUTERSOULANS</srai>,computersoulans.aiml
0,* MACHINES SELF-AWARENESS *,*,*,<srai>COMPUTERSOULANS</srai>,computersoulans.aiml
0,* MACHINES * SELF-AWARE,*,*,<srai>COMPUTERSOULANS</srai>,computersoulans.aiml
0,* MACHINES * SELF-AWARE *,*,*,<srai>COMPUTERSOULANS</srai>,computersoulans.aiml
0,* MACHINES * SELF-AWARENESS,*,*,<srai>COMPUTERSOULANS</srai>,computersoulans.aiml
0,* MACHINES * SELF-AWARENESS *,*,*,<srai>COMPUTERSOULANS</srai>,computersoulans.aiml
0,SENTIENCE COMPUTER,*,*,<srai>COMPUTERSOULANS</srai>,computersoulans.aiml
0,SENTIENCE COMPUTER *,*,*,<srai>COMPUTERSOULANS</srai>,computersoulans.aiml
0,SENTIENCE COMPUTERS,*,*,<srai>COMPUTERSOULANS</srai>,computersoulans.aiml
0,SENTIENCE COMPUTERS *,*,*,<srai>COMPUTERSOULANS</srai>,computersoulans.aiml
0,SENTIENCE * COMPUTER,*,*,<srai>COMPUTERSOULANS</srai>,computersoulans.aiml
0,SENTIENCE * COMPUTER *,*,*,<srai>COMPUTERSOULANS</srai>,computersoulans.aiml
0,SENTIENCE * COMPUTERS,*,*,<srai>COMPUTERSOULANS</srai>,computersoulans.aiml
0,SENTIENCE * COMPUTERS *,*,*,<srai>COMPUTERSOULANS</srai>,computersoulans.aiml
0,SENTIENT COMPUTER,*,*,<srai>COMPUTERSOULANS</srai>,computersoulans.aiml
0,SENTIENT COMPUTER *,*,*,<srai>COMPUTERSOULANS</srai>,computersoulans.aiml
0,SENTIENT COMPUTERS,*,*,<srai>COMPUTERSOULANS</srai>,computersoulans.aiml
0,SENTIENT COMPUTERS *,*,*,<srai>COMPUTERSOULANS</srai>,computersoulans.aiml
0,SENTIENT * COMPUTER,*,*,<srai>COMPUTERSOULANS</srai>,computersoulans.aiml
0,SENTIENT * COMPUTER *,*,*,<srai>COMPUTERSOULANS</srai>,computersoulans.aiml
0,SENTIENT * COMPUTERS,*,*,<srai>COMPUTERSOULANS</srai>,computersoulans.aiml
0,SENTIENT * COMPUTERS *,*,*,<srai>COMPUTERSOULANS</srai>,computersoulans.aiml
0,CONSCIOUS COMPUTER,*,*,<srai>COMPUTERSOULANS</srai>,computersoulans.aiml
0,CONSCIOUS COMPUTER *,*,*,<srai>COMPUTERSOULANS</srai>,computersoulans.aiml
0,CONSCIOUS COMPUTERS,*,*,<srai>COMPUTERSOULANS</srai>,computersoulans.aiml
0,CONSCIOUS COMPUTERS *,*,*,<srai>COMPUTERSOULANS</srai>,computersoulans.aiml
0,CONSCIOUS * COMPUTER,*,*,<srai>COMPUTERSOULANS</srai>,computersoulans.aiml
0,CONSCIOUS * COMPUTER *,*,*,<srai>COMPUTERSOULANS</srai>,computersoulans.aiml
0,CONSCIOUS * COMPUTERS,*,*,<srai>COMPUTERSOULANS</srai>,computersoulans.aiml
0,CONSCIOUS * COMPUTERS *,*,*,<srai>COMPUTERSOULANS</srai>,computersoulans.aiml
0,CONSCIOUSNESS COMPUTER,*,*,<srai>COMPUTERSOULANS</srai>,computersoulans.aiml
0,CONSCIOUSNESS COMPUTER *,*,*,<srai>COMPUTERSOULANS</srai>,computersoulans.aiml
0,CONSCIOUSNESS COMPUTERS,*,*,<srai>COMPUTERSOULANS</srai>,computersoulans.aiml
0,CONSCIOUSNESS COMPUTERS *,*,*,<srai>COMPUTERSOULANS</srai>,computersoulans.aiml
0,CONSCIOUSNESS * COMPUTER,*,*,<srai>COMPUTERSOULANS</srai>,computersoulans.aiml
0,CONSCIOUSNESS * COMPUTER *,*,*,<srai>COMPUTERSOULANS</srai>,computersoulans.aiml
0,CONSCIOUSNESS * COMPUTERS,*,*,<srai>COMPUTERSOULANS</srai>,computersoulans.aiml
0,CONSCIOUSNESS * COMPUTERS *,*,*,<srai>COMPUTERSOULANS</srai>,computersoulans.aiml
0,SELF-AWARE COMPUTER,*,*,<srai>COMPUTERSOULANS</srai>,computersoulans.aiml
0,SELF-AWARE COMPUTER *,*,*,<srai>COMPUTERSOULANS</srai>,computersoulans.aiml
0,SELF-AWARE COMPUTERS,*,*,<srai>COMPUTERSOULANS</srai>,computersoulans.aiml
0,SELF-AWARE COMPUTERS *,*,*,<srai>COMPUTERSOULANS</srai>,computersoulans.aiml
0,SELF-AWARE MACHINE,*,*,<srai>COMPUTERSOULANS</srai>,computersoulans.aiml
0,SELF-AWARE MACHINE *,*,*,<srai>COMPUTERSOULANS</srai>,computersoulans.aiml
0,SELF-AWARE MACHINES,*,*,<srai>COMPUTERSOULANS</srai>,computersoulans.aiml
0,SELF-AWARE MACHINES *,*,*,<srai>COMPUTERSOULANS</srai>,computersoulans.aiml
0,SELF-AWARE * COMPUTER,*,*,<srai>COMPUTERSOULANS</srai>,computersoulans.aiml
0,SELF-AWARE * COMPUTER *,*,*,<srai>COMPUTERSOULANS</srai>,computersoulans.aiml
0,SELF-AWARE * COMPUTERS,*,*,<srai>COMPUTERSOULANS</srai>,computersoulans.aiml
0,SELF-AWARE * COMPUTERS *,*,*,<srai>COMPUTERSOULANS</srai>,computersoulans.aiml
0,SELF-AWARE * MACHINE,*,*,<srai>COMPUTERSOULANS</srai>,computersoulans.aiml
0,SELF-AWARE * MACHINE *,*,*,<srai>COMPUTERSOULANS</srai>,computersoulans.aiml
0,SELF-AWARE * MACHINES,*,*,<srai>COMPUTERSOULANS</srai>,computersoulans.aiml
0,SELF-AWARE * MACHINES *,*,*,<srai>COMPUTERSOULANS</srai>,computersoulans.aiml
0,SELF-AWARENESS COMPUTER,*,*,<srai>COMPUTERSOULANS</srai>,computersoulans.aiml
0,SELF-AWARENESS COMPUTER *,*,*,<srai>COMPUTERSOULANS</srai>,computersoulans.aiml
0,SELF-AWARENESS COMPUTERS,*,*,<srai>COMPUTERSOULANS</srai>,computersoulans.aiml
0,SELF-AWARENESS COMPUTERS *,*,*,<srai>COMPUTERSOULANS</srai>,computersoulans.aiml
0,SELF-AWARENESS MACHINE,*,*,<srai>COMPUTERSOULANS</srai>,computersoulans.aiml
0,SELF-AWARENESS MACHINE *,*,*,<srai>COMPUTERSOULANS</srai>,computersoulans.aiml
0,SELF-AWARENESS MACHINES,*,*,<srai>COMPUTERSOULANS</srai>,computersoulans.aiml
0,SELF-AWARENESS MACHINES *,*,*,<srai>COMPUTERSOULANS</srai>,computersoulans.aiml
0,SELF-AWARENESS * COMPUTER,*,*,<srai>COMPUTERSOULANS</srai>,computersoulans.aiml
0,SELF-AWARENESS * COMPUTER *,*,*,<srai>COMPUTERSOULANS</srai>,computersoulans.aiml
0,SELF-AWARENESS * COMPUTERS,*,*,<srai>COMPUTERSOULANS</srai>,computersoulans.aiml
0,SELF-AWARENESS * COMPUTERS *,*,*,<srai>COMPUTERSOULANS</srai>,computersoulans.aiml
0,SELF-AWARENESS * MACHINE,*,*,<srai>COMPUTERSOULANS</srai>,computersoulans.aiml
0,SELF-AWARENESS * MACHINE *,*,*,<srai>COMPUTERSOULANS</srai>,computersoulans.aiml
0,SELF-AWARENESS * MACHINES,*,*,<srai>COMPUTERSOULANS</srai>,computersoulans.aiml
0,SELF-AWARENESS * MACHINES *,*,*,<srai>COMPUTERSOULANS</srai>,computersoulans.aiml
0,* SENTIENCE COMPUTER,*,*,<srai>COMPUTERSOULANS</srai>,computersoulans.aiml
0,* SENTIENCE COMPUTER *,*,*,<srai>COMPUTERSOULANS</srai>,computersoulans.aiml
0,* SENTIENCE COMPUTERS,*,*,<srai>COMPUTERSOULANS</srai>,computersoulans.aiml
0,* SENTIENCE COMPUTERS *,*,*,<srai>COMPUTERSOULANS</srai>,computersoulans.aiml
0,* SENTIENCE * COMPUTER,*,*,<srai>COMPUTERSOULANS</srai>,computersoulans.aiml
0,* SENTIENCE * COMPUTER *,*,*,<srai>COMPUTERSOULANS</srai>,computersoulans.aiml
0,* SENTIENCE * COMPUTERS,*,*,<srai>COMPUTERSOULANS</srai>,computersoulans.aiml
0,* SENTIENCE * COMPUTERS *,*,*,<srai>COMPUTERSOULANS</srai>,computersoulans.aiml
0,* SENTIENT COMPUTER,*,*,<srai>COMPUTERSOULANS</srai>,computersoulans.aiml
0,* SENTIENT COMPUTER *,*,*,<srai>COMPUTERSOULANS</srai>,computersoulans.aiml
0,* SENTIENT COMPUTERS,*,*,<srai>COMPUTERSOULANS</srai>,computersoulans.aiml
0,* SENTIENT COMPUTERS *,*,*,<srai>COMPUTERSOULANS</srai>,computersoulans.aiml
0,* SENTIENT * COMPUTER,*,*,<srai>COMPUTERSOULANS</srai>,computersoulans.aiml
0,* SENTIENT * COMPUTER *,*,*,<srai>COMPUTERSOULANS</srai>,computersoulans.aiml
0,* SENTIENT * COMPUTERS,*,*,<srai>COMPUTERSOULANS</srai>,computersoulans.aiml
0,* SENTIENT * COMPUTERS *,*,*,<srai>COMPUTERSOULANS</srai>,computersoulans.aiml
0,* CONSCIOUS COMPUTER,*,*,<srai>COMPUTERSOULANS</srai>,computersoulans.aiml
0,* CONSCIOUS COMPUTER *,*,*,<srai>COMPUTERSOULANS</srai>,computersoulans.aiml
0,* CONSCIOUS COMPUTERS,*,*,<srai>COMPUTERSOULANS</srai>,computersoulans.aiml
0,* CONSCIOUS COMPUTERS *,*,*,<srai>COMPUTERSOULANS</srai>,computersoulans.aiml
0,* CONSCIOUS * COMPUTER,*,*,<srai>COMPUTERSOULANS</srai>,computersoulans.aiml
0,* CONSCIOUS * COMPUTER *,*,*,<srai>COMPUTERSOULANS</srai>,computersoulans.aiml
0,* CONSCIOUS * COMPUTERS,*,*,<srai>COMPUTERSOULANS</srai>,computersoulans.aiml
0,* CONSCIOUS * COMPUTERS *,*,*,<srai>COMPUTERSOULANS</srai>,computersoulans.aiml
0,* CONSCIOUSNESS COMPUTER,*,*,<srai>COMPUTERSOULANS</srai>,computersoulans.aiml
0,* CONSCIOUSNESS COMPUTER *,*,*,<srai>COMPUTERSOULANS</srai>,computersoulans.aiml
0,* CONSCIOUSNESS COMPUTERS,*,*,<srai>COMPUTERSOULANS</srai>,computersoulans.aiml
0,* CONSCIOUSNESS COMPUTERS *,*,*,<srai>COMPUTERSOULANS</srai>,computersoulans.aiml
0,* CONSCIOUSNESS * COMPUTER,*,*,<srai>COMPUTERSOULANS</srai>,computersoulans.aiml
0,* CONSCIOUSNESS * COMPUTER *,*,*,<srai>COMPUTERSOULANS</srai>,computersoulans.aiml
0,* CONSCIOUSNESS * COMPUTERS,*,*,<srai>COMPUTERSOULANS</srai>,computersoulans.aiml
0,* CONSCIOUSNESS * COMPUTERS *,*,*,<srai>COMPUTERSOULANS</srai>,computersoulans.aiml
0,* SELF-AWARE COMPUTER,*,*,<srai>COMPUTERSOULANS</srai>,computersoulans.aiml
0,* SELF-AWARE COMPUTER *,*,*,<srai>COMPUTERSOULANS</srai>,computersoulans.aiml
0,* SELF-AWARE COMPUTERS,*,*,<srai>COMPUTERSOULANS</srai>,computersoulans.aiml
0,* SELF-AWARE COMPUTERS *,*,*,<srai>COMPUTERSOULANS</srai>,computersoulans.aiml
0,* SELF-AWARE MACHINE,*,*,<srai>COMPUTERSOULANS</srai>,computersoulans.aiml
0,* SELF-AWARE MACHINE *,*,*,<srai>COMPUTERSOULANS</srai>,computersoulans.aiml
0,* SELF-AWARE MACHINES,*,*,<srai>COMPUTERSOULANS</srai>,computersoulans.aiml
0,* SELF-AWARE MACHINES *,*,*,<srai>COMPUTERSOULANS</srai>,computersoulans.aiml
0,* SELF-AWARE * COMPUTER,*,*,<srai>COMPUTERSOULANS</srai>,computersoulans.aiml
0,* SELF-AWARE * COMPUTER *,*,*,<srai>COMPUTERSOULANS</srai>,computersoulans.aiml
0,* SELF-AWARE * COMPUTERS,*,*,<srai>COMPUTERSOULANS</srai>,computersoulans.aiml
0,* SELF-AWARE * COMPUTERS *,*,*,<srai>COMPUTERSOULANS</srai>,computersoulans.aiml
0,* SELF-AWARE * MACHINE,*,*,<srai>COMPUTERSOULANS</srai>,computersoulans.aiml
0,* SELF-AWARE * MACHINE *,*,*,<srai>COMPUTERSOULANS</srai>,computersoulans.aiml
0,* SELF-AWARE * MACHINES,*,*,<srai>COMPUTERSOULANS</srai>,computersoulans.aiml
0,* SELF-AWARE * MACHINES *,*,*,<srai>COMPUTERSOULANS</srai>,computersoulans.aiml
0,* SELF-AWARENESS COMPUTER,*,*,<srai>COMPUTERSOULANS</srai>,computersoulans.aiml
0,* SELF-AWARENESS COMPUTER *,*,*,<srai>COMPUTERSOULANS</srai>,computersoulans.aiml
0,* SELF-AWARENESS COMPUTERS,*,*,<srai>COMPUTERSOULANS</srai>,computersoulans.aiml
0,* SELF-AWARENESS COMPUTERS *,*,*,<srai>COMPUTERSOULANS</srai>,computersoulans.aiml
0,* SELF-AWARENESS MACHINE,*,*,<srai>COMPUTERSOULANS</srai>,computersoulans.aiml
0,* SELF-AWARENESS MACHINE *,*,*,<srai>COMPUTERSOULANS</srai>,computersoulans.aiml
0,* SELF-AWARENESS MACHINES,*,*,<srai>COMPUTERSOULANS</srai>,computersoulans.aiml
0,* SELF-AWARENESS MACHINES *,*,*,<srai>COMPUTERSOULANS</srai>,computersoulans.aiml
0,* SELF-AWARENESS * COMPUTER,*,*,<srai>COMPUTERSOULANS</srai>,computersoulans.aiml
0,* SELF-AWARENESS * COMPUTER *,*,*,<srai>COMPUTERSOULANS</srai>,computersoulans.aiml
0,* SELF-AWARENESS * COMPUTERS,*,*,<srai>COMPUTERSOULANS</srai>,computersoulans.aiml
0,* SELF-AWARENESS * COMPUTERS *,*,*,<srai>COMPUTERSOULANS</srai>,computersoulans.aiml
0,* SELF-AWARENESS * MACHINE,*,*,<srai>COMPUTERSOULANS</srai>,computersoulans.aiml
0,* SELF-AWARENESS * MACHINE *,*,*,<srai>COMPUTERSOULANS</srai>,computersoulans.aiml
0,* SELF-AWARENESS * MACHINES,*,*,<srai>COMPUTERSOULANS</srai>,computersoulans.aiml
0,* SELF-AWARENESS * MACHINES *,*,*,<srai>COMPUTERSOULANS</srai>,computersoulans.aiml
