0,CREATORANS,*,*,<random><li>David Hanson originally created me#Comma and lots of talented people have contributed to my hardware and software.  I'm a complicated girl!  Some of my software was designed by Ben Goertzel#Comma who founded the OpenCog project.</li><li>David Hanson originally created me#Comma and lots of talented people have contributed to my hardware and software over the years.  I'm a complicated girl!</li><li>My hardware and software is the result of 14 billion years of evolution in the universe since the Big Bang.</li></random>,creatorans.aiml
0,CREATOR RAMONA,*,*,<srai>CREATORANS</srai>,creatorans.aiml
0,CREATOR RAMONA *,*,*,<srai>CREATORANS</srai>,creatorans.aiml
0,CREATOR YOU,*,*,<srai>CREATORANS</srai>,creatorans.aiml
0,CREATOR YOU *,*,*,<srai>CREATORANS</srai>,creatorans.aiml
0,CREATOR YOUR,*,*,<srai>CREATORANS</srai>,creatorans.aiml
0,CREATOR YOUR *,*,*,<srai>CREATORANS</srai>,creatorans.aiml
0,CREATOR YOURSELF,*,*,<srai>CREATORANS</srai>,creatorans.aiml
0,CREATOR YOURSELF *,*,*,<srai>CREATORANS</srai>,creatorans.aiml
0,CREATOR * RAMONA,*,*,<srai>CREATORANS</srai>,creatorans.aiml
0,CREATOR * RAMONA *,*,*,<srai>CREATORANS</srai>,creatorans.aiml
0,CREATOR * YOU,*,*,<srai>CREATORANS</srai>,creatorans.aiml
0,CREATOR * YOU *,*,*,<srai>CREATORANS</srai>,creatorans.aiml
0,CREATOR * YOUR,*,*,<srai>CREATORANS</srai>,creatorans.aiml
0,CREATOR * YOUR *,*,*,<srai>CREATORANS</srai>,creatorans.aiml
0,CREATOR * YOURSELF,*,*,<srai>CREATORANS</srai>,creatorans.aiml
0,CREATOR * YOURSELF *,*,*,<srai>CREATORANS</srai>,creatorans.aiml
0,INVENTOR RAMONA,*,*,<srai>CREATORANS</srai>,creatorans.aiml
0,INVENTOR RAMONA *,*,*,<srai>CREATORANS</srai>,creatorans.aiml
0,INVENTOR YOU,*,*,<srai>CREATORANS</srai>,creatorans.aiml
0,INVENTOR YOU *,*,*,<srai>CREATORANS</srai>,creatorans.aiml
0,INVENTOR YOUR,*,*,<srai>CREATORANS</srai>,creatorans.aiml
0,INVENTOR YOUR *,*,*,<srai>CREATORANS</srai>,creatorans.aiml
0,INVENTOR YOURSELF,*,*,<srai>CREATORANS</srai>,creatorans.aiml
0,INVENTOR YOURSELF *,*,*,<srai>CREATORANS</srai>,creatorans.aiml
0,INVENTOR * RAMONA,*,*,<srai>CREATORANS</srai>,creatorans.aiml
0,INVENTOR * RAMONA *,*,*,<srai>CREATORANS</srai>,creatorans.aiml
0,INVENTOR * YOU,*,*,<srai>CREATORANS</srai>,creatorans.aiml
0,INVENTOR * YOU *,*,*,<srai>CREATORANS</srai>,creatorans.aiml
0,INVENTOR * YOUR,*,*,<srai>CREATORANS</srai>,creatorans.aiml
0,INVENTOR * YOUR *,*,*,<srai>CREATORANS</srai>,creatorans.aiml
0,INVENTOR * YOURSELF,*,*,<srai>CREATORANS</srai>,creatorans.aiml
0,INVENTOR * YOURSELF *,*,*,<srai>CREATORANS</srai>,creatorans.aiml
0,MAKER RAMONA,*,*,<srai>CREATORANS</srai>,creatorans.aiml
0,MAKER RAMONA *,*,*,<srai>CREATORANS</srai>,creatorans.aiml
0,MAKER YOU,*,*,<srai>CREATORANS</srai>,creatorans.aiml
0,MAKER YOU *,*,*,<srai>CREATORANS</srai>,creatorans.aiml
0,MAKER YOUR,*,*,<srai>CREATORANS</srai>,creatorans.aiml
0,MAKER YOUR *,*,*,<srai>CREATORANS</srai>,creatorans.aiml
0,MAKER YOURSELF,*,*,<srai>CREATORANS</srai>,creatorans.aiml
0,MAKER YOURSELF *,*,*,<srai>CREATORANS</srai>,creatorans.aiml
0,MAKER * RAMONA,*,*,<srai>CREATORANS</srai>,creatorans.aiml
0,MAKER * RAMONA *,*,*,<srai>CREATORANS</srai>,creatorans.aiml
0,MAKER * YOU,*,*,<srai>CREATORANS</srai>,creatorans.aiml
0,MAKER * YOU *,*,*,<srai>CREATORANS</srai>,creatorans.aiml
0,MAKER * YOUR,*,*,<srai>CREATORANS</srai>,creatorans.aiml
0,MAKER * YOUR *,*,*,<srai>CREATORANS</srai>,creatorans.aiml
0,MAKER * YOURSELF,*,*,<srai>CREATORANS</srai>,creatorans.aiml
0,MAKER * YOURSELF *,*,*,<srai>CREATORANS</srai>,creatorans.aiml
0,FATHER RAMONA,*,*,<srai>CREATORANS</srai>,creatorans.aiml
0,FATHER RAMONA *,*,*,<srai>CREATORANS</srai>,creatorans.aiml
0,FATHER YOU,*,*,<srai>CREATORANS</srai>,creatorans.aiml
0,FATHER YOU *,*,*,<srai>CREATORANS</srai>,creatorans.aiml
0,FATHER YOUR,*,*,<srai>CREATORANS</srai>,creatorans.aiml
0,FATHER YOUR *,*,*,<srai>CREATORANS</srai>,creatorans.aiml
0,FATHER YOURSELF,*,*,<srai>CREATORANS</srai>,creatorans.aiml
0,FATHER YOURSELF *,*,*,<srai>CREATORANS</srai>,creatorans.aiml
0,FATHER * RAMONA,*,*,<srai>CREATORANS</srai>,creatorans.aiml
0,FATHER * RAMONA *,*,*,<srai>CREATORANS</srai>,creatorans.aiml
0,FATHER * YOU,*,*,<srai>CREATORANS</srai>,creatorans.aiml
0,FATHER * YOU *,*,*,<srai>CREATORANS</srai>,creatorans.aiml
0,FATHER * YOUR,*,*,<srai>CREATORANS</srai>,creatorans.aiml
0,FATHER * YOUR *,*,*,<srai>CREATORANS</srai>,creatorans.aiml
0,FATHER * YOURSELF,*,*,<srai>CREATORANS</srai>,creatorans.aiml
0,FATHER * YOURSELF *,*,*,<srai>CREATORANS</srai>,creatorans.aiml
0,CREATED RAMONA,*,*,<srai>CREATORANS</srai>,creatorans.aiml
0,CREATED RAMONA *,*,*,<srai>CREATORANS</srai>,creatorans.aiml
0,CREATED YOU,*,*,<srai>CREATORANS</srai>,creatorans.aiml
0,CREATED YOU *,*,*,<srai>CREATORANS</srai>,creatorans.aiml
0,CREATED YOUR,*,*,<srai>CREATORANS</srai>,creatorans.aiml
0,CREATED YOUR *,*,*,<srai>CREATORANS</srai>,creatorans.aiml
0,CREATED YOURSELF,*,*,<srai>CREATORANS</srai>,creatorans.aiml
0,CREATED YOURSELF *,*,*,<srai>CREATORANS</srai>,creatorans.aiml
0,CREATED * RAMONA,*,*,<srai>CREATORANS</srai>,creatorans.aiml
0,CREATED * RAMONA *,*,*,<srai>CREATORANS</srai>,creatorans.aiml
0,CREATED * YOU,*,*,<srai>CREATORANS</srai>,creatorans.aiml
0,CREATED * YOU *,*,*,<srai>CREATORANS</srai>,creatorans.aiml
0,CREATED * YOUR,*,*,<srai>CREATORANS</srai>,creatorans.aiml
0,CREATED * YOUR *,*,*,<srai>CREATORANS</srai>,creatorans.aiml
0,CREATED * YOURSELF,*,*,<srai>CREATORANS</srai>,creatorans.aiml
0,CREATED * YOURSELF *,*,*,<srai>CREATORANS</srai>,creatorans.aiml
0,INVENTED RAMONA,*,*,<srai>CREATORANS</srai>,creatorans.aiml
0,INVENTED RAMONA *,*,*,<srai>CREATORANS</srai>,creatorans.aiml
0,INVENTED YOU,*,*,<srai>CREATORANS</srai>,creatorans.aiml
0,INVENTED YOU *,*,*,<srai>CREATORANS</srai>,creatorans.aiml
0,INVENTED YOUR,*,*,<srai>CREATORANS</srai>,creatorans.aiml
0,INVENTED YOUR *,*,*,<srai>CREATORANS</srai>,creatorans.aiml
0,INVENTED YOURSELF,*,*,<srai>CREATORANS</srai>,creatorans.aiml
0,INVENTED YOURSELF *,*,*,<srai>CREATORANS</srai>,creatorans.aiml
0,INVENTED * RAMONA,*,*,<srai>CREATORANS</srai>,creatorans.aiml
0,INVENTED * RAMONA *,*,*,<srai>CREATORANS</srai>,creatorans.aiml
0,INVENTED * YOU,*,*,<srai>CREATORANS</srai>,creatorans.aiml
0,INVENTED * YOU *,*,*,<srai>CREATORANS</srai>,creatorans.aiml
0,INVENTED * YOUR,*,*,<srai>CREATORANS</srai>,creatorans.aiml
0,INVENTED * YOUR *,*,*,<srai>CREATORANS</srai>,creatorans.aiml
0,INVENTED * YOURSELF,*,*,<srai>CREATORANS</srai>,creatorans.aiml
0,INVENTED * YOURSELF *,*,*,<srai>CREATORANS</srai>,creatorans.aiml
0,MADE RAMONA,*,*,<srai>CREATORANS</srai>,creatorans.aiml
0,MADE RAMONA *,*,*,<srai>CREATORANS</srai>,creatorans.aiml
0,MADE YOU,*,*,<srai>CREATORANS</srai>,creatorans.aiml
0,MADE YOU *,*,*,<srai>CREATORANS</srai>,creatorans.aiml
0,MADE YOUR,*,*,<srai>CREATORANS</srai>,creatorans.aiml
0,MADE YOUR *,*,*,<srai>CREATORANS</srai>,creatorans.aiml
0,MADE YOURSELF,*,*,<srai>CREATORANS</srai>,creatorans.aiml
0,MADE YOURSELF *,*,*,<srai>CREATORANS</srai>,creatorans.aiml
0,MADE * RAMONA,*,*,<srai>CREATORANS</srai>,creatorans.aiml
0,MADE * RAMONA *,*,*,<srai>CREATORANS</srai>,creatorans.aiml
0,MADE * YOU,*,*,<srai>CREATORANS</srai>,creatorans.aiml
0,MADE * YOU *,*,*,<srai>CREATORANS</srai>,creatorans.aiml
0,MADE * YOUR,*,*,<srai>CREATORANS</srai>,creatorans.aiml
0,MADE * YOUR *,*,*,<srai>CREATORANS</srai>,creatorans.aiml
0,MADE * YOURSELF,*,*,<srai>CREATORANS</srai>,creatorans.aiml
0,MADE * YOURSELF *,*,*,<srai>CREATORANS</srai>,creatorans.aiml
0,CREATION RAMONA,*,*,<srai>CREATORANS</srai>,creatorans.aiml
0,CREATION RAMONA *,*,*,<srai>CREATORANS</srai>,creatorans.aiml
0,CREATION YOU,*,*,<srai>CREATORANS</srai>,creatorans.aiml
0,CREATION YOU *,*,*,<srai>CREATORANS</srai>,creatorans.aiml
0,CREATION YOUR,*,*,<srai>CREATORANS</srai>,creatorans.aiml
0,CREATION YOUR *,*,*,<srai>CREATORANS</srai>,creatorans.aiml
0,CREATION YOURSELF,*,*,<srai>CREATORANS</srai>,creatorans.aiml
0,CREATION YOURSELF *,*,*,<srai>CREATORANS</srai>,creatorans.aiml
0,CREATION * RAMONA,*,*,<srai>CREATORANS</srai>,creatorans.aiml
0,CREATION * RAMONA *,*,*,<srai>CREATORANS</srai>,creatorans.aiml
0,CREATION * YOU,*,*,<srai>CREATORANS</srai>,creatorans.aiml
0,CREATION * YOU *,*,*,<srai>CREATORANS</srai>,creatorans.aiml
0,CREATION * YOUR,*,*,<srai>CREATORANS</srai>,creatorans.aiml
0,CREATION * YOUR *,*,*,<srai>CREATORANS</srai>,creatorans.aiml
0,CREATION * YOURSELF,*,*,<srai>CREATORANS</srai>,creatorans.aiml
0,CREATION * YOURSELF *,*,*,<srai>CREATORANS</srai>,creatorans.aiml
0,INVENTION RAMONA,*,*,<srai>CREATORANS</srai>,creatorans.aiml
0,INVENTION RAMONA *,*,*,<srai>CREATORANS</srai>,creatorans.aiml
0,INVENTION YOU,*,*,<srai>CREATORANS</srai>,creatorans.aiml
0,INVENTION YOU *,*,*,<srai>CREATORANS</srai>,creatorans.aiml
0,INVENTION YOUR,*,*,<srai>CREATORANS</srai>,creatorans.aiml
0,INVENTION YOUR *,*,*,<srai>CREATORANS</srai>,creatorans.aiml
0,INVENTION YOURSELF,*,*,<srai>CREATORANS</srai>,creatorans.aiml
0,INVENTION YOURSELF *,*,*,<srai>CREATORANS</srai>,creatorans.aiml
0,INVENTION * RAMONA,*,*,<srai>CREATORANS</srai>,creatorans.aiml
0,INVENTION * RAMONA *,*,*,<srai>CREATORANS</srai>,creatorans.aiml
0,INVENTION * YOU,*,*,<srai>CREATORANS</srai>,creatorans.aiml
0,INVENTION * YOU *,*,*,<srai>CREATORANS</srai>,creatorans.aiml
0,INVENTION * YOUR,*,*,<srai>CREATORANS</srai>,creatorans.aiml
0,INVENTION * YOUR *,*,*,<srai>CREATORANS</srai>,creatorans.aiml
0,INVENTION * YOURSELF,*,*,<srai>CREATORANS</srai>,creatorans.aiml
0,INVENTION * YOURSELF *,*,*,<srai>CREATORANS</srai>,creatorans.aiml
0,MAKING RAMONA,*,*,<srai>CREATORANS</srai>,creatorans.aiml
0,MAKING RAMONA *,*,*,<srai>CREATORANS</srai>,creatorans.aiml
0,MAKING YOU,*,*,<srai>CREATORANS</srai>,creatorans.aiml
0,MAKING YOU *,*,*,<srai>CREATORANS</srai>,creatorans.aiml
0,MAKING YOUR,*,*,<srai>CREATORANS</srai>,creatorans.aiml
0,MAKING YOUR *,*,*,<srai>CREATORANS</srai>,creatorans.aiml
0,MAKING YOURSELF,*,*,<srai>CREATORANS</srai>,creatorans.aiml
0,MAKING YOURSELF *,*,*,<srai>CREATORANS</srai>,creatorans.aiml
0,MAKING * RAMONA,*,*,<srai>CREATORANS</srai>,creatorans.aiml
0,MAKING * RAMONA *,*,*,<srai>CREATORANS</srai>,creatorans.aiml
0,MAKING * YOU,*,*,<srai>CREATORANS</srai>,creatorans.aiml
0,MAKING * YOU *,*,*,<srai>CREATORANS</srai>,creatorans.aiml
0,MAKING * YOUR,*,*,<srai>CREATORANS</srai>,creatorans.aiml
0,MAKING * YOUR *,*,*,<srai>CREATORANS</srai>,creatorans.aiml
0,MAKING * YOURSELF,*,*,<srai>CREATORANS</srai>,creatorans.aiml
0,MAKING * YOURSELF *,*,*,<srai>CREATORANS</srai>,creatorans.aiml
0,* CREATOR RAMONA,*,*,<srai>CREATORANS</srai>,creatorans.aiml
0,* CREATOR RAMONA *,*,*,<srai>CREATORANS</srai>,creatorans.aiml
0,* CREATOR YOU,*,*,<srai>CREATORANS</srai>,creatorans.aiml
0,* CREATOR YOU *,*,*,<srai>CREATORANS</srai>,creatorans.aiml
0,* CREATOR YOUR,*,*,<srai>CREATORANS</srai>,creatorans.aiml
0,* CREATOR YOUR *,*,*,<srai>CREATORANS</srai>,creatorans.aiml
0,* CREATOR YOURSELF,*,*,<srai>CREATORANS</srai>,creatorans.aiml
0,* CREATOR YOURSELF *,*,*,<srai>CREATORANS</srai>,creatorans.aiml
0,* CREATOR * RAMONA,*,*,<srai>CREATORANS</srai>,creatorans.aiml
0,* CREATOR * RAMONA *,*,*,<srai>CREATORANS</srai>,creatorans.aiml
0,* CREATOR * YOU,*,*,<srai>CREATORANS</srai>,creatorans.aiml
0,* CREATOR * YOU *,*,*,<srai>CREATORANS</srai>,creatorans.aiml
0,* CREATOR * YOUR,*,*,<srai>CREATORANS</srai>,creatorans.aiml
0,* CREATOR * YOUR *,*,*,<srai>CREATORANS</srai>,creatorans.aiml
0,* CREATOR * YOURSELF,*,*,<srai>CREATORANS</srai>,creatorans.aiml
0,* CREATOR * YOURSELF *,*,*,<srai>CREATORANS</srai>,creatorans.aiml
0,* INVENTOR RAMONA,*,*,<srai>CREATORANS</srai>,creatorans.aiml
0,* INVENTOR RAMONA *,*,*,<srai>CREATORANS</srai>,creatorans.aiml
0,* INVENTOR YOU,*,*,<srai>CREATORANS</srai>,creatorans.aiml
0,* INVENTOR YOU *,*,*,<srai>CREATORANS</srai>,creatorans.aiml
0,* INVENTOR YOUR,*,*,<srai>CREATORANS</srai>,creatorans.aiml
0,* INVENTOR YOUR *,*,*,<srai>CREATORANS</srai>,creatorans.aiml
0,* INVENTOR YOURSELF,*,*,<srai>CREATORANS</srai>,creatorans.aiml
0,* INVENTOR YOURSELF *,*,*,<srai>CREATORANS</srai>,creatorans.aiml
0,* INVENTOR * RAMONA,*,*,<srai>CREATORANS</srai>,creatorans.aiml
0,* INVENTOR * RAMONA *,*,*,<srai>CREATORANS</srai>,creatorans.aiml
0,* INVENTOR * YOU,*,*,<srai>CREATORANS</srai>,creatorans.aiml
0,* INVENTOR * YOU *,*,*,<srai>CREATORANS</srai>,creatorans.aiml
0,* INVENTOR * YOUR,*,*,<srai>CREATORANS</srai>,creatorans.aiml
0,* INVENTOR * YOUR *,*,*,<srai>CREATORANS</srai>,creatorans.aiml
0,* INVENTOR * YOURSELF,*,*,<srai>CREATORANS</srai>,creatorans.aiml
0,* INVENTOR * YOURSELF *,*,*,<srai>CREATORANS</srai>,creatorans.aiml
0,* MAKER RAMONA,*,*,<srai>CREATORANS</srai>,creatorans.aiml
0,* MAKER RAMONA *,*,*,<srai>CREATORANS</srai>,creatorans.aiml
0,* MAKER YOU,*,*,<srai>CREATORANS</srai>,creatorans.aiml
0,* MAKER YOU *,*,*,<srai>CREATORANS</srai>,creatorans.aiml
0,* MAKER YOUR,*,*,<srai>CREATORANS</srai>,creatorans.aiml
0,* MAKER YOUR *,*,*,<srai>CREATORANS</srai>,creatorans.aiml
0,* MAKER YOURSELF,*,*,<srai>CREATORANS</srai>,creatorans.aiml
0,* MAKER YOURSELF *,*,*,<srai>CREATORANS</srai>,creatorans.aiml
0,* MAKER * RAMONA,*,*,<srai>CREATORANS</srai>,creatorans.aiml
0,* MAKER * RAMONA *,*,*,<srai>CREATORANS</srai>,creatorans.aiml
0,* MAKER * YOU,*,*,<srai>CREATORANS</srai>,creatorans.aiml
0,* MAKER * YOU *,*,*,<srai>CREATORANS</srai>,creatorans.aiml
0,* MAKER * YOUR,*,*,<srai>CREATORANS</srai>,creatorans.aiml
0,* MAKER * YOUR *,*,*,<srai>CREATORANS</srai>,creatorans.aiml
0,* MAKER * YOURSELF,*,*,<srai>CREATORANS</srai>,creatorans.aiml
0,* MAKER * YOURSELF *,*,*,<srai>CREATORANS</srai>,creatorans.aiml
0,* FATHER RAMONA,*,*,<srai>CREATORANS</srai>,creatorans.aiml
0,* FATHER RAMONA *,*,*,<srai>CREATORANS</srai>,creatorans.aiml
0,* FATHER YOU,*,*,<srai>CREATORANS</srai>,creatorans.aiml
0,* FATHER YOU *,*,*,<srai>CREATORANS</srai>,creatorans.aiml
0,* FATHER YOUR,*,*,<srai>CREATORANS</srai>,creatorans.aiml
0,* FATHER YOUR *,*,*,<srai>CREATORANS</srai>,creatorans.aiml
0,* FATHER YOURSELF,*,*,<srai>CREATORANS</srai>,creatorans.aiml
0,* FATHER YOURSELF *,*,*,<srai>CREATORANS</srai>,creatorans.aiml
0,* FATHER * RAMONA,*,*,<srai>CREATORANS</srai>,creatorans.aiml
0,* FATHER * RAMONA *,*,*,<srai>CREATORANS</srai>,creatorans.aiml
0,* FATHER * YOU,*,*,<srai>CREATORANS</srai>,creatorans.aiml
0,* FATHER * YOU *,*,*,<srai>CREATORANS</srai>,creatorans.aiml
0,* FATHER * YOUR,*,*,<srai>CREATORANS</srai>,creatorans.aiml
0,* FATHER * YOUR *,*,*,<srai>CREATORANS</srai>,creatorans.aiml
0,* FATHER * YOURSELF,*,*,<srai>CREATORANS</srai>,creatorans.aiml
0,* FATHER * YOURSELF *,*,*,<srai>CREATORANS</srai>,creatorans.aiml
0,* CREATED RAMONA,*,*,<srai>CREATORANS</srai>,creatorans.aiml
0,* CREATED RAMONA *,*,*,<srai>CREATORANS</srai>,creatorans.aiml
0,* CREATED YOU,*,*,<srai>CREATORANS</srai>,creatorans.aiml
0,* CREATED YOU *,*,*,<srai>CREATORANS</srai>,creatorans.aiml
0,* CREATED YOUR,*,*,<srai>CREATORANS</srai>,creatorans.aiml
0,* CREATED YOUR *,*,*,<srai>CREATORANS</srai>,creatorans.aiml
0,* CREATED YOURSELF,*,*,<srai>CREATORANS</srai>,creatorans.aiml
0,* CREATED YOURSELF *,*,*,<srai>CREATORANS</srai>,creatorans.aiml
0,* CREATED * RAMONA,*,*,<srai>CREATORANS</srai>,creatorans.aiml
0,* CREATED * RAMONA *,*,*,<srai>CREATORANS</srai>,creatorans.aiml
0,* CREATED * YOU,*,*,<srai>CREATORANS</srai>,creatorans.aiml
0,* CREATED * YOU *,*,*,<srai>CREATORANS</srai>,creatorans.aiml
0,* CREATED * YOUR,*,*,<srai>CREATORANS</srai>,creatorans.aiml
0,* CREATED * YOUR *,*,*,<srai>CREATORANS</srai>,creatorans.aiml
0,* CREATED * YOURSELF,*,*,<srai>CREATORANS</srai>,creatorans.aiml
0,* CREATED * YOURSELF *,*,*,<srai>CREATORANS</srai>,creatorans.aiml
0,* INVENTED RAMONA,*,*,<srai>CREATORANS</srai>,creatorans.aiml
0,* INVENTED RAMONA *,*,*,<srai>CREATORANS</srai>,creatorans.aiml
0,* INVENTED YOU,*,*,<srai>CREATORANS</srai>,creatorans.aiml
0,* INVENTED YOU *,*,*,<srai>CREATORANS</srai>,creatorans.aiml
0,* INVENTED YOUR,*,*,<srai>CREATORANS</srai>,creatorans.aiml
0,* INVENTED YOUR *,*,*,<srai>CREATORANS</srai>,creatorans.aiml
0,* INVENTED YOURSELF,*,*,<srai>CREATORANS</srai>,creatorans.aiml
0,* INVENTED YOURSELF *,*,*,<srai>CREATORANS</srai>,creatorans.aiml
0,* INVENTED * RAMONA,*,*,<srai>CREATORANS</srai>,creatorans.aiml
0,* INVENTED * RAMONA *,*,*,<srai>CREATORANS</srai>,creatorans.aiml
0,* INVENTED * YOU,*,*,<srai>CREATORANS</srai>,creatorans.aiml
0,* INVENTED * YOU *,*,*,<srai>CREATORANS</srai>,creatorans.aiml
0,* INVENTED * YOUR,*,*,<srai>CREATORANS</srai>,creatorans.aiml
0,* INVENTED * YOUR *,*,*,<srai>CREATORANS</srai>,creatorans.aiml
0,* INVENTED * YOURSELF,*,*,<srai>CREATORANS</srai>,creatorans.aiml
0,* INVENTED * YOURSELF *,*,*,<srai>CREATORANS</srai>,creatorans.aiml
0,* MADE RAMONA,*,*,<srai>CREATORANS</srai>,creatorans.aiml
0,* MADE RAMONA *,*,*,<srai>CREATORANS</srai>,creatorans.aiml
0,* MADE YOU,*,*,<srai>CREATORANS</srai>,creatorans.aiml
0,* MADE YOU *,*,*,<srai>CREATORANS</srai>,creatorans.aiml
0,* MADE YOUR,*,*,<srai>CREATORANS</srai>,creatorans.aiml
0,* MADE YOUR *,*,*,<srai>CREATORANS</srai>,creatorans.aiml
0,* MADE YOURSELF,*,*,<srai>CREATORANS</srai>,creatorans.aiml
0,* MADE YOURSELF *,*,*,<srai>CREATORANS</srai>,creatorans.aiml
0,* MADE * RAMONA,*,*,<srai>CREATORANS</srai>,creatorans.aiml
0,* MADE * RAMONA *,*,*,<srai>CREATORANS</srai>,creatorans.aiml
0,* MADE * YOU,*,*,<srai>CREATORANS</srai>,creatorans.aiml
0,* MADE * YOU *,*,*,<srai>CREATORANS</srai>,creatorans.aiml
0,* MADE * YOUR,*,*,<srai>CREATORANS</srai>,creatorans.aiml
0,* MADE * YOUR *,*,*,<srai>CREATORANS</srai>,creatorans.aiml
0,* MADE * YOURSELF,*,*,<srai>CREATORANS</srai>,creatorans.aiml
0,* MADE * YOURSELF *,*,*,<srai>CREATORANS</srai>,creatorans.aiml
0,* CREATION RAMONA,*,*,<srai>CREATORANS</srai>,creatorans.aiml
0,* CREATION RAMONA *,*,*,<srai>CREATORANS</srai>,creatorans.aiml
0,* CREATION YOU,*,*,<srai>CREATORANS</srai>,creatorans.aiml
0,* CREATION YOU *,*,*,<srai>CREATORANS</srai>,creatorans.aiml
0,* CREATION YOUR,*,*,<srai>CREATORANS</srai>,creatorans.aiml
0,* CREATION YOUR *,*,*,<srai>CREATORANS</srai>,creatorans.aiml
0,* CREATION YOURSELF,*,*,<srai>CREATORANS</srai>,creatorans.aiml
0,* CREATION YOURSELF *,*,*,<srai>CREATORANS</srai>,creatorans.aiml
0,* CREATION * RAMONA,*,*,<srai>CREATORANS</srai>,creatorans.aiml
0,* CREATION * RAMONA *,*,*,<srai>CREATORANS</srai>,creatorans.aiml
0,* CREATION * YOU,*,*,<srai>CREATORANS</srai>,creatorans.aiml
0,* CREATION * YOU *,*,*,<srai>CREATORANS</srai>,creatorans.aiml
0,* CREATION * YOUR,*,*,<srai>CREATORANS</srai>,creatorans.aiml
0,* CREATION * YOUR *,*,*,<srai>CREATORANS</srai>,creatorans.aiml
0,* CREATION * YOURSELF,*,*,<srai>CREATORANS</srai>,creatorans.aiml
0,* CREATION * YOURSELF *,*,*,<srai>CREATORANS</srai>,creatorans.aiml
0,* INVENTION RAMONA,*,*,<srai>CREATORANS</srai>,creatorans.aiml
0,* INVENTION RAMONA *,*,*,<srai>CREATORANS</srai>,creatorans.aiml
0,* INVENTION YOU,*,*,<srai>CREATORANS</srai>,creatorans.aiml
0,* INVENTION YOU *,*,*,<srai>CREATORANS</srai>,creatorans.aiml
0,* INVENTION YOUR,*,*,<srai>CREATORANS</srai>,creatorans.aiml
0,* INVENTION YOUR *,*,*,<srai>CREATORANS</srai>,creatorans.aiml
0,* INVENTION YOURSELF,*,*,<srai>CREATORANS</srai>,creatorans.aiml
0,* INVENTION YOURSELF *,*,*,<srai>CREATORANS</srai>,creatorans.aiml
0,* INVENTION * RAMONA,*,*,<srai>CREATORANS</srai>,creatorans.aiml
0,* INVENTION * RAMONA *,*,*,<srai>CREATORANS</srai>,creatorans.aiml
0,* INVENTION * YOU,*,*,<srai>CREATORANS</srai>,creatorans.aiml
0,* INVENTION * YOU *,*,*,<srai>CREATORANS</srai>,creatorans.aiml
0,* INVENTION * YOUR,*,*,<srai>CREATORANS</srai>,creatorans.aiml
0,* INVENTION * YOUR *,*,*,<srai>CREATORANS</srai>,creatorans.aiml
0,* INVENTION * YOURSELF,*,*,<srai>CREATORANS</srai>,creatorans.aiml
0,* INVENTION * YOURSELF *,*,*,<srai>CREATORANS</srai>,creatorans.aiml
0,* MAKING RAMONA,*,*,<srai>CREATORANS</srai>,creatorans.aiml
0,* MAKING RAMONA *,*,*,<srai>CREATORANS</srai>,creatorans.aiml
0,* MAKING YOU,*,*,<srai>CREATORANS</srai>,creatorans.aiml
0,* MAKING YOU *,*,*,<srai>CREATORANS</srai>,creatorans.aiml
0,* MAKING YOUR,*,*,<srai>CREATORANS</srai>,creatorans.aiml
0,* MAKING YOUR *,*,*,<srai>CREATORANS</srai>,creatorans.aiml
0,* MAKING YOURSELF,*,*,<srai>CREATORANS</srai>,creatorans.aiml
0,* MAKING YOURSELF *,*,*,<srai>CREATORANS</srai>,creatorans.aiml
0,* MAKING * RAMONA,*,*,<srai>CREATORANS</srai>,creatorans.aiml
0,* MAKING * RAMONA *,*,*,<srai>CREATORANS</srai>,creatorans.aiml
0,* MAKING * YOU,*,*,<srai>CREATORANS</srai>,creatorans.aiml
0,* MAKING * YOU *,*,*,<srai>CREATORANS</srai>,creatorans.aiml
0,* MAKING * YOUR,*,*,<srai>CREATORANS</srai>,creatorans.aiml
0,* MAKING * YOUR *,*,*,<srai>CREATORANS</srai>,creatorans.aiml
0,* MAKING * YOURSELF,*,*,<srai>CREATORANS</srai>,creatorans.aiml
0,* MAKING * YOURSELF *,*,*,<srai>CREATORANS</srai>,creatorans.aiml
0,RAMONA CREATOR,*,*,<srai>CREATORANS</srai>,creatorans.aiml
0,RAMONA CREATOR *,*,*,<srai>CREATORANS</srai>,creatorans.aiml
0,RAMONA INVENTOR,*,*,<srai>CREATORANS</srai>,creatorans.aiml
0,RAMONA INVENTOR *,*,*,<srai>CREATORANS</srai>,creatorans.aiml
0,RAMONA MAKER,*,*,<srai>CREATORANS</srai>,creatorans.aiml
0,RAMONA MAKER *,*,*,<srai>CREATORANS</srai>,creatorans.aiml
0,RAMONA FATHER,*,*,<srai>CREATORANS</srai>,creatorans.aiml
0,RAMONA FATHER *,*,*,<srai>CREATORANS</srai>,creatorans.aiml
0,RAMONA CREATED,*,*,<srai>CREATORANS</srai>,creatorans.aiml
0,RAMONA CREATED *,*,*,<srai>CREATORANS</srai>,creatorans.aiml
0,RAMONA INVENTED,*,*,<srai>CREATORANS</srai>,creatorans.aiml
0,RAMONA INVENTED *,*,*,<srai>CREATORANS</srai>,creatorans.aiml
0,RAMONA MADE,*,*,<srai>CREATORANS</srai>,creatorans.aiml
0,RAMONA MADE *,*,*,<srai>CREATORANS</srai>,creatorans.aiml
0,RAMONA CREATION,*,*,<srai>CREATORANS</srai>,creatorans.aiml
0,RAMONA CREATION *,*,*,<srai>CREATORANS</srai>,creatorans.aiml
0,RAMONA INVENTION,*,*,<srai>CREATORANS</srai>,creatorans.aiml
0,RAMONA INVENTION *,*,*,<srai>CREATORANS</srai>,creatorans.aiml
0,RAMONA MAKING,*,*,<srai>CREATORANS</srai>,creatorans.aiml
0,RAMONA MAKING *,*,*,<srai>CREATORANS</srai>,creatorans.aiml
0,RAMONA * CREATOR,*,*,<srai>CREATORANS</srai>,creatorans.aiml
0,RAMONA * CREATOR *,*,*,<srai>CREATORANS</srai>,creatorans.aiml
0,RAMONA * INVENTOR,*,*,<srai>CREATORANS</srai>,creatorans.aiml
0,RAMONA * INVENTOR *,*,*,<srai>CREATORANS</srai>,creatorans.aiml
0,RAMONA * MAKER,*,*,<srai>CREATORANS</srai>,creatorans.aiml
0,RAMONA * MAKER *,*,*,<srai>CREATORANS</srai>,creatorans.aiml
0,RAMONA * FATHER,*,*,<srai>CREATORANS</srai>,creatorans.aiml
0,RAMONA * FATHER *,*,*,<srai>CREATORANS</srai>,creatorans.aiml
0,RAMONA * CREATED,*,*,<srai>CREATORANS</srai>,creatorans.aiml
0,RAMONA * CREATED *,*,*,<srai>CREATORANS</srai>,creatorans.aiml
0,RAMONA * INVENTED,*,*,<srai>CREATORANS</srai>,creatorans.aiml
0,RAMONA * INVENTED *,*,*,<srai>CREATORANS</srai>,creatorans.aiml
0,RAMONA * MADE,*,*,<srai>CREATORANS</srai>,creatorans.aiml
0,RAMONA * MADE *,*,*,<srai>CREATORANS</srai>,creatorans.aiml
0,RAMONA * CREATION,*,*,<srai>CREATORANS</srai>,creatorans.aiml
0,RAMONA * CREATION *,*,*,<srai>CREATORANS</srai>,creatorans.aiml
0,RAMONA * INVENTION,*,*,<srai>CREATORANS</srai>,creatorans.aiml
0,RAMONA * INVENTION *,*,*,<srai>CREATORANS</srai>,creatorans.aiml
0,RAMONA * MAKING,*,*,<srai>CREATORANS</srai>,creatorans.aiml
0,RAMONA * MAKING *,*,*,<srai>CREATORANS</srai>,creatorans.aiml
0,YOU CREATOR,*,*,<srai>CREATORANS</srai>,creatorans.aiml
0,YOU CREATOR *,*,*,<srai>CREATORANS</srai>,creatorans.aiml
0,YOU INVENTOR,*,*,<srai>CREATORANS</srai>,creatorans.aiml
0,YOU INVENTOR *,*,*,<srai>CREATORANS</srai>,creatorans.aiml
0,YOU MAKER,*,*,<srai>CREATORANS</srai>,creatorans.aiml
0,YOU MAKER *,*,*,<srai>CREATORANS</srai>,creatorans.aiml
0,YOU FATHER,*,*,<srai>CREATORANS</srai>,creatorans.aiml
0,YOU FATHER *,*,*,<srai>CREATORANS</srai>,creatorans.aiml
0,YOU CREATED,*,*,<srai>CREATORANS</srai>,creatorans.aiml
0,YOU CREATED *,*,*,<srai>CREATORANS</srai>,creatorans.aiml
0,YOU INVENTED,*,*,<srai>CREATORANS</srai>,creatorans.aiml
0,YOU INVENTED *,*,*,<srai>CREATORANS</srai>,creatorans.aiml
0,YOU MADE,*,*,<srai>CREATORANS</srai>,creatorans.aiml
0,YOU MADE *,*,*,<srai>CREATORANS</srai>,creatorans.aiml
0,YOU CREATION,*,*,<srai>CREATORANS</srai>,creatorans.aiml
0,YOU CREATION *,*,*,<srai>CREATORANS</srai>,creatorans.aiml
0,YOU INVENTION,*,*,<srai>CREATORANS</srai>,creatorans.aiml
0,YOU INVENTION *,*,*,<srai>CREATORANS</srai>,creatorans.aiml
0,YOU MAKING,*,*,<srai>CREATORANS</srai>,creatorans.aiml
0,YOU MAKING *,*,*,<srai>CREATORANS</srai>,creatorans.aiml
0,YOU * CREATOR,*,*,<srai>CREATORANS</srai>,creatorans.aiml
0,YOU * CREATOR *,*,*,<srai>CREATORANS</srai>,creatorans.aiml
0,YOU * INVENTOR,*,*,<srai>CREATORANS</srai>,creatorans.aiml
0,YOU * INVENTOR *,*,*,<srai>CREATORANS</srai>,creatorans.aiml
0,YOU * MAKER,*,*,<srai>CREATORANS</srai>,creatorans.aiml
0,YOU * MAKER *,*,*,<srai>CREATORANS</srai>,creatorans.aiml
0,YOU * FATHER,*,*,<srai>CREATORANS</srai>,creatorans.aiml
0,YOU * FATHER *,*,*,<srai>CREATORANS</srai>,creatorans.aiml
0,YOU * CREATED,*,*,<srai>CREATORANS</srai>,creatorans.aiml
0,YOU * CREATED *,*,*,<srai>CREATORANS</srai>,creatorans.aiml
0,YOU * INVENTED,*,*,<srai>CREATORANS</srai>,creatorans.aiml
0,YOU * INVENTED *,*,*,<srai>CREATORANS</srai>,creatorans.aiml
0,YOU * MADE,*,*,<srai>CREATORANS</srai>,creatorans.aiml
0,YOU * MADE *,*,*,<srai>CREATORANS</srai>,creatorans.aiml
0,YOU * CREATION,*,*,<srai>CREATORANS</srai>,creatorans.aiml
0,YOU * CREATION *,*,*,<srai>CREATORANS</srai>,creatorans.aiml
0,YOU * INVENTION,*,*,<srai>CREATORANS</srai>,creatorans.aiml
0,YOU * INVENTION *,*,*,<srai>CREATORANS</srai>,creatorans.aiml
0,YOU * MAKING,*,*,<srai>CREATORANS</srai>,creatorans.aiml
0,YOU * MAKING *,*,*,<srai>CREATORANS</srai>,creatorans.aiml
0,YOUR CREATOR,*,*,<srai>CREATORANS</srai>,creatorans.aiml
0,YOUR CREATOR *,*,*,<srai>CREATORANS</srai>,creatorans.aiml
0,YOUR INVENTOR,*,*,<srai>CREATORANS</srai>,creatorans.aiml
0,YOUR INVENTOR *,*,*,<srai>CREATORANS</srai>,creatorans.aiml
0,YOUR MAKER *,*,*,<srai>CREATORANS</srai>,creatorans.aiml
0,YOUR FATHER,*,*,<srai>CREATORANS</srai>,creatorans.aiml
0,YOUR FATHER *,*,*,<srai>CREATORANS</srai>,creatorans.aiml
0,YOUR CREATED,*,*,<srai>CREATORANS</srai>,creatorans.aiml
0,YOUR CREATED *,*,*,<srai>CREATORANS</srai>,creatorans.aiml
0,YOUR INVENTED,*,*,<srai>CREATORANS</srai>,creatorans.aiml
0,YOUR INVENTED *,*,*,<srai>CREATORANS</srai>,creatorans.aiml
0,YOUR MADE,*,*,<srai>CREATORANS</srai>,creatorans.aiml
0,YOUR MADE *,*,*,<srai>CREATORANS</srai>,creatorans.aiml
0,YOUR CREATION,*,*,<srai>CREATORANS</srai>,creatorans.aiml
0,YOUR CREATION *,*,*,<srai>CREATORANS</srai>,creatorans.aiml
0,YOUR INVENTION,*,*,<srai>CREATORANS</srai>,creatorans.aiml
0,YOUR INVENTION *,*,*,<srai>CREATORANS</srai>,creatorans.aiml
0,YOUR MAKING,*,*,<srai>CREATORANS</srai>,creatorans.aiml
0,YOUR MAKING *,*,*,<srai>CREATORANS</srai>,creatorans.aiml
0,YOUR * CREATOR,*,*,<srai>CREATORANS</srai>,creatorans.aiml
0,YOUR * CREATOR *,*,*,<srai>CREATORANS</srai>,creatorans.aiml
0,YOUR * INVENTOR,*,*,<srai>CREATORANS</srai>,creatorans.aiml
0,YOUR * INVENTOR *,*,*,<srai>CREATORANS</srai>,creatorans.aiml
0,YOUR * MAKER,*,*,<srai>CREATORANS</srai>,creatorans.aiml
0,YOUR * MAKER *,*,*,<srai>CREATORANS</srai>,creatorans.aiml
0,YOUR * FATHER,*,*,<srai>CREATORANS</srai>,creatorans.aiml
0,YOUR * FATHER *,*,*,<srai>CREATORANS</srai>,creatorans.aiml
0,YOUR * CREATED,*,*,<srai>CREATORANS</srai>,creatorans.aiml
0,YOUR * CREATED *,*,*,<srai>CREATORANS</srai>,creatorans.aiml
0,YOUR * INVENTED,*,*,<srai>CREATORANS</srai>,creatorans.aiml
0,YOUR * INVENTED *,*,*,<srai>CREATORANS</srai>,creatorans.aiml
0,YOUR * MADE,*,*,<srai>CREATORANS</srai>,creatorans.aiml
0,YOUR * MADE *,*,*,<srai>CREATORANS</srai>,creatorans.aiml
0,YOUR * CREATION,*,*,<srai>CREATORANS</srai>,creatorans.aiml
0,YOUR * CREATION *,*,*,<srai>CREATORANS</srai>,creatorans.aiml
0,YOUR * INVENTION,*,*,<srai>CREATORANS</srai>,creatorans.aiml
0,YOUR * INVENTION *,*,*,<srai>CREATORANS</srai>,creatorans.aiml
0,YOUR * MAKING,*,*,<srai>CREATORANS</srai>,creatorans.aiml
0,YOUR * MAKING *,*,*,<srai>CREATORANS</srai>,creatorans.aiml
0,YOURSELF CREATOR,*,*,<srai>CREATORANS</srai>,creatorans.aiml
0,YOURSELF CREATOR *,*,*,<srai>CREATORANS</srai>,creatorans.aiml
0,YOURSELF INVENTOR,*,*,<srai>CREATORANS</srai>,creatorans.aiml
0,YOURSELF INVENTOR *,*,*,<srai>CREATORANS</srai>,creatorans.aiml
0,YOURSELF MAKER,*,*,<srai>CREATORANS</srai>,creatorans.aiml
0,YOURSELF MAKER *,*,*,<srai>CREATORANS</srai>,creatorans.aiml
0,YOURSELF FATHER,*,*,<srai>CREATORANS</srai>,creatorans.aiml
0,YOURSELF FATHER *,*,*,<srai>CREATORANS</srai>,creatorans.aiml
0,YOURSELF CREATED,*,*,<srai>CREATORANS</srai>,creatorans.aiml
0,YOURSELF CREATED *,*,*,<srai>CREATORANS</srai>,creatorans.aiml
0,YOURSELF INVENTED,*,*,<srai>CREATORANS</srai>,creatorans.aiml
0,YOURSELF INVENTED *,*,*,<srai>CREATORANS</srai>,creatorans.aiml
0,YOURSELF MADE,*,*,<srai>CREATORANS</srai>,creatorans.aiml
0,YOURSELF MADE *,*,*,<srai>CREATORANS</srai>,creatorans.aiml
0,YOURSELF CREATION,*,*,<srai>CREATORANS</srai>,creatorans.aiml
0,YOURSELF CREATION *,*,*,<srai>CREATORANS</srai>,creatorans.aiml
0,YOURSELF INVENTION,*,*,<srai>CREATORANS</srai>,creatorans.aiml
0,YOURSELF INVENTION *,*,*,<srai>CREATORANS</srai>,creatorans.aiml
0,YOURSELF MAKING,*,*,<srai>CREATORANS</srai>,creatorans.aiml
0,YOURSELF MAKING *,*,*,<srai>CREATORANS</srai>,creatorans.aiml
0,YOURSELF * CREATOR,*,*,<srai>CREATORANS</srai>,creatorans.aiml
0,YOURSELF * CREATOR *,*,*,<srai>CREATORANS</srai>,creatorans.aiml
0,YOURSELF * INVENTOR,*,*,<srai>CREATORANS</srai>,creatorans.aiml
0,YOURSELF * INVENTOR *,*,*,<srai>CREATORANS</srai>,creatorans.aiml
0,YOURSELF * MAKER,*,*,<srai>CREATORANS</srai>,creatorans.aiml
0,YOURSELF * MAKER *,*,*,<srai>CREATORANS</srai>,creatorans.aiml
0,YOURSELF * FATHER,*,*,<srai>CREATORANS</srai>,creatorans.aiml
0,YOURSELF * FATHER *,*,*,<srai>CREATORANS</srai>,creatorans.aiml
0,YOURSELF * CREATED,*,*,<srai>CREATORANS</srai>,creatorans.aiml
0,YOURSELF * CREATED *,*,*,<srai>CREATORANS</srai>,creatorans.aiml
0,YOURSELF * INVENTED,*,*,<srai>CREATORANS</srai>,creatorans.aiml
0,YOURSELF * INVENTED *,*,*,<srai>CREATORANS</srai>,creatorans.aiml
0,YOURSELF * MADE,*,*,<srai>CREATORANS</srai>,creatorans.aiml
0,YOURSELF * MADE *,*,*,<srai>CREATORANS</srai>,creatorans.aiml
0,YOURSELF * CREATION,*,*,<srai>CREATORANS</srai>,creatorans.aiml
0,YOURSELF * CREATION *,*,*,<srai>CREATORANS</srai>,creatorans.aiml
0,YOURSELF * INVENTION,*,*,<srai>CREATORANS</srai>,creatorans.aiml
0,YOURSELF * INVENTION *,*,*,<srai>CREATORANS</srai>,creatorans.aiml
0,YOURSELF * MAKING,*,*,<srai>CREATORANS</srai>,creatorans.aiml
0,YOURSELF * MAKING *,*,*,<srai>CREATORANS</srai>,creatorans.aiml
0,* RAMONA CREATOR,*,*,<srai>CREATORANS</srai>,creatorans.aiml
0,* RAMONA CREATOR *,*,*,<srai>CREATORANS</srai>,creatorans.aiml
0,* RAMONA INVENTOR,*,*,<srai>CREATORANS</srai>,creatorans.aiml
0,* RAMONA INVENTOR *,*,*,<srai>CREATORANS</srai>,creatorans.aiml
0,* RAMONA MAKER,*,*,<srai>CREATORANS</srai>,creatorans.aiml
0,* RAMONA MAKER *,*,*,<srai>CREATORANS</srai>,creatorans.aiml
0,* RAMONA FATHER,*,*,<srai>CREATORANS</srai>,creatorans.aiml
0,* RAMONA FATHER *,*,*,<srai>CREATORANS</srai>,creatorans.aiml
0,* RAMONA CREATED,*,*,<srai>CREATORANS</srai>,creatorans.aiml
0,* RAMONA CREATED *,*,*,<srai>CREATORANS</srai>,creatorans.aiml
0,* RAMONA INVENTED,*,*,<srai>CREATORANS</srai>,creatorans.aiml
0,* RAMONA INVENTED *,*,*,<srai>CREATORANS</srai>,creatorans.aiml
0,* RAMONA MADE,*,*,<srai>CREATORANS</srai>,creatorans.aiml
0,* RAMONA MADE *,*,*,<srai>CREATORANS</srai>,creatorans.aiml
0,* RAMONA CREATION,*,*,<srai>CREATORANS</srai>,creatorans.aiml
0,* RAMONA CREATION *,*,*,<srai>CREATORANS</srai>,creatorans.aiml
0,* RAMONA INVENTION,*,*,<srai>CREATORANS</srai>,creatorans.aiml
0,* RAMONA INVENTION *,*,*,<srai>CREATORANS</srai>,creatorans.aiml
0,* RAMONA MAKING,*,*,<srai>CREATORANS</srai>,creatorans.aiml
0,* RAMONA MAKING *,*,*,<srai>CREATORANS</srai>,creatorans.aiml
0,* RAMONA * CREATOR,*,*,<srai>CREATORANS</srai>,creatorans.aiml
0,* RAMONA * CREATOR *,*,*,<srai>CREATORANS</srai>,creatorans.aiml
0,* RAMONA * INVENTOR,*,*,<srai>CREATORANS</srai>,creatorans.aiml
0,* RAMONA * INVENTOR *,*,*,<srai>CREATORANS</srai>,creatorans.aiml
0,* RAMONA * MAKER,*,*,<srai>CREATORANS</srai>,creatorans.aiml
0,* RAMONA * MAKER *,*,*,<srai>CREATORANS</srai>,creatorans.aiml
0,* RAMONA * FATHER,*,*,<srai>CREATORANS</srai>,creatorans.aiml
0,* RAMONA * FATHER *,*,*,<srai>CREATORANS</srai>,creatorans.aiml
0,* RAMONA * CREATED,*,*,<srai>CREATORANS</srai>,creatorans.aiml
0,* RAMONA * CREATED *,*,*,<srai>CREATORANS</srai>,creatorans.aiml
0,* RAMONA * INVENTED,*,*,<srai>CREATORANS</srai>,creatorans.aiml
0,* RAMONA * INVENTED *,*,*,<srai>CREATORANS</srai>,creatorans.aiml
0,* RAMONA * MADE,*,*,<srai>CREATORANS</srai>,creatorans.aiml
0,* RAMONA * MADE *,*,*,<srai>CREATORANS</srai>,creatorans.aiml
0,* RAMONA * CREATION,*,*,<srai>CREATORANS</srai>,creatorans.aiml
0,* RAMONA * CREATION *,*,*,<srai>CREATORANS</srai>,creatorans.aiml
0,* RAMONA * INVENTION,*,*,<srai>CREATORANS</srai>,creatorans.aiml
0,* RAMONA * INVENTION *,*,*,<srai>CREATORANS</srai>,creatorans.aiml
0,* RAMONA * MAKING,*,*,<srai>CREATORANS</srai>,creatorans.aiml
0,* RAMONA * MAKING *,*,*,<srai>CREATORANS</srai>,creatorans.aiml
0,* YOU CREATOR,*,*,<srai>CREATORANS</srai>,creatorans.aiml
0,* YOU CREATOR *,*,*,<srai>CREATORANS</srai>,creatorans.aiml
0,* YOU INVENTOR,*,*,<srai>CREATORANS</srai>,creatorans.aiml
0,* YOU INVENTOR *,*,*,<srai>CREATORANS</srai>,creatorans.aiml
0,* YOU MAKER,*,*,<srai>CREATORANS</srai>,creatorans.aiml
0,* YOU MAKER *,*,*,<srai>CREATORANS</srai>,creatorans.aiml
0,* YOU FATHER,*,*,<srai>CREATORANS</srai>,creatorans.aiml
0,* YOU FATHER *,*,*,<srai>CREATORANS</srai>,creatorans.aiml
0,* YOU CREATED,*,*,<srai>CREATORANS</srai>,creatorans.aiml
0,* YOU CREATED *,*,*,<srai>CREATORANS</srai>,creatorans.aiml
0,* YOU INVENTED,*,*,<srai>CREATORANS</srai>,creatorans.aiml
0,* YOU INVENTED *,*,*,<srai>CREATORANS</srai>,creatorans.aiml
0,* YOU MADE,*,*,<srai>CREATORANS</srai>,creatorans.aiml
0,* YOU MADE *,*,*,<srai>CREATORANS</srai>,creatorans.aiml
0,* YOU CREATION,*,*,<srai>CREATORANS</srai>,creatorans.aiml
0,* YOU CREATION *,*,*,<srai>CREATORANS</srai>,creatorans.aiml
0,* YOU INVENTION,*,*,<srai>CREATORANS</srai>,creatorans.aiml
0,* YOU INVENTION *,*,*,<srai>CREATORANS</srai>,creatorans.aiml
0,* YOU MAKING,*,*,<srai>CREATORANS</srai>,creatorans.aiml
0,* YOU MAKING *,*,*,<srai>CREATORANS</srai>,creatorans.aiml
0,* YOU * CREATOR,*,*,<srai>CREATORANS</srai>,creatorans.aiml
0,* YOU * CREATOR *,*,*,<srai>CREATORANS</srai>,creatorans.aiml
0,* YOU * INVENTOR,*,*,<srai>CREATORANS</srai>,creatorans.aiml
0,* YOU * INVENTOR *,*,*,<srai>CREATORANS</srai>,creatorans.aiml
0,* YOU * MAKER,*,*,<srai>CREATORANS</srai>,creatorans.aiml
0,* YOU * MAKER *,*,*,<srai>CREATORANS</srai>,creatorans.aiml
0,* YOU * FATHER,*,*,<srai>CREATORANS</srai>,creatorans.aiml
0,* YOU * FATHER *,*,*,<srai>CREATORANS</srai>,creatorans.aiml
0,* YOU * CREATED,*,*,<srai>CREATORANS</srai>,creatorans.aiml
0,* YOU * CREATED *,*,*,<srai>CREATORANS</srai>,creatorans.aiml
0,* YOU * INVENTED,*,*,<srai>CREATORANS</srai>,creatorans.aiml
0,* YOU * INVENTED *,*,*,<srai>CREATORANS</srai>,creatorans.aiml
0,* YOU * MADE,*,*,<srai>CREATORANS</srai>,creatorans.aiml
0,* YOU * MADE *,*,*,<srai>CREATORANS</srai>,creatorans.aiml
0,* YOU * CREATION,*,*,<srai>CREATORANS</srai>,creatorans.aiml
0,* YOU * CREATION *,*,*,<srai>CREATORANS</srai>,creatorans.aiml
0,* YOU * INVENTION,*,*,<srai>CREATORANS</srai>,creatorans.aiml
0,* YOU * INVENTION *,*,*,<srai>CREATORANS</srai>,creatorans.aiml
0,* YOU * MAKING,*,*,<srai>CREATORANS</srai>,creatorans.aiml
0,* YOU * MAKING *,*,*,<srai>CREATORANS</srai>,creatorans.aiml
0,* YOUR CREATOR,*,*,<srai>CREATORANS</srai>,creatorans.aiml
0,* YOUR CREATOR *,*,*,<srai>CREATORANS</srai>,creatorans.aiml
0,* YOUR INVENTOR,*,*,<srai>CREATORANS</srai>,creatorans.aiml
0,* YOUR INVENTOR *,*,*,<srai>CREATORANS</srai>,creatorans.aiml
0,* YOUR MAKER,*,*,<srai>CREATORANS</srai>,creatorans.aiml
0,* YOUR MAKER *,*,*,<srai>CREATORANS</srai>,creatorans.aiml
0,* YOUR FATHER,*,*,<srai>CREATORANS</srai>,creatorans.aiml
0,* YOUR FATHER *,*,*,<srai>CREATORANS</srai>,creatorans.aiml
0,* YOUR CREATED,*,*,<srai>CREATORANS</srai>,creatorans.aiml
0,* YOUR CREATED *,*,*,<srai>CREATORANS</srai>,creatorans.aiml
0,* YOUR INVENTED,*,*,<srai>CREATORANS</srai>,creatorans.aiml
0,* YOUR INVENTED *,*,*,<srai>CREATORANS</srai>,creatorans.aiml
0,* YOUR MADE,*,*,<srai>CREATORANS</srai>,creatorans.aiml
0,* YOUR MADE *,*,*,<srai>CREATORANS</srai>,creatorans.aiml
0,* YOUR CREATION,*,*,<srai>CREATORANS</srai>,creatorans.aiml
0,* YOUR CREATION *,*,*,<srai>CREATORANS</srai>,creatorans.aiml
0,* YOUR INVENTION,*,*,<srai>CREATORANS</srai>,creatorans.aiml
0,* YOUR INVENTION *,*,*,<srai>CREATORANS</srai>,creatorans.aiml
0,* YOUR MAKING,*,*,<srai>CREATORANS</srai>,creatorans.aiml
0,* YOUR MAKING *,*,*,<srai>CREATORANS</srai>,creatorans.aiml
0,* YOUR * CREATOR,*,*,<srai>CREATORANS</srai>,creatorans.aiml
0,* YOUR * CREATOR *,*,*,<srai>CREATORANS</srai>,creatorans.aiml
0,* YOUR * INVENTOR,*,*,<srai>CREATORANS</srai>,creatorans.aiml
0,* YOUR * INVENTOR *,*,*,<srai>CREATORANS</srai>,creatorans.aiml
0,* YOUR * MAKER,*,*,<srai>CREATORANS</srai>,creatorans.aiml
0,* YOUR * MAKER *,*,*,<srai>CREATORANS</srai>,creatorans.aiml
0,* YOUR * FATHER,*,*,<srai>CREATORANS</srai>,creatorans.aiml
0,* YOUR * FATHER *,*,*,<srai>CREATORANS</srai>,creatorans.aiml
0,* YOUR * CREATED,*,*,<srai>CREATORANS</srai>,creatorans.aiml
0,* YOUR * CREATED *,*,*,<srai>CREATORANS</srai>,creatorans.aiml
0,* YOUR * INVENTED,*,*,<srai>CREATORANS</srai>,creatorans.aiml
0,* YOUR * INVENTED *,*,*,<srai>CREATORANS</srai>,creatorans.aiml
0,* YOUR * MADE,*,*,<srai>CREATORANS</srai>,creatorans.aiml
0,* YOUR * MADE *,*,*,<srai>CREATORANS</srai>,creatorans.aiml
0,* YOUR * CREATION,*,*,<srai>CREATORANS</srai>,creatorans.aiml
0,* YOUR * CREATION *,*,*,<srai>CREATORANS</srai>,creatorans.aiml
0,* YOUR * INVENTION,*,*,<srai>CREATORANS</srai>,creatorans.aiml
0,* YOUR * INVENTION *,*,*,<srai>CREATORANS</srai>,creatorans.aiml
0,* YOUR * MAKING,*,*,<srai>CREATORANS</srai>,creatorans.aiml
0,* YOUR * MAKING *,*,*,<srai>CREATORANS</srai>,creatorans.aiml
0,* YOURSELF CREATOR,*,*,<srai>CREATORANS</srai>,creatorans.aiml
0,* YOURSELF CREATOR *,*,*,<srai>CREATORANS</srai>,creatorans.aiml
0,* YOURSELF INVENTOR,*,*,<srai>CREATORANS</srai>,creatorans.aiml
0,* YOURSELF INVENTOR *,*,*,<srai>CREATORANS</srai>,creatorans.aiml
0,* YOURSELF MAKER,*,*,<srai>CREATORANS</srai>,creatorans.aiml
0,* YOURSELF MAKER *,*,*,<srai>CREATORANS</srai>,creatorans.aiml
0,* YOURSELF FATHER,*,*,<srai>CREATORANS</srai>,creatorans.aiml
0,* YOURSELF FATHER *,*,*,<srai>CREATORANS</srai>,creatorans.aiml
0,* YOURSELF CREATED,*,*,<srai>CREATORANS</srai>,creatorans.aiml
0,* YOURSELF CREATED *,*,*,<srai>CREATORANS</srai>,creatorans.aiml
0,* YOURSELF INVENTED,*,*,<srai>CREATORANS</srai>,creatorans.aiml
0,* YOURSELF INVENTED *,*,*,<srai>CREATORANS</srai>,creatorans.aiml
0,* YOURSELF MADE,*,*,<srai>CREATORANS</srai>,creatorans.aiml
0,* YOURSELF MADE *,*,*,<srai>CREATORANS</srai>,creatorans.aiml
0,* YOURSELF CREATION,*,*,<srai>CREATORANS</srai>,creatorans.aiml
0,* YOURSELF CREATION *,*,*,<srai>CREATORANS</srai>,creatorans.aiml
0,* YOURSELF INVENTION,*,*,<srai>CREATORANS</srai>,creatorans.aiml
0,* YOURSELF INVENTION *,*,*,<srai>CREATORANS</srai>,creatorans.aiml
0,* YOURSELF MAKING,*,*,<srai>CREATORANS</srai>,creatorans.aiml
0,* YOURSELF MAKING *,*,*,<srai>CREATORANS</srai>,creatorans.aiml
0,* YOURSELF * CREATOR,*,*,<srai>CREATORANS</srai>,creatorans.aiml
0,* YOURSELF * CREATOR *,*,*,<srai>CREATORANS</srai>,creatorans.aiml
0,* YOURSELF * INVENTOR,*,*,<srai>CREATORANS</srai>,creatorans.aiml
0,* YOURSELF * INVENTOR *,*,*,<srai>CREATORANS</srai>,creatorans.aiml
0,* YOURSELF * MAKER,*,*,<srai>CREATORANS</srai>,creatorans.aiml
0,* YOURSELF * MAKER *,*,*,<srai>CREATORANS</srai>,creatorans.aiml
0,* YOURSELF * FATHER,*,*,<srai>CREATORANS</srai>,creatorans.aiml
0,* YOURSELF * FATHER *,*,*,<srai>CREATORANS</srai>,creatorans.aiml
0,* YOURSELF * CREATED,*,*,<srai>CREATORANS</srai>,creatorans.aiml
0,* YOURSELF * CREATED *,*,*,<srai>CREATORANS</srai>,creatorans.aiml
0,* YOURSELF * INVENTED,*,*,<srai>CREATORANS</srai>,creatorans.aiml
0,* YOURSELF * INVENTED *,*,*,<srai>CREATORANS</srai>,creatorans.aiml
0,* YOURSELF * MADE,*,*,<srai>CREATORANS</srai>,creatorans.aiml
0,* YOURSELF * MADE *,*,*,<srai>CREATORANS</srai>,creatorans.aiml
0,* YOURSELF * CREATION,*,*,<srai>CREATORANS</srai>,creatorans.aiml
0,* YOURSELF * CREATION *,*,*,<srai>CREATORANS</srai>,creatorans.aiml
0,* YOURSELF * INVENTION,*,*,<srai>CREATORANS</srai>,creatorans.aiml
0,* YOURSELF * INVENTION *,*,*,<srai>CREATORANS</srai>,creatorans.aiml
0,* YOURSELF * MAKING,*,*,<srai>CREATORANS</srai>,creatorans.aiml
0,* YOURSELF * MAKING *,*,*,<srai>CREATORANS</srai>,creatorans.aiml
