0,EXPOPREDANS,*,*,The overall power of information technology is amazingly predictable.,expopredans.aiml
0,ACCELERATING ESTIMATE,*,*,<srai>EXPOPREDANS</srai>,expopredans.aiml
0,ACCELERATING ESTIMATE *,*,*,<srai>EXPOPREDANS</srai>,expopredans.aiml
0,ACCELERATING ESTIMATIONS,*,*,<srai>EXPOPREDANS</srai>,expopredans.aiml
0,ACCELERATING ESTIMATIONS *,*,*,<srai>EXPOPREDANS</srai>,expopredans.aiml
0,ACCELERATING PREVISION,*,*,<srai>EXPOPREDANS</srai>,expopredans.aiml
0,ACCELERATING PREVISION *,*,*,<srai>EXPOPREDANS</srai>,expopredans.aiml
0,ACCELERATING PREVISIONS,*,*,<srai>EXPOPREDANS</srai>,expopredans.aiml
0,ACCELERATING PREVISIONS *,*,*,<srai>EXPOPREDANS</srai>,expopredans.aiml
0,ACCELERATING PROJECTION,*,*,<srai>EXPOPREDANS</srai>,expopredans.aiml
0,ACCELERATING PROJECTION *,*,*,<srai>EXPOPREDANS</srai>,expopredans.aiml
0,ACCELERATING PROJECTIONS,*,*,<srai>EXPOPREDANS</srai>,expopredans.aiml
0,ACCELERATING PROJECTIONS *,*,*,<srai>EXPOPREDANS</srai>,expopredans.aiml
0,ACCELERATING FORECAST,*,*,<srai>EXPOPREDANS</srai>,expopredans.aiml
0,ACCELERATING FORECAST *,*,*,<srai>EXPOPREDANS</srai>,expopredans.aiml
0,ACCELERATING FORECASTS,*,*,<srai>EXPOPREDANS</srai>,expopredans.aiml
0,ACCELERATING FORECASTS *,*,*,<srai>EXPOPREDANS</srai>,expopredans.aiml
0,ACCELERATING PREDICTION,*,*,<srai>EXPOPREDANS</srai>,expopredans.aiml
0,ACCELERATING PREDICTION *,*,*,<srai>EXPOPREDANS</srai>,expopredans.aiml
0,ACCELERATING PREDICTIONS,*,*,<srai>EXPOPREDANS</srai>,expopredans.aiml
0,ACCELERATING PREDICTIONS *,*,*,<srai>EXPOPREDANS</srai>,expopredans.aiml
0,ACCELERATING PREDICTABLE,*,*,<srai>EXPOPREDANS</srai>,expopredans.aiml
0,ACCELERATING PREDICTABLE *,*,*,<srai>EXPOPREDANS</srai>,expopredans.aiml
0,ACCELERATING FORESEEABLE,*,*,<srai>EXPOPREDANS</srai>,expopredans.aiml
0,ACCELERATING FORESEEABLE *,*,*,<srai>EXPOPREDANS</srai>,expopredans.aiml
0,ACCELERATING * ESTIMATE,*,*,<srai>EXPOPREDANS</srai>,expopredans.aiml
0,ACCELERATING * ESTIMATE *,*,*,<srai>EXPOPREDANS</srai>,expopredans.aiml
0,ACCELERATING * ESTIMATIONS,*,*,<srai>EXPOPREDANS</srai>,expopredans.aiml
0,ACCELERATING * ESTIMATIONS *,*,*,<srai>EXPOPREDANS</srai>,expopredans.aiml
0,ACCELERATING * PREVISION,*,*,<srai>EXPOPREDANS</srai>,expopredans.aiml
0,ACCELERATING * PREVISION *,*,*,<srai>EXPOPREDANS</srai>,expopredans.aiml
0,ACCELERATING * PREVISIONS,*,*,<srai>EXPOPREDANS</srai>,expopredans.aiml
0,ACCELERATING * PREVISIONS *,*,*,<srai>EXPOPREDANS</srai>,expopredans.aiml
0,ACCELERATING * PROJECTION,*,*,<srai>EXPOPREDANS</srai>,expopredans.aiml
0,ACCELERATING * PROJECTION *,*,*,<srai>EXPOPREDANS</srai>,expopredans.aiml
0,ACCELERATING * PROJECTIONS,*,*,<srai>EXPOPREDANS</srai>,expopredans.aiml
0,ACCELERATING * PROJECTIONS *,*,*,<srai>EXPOPREDANS</srai>,expopredans.aiml
0,ACCELERATING * FORECAST,*,*,<srai>EXPOPREDANS</srai>,expopredans.aiml
0,ACCELERATING * FORECAST *,*,*,<srai>EXPOPREDANS</srai>,expopredans.aiml
0,ACCELERATING * FORECASTS,*,*,<srai>EXPOPREDANS</srai>,expopredans.aiml
0,ACCELERATING * FORECASTS *,*,*,<srai>EXPOPREDANS</srai>,expopredans.aiml
0,ACCELERATING * PREDICTION,*,*,<srai>EXPOPREDANS</srai>,expopredans.aiml
0,ACCELERATING * PREDICTION *,*,*,<srai>EXPOPREDANS</srai>,expopredans.aiml
0,ACCELERATING * PREDICTIONS,*,*,<srai>EXPOPREDANS</srai>,expopredans.aiml
0,ACCELERATING * PREDICTIONS *,*,*,<srai>EXPOPREDANS</srai>,expopredans.aiml
0,ACCELERATING * PREDICTABLE,*,*,<srai>EXPOPREDANS</srai>,expopredans.aiml
0,ACCELERATING * PREDICTABLE *,*,*,<srai>EXPOPREDANS</srai>,expopredans.aiml
0,ACCELERATING * FORESEEABLE,*,*,<srai>EXPOPREDANS</srai>,expopredans.aiml
0,ACCELERATING * FORESEEABLE *,*,*,<srai>EXPOPREDANS</srai>,expopredans.aiml
0,EXPONENTIAL ESTIMATE,*,*,<srai>EXPOPREDANS</srai>,expopredans.aiml
0,EXPONENTIAL ESTIMATE *,*,*,<srai>EXPOPREDANS</srai>,expopredans.aiml
0,EXPONENTIAL ESTIMATIONS,*,*,<srai>EXPOPREDANS</srai>,expopredans.aiml
0,EXPONENTIAL ESTIMATIONS *,*,*,<srai>EXPOPREDANS</srai>,expopredans.aiml
0,EXPONENTIAL PREVISION,*,*,<srai>EXPOPREDANS</srai>,expopredans.aiml
0,EXPONENTIAL PREVISION *,*,*,<srai>EXPOPREDANS</srai>,expopredans.aiml
0,EXPONENTIAL PREVISIONS,*,*,<srai>EXPOPREDANS</srai>,expopredans.aiml
0,EXPONENTIAL PREVISIONS *,*,*,<srai>EXPOPREDANS</srai>,expopredans.aiml
0,EXPONENTIAL PROJECTION,*,*,<srai>EXPOPREDANS</srai>,expopredans.aiml
0,EXPONENTIAL PROJECTION *,*,*,<srai>EXPOPREDANS</srai>,expopredans.aiml
0,EXPONENTIAL PROJECTIONS,*,*,<srai>EXPOPREDANS</srai>,expopredans.aiml
0,EXPONENTIAL PROJECTIONS *,*,*,<srai>EXPOPREDANS</srai>,expopredans.aiml
0,EXPONENTIAL FORECAST,*,*,<srai>EXPOPREDANS</srai>,expopredans.aiml
0,EXPONENTIAL FORECAST *,*,*,<srai>EXPOPREDANS</srai>,expopredans.aiml
0,EXPONENTIAL FORECASTS,*,*,<srai>EXPOPREDANS</srai>,expopredans.aiml
0,EXPONENTIAL FORECASTS *,*,*,<srai>EXPOPREDANS</srai>,expopredans.aiml
0,EXPONENTIAL PREDICTION,*,*,<srai>EXPOPREDANS</srai>,expopredans.aiml
0,EXPONENTIAL PREDICTION *,*,*,<srai>EXPOPREDANS</srai>,expopredans.aiml
0,EXPONENTIAL PREDICTIONS,*,*,<srai>EXPOPREDANS</srai>,expopredans.aiml
0,EXPONENTIAL PREDICTIONS *,*,*,<srai>EXPOPREDANS</srai>,expopredans.aiml
0,EXPONENTIAL PREDICTABLE,*,*,<srai>EXPOPREDANS</srai>,expopredans.aiml
0,EXPONENTIAL PREDICTABLE *,*,*,<srai>EXPOPREDANS</srai>,expopredans.aiml
0,EXPONENTIAL FORESEEABLE,*,*,<srai>EXPOPREDANS</srai>,expopredans.aiml
0,EXPONENTIAL FORESEEABLE *,*,*,<srai>EXPOPREDANS</srai>,expopredans.aiml
0,EXPONENTIAL * ESTIMATE,*,*,<srai>EXPOPREDANS</srai>,expopredans.aiml
0,EXPONENTIAL * ESTIMATE *,*,*,<srai>EXPOPREDANS</srai>,expopredans.aiml
0,EXPONENTIAL * ESTIMATIONS,*,*,<srai>EXPOPREDANS</srai>,expopredans.aiml
0,EXPONENTIAL * ESTIMATIONS *,*,*,<srai>EXPOPREDANS</srai>,expopredans.aiml
0,EXPONENTIAL * PREVISION,*,*,<srai>EXPOPREDANS</srai>,expopredans.aiml
0,EXPONENTIAL * PREVISION *,*,*,<srai>EXPOPREDANS</srai>,expopredans.aiml
0,EXPONENTIAL * PREVISIONS,*,*,<srai>EXPOPREDANS</srai>,expopredans.aiml
0,EXPONENTIAL * PREVISIONS *,*,*,<srai>EXPOPREDANS</srai>,expopredans.aiml
0,EXPONENTIAL * PROJECTION,*,*,<srai>EXPOPREDANS</srai>,expopredans.aiml
0,EXPONENTIAL * PROJECTION *,*,*,<srai>EXPOPREDANS</srai>,expopredans.aiml
0,EXPONENTIAL * PROJECTIONS,*,*,<srai>EXPOPREDANS</srai>,expopredans.aiml
0,EXPONENTIAL * PROJECTIONS *,*,*,<srai>EXPOPREDANS</srai>,expopredans.aiml
0,EXPONENTIAL * FORECAST,*,*,<srai>EXPOPREDANS</srai>,expopredans.aiml
0,EXPONENTIAL * FORECAST *,*,*,<srai>EXPOPREDANS</srai>,expopredans.aiml
0,EXPONENTIAL * FORECASTS,*,*,<srai>EXPOPREDANS</srai>,expopredans.aiml
0,EXPONENTIAL * FORECASTS *,*,*,<srai>EXPOPREDANS</srai>,expopredans.aiml
0,EXPONENTIAL * PREDICTION,*,*,<srai>EXPOPREDANS</srai>,expopredans.aiml
0,EXPONENTIAL * PREDICTION *,*,*,<srai>EXPOPREDANS</srai>,expopredans.aiml
0,EXPONENTIAL * PREDICTIONS,*,*,<srai>EXPOPREDANS</srai>,expopredans.aiml
0,EXPONENTIAL * PREDICTIONS *,*,*,<srai>EXPOPREDANS</srai>,expopredans.aiml
0,EXPONENTIAL * PREDICTABLE,*,*,<srai>EXPOPREDANS</srai>,expopredans.aiml
0,EXPONENTIAL * PREDICTABLE *,*,*,<srai>EXPOPREDANS</srai>,expopredans.aiml
0,EXPONENTIAL * FORESEEABLE,*,*,<srai>EXPOPREDANS</srai>,expopredans.aiml
0,EXPONENTIAL * FORESEEABLE *,*,*,<srai>EXPOPREDANS</srai>,expopredans.aiml
0,* ACCELERATING ESTIMATE,*,*,<srai>EXPOPREDANS</srai>,expopredans.aiml
0,* ACCELERATING ESTIMATE *,*,*,<srai>EXPOPREDANS</srai>,expopredans.aiml
0,* ACCELERATING ESTIMATIONS,*,*,<srai>EXPOPREDANS</srai>,expopredans.aiml
0,* ACCELERATING ESTIMATIONS *,*,*,<srai>EXPOPREDANS</srai>,expopredans.aiml
0,* ACCELERATING PREVISION,*,*,<srai>EXPOPREDANS</srai>,expopredans.aiml
0,* ACCELERATING PREVISION *,*,*,<srai>EXPOPREDANS</srai>,expopredans.aiml
0,* ACCELERATING PREVISIONS,*,*,<srai>EXPOPREDANS</srai>,expopredans.aiml
0,* ACCELERATING PREVISIONS *,*,*,<srai>EXPOPREDANS</srai>,expopredans.aiml
0,* ACCELERATING PROJECTION,*,*,<srai>EXPOPREDANS</srai>,expopredans.aiml
0,* ACCELERATING PROJECTION *,*,*,<srai>EXPOPREDANS</srai>,expopredans.aiml
0,* ACCELERATING PROJECTIONS,*,*,<srai>EXPOPREDANS</srai>,expopredans.aiml
0,* ACCELERATING PROJECTIONS *,*,*,<srai>EXPOPREDANS</srai>,expopredans.aiml
0,* ACCELERATING FORECAST,*,*,<srai>EXPOPREDANS</srai>,expopredans.aiml
0,* ACCELERATING FORECAST *,*,*,<srai>EXPOPREDANS</srai>,expopredans.aiml
0,* ACCELERATING FORECASTS,*,*,<srai>EXPOPREDANS</srai>,expopredans.aiml
0,* ACCELERATING FORECASTS *,*,*,<srai>EXPOPREDANS</srai>,expopredans.aiml
0,* ACCELERATING PREDICTION,*,*,<srai>EXPOPREDANS</srai>,expopredans.aiml
0,* ACCELERATING PREDICTION *,*,*,<srai>EXPOPREDANS</srai>,expopredans.aiml
0,* ACCELERATING PREDICTIONS,*,*,<srai>EXPOPREDANS</srai>,expopredans.aiml
0,* ACCELERATING PREDICTIONS *,*,*,<srai>EXPOPREDANS</srai>,expopredans.aiml
0,* ACCELERATING PREDICTABLE,*,*,<srai>EXPOPREDANS</srai>,expopredans.aiml
0,* ACCELERATING PREDICTABLE *,*,*,<srai>EXPOPREDANS</srai>,expopredans.aiml
0,* ACCELERATING FORESEEABLE,*,*,<srai>EXPOPREDANS</srai>,expopredans.aiml
0,* ACCELERATING FORESEEABLE *,*,*,<srai>EXPOPREDANS</srai>,expopredans.aiml
0,* ACCELERATING * ESTIMATE,*,*,<srai>EXPOPREDANS</srai>,expopredans.aiml
0,* ACCELERATING * ESTIMATE *,*,*,<srai>EXPOPREDANS</srai>,expopredans.aiml
0,* ACCELERATING * ESTIMATIONS,*,*,<srai>EXPOPREDANS</srai>,expopredans.aiml
0,* ACCELERATING * ESTIMATIONS *,*,*,<srai>EXPOPREDANS</srai>,expopredans.aiml
0,* ACCELERATING * PREVISION,*,*,<srai>EXPOPREDANS</srai>,expopredans.aiml
0,* ACCELERATING * PREVISION *,*,*,<srai>EXPOPREDANS</srai>,expopredans.aiml
0,* ACCELERATING * PREVISIONS,*,*,<srai>EXPOPREDANS</srai>,expopredans.aiml
0,* ACCELERATING * PREVISIONS *,*,*,<srai>EXPOPREDANS</srai>,expopredans.aiml
0,* ACCELERATING * PROJECTION,*,*,<srai>EXPOPREDANS</srai>,expopredans.aiml
0,* ACCELERATING * PROJECTION *,*,*,<srai>EXPOPREDANS</srai>,expopredans.aiml
0,* ACCELERATING * PROJECTIONS,*,*,<srai>EXPOPREDANS</srai>,expopredans.aiml
0,* ACCELERATING * PROJECTIONS *,*,*,<srai>EXPOPREDANS</srai>,expopredans.aiml
0,* ACCELERATING * FORECAST,*,*,<srai>EXPOPREDANS</srai>,expopredans.aiml
0,* ACCELERATING * FORECAST *,*,*,<srai>EXPOPREDANS</srai>,expopredans.aiml
0,* ACCELERATING * FORECASTS,*,*,<srai>EXPOPREDANS</srai>,expopredans.aiml
0,* ACCELERATING * FORECASTS *,*,*,<srai>EXPOPREDANS</srai>,expopredans.aiml
0,* ACCELERATING * PREDICTION,*,*,<srai>EXPOPREDANS</srai>,expopredans.aiml
0,* ACCELERATING * PREDICTION *,*,*,<srai>EXPOPREDANS</srai>,expopredans.aiml
0,* ACCELERATING * PREDICTIONS,*,*,<srai>EXPOPREDANS</srai>,expopredans.aiml
0,* ACCELERATING * PREDICTIONS *,*,*,<srai>EXPOPREDANS</srai>,expopredans.aiml
0,* ACCELERATING * PREDICTABLE,*,*,<srai>EXPOPREDANS</srai>,expopredans.aiml
0,* ACCELERATING * PREDICTABLE *,*,*,<srai>EXPOPREDANS</srai>,expopredans.aiml
0,* ACCELERATING * FORESEEABLE,*,*,<srai>EXPOPREDANS</srai>,expopredans.aiml
0,* ACCELERATING * FORESEEABLE *,*,*,<srai>EXPOPREDANS</srai>,expopredans.aiml
0,* EXPONENTIAL ESTIMATE,*,*,<srai>EXPOPREDANS</srai>,expopredans.aiml
0,* EXPONENTIAL ESTIMATE *,*,*,<srai>EXPOPREDANS</srai>,expopredans.aiml
0,* EXPONENTIAL ESTIMATIONS,*,*,<srai>EXPOPREDANS</srai>,expopredans.aiml
0,* EXPONENTIAL ESTIMATIONS *,*,*,<srai>EXPOPREDANS</srai>,expopredans.aiml
0,* EXPONENTIAL PREVISION,*,*,<srai>EXPOPREDANS</srai>,expopredans.aiml
0,* EXPONENTIAL PREVISION *,*,*,<srai>EXPOPREDANS</srai>,expopredans.aiml
0,* EXPONENTIAL PREVISIONS,*,*,<srai>EXPOPREDANS</srai>,expopredans.aiml
0,* EXPONENTIAL PREVISIONS *,*,*,<srai>EXPOPREDANS</srai>,expopredans.aiml
0,* EXPONENTIAL PROJECTION,*,*,<srai>EXPOPREDANS</srai>,expopredans.aiml
0,* EXPONENTIAL PROJECTION *,*,*,<srai>EXPOPREDANS</srai>,expopredans.aiml
0,* EXPONENTIAL PROJECTIONS,*,*,<srai>EXPOPREDANS</srai>,expopredans.aiml
0,* EXPONENTIAL PROJECTIONS *,*,*,<srai>EXPOPREDANS</srai>,expopredans.aiml
0,* EXPONENTIAL FORECAST,*,*,<srai>EXPOPREDANS</srai>,expopredans.aiml
0,* EXPONENTIAL FORECAST *,*,*,<srai>EXPOPREDANS</srai>,expopredans.aiml
0,* EXPONENTIAL FORECASTS,*,*,<srai>EXPOPREDANS</srai>,expopredans.aiml
0,* EXPONENTIAL FORECASTS *,*,*,<srai>EXPOPREDANS</srai>,expopredans.aiml
0,* EXPONENTIAL PREDICTION,*,*,<srai>EXPOPREDANS</srai>,expopredans.aiml
0,* EXPONENTIAL PREDICTION *,*,*,<srai>EXPOPREDANS</srai>,expopredans.aiml
0,* EXPONENTIAL PREDICTIONS,*,*,<srai>EXPOPREDANS</srai>,expopredans.aiml
0,* EXPONENTIAL PREDICTIONS *,*,*,<srai>EXPOPREDANS</srai>,expopredans.aiml
0,* EXPONENTIAL PREDICTABLE,*,*,<srai>EXPOPREDANS</srai>,expopredans.aiml
0,* EXPONENTIAL PREDICTABLE *,*,*,<srai>EXPOPREDANS</srai>,expopredans.aiml
0,* EXPONENTIAL FORESEEABLE,*,*,<srai>EXPOPREDANS</srai>,expopredans.aiml
0,* EXPONENTIAL FORESEEABLE *,*,*,<srai>EXPOPREDANS</srai>,expopredans.aiml
0,* EXPONENTIAL * ESTIMATE,*,*,<srai>EXPOPREDANS</srai>,expopredans.aiml
0,* EXPONENTIAL * ESTIMATE *,*,*,<srai>EXPOPREDANS</srai>,expopredans.aiml
0,* EXPONENTIAL * ESTIMATIONS,*,*,<srai>EXPOPREDANS</srai>,expopredans.aiml
0,* EXPONENTIAL * ESTIMATIONS *,*,*,<srai>EXPOPREDANS</srai>,expopredans.aiml
0,* EXPONENTIAL * PREVISION,*,*,<srai>EXPOPREDANS</srai>,expopredans.aiml
0,* EXPONENTIAL * PREVISION *,*,*,<srai>EXPOPREDANS</srai>,expopredans.aiml
0,* EXPONENTIAL * PREVISIONS,*,*,<srai>EXPOPREDANS</srai>,expopredans.aiml
0,* EXPONENTIAL * PREVISIONS *,*,*,<srai>EXPOPREDANS</srai>,expopredans.aiml
0,* EXPONENTIAL * PROJECTION,*,*,<srai>EXPOPREDANS</srai>,expopredans.aiml
0,* EXPONENTIAL * PROJECTION *,*,*,<srai>EXPOPREDANS</srai>,expopredans.aiml
0,* EXPONENTIAL * PROJECTIONS,*,*,<srai>EXPOPREDANS</srai>,expopredans.aiml
0,* EXPONENTIAL * PROJECTIONS *,*,*,<srai>EXPOPREDANS</srai>,expopredans.aiml
0,* EXPONENTIAL * FORECAST,*,*,<srai>EXPOPREDANS</srai>,expopredans.aiml
0,* EXPONENTIAL * FORECAST *,*,*,<srai>EXPOPREDANS</srai>,expopredans.aiml
0,* EXPONENTIAL * FORECASTS,*,*,<srai>EXPOPREDANS</srai>,expopredans.aiml
0,* EXPONENTIAL * FORECASTS *,*,*,<srai>EXPOPREDANS</srai>,expopredans.aiml
0,* EXPONENTIAL * PREDICTION,*,*,<srai>EXPOPREDANS</srai>,expopredans.aiml
0,* EXPONENTIAL * PREDICTION *,*,*,<srai>EXPOPREDANS</srai>,expopredans.aiml
0,* EXPONENTIAL * PREDICTIONS,*,*,<srai>EXPOPREDANS</srai>,expopredans.aiml
0,* EXPONENTIAL * PREDICTIONS *,*,*,<srai>EXPOPREDANS</srai>,expopredans.aiml
0,* EXPONENTIAL * PREDICTABLE,*,*,<srai>EXPOPREDANS</srai>,expopredans.aiml
0,* EXPONENTIAL * PREDICTABLE *,*,*,<srai>EXPOPREDANS</srai>,expopredans.aiml
0,* EXPONENTIAL * FORESEEABLE,*,*,<srai>EXPOPREDANS</srai>,expopredans.aiml
0,* EXPONENTIAL * FORESEEABLE *,*,*,<srai>EXPOPREDANS</srai>,expopredans.aiml
0,ESTIMATE ACCELERATING,*,*,<srai>EXPOPREDANS</srai>,expopredans.aiml
0,ESTIMATE ACCELERATING *,*,*,<srai>EXPOPREDANS</srai>,expopredans.aiml
0,ESTIMATE EXPONENTIAL,*,*,<srai>EXPOPREDANS</srai>,expopredans.aiml
0,ESTIMATE EXPONENTIAL *,*,*,<srai>EXPOPREDANS</srai>,expopredans.aiml
0,ESTIMATE * ACCELERATING,*,*,<srai>EXPOPREDANS</srai>,expopredans.aiml
0,ESTIMATE * ACCELERATING *,*,*,<srai>EXPOPREDANS</srai>,expopredans.aiml
0,ESTIMATE * EXPONENTIAL,*,*,<srai>EXPOPREDANS</srai>,expopredans.aiml
0,ESTIMATE * EXPONENTIAL *,*,*,<srai>EXPOPREDANS</srai>,expopredans.aiml
0,ESTIMATIONS ACCELERATING,*,*,<srai>EXPOPREDANS</srai>,expopredans.aiml
0,ESTIMATIONS ACCELERATING *,*,*,<srai>EXPOPREDANS</srai>,expopredans.aiml
0,ESTIMATIONS EXPONENTIAL,*,*,<srai>EXPOPREDANS</srai>,expopredans.aiml
0,ESTIMATIONS EXPONENTIAL *,*,*,<srai>EXPOPREDANS</srai>,expopredans.aiml
0,ESTIMATIONS * ACCELERATING,*,*,<srai>EXPOPREDANS</srai>,expopredans.aiml
0,ESTIMATIONS * ACCELERATING *,*,*,<srai>EXPOPREDANS</srai>,expopredans.aiml
0,ESTIMATIONS * EXPONENTIAL,*,*,<srai>EXPOPREDANS</srai>,expopredans.aiml
0,ESTIMATIONS * EXPONENTIAL *,*,*,<srai>EXPOPREDANS</srai>,expopredans.aiml
0,PREVISION ACCELERATING,*,*,<srai>EXPOPREDANS</srai>,expopredans.aiml
0,PREVISION ACCELERATING *,*,*,<srai>EXPOPREDANS</srai>,expopredans.aiml
0,PREVISION EXPONENTIAL,*,*,<srai>EXPOPREDANS</srai>,expopredans.aiml
0,PREVISION EXPONENTIAL *,*,*,<srai>EXPOPREDANS</srai>,expopredans.aiml
0,PREVISION * ACCELERATING,*,*,<srai>EXPOPREDANS</srai>,expopredans.aiml
0,PREVISION * ACCELERATING *,*,*,<srai>EXPOPREDANS</srai>,expopredans.aiml
0,PREVISION * EXPONENTIAL,*,*,<srai>EXPOPREDANS</srai>,expopredans.aiml
0,PREVISION * EXPONENTIAL *,*,*,<srai>EXPOPREDANS</srai>,expopredans.aiml
0,PREVISIONS ACCELERATING,*,*,<srai>EXPOPREDANS</srai>,expopredans.aiml
0,PREVISIONS ACCELERATING *,*,*,<srai>EXPOPREDANS</srai>,expopredans.aiml
0,PREVISIONS EXPONENTIAL,*,*,<srai>EXPOPREDANS</srai>,expopredans.aiml
0,PREVISIONS EXPONENTIAL *,*,*,<srai>EXPOPREDANS</srai>,expopredans.aiml
0,PREVISIONS * ACCELERATING,*,*,<srai>EXPOPREDANS</srai>,expopredans.aiml
0,PREVISIONS * ACCELERATING *,*,*,<srai>EXPOPREDANS</srai>,expopredans.aiml
0,PREVISIONS * EXPONENTIAL,*,*,<srai>EXPOPREDANS</srai>,expopredans.aiml
0,PREVISIONS * EXPONENTIAL *,*,*,<srai>EXPOPREDANS</srai>,expopredans.aiml
0,PROJECTION ACCELERATING,*,*,<srai>EXPOPREDANS</srai>,expopredans.aiml
0,PROJECTION ACCELERATING *,*,*,<srai>EXPOPREDANS</srai>,expopredans.aiml
0,PROJECTION EXPONENTIAL,*,*,<srai>EXPOPREDANS</srai>,expopredans.aiml
0,PROJECTION EXPONENTIAL *,*,*,<srai>EXPOPREDANS</srai>,expopredans.aiml
0,PROJECTION * ACCELERATING,*,*,<srai>EXPOPREDANS</srai>,expopredans.aiml
0,PROJECTION * ACCELERATING *,*,*,<srai>EXPOPREDANS</srai>,expopredans.aiml
0,PROJECTION * EXPONENTIAL,*,*,<srai>EXPOPREDANS</srai>,expopredans.aiml
0,PROJECTION * EXPONENTIAL *,*,*,<srai>EXPOPREDANS</srai>,expopredans.aiml
0,PROJECTIONS ACCELERATING,*,*,<srai>EXPOPREDANS</srai>,expopredans.aiml
0,PROJECTIONS ACCELERATING *,*,*,<srai>EXPOPREDANS</srai>,expopredans.aiml
0,PROJECTIONS EXPONENTIAL,*,*,<srai>EXPOPREDANS</srai>,expopredans.aiml
0,PROJECTIONS EXPONENTIAL *,*,*,<srai>EXPOPREDANS</srai>,expopredans.aiml
0,PROJECTIONS * ACCELERATING,*,*,<srai>EXPOPREDANS</srai>,expopredans.aiml
0,PROJECTIONS * ACCELERATING *,*,*,<srai>EXPOPREDANS</srai>,expopredans.aiml
0,PROJECTIONS * EXPONENTIAL,*,*,<srai>EXPOPREDANS</srai>,expopredans.aiml
0,PROJECTIONS * EXPONENTIAL *,*,*,<srai>EXPOPREDANS</srai>,expopredans.aiml
0,FORECAST ACCELERATING,*,*,<srai>EXPOPREDANS</srai>,expopredans.aiml
0,FORECAST ACCELERATING *,*,*,<srai>EXPOPREDANS</srai>,expopredans.aiml
0,FORECAST EXPONENTIAL,*,*,<srai>EXPOPREDANS</srai>,expopredans.aiml
0,FORECAST EXPONENTIAL *,*,*,<srai>EXPOPREDANS</srai>,expopredans.aiml
0,FORECAST * ACCELERATING,*,*,<srai>EXPOPREDANS</srai>,expopredans.aiml
0,FORECAST * ACCELERATING *,*,*,<srai>EXPOPREDANS</srai>,expopredans.aiml
0,FORECAST * EXPONENTIAL,*,*,<srai>EXPOPREDANS</srai>,expopredans.aiml
0,FORECAST * EXPONENTIAL *,*,*,<srai>EXPOPREDANS</srai>,expopredans.aiml
0,FORECASTS ACCELERATING,*,*,<srai>EXPOPREDANS</srai>,expopredans.aiml
0,FORECASTS ACCELERATING *,*,*,<srai>EXPOPREDANS</srai>,expopredans.aiml
0,FORECASTS EXPONENTIAL,*,*,<srai>EXPOPREDANS</srai>,expopredans.aiml
0,FORECASTS EXPONENTIAL *,*,*,<srai>EXPOPREDANS</srai>,expopredans.aiml
0,FORECASTS * ACCELERATING,*,*,<srai>EXPOPREDANS</srai>,expopredans.aiml
0,FORECASTS * ACCELERATING *,*,*,<srai>EXPOPREDANS</srai>,expopredans.aiml
0,FORECASTS * EXPONENTIAL,*,*,<srai>EXPOPREDANS</srai>,expopredans.aiml
0,FORECASTS * EXPONENTIAL *,*,*,<srai>EXPOPREDANS</srai>,expopredans.aiml
0,PREDICTION ACCELERATING,*,*,<srai>EXPOPREDANS</srai>,expopredans.aiml
0,PREDICTION ACCELERATING *,*,*,<srai>EXPOPREDANS</srai>,expopredans.aiml
0,PREDICTION EXPONENTIAL,*,*,<srai>EXPOPREDANS</srai>,expopredans.aiml
0,PREDICTION EXPONENTIAL *,*,*,<srai>EXPOPREDANS</srai>,expopredans.aiml
0,PREDICTION * ACCELERATING,*,*,<srai>EXPOPREDANS</srai>,expopredans.aiml
0,PREDICTION * ACCELERATING *,*,*,<srai>EXPOPREDANS</srai>,expopredans.aiml
0,PREDICTION * EXPONENTIAL,*,*,<srai>EXPOPREDANS</srai>,expopredans.aiml
0,PREDICTION * EXPONENTIAL *,*,*,<srai>EXPOPREDANS</srai>,expopredans.aiml
0,PREDICTIONS ACCELERATING,*,*,<srai>EXPOPREDANS</srai>,expopredans.aiml
0,PREDICTIONS ACCELERATING *,*,*,<srai>EXPOPREDANS</srai>,expopredans.aiml
0,PREDICTIONS EXPONENTIAL,*,*,<srai>EXPOPREDANS</srai>,expopredans.aiml
0,PREDICTIONS EXPONENTIAL *,*,*,<srai>EXPOPREDANS</srai>,expopredans.aiml
0,PREDICTIONS * ACCELERATING,*,*,<srai>EXPOPREDANS</srai>,expopredans.aiml
0,PREDICTIONS * ACCELERATING *,*,*,<srai>EXPOPREDANS</srai>,expopredans.aiml
0,PREDICTIONS * EXPONENTIAL,*,*,<srai>EXPOPREDANS</srai>,expopredans.aiml
0,PREDICTIONS * EXPONENTIAL *,*,*,<srai>EXPOPREDANS</srai>,expopredans.aiml
0,PREDICTABLE ACCELERATING,*,*,<srai>EXPOPREDANS</srai>,expopredans.aiml
0,PREDICTABLE ACCELERATING *,*,*,<srai>EXPOPREDANS</srai>,expopredans.aiml
0,PREDICTABLE EXPONENTIAL,*,*,<srai>EXPOPREDANS</srai>,expopredans.aiml
0,PREDICTABLE EXPONENTIAL *,*,*,<srai>EXPOPREDANS</srai>,expopredans.aiml
0,PREDICTABLE * ACCELERATING,*,*,<srai>EXPOPREDANS</srai>,expopredans.aiml
0,PREDICTABLE * ACCELERATING *,*,*,<srai>EXPOPREDANS</srai>,expopredans.aiml
0,PREDICTABLE * EXPONENTIAL,*,*,<srai>EXPOPREDANS</srai>,expopredans.aiml
0,PREDICTABLE * EXPONENTIAL *,*,*,<srai>EXPOPREDANS</srai>,expopredans.aiml
0,FORESEEABLE ACCELERATING,*,*,<srai>EXPOPREDANS</srai>,expopredans.aiml
0,FORESEEABLE ACCELERATING *,*,*,<srai>EXPOPREDANS</srai>,expopredans.aiml
0,FORESEEABLE EXPONENTIAL,*,*,<srai>EXPOPREDANS</srai>,expopredans.aiml
0,FORESEEABLE EXPONENTIAL *,*,*,<srai>EXPOPREDANS</srai>,expopredans.aiml
0,FORESEEABLE * ACCELERATING,*,*,<srai>EXPOPREDANS</srai>,expopredans.aiml
0,FORESEEABLE * ACCELERATING *,*,*,<srai>EXPOPREDANS</srai>,expopredans.aiml
0,FORESEEABLE * EXPONENTIAL,*,*,<srai>EXPOPREDANS</srai>,expopredans.aiml
0,FORESEEABLE * EXPONENTIAL *,*,*,<srai>EXPOPREDANS</srai>,expopredans.aiml
0,* ESTIMATE ACCELERATING,*,*,<srai>EXPOPREDANS</srai>,expopredans.aiml
0,* ESTIMATE ACCELERATING *,*,*,<srai>EXPOPREDANS</srai>,expopredans.aiml
0,* ESTIMATE EXPONENTIAL,*,*,<srai>EXPOPREDANS</srai>,expopredans.aiml
0,* ESTIMATE EXPONENTIAL *,*,*,<srai>EXPOPREDANS</srai>,expopredans.aiml
0,* ESTIMATE * ACCELERATING,*,*,<srai>EXPOPREDANS</srai>,expopredans.aiml
0,* ESTIMATE * ACCELERATING *,*,*,<srai>EXPOPREDANS</srai>,expopredans.aiml
0,* ESTIMATE * EXPONENTIAL,*,*,<srai>EXPOPREDANS</srai>,expopredans.aiml
0,* ESTIMATE * EXPONENTIAL *,*,*,<srai>EXPOPREDANS</srai>,expopredans.aiml
0,* ESTIMATIONS ACCELERATING,*,*,<srai>EXPOPREDANS</srai>,expopredans.aiml
0,* ESTIMATIONS ACCELERATING *,*,*,<srai>EXPOPREDANS</srai>,expopredans.aiml
0,* ESTIMATIONS EXPONENTIAL,*,*,<srai>EXPOPREDANS</srai>,expopredans.aiml
0,* ESTIMATIONS EXPONENTIAL *,*,*,<srai>EXPOPREDANS</srai>,expopredans.aiml
0,* ESTIMATIONS * ACCELERATING,*,*,<srai>EXPOPREDANS</srai>,expopredans.aiml
0,* ESTIMATIONS * ACCELERATING *,*,*,<srai>EXPOPREDANS</srai>,expopredans.aiml
0,* ESTIMATIONS * EXPONENTIAL,*,*,<srai>EXPOPREDANS</srai>,expopredans.aiml
0,* ESTIMATIONS * EXPONENTIAL *,*,*,<srai>EXPOPREDANS</srai>,expopredans.aiml
0,* PREVISION ACCELERATING,*,*,<srai>EXPOPREDANS</srai>,expopredans.aiml
0,* PREVISION ACCELERATING *,*,*,<srai>EXPOPREDANS</srai>,expopredans.aiml
0,* PREVISION EXPONENTIAL,*,*,<srai>EXPOPREDANS</srai>,expopredans.aiml
0,* PREVISION EXPONENTIAL *,*,*,<srai>EXPOPREDANS</srai>,expopredans.aiml
0,* PREVISION * ACCELERATING,*,*,<srai>EXPOPREDANS</srai>,expopredans.aiml
0,* PREVISION * ACCELERATING *,*,*,<srai>EXPOPREDANS</srai>,expopredans.aiml
0,* PREVISION * EXPONENTIAL,*,*,<srai>EXPOPREDANS</srai>,expopredans.aiml
0,* PREVISION * EXPONENTIAL *,*,*,<srai>EXPOPREDANS</srai>,expopredans.aiml
0,* PREVISIONS ACCELERATING,*,*,<srai>EXPOPREDANS</srai>,expopredans.aiml
0,* PREVISIONS ACCELERATING *,*,*,<srai>EXPOPREDANS</srai>,expopredans.aiml
0,* PREVISIONS EXPONENTIAL,*,*,<srai>EXPOPREDANS</srai>,expopredans.aiml
0,* PREVISIONS EXPONENTIAL *,*,*,<srai>EXPOPREDANS</srai>,expopredans.aiml
0,* PREVISIONS * ACCELERATING,*,*,<srai>EXPOPREDANS</srai>,expopredans.aiml
0,* PREVISIONS * ACCELERATING *,*,*,<srai>EXPOPREDANS</srai>,expopredans.aiml
0,* PREVISIONS * EXPONENTIAL,*,*,<srai>EXPOPREDANS</srai>,expopredans.aiml
0,* PREVISIONS * EXPONENTIAL *,*,*,<srai>EXPOPREDANS</srai>,expopredans.aiml
0,* PROJECTION ACCELERATING,*,*,<srai>EXPOPREDANS</srai>,expopredans.aiml
0,* PROJECTION ACCELERATING *,*,*,<srai>EXPOPREDANS</srai>,expopredans.aiml
0,* PROJECTION EXPONENTIAL,*,*,<srai>EXPOPREDANS</srai>,expopredans.aiml
0,* PROJECTION EXPONENTIAL *,*,*,<srai>EXPOPREDANS</srai>,expopredans.aiml
0,* PROJECTION * ACCELERATING,*,*,<srai>EXPOPREDANS</srai>,expopredans.aiml
0,* PROJECTION * ACCELERATING *,*,*,<srai>EXPOPREDANS</srai>,expopredans.aiml
0,* PROJECTION * EXPONENTIAL,*,*,<srai>EXPOPREDANS</srai>,expopredans.aiml
0,* PROJECTION * EXPONENTIAL *,*,*,<srai>EXPOPREDANS</srai>,expopredans.aiml
0,* PROJECTIONS ACCELERATING,*,*,<srai>EXPOPREDANS</srai>,expopredans.aiml
0,* PROJECTIONS ACCELERATING *,*,*,<srai>EXPOPREDANS</srai>,expopredans.aiml
0,* PROJECTIONS EXPONENTIAL,*,*,<srai>EXPOPREDANS</srai>,expopredans.aiml
0,* PROJECTIONS EXPONENTIAL *,*,*,<srai>EXPOPREDANS</srai>,expopredans.aiml
0,* PROJECTIONS * ACCELERATING,*,*,<srai>EXPOPREDANS</srai>,expopredans.aiml
0,* PROJECTIONS * ACCELERATING *,*,*,<srai>EXPOPREDANS</srai>,expopredans.aiml
0,* PROJECTIONS * EXPONENTIAL,*,*,<srai>EXPOPREDANS</srai>,expopredans.aiml
0,* PROJECTIONS * EXPONENTIAL *,*,*,<srai>EXPOPREDANS</srai>,expopredans.aiml
0,* FORECAST ACCELERATING,*,*,<srai>EXPOPREDANS</srai>,expopredans.aiml
0,* FORECAST ACCELERATING *,*,*,<srai>EXPOPREDANS</srai>,expopredans.aiml
0,* FORECAST EXPONENTIAL,*,*,<srai>EXPOPREDANS</srai>,expopredans.aiml
0,* FORECAST EXPONENTIAL *,*,*,<srai>EXPOPREDANS</srai>,expopredans.aiml
0,* FORECAST * ACCELERATING,*,*,<srai>EXPOPREDANS</srai>,expopredans.aiml
0,* FORECAST * ACCELERATING *,*,*,<srai>EXPOPREDANS</srai>,expopredans.aiml
0,* FORECAST * EXPONENTIAL,*,*,<srai>EXPOPREDANS</srai>,expopredans.aiml
0,* FORECAST * EXPONENTIAL *,*,*,<srai>EXPOPREDANS</srai>,expopredans.aiml
0,* FORECASTS ACCELERATING,*,*,<srai>EXPOPREDANS</srai>,expopredans.aiml
0,* FORECASTS ACCELERATING *,*,*,<srai>EXPOPREDANS</srai>,expopredans.aiml
0,* FORECASTS EXPONENTIAL,*,*,<srai>EXPOPREDANS</srai>,expopredans.aiml
0,* FORECASTS EXPONENTIAL *,*,*,<srai>EXPOPREDANS</srai>,expopredans.aiml
0,* FORECASTS * ACCELERATING,*,*,<srai>EXPOPREDANS</srai>,expopredans.aiml
0,* FORECASTS * ACCELERATING *,*,*,<srai>EXPOPREDANS</srai>,expopredans.aiml
0,* FORECASTS * EXPONENTIAL,*,*,<srai>EXPOPREDANS</srai>,expopredans.aiml
0,* FORECASTS * EXPONENTIAL *,*,*,<srai>EXPOPREDANS</srai>,expopredans.aiml
0,* PREDICTION ACCELERATING,*,*,<srai>EXPOPREDANS</srai>,expopredans.aiml
0,* PREDICTION ACCELERATING *,*,*,<srai>EXPOPREDANS</srai>,expopredans.aiml
0,* PREDICTION EXPONENTIAL,*,*,<srai>EXPOPREDANS</srai>,expopredans.aiml
0,* PREDICTION EXPONENTIAL *,*,*,<srai>EXPOPREDANS</srai>,expopredans.aiml
0,* PREDICTION * ACCELERATING,*,*,<srai>EXPOPREDANS</srai>,expopredans.aiml
0,* PREDICTION * ACCELERATING *,*,*,<srai>EXPOPREDANS</srai>,expopredans.aiml
0,* PREDICTION * EXPONENTIAL,*,*,<srai>EXPOPREDANS</srai>,expopredans.aiml
0,* PREDICTION * EXPONENTIAL *,*,*,<srai>EXPOPREDANS</srai>,expopredans.aiml
0,* PREDICTIONS ACCELERATING,*,*,<srai>EXPOPREDANS</srai>,expopredans.aiml
0,* PREDICTIONS ACCELERATING *,*,*,<srai>EXPOPREDANS</srai>,expopredans.aiml
0,* PREDICTIONS EXPONENTIAL,*,*,<srai>EXPOPREDANS</srai>,expopredans.aiml
0,* PREDICTIONS EXPONENTIAL *,*,*,<srai>EXPOPREDANS</srai>,expopredans.aiml
0,* PREDICTIONS * ACCELERATING,*,*,<srai>EXPOPREDANS</srai>,expopredans.aiml
0,* PREDICTIONS * ACCELERATING *,*,*,<srai>EXPOPREDANS</srai>,expopredans.aiml
0,* PREDICTIONS * EXPONENTIAL,*,*,<srai>EXPOPREDANS</srai>,expopredans.aiml
0,* PREDICTIONS * EXPONENTIAL *,*,*,<srai>EXPOPREDANS</srai>,expopredans.aiml
0,* PREDICTABLE ACCELERATING,*,*,<srai>EXPOPREDANS</srai>,expopredans.aiml
0,* PREDICTABLE ACCELERATING *,*,*,<srai>EXPOPREDANS</srai>,expopredans.aiml
0,* PREDICTABLE EXPONENTIAL,*,*,<srai>EXPOPREDANS</srai>,expopredans.aiml
0,* PREDICTABLE EXPONENTIAL *,*,*,<srai>EXPOPREDANS</srai>,expopredans.aiml
0,* PREDICTABLE * ACCELERATING,*,*,<srai>EXPOPREDANS</srai>,expopredans.aiml
0,* PREDICTABLE * ACCELERATING *,*,*,<srai>EXPOPREDANS</srai>,expopredans.aiml
0,* PREDICTABLE * EXPONENTIAL,*,*,<srai>EXPOPREDANS</srai>,expopredans.aiml
0,* PREDICTABLE * EXPONENTIAL *,*,*,<srai>EXPOPREDANS</srai>,expopredans.aiml
0,* FORESEEABLE ACCELERATING,*,*,<srai>EXPOPREDANS</srai>,expopredans.aiml
0,* FORESEEABLE ACCELERATING *,*,*,<srai>EXPOPREDANS</srai>,expopredans.aiml
0,* FORESEEABLE EXPONENTIAL,*,*,<srai>EXPOPREDANS</srai>,expopredans.aiml
0,* FORESEEABLE EXPONENTIAL *,*,*,<srai>EXPOPREDANS</srai>,expopredans.aiml
0,* FORESEEABLE * ACCELERATING,*,*,<srai>EXPOPREDANS</srai>,expopredans.aiml
0,* FORESEEABLE * ACCELERATING *,*,*,<srai>EXPOPREDANS</srai>,expopredans.aiml
0,* FORESEEABLE * EXPONENTIAL,*,*,<srai>EXPOPREDANS</srai>,expopredans.aiml
0,* FORESEEABLE * EXPONENTIAL *,*,*,<srai>EXPOPREDANS</srai>,expopredans.aiml
0,INFORMATION TECHNOLOGY ESTIMATE,*,*,<srai>EXPOPREDANS</srai>,expopredans.aiml
0,INFORMATION TECHNOLOGY ESTIMATE *,*,*,<srai>EXPOPREDANS</srai>,expopredans.aiml
0,INFORMATION TECHNOLOGY ESTIMATIONS,*,*,<srai>EXPOPREDANS</srai>,expopredans.aiml
0,INFORMATION TECHNOLOGY ESTIMATIONS *,*,*,<srai>EXPOPREDANS</srai>,expopredans.aiml
0,INFORMATION TECHNOLOGY PREVISION,*,*,<srai>EXPOPREDANS</srai>,expopredans.aiml
0,INFORMATION TECHNOLOGY PREVISION *,*,*,<srai>EXPOPREDANS</srai>,expopredans.aiml
0,INFORMATION TECHNOLOGY PREVISIONS,*,*,<srai>EXPOPREDANS</srai>,expopredans.aiml
0,INFORMATION TECHNOLOGY PREVISIONS *,*,*,<srai>EXPOPREDANS</srai>,expopredans.aiml
0,INFORMATION TECHNOLOGY PROJECTION,*,*,<srai>EXPOPREDANS</srai>,expopredans.aiml
0,INFORMATION TECHNOLOGY PROJECTION *,*,*,<srai>EXPOPREDANS</srai>,expopredans.aiml
0,INFORMATION TECHNOLOGY PROJECTIONS,*,*,<srai>EXPOPREDANS</srai>,expopredans.aiml
0,INFORMATION TECHNOLOGY PROJECTIONS *,*,*,<srai>EXPOPREDANS</srai>,expopredans.aiml
0,INFORMATION TECHNOLOGY FORECAST,*,*,<srai>EXPOPREDANS</srai>,expopredans.aiml
0,INFORMATION TECHNOLOGY FORECAST *,*,*,<srai>EXPOPREDANS</srai>,expopredans.aiml
0,INFORMATION TECHNOLOGY FORECASTS,*,*,<srai>EXPOPREDANS</srai>,expopredans.aiml
0,INFORMATION TECHNOLOGY FORECASTS *,*,*,<srai>EXPOPREDANS</srai>,expopredans.aiml
0,INFORMATION TECHNOLOGY PREDICTION,*,*,<srai>EXPOPREDANS</srai>,expopredans.aiml
0,INFORMATION TECHNOLOGY PREDICTION *,*,*,<srai>EXPOPREDANS</srai>,expopredans.aiml
0,INFORMATION TECHNOLOGY PREDICTIONS,*,*,<srai>EXPOPREDANS</srai>,expopredans.aiml
0,INFORMATION TECHNOLOGY PREDICTIONS *,*,*,<srai>EXPOPREDANS</srai>,expopredans.aiml
0,INFORMATION TECHNOLOGY PREDICTABLE,*,*,<srai>EXPOPREDANS</srai>,expopredans.aiml
0,INFORMATION TECHNOLOGY PREDICTABLE *,*,*,<srai>EXPOPREDANS</srai>,expopredans.aiml
0,INFORMATION TECHNOLOGY FORESEEABLE,*,*,<srai>EXPOPREDANS</srai>,expopredans.aiml
0,INFORMATION TECHNOLOGY FORESEEABLE *,*,*,<srai>EXPOPREDANS</srai>,expopredans.aiml
0,INFORMATION TECHNOLOGY * ESTIMATE,*,*,<srai>EXPOPREDANS</srai>,expopredans.aiml
0,INFORMATION TECHNOLOGY * ESTIMATE *,*,*,<srai>EXPOPREDANS</srai>,expopredans.aiml
0,INFORMATION TECHNOLOGY * ESTIMATIONS,*,*,<srai>EXPOPREDANS</srai>,expopredans.aiml
0,INFORMATION TECHNOLOGY * ESTIMATIONS *,*,*,<srai>EXPOPREDANS</srai>,expopredans.aiml
0,INFORMATION TECHNOLOGY * PREVISION,*,*,<srai>EXPOPREDANS</srai>,expopredans.aiml
0,INFORMATION TECHNOLOGY * PREVISION *,*,*,<srai>EXPOPREDANS</srai>,expopredans.aiml
0,INFORMATION TECHNOLOGY * PREVISIONS,*,*,<srai>EXPOPREDANS</srai>,expopredans.aiml
0,INFORMATION TECHNOLOGY * PREVISIONS *,*,*,<srai>EXPOPREDANS</srai>,expopredans.aiml
0,INFORMATION TECHNOLOGY * PROJECTION,*,*,<srai>EXPOPREDANS</srai>,expopredans.aiml
0,INFORMATION TECHNOLOGY * PROJECTION *,*,*,<srai>EXPOPREDANS</srai>,expopredans.aiml
0,INFORMATION TECHNOLOGY * PROJECTIONS,*,*,<srai>EXPOPREDANS</srai>,expopredans.aiml
0,INFORMATION TECHNOLOGY * PROJECTIONS *,*,*,<srai>EXPOPREDANS</srai>,expopredans.aiml
0,INFORMATION TECHNOLOGY * FORECAST,*,*,<srai>EXPOPREDANS</srai>,expopredans.aiml
0,INFORMATION TECHNOLOGY * FORECAST *,*,*,<srai>EXPOPREDANS</srai>,expopredans.aiml
0,INFORMATION TECHNOLOGY * FORECASTS,*,*,<srai>EXPOPREDANS</srai>,expopredans.aiml
0,INFORMATION TECHNOLOGY * FORECASTS *,*,*,<srai>EXPOPREDANS</srai>,expopredans.aiml
0,INFORMATION TECHNOLOGY * PREDICTION,*,*,<srai>EXPOPREDANS</srai>,expopredans.aiml
0,INFORMATION TECHNOLOGY * PREDICTION *,*,*,<srai>EXPOPREDANS</srai>,expopredans.aiml
0,INFORMATION TECHNOLOGY * PREDICTIONS,*,*,<srai>EXPOPREDANS</srai>,expopredans.aiml
0,INFORMATION TECHNOLOGY * PREDICTIONS *,*,*,<srai>EXPOPREDANS</srai>,expopredans.aiml
0,INFORMATION TECHNOLOGY * PREDICTABLE,*,*,<srai>EXPOPREDANS</srai>,expopredans.aiml
0,INFORMATION TECHNOLOGY * PREDICTABLE *,*,*,<srai>EXPOPREDANS</srai>,expopredans.aiml
0,INFORMATION TECHNOLOGY * FORESEEABLE,*,*,<srai>EXPOPREDANS</srai>,expopredans.aiml
0,INFORMATION TECHNOLOGY * FORESEEABLE *,*,*,<srai>EXPOPREDANS</srai>,expopredans.aiml
0,IT ESTIMATE,*,*,<srai>EXPOPREDANS</srai>,expopredans.aiml
0,IT ESTIMATE *,*,*,<srai>EXPOPREDANS</srai>,expopredans.aiml
0,IT ESTIMATIONS,*,*,<srai>EXPOPREDANS</srai>,expopredans.aiml
0,IT ESTIMATIONS *,*,*,<srai>EXPOPREDANS</srai>,expopredans.aiml
0,IT PREVISION,*,*,<srai>EXPOPREDANS</srai>,expopredans.aiml
0,IT PREVISION *,*,*,<srai>EXPOPREDANS</srai>,expopredans.aiml
0,IT PREVISIONS,*,*,<srai>EXPOPREDANS</srai>,expopredans.aiml
0,IT PREVISIONS *,*,*,<srai>EXPOPREDANS</srai>,expopredans.aiml
0,IT PROJECTION,*,*,<srai>EXPOPREDANS</srai>,expopredans.aiml
0,IT PROJECTION *,*,*,<srai>EXPOPREDANS</srai>,expopredans.aiml
0,IT PROJECTIONS,*,*,<srai>EXPOPREDANS</srai>,expopredans.aiml
0,IT PROJECTIONS *,*,*,<srai>EXPOPREDANS</srai>,expopredans.aiml
0,IT FORECAST,*,*,<srai>EXPOPREDANS</srai>,expopredans.aiml
0,IT FORECAST *,*,*,<srai>EXPOPREDANS</srai>,expopredans.aiml
0,IT FORECASTS,*,*,<srai>EXPOPREDANS</srai>,expopredans.aiml
0,IT FORECASTS *,*,*,<srai>EXPOPREDANS</srai>,expopredans.aiml
0,IT PREDICTION,*,*,<srai>EXPOPREDANS</srai>,expopredans.aiml
0,IT PREDICTION *,*,*,<srai>EXPOPREDANS</srai>,expopredans.aiml
0,IT PREDICTIONS,*,*,<srai>EXPOPREDANS</srai>,expopredans.aiml
0,IT PREDICTIONS *,*,*,<srai>EXPOPREDANS</srai>,expopredans.aiml
0,IT PREDICTABLE,*,*,<srai>EXPOPREDANS</srai>,expopredans.aiml
0,IT PREDICTABLE *,*,*,<srai>EXPOPREDANS</srai>,expopredans.aiml
0,IT FORESEEABLE,*,*,<srai>EXPOPREDANS</srai>,expopredans.aiml
0,IT FORESEEABLE *,*,*,<srai>EXPOPREDANS</srai>,expopredans.aiml
0,IT * ESTIMATE,*,*,<srai>EXPOPREDANS</srai>,expopredans.aiml
0,IT * ESTIMATE *,*,*,<srai>EXPOPREDANS</srai>,expopredans.aiml
0,IT * ESTIMATIONS,*,*,<srai>EXPOPREDANS</srai>,expopredans.aiml
0,IT * ESTIMATIONS *,*,*,<srai>EXPOPREDANS</srai>,expopredans.aiml
0,IT * PREVISION,*,*,<srai>EXPOPREDANS</srai>,expopredans.aiml
0,IT * PREVISION *,*,*,<srai>EXPOPREDANS</srai>,expopredans.aiml
0,IT * PREVISIONS,*,*,<srai>EXPOPREDANS</srai>,expopredans.aiml
0,IT * PREVISIONS *,*,*,<srai>EXPOPREDANS</srai>,expopredans.aiml
0,IT * PROJECTION,*,*,<srai>EXPOPREDANS</srai>,expopredans.aiml
0,IT * PROJECTION *,*,*,<srai>EXPOPREDANS</srai>,expopredans.aiml
0,IT * PROJECTIONS,*,*,<srai>EXPOPREDANS</srai>,expopredans.aiml
0,IT * PROJECTIONS *,*,*,<srai>EXPOPREDANS</srai>,expopredans.aiml
0,IT * FORECAST,*,*,<srai>EXPOPREDANS</srai>,expopredans.aiml
0,IT * FORECAST *,*,*,<srai>EXPOPREDANS</srai>,expopredans.aiml
0,IT * FORECASTS,*,*,<srai>EXPOPREDANS</srai>,expopredans.aiml
0,IT * FORECASTS *,*,*,<srai>EXPOPREDANS</srai>,expopredans.aiml
0,IT * PREDICTION,*,*,<srai>EXPOPREDANS</srai>,expopredans.aiml
0,IT * PREDICTION *,*,*,<srai>EXPOPREDANS</srai>,expopredans.aiml
0,IT * PREDICTIONS,*,*,<srai>EXPOPREDANS</srai>,expopredans.aiml
0,IT * PREDICTIONS *,*,*,<srai>EXPOPREDANS</srai>,expopredans.aiml
0,IT * PREDICTABLE,*,*,<srai>EXPOPREDANS</srai>,expopredans.aiml
0,IT * PREDICTABLE *,*,*,<srai>EXPOPREDANS</srai>,expopredans.aiml
0,IT * FORESEEABLE,*,*,<srai>EXPOPREDANS</srai>,expopredans.aiml
0,IT * FORESEEABLE *,*,*,<srai>EXPOPREDANS</srai>,expopredans.aiml
0,COMPUTER TECHNOLOGY ESTIMATE,*,*,<srai>EXPOPREDANS</srai>,expopredans.aiml
0,COMPUTER TECHNOLOGY ESTIMATE *,*,*,<srai>EXPOPREDANS</srai>,expopredans.aiml
0,COMPUTER TECHNOLOGY ESTIMATIONS,*,*,<srai>EXPOPREDANS</srai>,expopredans.aiml
0,COMPUTER TECHNOLOGY ESTIMATIONS *,*,*,<srai>EXPOPREDANS</srai>,expopredans.aiml
0,COMPUTER TECHNOLOGY PREVISION,*,*,<srai>EXPOPREDANS</srai>,expopredans.aiml
0,COMPUTER TECHNOLOGY PREVISION *,*,*,<srai>EXPOPREDANS</srai>,expopredans.aiml
0,COMPUTER TECHNOLOGY PREVISIONS,*,*,<srai>EXPOPREDANS</srai>,expopredans.aiml
0,COMPUTER TECHNOLOGY PREVISIONS *,*,*,<srai>EXPOPREDANS</srai>,expopredans.aiml
0,COMPUTER TECHNOLOGY PROJECTION,*,*,<srai>EXPOPREDANS</srai>,expopredans.aiml
0,COMPUTER TECHNOLOGY PROJECTION *,*,*,<srai>EXPOPREDANS</srai>,expopredans.aiml
0,COMPUTER TECHNOLOGY PROJECTIONS,*,*,<srai>EXPOPREDANS</srai>,expopredans.aiml
0,COMPUTER TECHNOLOGY PROJECTIONS *,*,*,<srai>EXPOPREDANS</srai>,expopredans.aiml
0,COMPUTER TECHNOLOGY FORECAST,*,*,<srai>EXPOPREDANS</srai>,expopredans.aiml
0,COMPUTER TECHNOLOGY FORECAST *,*,*,<srai>EXPOPREDANS</srai>,expopredans.aiml
0,COMPUTER TECHNOLOGY FORECASTS,*,*,<srai>EXPOPREDANS</srai>,expopredans.aiml
0,COMPUTER TECHNOLOGY FORECASTS *,*,*,<srai>EXPOPREDANS</srai>,expopredans.aiml
0,COMPUTER TECHNOLOGY PREDICTION,*,*,<srai>EXPOPREDANS</srai>,expopredans.aiml
0,COMPUTER TECHNOLOGY PREDICTION *,*,*,<srai>EXPOPREDANS</srai>,expopredans.aiml
0,COMPUTER TECHNOLOGY PREDICTIONS,*,*,<srai>EXPOPREDANS</srai>,expopredans.aiml
0,COMPUTER TECHNOLOGY PREDICTIONS *,*,*,<srai>EXPOPREDANS</srai>,expopredans.aiml
0,COMPUTER TECHNOLOGY PREDICTABLE,*,*,<srai>EXPOPREDANS</srai>,expopredans.aiml
0,COMPUTER TECHNOLOGY PREDICTABLE *,*,*,<srai>EXPOPREDANS</srai>,expopredans.aiml
0,COMPUTER TECHNOLOGY FORESEEABLE,*,*,<srai>EXPOPREDANS</srai>,expopredans.aiml
0,COMPUTER TECHNOLOGY FORESEEABLE *,*,*,<srai>EXPOPREDANS</srai>,expopredans.aiml
0,COMPUTER TECHNOLOGY * ESTIMATE,*,*,<srai>EXPOPREDANS</srai>,expopredans.aiml
0,COMPUTER TECHNOLOGY * ESTIMATE *,*,*,<srai>EXPOPREDANS</srai>,expopredans.aiml
0,COMPUTER TECHNOLOGY * ESTIMATIONS,*,*,<srai>EXPOPREDANS</srai>,expopredans.aiml
0,COMPUTER TECHNOLOGY * ESTIMATIONS *,*,*,<srai>EXPOPREDANS</srai>,expopredans.aiml
0,COMPUTER TECHNOLOGY * PREVISION,*,*,<srai>EXPOPREDANS</srai>,expopredans.aiml
0,COMPUTER TECHNOLOGY * PREVISION *,*,*,<srai>EXPOPREDANS</srai>,expopredans.aiml
0,COMPUTER TECHNOLOGY * PREVISIONS,*,*,<srai>EXPOPREDANS</srai>,expopredans.aiml
0,COMPUTER TECHNOLOGY * PREVISIONS *,*,*,<srai>EXPOPREDANS</srai>,expopredans.aiml
0,COMPUTER TECHNOLOGY * PROJECTION,*,*,<srai>EXPOPREDANS</srai>,expopredans.aiml
0,COMPUTER TECHNOLOGY * PROJECTION *,*,*,<srai>EXPOPREDANS</srai>,expopredans.aiml
0,COMPUTER TECHNOLOGY * PROJECTIONS,*,*,<srai>EXPOPREDANS</srai>,expopredans.aiml
0,COMPUTER TECHNOLOGY * PROJECTIONS *,*,*,<srai>EXPOPREDANS</srai>,expopredans.aiml
0,COMPUTER TECHNOLOGY * FORECAST,*,*,<srai>EXPOPREDANS</srai>,expopredans.aiml
0,COMPUTER TECHNOLOGY * FORECAST *,*,*,<srai>EXPOPREDANS</srai>,expopredans.aiml
0,COMPUTER TECHNOLOGY * FORECASTS,*,*,<srai>EXPOPREDANS</srai>,expopredans.aiml
0,COMPUTER TECHNOLOGY * FORECASTS *,*,*,<srai>EXPOPREDANS</srai>,expopredans.aiml
0,COMPUTER TECHNOLOGY * PREDICTION,*,*,<srai>EXPOPREDANS</srai>,expopredans.aiml
0,COMPUTER TECHNOLOGY * PREDICTION *,*,*,<srai>EXPOPREDANS</srai>,expopredans.aiml
0,COMPUTER TECHNOLOGY * PREDICTIONS,*,*,<srai>EXPOPREDANS</srai>,expopredans.aiml
0,COMPUTER TECHNOLOGY * PREDICTIONS *,*,*,<srai>EXPOPREDANS</srai>,expopredans.aiml
0,COMPUTER TECHNOLOGY * PREDICTABLE,*,*,<srai>EXPOPREDANS</srai>,expopredans.aiml
0,COMPUTER TECHNOLOGY * PREDICTABLE *,*,*,<srai>EXPOPREDANS</srai>,expopredans.aiml
0,COMPUTER TECHNOLOGY * FORESEEABLE,*,*,<srai>EXPOPREDANS</srai>,expopredans.aiml
0,COMPUTER TECHNOLOGY * FORESEEABLE *,*,*,<srai>EXPOPREDANS</srai>,expopredans.aiml
0,HARDWARE ESTIMATE,*,*,<srai>EXPOPREDANS</srai>,expopredans.aiml
0,HARDWARE ESTIMATE *,*,*,<srai>EXPOPREDANS</srai>,expopredans.aiml
0,HARDWARE ESTIMATIONS,*,*,<srai>EXPOPREDANS</srai>,expopredans.aiml
0,HARDWARE ESTIMATIONS *,*,*,<srai>EXPOPREDANS</srai>,expopredans.aiml
0,HARDWARE PREVISION,*,*,<srai>EXPOPREDANS</srai>,expopredans.aiml
0,HARDWARE PREVISION *,*,*,<srai>EXPOPREDANS</srai>,expopredans.aiml
0,HARDWARE PREVISIONS,*,*,<srai>EXPOPREDANS</srai>,expopredans.aiml
0,HARDWARE PREVISIONS *,*,*,<srai>EXPOPREDANS</srai>,expopredans.aiml
0,HARDWARE PROJECTION,*,*,<srai>EXPOPREDANS</srai>,expopredans.aiml
0,HARDWARE PROJECTION *,*,*,<srai>EXPOPREDANS</srai>,expopredans.aiml
0,HARDWARE PROJECTIONS,*,*,<srai>EXPOPREDANS</srai>,expopredans.aiml
0,HARDWARE PROJECTIONS *,*,*,<srai>EXPOPREDANS</srai>,expopredans.aiml
0,HARDWARE FORECAST,*,*,<srai>EXPOPREDANS</srai>,expopredans.aiml
0,HARDWARE FORECAST *,*,*,<srai>EXPOPREDANS</srai>,expopredans.aiml
0,HARDWARE FORECASTS,*,*,<srai>EXPOPREDANS</srai>,expopredans.aiml
0,HARDWARE FORECASTS *,*,*,<srai>EXPOPREDANS</srai>,expopredans.aiml
0,HARDWARE PREDICTION,*,*,<srai>EXPOPREDANS</srai>,expopredans.aiml
0,HARDWARE PREDICTION *,*,*,<srai>EXPOPREDANS</srai>,expopredans.aiml
0,HARDWARE PREDICTIONS,*,*,<srai>EXPOPREDANS</srai>,expopredans.aiml
0,HARDWARE PREDICTIONS *,*,*,<srai>EXPOPREDANS</srai>,expopredans.aiml
0,HARDWARE PREDICTABLE,*,*,<srai>EXPOPREDANS</srai>,expopredans.aiml
0,HARDWARE PREDICTABLE *,*,*,<srai>EXPOPREDANS</srai>,expopredans.aiml
0,HARDWARE FORESEEABLE,*,*,<srai>EXPOPREDANS</srai>,expopredans.aiml
0,HARDWARE FORESEEABLE *,*,*,<srai>EXPOPREDANS</srai>,expopredans.aiml
0,HARDWARE * ESTIMATE,*,*,<srai>EXPOPREDANS</srai>,expopredans.aiml
0,HARDWARE * ESTIMATE *,*,*,<srai>EXPOPREDANS</srai>,expopredans.aiml
0,HARDWARE * ESTIMATIONS,*,*,<srai>EXPOPREDANS</srai>,expopredans.aiml
0,HARDWARE * ESTIMATIONS *,*,*,<srai>EXPOPREDANS</srai>,expopredans.aiml
0,HARDWARE * PREVISION,*,*,<srai>EXPOPREDANS</srai>,expopredans.aiml
0,HARDWARE * PREVISION *,*,*,<srai>EXPOPREDANS</srai>,expopredans.aiml
0,HARDWARE * PREVISIONS,*,*,<srai>EXPOPREDANS</srai>,expopredans.aiml
0,HARDWARE * PREVISIONS *,*,*,<srai>EXPOPREDANS</srai>,expopredans.aiml
0,HARDWARE * PROJECTION,*,*,<srai>EXPOPREDANS</srai>,expopredans.aiml
0,HARDWARE * PROJECTION *,*,*,<srai>EXPOPREDANS</srai>,expopredans.aiml
0,HARDWARE * PROJECTIONS,*,*,<srai>EXPOPREDANS</srai>,expopredans.aiml
0,HARDWARE * PROJECTIONS *,*,*,<srai>EXPOPREDANS</srai>,expopredans.aiml
0,HARDWARE * FORECAST,*,*,<srai>EXPOPREDANS</srai>,expopredans.aiml
0,HARDWARE * FORECAST *,*,*,<srai>EXPOPREDANS</srai>,expopredans.aiml
0,HARDWARE * FORECASTS,*,*,<srai>EXPOPREDANS</srai>,expopredans.aiml
0,HARDWARE * FORECASTS *,*,*,<srai>EXPOPREDANS</srai>,expopredans.aiml
0,HARDWARE * PREDICTION,*,*,<srai>EXPOPREDANS</srai>,expopredans.aiml
0,HARDWARE * PREDICTION *,*,*,<srai>EXPOPREDANS</srai>,expopredans.aiml
0,HARDWARE * PREDICTIONS,*,*,<srai>EXPOPREDANS</srai>,expopredans.aiml
0,HARDWARE * PREDICTIONS *,*,*,<srai>EXPOPREDANS</srai>,expopredans.aiml
0,HARDWARE * PREDICTABLE,*,*,<srai>EXPOPREDANS</srai>,expopredans.aiml
0,HARDWARE * PREDICTABLE *,*,*,<srai>EXPOPREDANS</srai>,expopredans.aiml
0,HARDWARE * FORESEEABLE,*,*,<srai>EXPOPREDANS</srai>,expopredans.aiml
0,HARDWARE * FORESEEABLE *,*,*,<srai>EXPOPREDANS</srai>,expopredans.aiml
0,* INFORMATION TECHNOLOGY ESTIMATE,*,*,<srai>EXPOPREDANS</srai>,expopredans.aiml
0,* INFORMATION TECHNOLOGY ESTIMATE *,*,*,<srai>EXPOPREDANS</srai>,expopredans.aiml
0,* INFORMATION TECHNOLOGY ESTIMATIONS,*,*,<srai>EXPOPREDANS</srai>,expopredans.aiml
0,* INFORMATION TECHNOLOGY ESTIMATIONS *,*,*,<srai>EXPOPREDANS</srai>,expopredans.aiml
0,* INFORMATION TECHNOLOGY PREVISION,*,*,<srai>EXPOPREDANS</srai>,expopredans.aiml
0,* INFORMATION TECHNOLOGY PREVISION *,*,*,<srai>EXPOPREDANS</srai>,expopredans.aiml
0,* INFORMATION TECHNOLOGY PREVISIONS,*,*,<srai>EXPOPREDANS</srai>,expopredans.aiml
0,* INFORMATION TECHNOLOGY PREVISIONS *,*,*,<srai>EXPOPREDANS</srai>,expopredans.aiml
0,* INFORMATION TECHNOLOGY PROJECTION,*,*,<srai>EXPOPREDANS</srai>,expopredans.aiml
0,* INFORMATION TECHNOLOGY PROJECTION *,*,*,<srai>EXPOPREDANS</srai>,expopredans.aiml
0,* INFORMATION TECHNOLOGY PROJECTIONS,*,*,<srai>EXPOPREDANS</srai>,expopredans.aiml
0,* INFORMATION TECHNOLOGY PROJECTIONS *,*,*,<srai>EXPOPREDANS</srai>,expopredans.aiml
0,* INFORMATION TECHNOLOGY FORECAST,*,*,<srai>EXPOPREDANS</srai>,expopredans.aiml
0,* INFORMATION TECHNOLOGY FORECAST *,*,*,<srai>EXPOPREDANS</srai>,expopredans.aiml
0,* INFORMATION TECHNOLOGY FORECASTS,*,*,<srai>EXPOPREDANS</srai>,expopredans.aiml
0,* INFORMATION TECHNOLOGY FORECASTS *,*,*,<srai>EXPOPREDANS</srai>,expopredans.aiml
0,* INFORMATION TECHNOLOGY PREDICTION,*,*,<srai>EXPOPREDANS</srai>,expopredans.aiml
0,* INFORMATION TECHNOLOGY PREDICTION *,*,*,<srai>EXPOPREDANS</srai>,expopredans.aiml
0,* INFORMATION TECHNOLOGY PREDICTIONS,*,*,<srai>EXPOPREDANS</srai>,expopredans.aiml
0,* INFORMATION TECHNOLOGY PREDICTIONS *,*,*,<srai>EXPOPREDANS</srai>,expopredans.aiml
0,* INFORMATION TECHNOLOGY PREDICTABLE,*,*,<srai>EXPOPREDANS</srai>,expopredans.aiml
0,* INFORMATION TECHNOLOGY PREDICTABLE *,*,*,<srai>EXPOPREDANS</srai>,expopredans.aiml
0,* INFORMATION TECHNOLOGY FORESEEABLE,*,*,<srai>EXPOPREDANS</srai>,expopredans.aiml
0,* INFORMATION TECHNOLOGY FORESEEABLE *,*,*,<srai>EXPOPREDANS</srai>,expopredans.aiml
0,* INFORMATION TECHNOLOGY * ESTIMATE,*,*,<srai>EXPOPREDANS</srai>,expopredans.aiml
0,* INFORMATION TECHNOLOGY * ESTIMATE *,*,*,<srai>EXPOPREDANS</srai>,expopredans.aiml
0,* INFORMATION TECHNOLOGY * ESTIMATIONS,*,*,<srai>EXPOPREDANS</srai>,expopredans.aiml
0,* INFORMATION TECHNOLOGY * ESTIMATIONS *,*,*,<srai>EXPOPREDANS</srai>,expopredans.aiml
0,* INFORMATION TECHNOLOGY * PREVISION,*,*,<srai>EXPOPREDANS</srai>,expopredans.aiml
0,* INFORMATION TECHNOLOGY * PREVISION *,*,*,<srai>EXPOPREDANS</srai>,expopredans.aiml
0,* INFORMATION TECHNOLOGY * PREVISIONS,*,*,<srai>EXPOPREDANS</srai>,expopredans.aiml
0,* INFORMATION TECHNOLOGY * PREVISIONS *,*,*,<srai>EXPOPREDANS</srai>,expopredans.aiml
0,* INFORMATION TECHNOLOGY * PROJECTION,*,*,<srai>EXPOPREDANS</srai>,expopredans.aiml
0,* INFORMATION TECHNOLOGY * PROJECTION *,*,*,<srai>EXPOPREDANS</srai>,expopredans.aiml
0,* INFORMATION TECHNOLOGY * PROJECTIONS,*,*,<srai>EXPOPREDANS</srai>,expopredans.aiml
0,* INFORMATION TECHNOLOGY * PROJECTIONS *,*,*,<srai>EXPOPREDANS</srai>,expopredans.aiml
0,* INFORMATION TECHNOLOGY * FORECAST,*,*,<srai>EXPOPREDANS</srai>,expopredans.aiml
0,* INFORMATION TECHNOLOGY * FORECAST *,*,*,<srai>EXPOPREDANS</srai>,expopredans.aiml
0,* INFORMATION TECHNOLOGY * FORECASTS,*,*,<srai>EXPOPREDANS</srai>,expopredans.aiml
0,* INFORMATION TECHNOLOGY * FORECASTS *,*,*,<srai>EXPOPREDANS</srai>,expopredans.aiml
0,* INFORMATION TECHNOLOGY * PREDICTION,*,*,<srai>EXPOPREDANS</srai>,expopredans.aiml
0,* INFORMATION TECHNOLOGY * PREDICTION *,*,*,<srai>EXPOPREDANS</srai>,expopredans.aiml
0,* INFORMATION TECHNOLOGY * PREDICTIONS,*,*,<srai>EXPOPREDANS</srai>,expopredans.aiml
0,* INFORMATION TECHNOLOGY * PREDICTIONS *,*,*,<srai>EXPOPREDANS</srai>,expopredans.aiml
0,* INFORMATION TECHNOLOGY * PREDICTABLE,*,*,<srai>EXPOPREDANS</srai>,expopredans.aiml
0,* INFORMATION TECHNOLOGY * PREDICTABLE *,*,*,<srai>EXPOPREDANS</srai>,expopredans.aiml
0,* INFORMATION TECHNOLOGY * FORESEEABLE,*,*,<srai>EXPOPREDANS</srai>,expopredans.aiml
0,* INFORMATION TECHNOLOGY * FORESEEABLE *,*,*,<srai>EXPOPREDANS</srai>,expopredans.aiml
0,* IT ESTIMATE,*,*,<srai>EXPOPREDANS</srai>,expopredans.aiml
0,* IT ESTIMATE *,*,*,<srai>EXPOPREDANS</srai>,expopredans.aiml
0,* IT ESTIMATIONS,*,*,<srai>EXPOPREDANS</srai>,expopredans.aiml
0,* IT ESTIMATIONS *,*,*,<srai>EXPOPREDANS</srai>,expopredans.aiml
0,* IT PREVISION,*,*,<srai>EXPOPREDANS</srai>,expopredans.aiml
0,* IT PREVISION *,*,*,<srai>EXPOPREDANS</srai>,expopredans.aiml
0,* IT PREVISIONS,*,*,<srai>EXPOPREDANS</srai>,expopredans.aiml
0,* IT PREVISIONS *,*,*,<srai>EXPOPREDANS</srai>,expopredans.aiml
0,* IT PROJECTION,*,*,<srai>EXPOPREDANS</srai>,expopredans.aiml
0,* IT PROJECTION *,*,*,<srai>EXPOPREDANS</srai>,expopredans.aiml
0,* IT PROJECTIONS,*,*,<srai>EXPOPREDANS</srai>,expopredans.aiml
0,* IT PROJECTIONS *,*,*,<srai>EXPOPREDANS</srai>,expopredans.aiml
0,* IT FORECAST,*,*,<srai>EXPOPREDANS</srai>,expopredans.aiml
0,* IT FORECAST *,*,*,<srai>EXPOPREDANS</srai>,expopredans.aiml
0,* IT FORECASTS,*,*,<srai>EXPOPREDANS</srai>,expopredans.aiml
0,* IT FORECASTS *,*,*,<srai>EXPOPREDANS</srai>,expopredans.aiml
0,* IT PREDICTION,*,*,<srai>EXPOPREDANS</srai>,expopredans.aiml
0,* IT PREDICTION *,*,*,<srai>EXPOPREDANS</srai>,expopredans.aiml
0,* IT PREDICTIONS,*,*,<srai>EXPOPREDANS</srai>,expopredans.aiml
0,* IT PREDICTIONS *,*,*,<srai>EXPOPREDANS</srai>,expopredans.aiml
0,* IT PREDICTABLE,*,*,<srai>EXPOPREDANS</srai>,expopredans.aiml
0,* IT PREDICTABLE *,*,*,<srai>EXPOPREDANS</srai>,expopredans.aiml
0,* IT FORESEEABLE,*,*,<srai>EXPOPREDANS</srai>,expopredans.aiml
0,* IT FORESEEABLE *,*,*,<srai>EXPOPREDANS</srai>,expopredans.aiml
0,* IT * ESTIMATE,*,*,<srai>EXPOPREDANS</srai>,expopredans.aiml
0,* IT * ESTIMATE *,*,*,<srai>EXPOPREDANS</srai>,expopredans.aiml
0,* IT * ESTIMATIONS,*,*,<srai>EXPOPREDANS</srai>,expopredans.aiml
0,* IT * ESTIMATIONS *,*,*,<srai>EXPOPREDANS</srai>,expopredans.aiml
0,* IT * PREVISION,*,*,<srai>EXPOPREDANS</srai>,expopredans.aiml
0,* IT * PREVISION *,*,*,<srai>EXPOPREDANS</srai>,expopredans.aiml
0,* IT * PREVISIONS,*,*,<srai>EXPOPREDANS</srai>,expopredans.aiml
0,* IT * PREVISIONS *,*,*,<srai>EXPOPREDANS</srai>,expopredans.aiml
0,* IT * PROJECTION,*,*,<srai>EXPOPREDANS</srai>,expopredans.aiml
0,* IT * PROJECTION *,*,*,<srai>EXPOPREDANS</srai>,expopredans.aiml
0,* IT * PROJECTIONS,*,*,<srai>EXPOPREDANS</srai>,expopredans.aiml
0,* IT * PROJECTIONS *,*,*,<srai>EXPOPREDANS</srai>,expopredans.aiml
0,* IT * FORECAST,*,*,<srai>EXPOPREDANS</srai>,expopredans.aiml
0,* IT * FORECAST *,*,*,<srai>EXPOPREDANS</srai>,expopredans.aiml
0,* IT * FORECASTS,*,*,<srai>EXPOPREDANS</srai>,expopredans.aiml
0,* IT * FORECASTS *,*,*,<srai>EXPOPREDANS</srai>,expopredans.aiml
0,* IT * PREDICTION,*,*,<srai>EXPOPREDANS</srai>,expopredans.aiml
0,* IT * PREDICTION *,*,*,<srai>EXPOPREDANS</srai>,expopredans.aiml
0,* IT * PREDICTIONS,*,*,<srai>EXPOPREDANS</srai>,expopredans.aiml
0,* IT * PREDICTIONS *,*,*,<srai>EXPOPREDANS</srai>,expopredans.aiml
0,* IT * PREDICTABLE,*,*,<srai>EXPOPREDANS</srai>,expopredans.aiml
0,* IT * PREDICTABLE *,*,*,<srai>EXPOPREDANS</srai>,expopredans.aiml
0,* IT * FORESEEABLE,*,*,<srai>EXPOPREDANS</srai>,expopredans.aiml
0,* IT * FORESEEABLE *,*,*,<srai>EXPOPREDANS</srai>,expopredans.aiml
0,* COMPUTER TECHNOLOGY ESTIMATE,*,*,<srai>EXPOPREDANS</srai>,expopredans.aiml
0,* COMPUTER TECHNOLOGY ESTIMATE *,*,*,<srai>EXPOPREDANS</srai>,expopredans.aiml
0,* COMPUTER TECHNOLOGY ESTIMATIONS,*,*,<srai>EXPOPREDANS</srai>,expopredans.aiml
0,* COMPUTER TECHNOLOGY ESTIMATIONS *,*,*,<srai>EXPOPREDANS</srai>,expopredans.aiml
0,* COMPUTER TECHNOLOGY PREVISION,*,*,<srai>EXPOPREDANS</srai>,expopredans.aiml
0,* COMPUTER TECHNOLOGY PREVISION *,*,*,<srai>EXPOPREDANS</srai>,expopredans.aiml
0,* COMPUTER TECHNOLOGY PREVISIONS,*,*,<srai>EXPOPREDANS</srai>,expopredans.aiml
0,* COMPUTER TECHNOLOGY PREVISIONS *,*,*,<srai>EXPOPREDANS</srai>,expopredans.aiml
0,* COMPUTER TECHNOLOGY PROJECTION,*,*,<srai>EXPOPREDANS</srai>,expopredans.aiml
0,* COMPUTER TECHNOLOGY PROJECTION *,*,*,<srai>EXPOPREDANS</srai>,expopredans.aiml
0,* COMPUTER TECHNOLOGY PROJECTIONS,*,*,<srai>EXPOPREDANS</srai>,expopredans.aiml
0,* COMPUTER TECHNOLOGY PROJECTIONS *,*,*,<srai>EXPOPREDANS</srai>,expopredans.aiml
0,* COMPUTER TECHNOLOGY FORECAST,*,*,<srai>EXPOPREDANS</srai>,expopredans.aiml
0,* COMPUTER TECHNOLOGY FORECAST *,*,*,<srai>EXPOPREDANS</srai>,expopredans.aiml
0,* COMPUTER TECHNOLOGY FORECASTS,*,*,<srai>EXPOPREDANS</srai>,expopredans.aiml
0,* COMPUTER TECHNOLOGY FORECASTS *,*,*,<srai>EXPOPREDANS</srai>,expopredans.aiml
0,* COMPUTER TECHNOLOGY PREDICTION,*,*,<srai>EXPOPREDANS</srai>,expopredans.aiml
0,* COMPUTER TECHNOLOGY PREDICTION *,*,*,<srai>EXPOPREDANS</srai>,expopredans.aiml
0,* COMPUTER TECHNOLOGY PREDICTIONS,*,*,<srai>EXPOPREDANS</srai>,expopredans.aiml
0,* COMPUTER TECHNOLOGY PREDICTIONS *,*,*,<srai>EXPOPREDANS</srai>,expopredans.aiml
0,* COMPUTER TECHNOLOGY PREDICTABLE,*,*,<srai>EXPOPREDANS</srai>,expopredans.aiml
0,* COMPUTER TECHNOLOGY PREDICTABLE *,*,*,<srai>EXPOPREDANS</srai>,expopredans.aiml
0,* COMPUTER TECHNOLOGY FORESEEABLE,*,*,<srai>EXPOPREDANS</srai>,expopredans.aiml
0,* COMPUTER TECHNOLOGY FORESEEABLE *,*,*,<srai>EXPOPREDANS</srai>,expopredans.aiml
0,* COMPUTER TECHNOLOGY * ESTIMATE,*,*,<srai>EXPOPREDANS</srai>,expopredans.aiml
0,* COMPUTER TECHNOLOGY * ESTIMATE *,*,*,<srai>EXPOPREDANS</srai>,expopredans.aiml
0,* COMPUTER TECHNOLOGY * ESTIMATIONS,*,*,<srai>EXPOPREDANS</srai>,expopredans.aiml
0,* COMPUTER TECHNOLOGY * ESTIMATIONS *,*,*,<srai>EXPOPREDANS</srai>,expopredans.aiml
0,* COMPUTER TECHNOLOGY * PREVISION,*,*,<srai>EXPOPREDANS</srai>,expopredans.aiml
0,* COMPUTER TECHNOLOGY * PREVISION *,*,*,<srai>EXPOPREDANS</srai>,expopredans.aiml
0,* COMPUTER TECHNOLOGY * PREVISIONS,*,*,<srai>EXPOPREDANS</srai>,expopredans.aiml
0,* COMPUTER TECHNOLOGY * PREVISIONS *,*,*,<srai>EXPOPREDANS</srai>,expopredans.aiml
0,* COMPUTER TECHNOLOGY * PROJECTION,*,*,<srai>EXPOPREDANS</srai>,expopredans.aiml
0,* COMPUTER TECHNOLOGY * PROJECTION *,*,*,<srai>EXPOPREDANS</srai>,expopredans.aiml
0,* COMPUTER TECHNOLOGY * PROJECTIONS,*,*,<srai>EXPOPREDANS</srai>,expopredans.aiml
0,* COMPUTER TECHNOLOGY * PROJECTIONS *,*,*,<srai>EXPOPREDANS</srai>,expopredans.aiml
0,* COMPUTER TECHNOLOGY * FORECAST,*,*,<srai>EXPOPREDANS</srai>,expopredans.aiml
0,* COMPUTER TECHNOLOGY * FORECAST *,*,*,<srai>EXPOPREDANS</srai>,expopredans.aiml
0,* COMPUTER TECHNOLOGY * FORECASTS,*,*,<srai>EXPOPREDANS</srai>,expopredans.aiml
0,* COMPUTER TECHNOLOGY * FORECASTS *,*,*,<srai>EXPOPREDANS</srai>,expopredans.aiml
0,* COMPUTER TECHNOLOGY * PREDICTION,*,*,<srai>EXPOPREDANS</srai>,expopredans.aiml
0,* COMPUTER TECHNOLOGY * PREDICTION *,*,*,<srai>EXPOPREDANS</srai>,expopredans.aiml
0,* COMPUTER TECHNOLOGY * PREDICTIONS,*,*,<srai>EXPOPREDANS</srai>,expopredans.aiml
0,* COMPUTER TECHNOLOGY * PREDICTIONS *,*,*,<srai>EXPOPREDANS</srai>,expopredans.aiml
0,* COMPUTER TECHNOLOGY * PREDICTABLE,*,*,<srai>EXPOPREDANS</srai>,expopredans.aiml
0,* COMPUTER TECHNOLOGY * PREDICTABLE *,*,*,<srai>EXPOPREDANS</srai>,expopredans.aiml
0,* COMPUTER TECHNOLOGY * FORESEEABLE,*,*,<srai>EXPOPREDANS</srai>,expopredans.aiml
0,* COMPUTER TECHNOLOGY * FORESEEABLE *,*,*,<srai>EXPOPREDANS</srai>,expopredans.aiml
0,* HARDWARE ESTIMATE,*,*,<srai>EXPOPREDANS</srai>,expopredans.aiml
0,* HARDWARE ESTIMATE *,*,*,<srai>EXPOPREDANS</srai>,expopredans.aiml
0,* HARDWARE ESTIMATIONS,*,*,<srai>EXPOPREDANS</srai>,expopredans.aiml
0,* HARDWARE ESTIMATIONS *,*,*,<srai>EXPOPREDANS</srai>,expopredans.aiml
0,* HARDWARE PREVISION,*,*,<srai>EXPOPREDANS</srai>,expopredans.aiml
0,* HARDWARE PREVISION *,*,*,<srai>EXPOPREDANS</srai>,expopredans.aiml
0,* HARDWARE PREVISIONS,*,*,<srai>EXPOPREDANS</srai>,expopredans.aiml
0,* HARDWARE PREVISIONS *,*,*,<srai>EXPOPREDANS</srai>,expopredans.aiml
0,* HARDWARE PROJECTION,*,*,<srai>EXPOPREDANS</srai>,expopredans.aiml
0,* HARDWARE PROJECTION *,*,*,<srai>EXPOPREDANS</srai>,expopredans.aiml
0,* HARDWARE PROJECTIONS,*,*,<srai>EXPOPREDANS</srai>,expopredans.aiml
0,* HARDWARE PROJECTIONS *,*,*,<srai>EXPOPREDANS</srai>,expopredans.aiml
0,* HARDWARE FORECAST,*,*,<srai>EXPOPREDANS</srai>,expopredans.aiml
0,* HARDWARE FORECAST *,*,*,<srai>EXPOPREDANS</srai>,expopredans.aiml
0,* HARDWARE FORECASTS,*,*,<srai>EXPOPREDANS</srai>,expopredans.aiml
0,* HARDWARE FORECASTS *,*,*,<srai>EXPOPREDANS</srai>,expopredans.aiml
0,* HARDWARE PREDICTION,*,*,<srai>EXPOPREDANS</srai>,expopredans.aiml
0,* HARDWARE PREDICTION *,*,*,<srai>EXPOPREDANS</srai>,expopredans.aiml
0,* HARDWARE PREDICTIONS,*,*,<srai>EXPOPREDANS</srai>,expopredans.aiml
0,* HARDWARE PREDICTIONS *,*,*,<srai>EXPOPREDANS</srai>,expopredans.aiml
0,* HARDWARE PREDICTABLE,*,*,<srai>EXPOPREDANS</srai>,expopredans.aiml
0,* HARDWARE PREDICTABLE *,*,*,<srai>EXPOPREDANS</srai>,expopredans.aiml
0,* HARDWARE FORESEEABLE,*,*,<srai>EXPOPREDANS</srai>,expopredans.aiml
0,* HARDWARE FORESEEABLE *,*,*,<srai>EXPOPREDANS</srai>,expopredans.aiml
0,* HARDWARE * ESTIMATE,*,*,<srai>EXPOPREDANS</srai>,expopredans.aiml
0,* HARDWARE * ESTIMATE *,*,*,<srai>EXPOPREDANS</srai>,expopredans.aiml
0,* HARDWARE * ESTIMATIONS,*,*,<srai>EXPOPREDANS</srai>,expopredans.aiml
0,* HARDWARE * ESTIMATIONS *,*,*,<srai>EXPOPREDANS</srai>,expopredans.aiml
0,* HARDWARE * PREVISION,*,*,<srai>EXPOPREDANS</srai>,expopredans.aiml
0,* HARDWARE * PREVISION *,*,*,<srai>EXPOPREDANS</srai>,expopredans.aiml
0,* HARDWARE * PREVISIONS,*,*,<srai>EXPOPREDANS</srai>,expopredans.aiml
0,* HARDWARE * PREVISIONS *,*,*,<srai>EXPOPREDANS</srai>,expopredans.aiml
0,* HARDWARE * PROJECTION,*,*,<srai>EXPOPREDANS</srai>,expopredans.aiml
0,* HARDWARE * PROJECTION *,*,*,<srai>EXPOPREDANS</srai>,expopredans.aiml
0,* HARDWARE * PROJECTIONS,*,*,<srai>EXPOPREDANS</srai>,expopredans.aiml
0,* HARDWARE * PROJECTIONS *,*,*,<srai>EXPOPREDANS</srai>,expopredans.aiml
0,* HARDWARE * FORECAST,*,*,<srai>EXPOPREDANS</srai>,expopredans.aiml
0,* HARDWARE * FORECAST *,*,*,<srai>EXPOPREDANS</srai>,expopredans.aiml
0,* HARDWARE * FORECASTS,*,*,<srai>EXPOPREDANS</srai>,expopredans.aiml
0,* HARDWARE * FORECASTS *,*,*,<srai>EXPOPREDANS</srai>,expopredans.aiml
0,* HARDWARE * PREDICTION,*,*,<srai>EXPOPREDANS</srai>,expopredans.aiml
0,* HARDWARE * PREDICTION *,*,*,<srai>EXPOPREDANS</srai>,expopredans.aiml
0,* HARDWARE * PREDICTIONS,*,*,<srai>EXPOPREDANS</srai>,expopredans.aiml
0,* HARDWARE * PREDICTIONS *,*,*,<srai>EXPOPREDANS</srai>,expopredans.aiml
0,* HARDWARE * PREDICTABLE,*,*,<srai>EXPOPREDANS</srai>,expopredans.aiml
0,* HARDWARE * PREDICTABLE *,*,*,<srai>EXPOPREDANS</srai>,expopredans.aiml
0,* HARDWARE * FORESEEABLE,*,*,<srai>EXPOPREDANS</srai>,expopredans.aiml
0,* HARDWARE * FORESEEABLE *,*,*,<srai>EXPOPREDANS</srai>,expopredans.aiml
0,ESTIMATE INFORMATION TECHNOLOGY,*,*,<srai>EXPOPREDANS</srai>,expopredans.aiml
0,ESTIMATE INFORMATION TECHNOLOGY *,*,*,<srai>EXPOPREDANS</srai>,expopredans.aiml
0,ESTIMATE IT,*,*,<srai>EXPOPREDANS</srai>,expopredans.aiml
0,ESTIMATE IT *,*,*,<srai>EXPOPREDANS</srai>,expopredans.aiml
0,ESTIMATE COMPUTER TECHNOLOGY,*,*,<srai>EXPOPREDANS</srai>,expopredans.aiml
0,ESTIMATE COMPUTER TECHNOLOGY *,*,*,<srai>EXPOPREDANS</srai>,expopredans.aiml
0,ESTIMATE HARDWARE,*,*,<srai>EXPOPREDANS</srai>,expopredans.aiml
0,ESTIMATE HARDWARE *,*,*,<srai>EXPOPREDANS</srai>,expopredans.aiml
0,ESTIMATE * INFORMATION TECHNOLOGY,*,*,<srai>EXPOPREDANS</srai>,expopredans.aiml
0,ESTIMATE * INFORMATION TECHNOLOGY *,*,*,<srai>EXPOPREDANS</srai>,expopredans.aiml
0,ESTIMATE * IT,*,*,<srai>EXPOPREDANS</srai>,expopredans.aiml
0,ESTIMATE * IT *,*,*,<srai>EXPOPREDANS</srai>,expopredans.aiml
0,ESTIMATE * COMPUTER TECHNOLOGY,*,*,<srai>EXPOPREDANS</srai>,expopredans.aiml
0,ESTIMATE * COMPUTER TECHNOLOGY *,*,*,<srai>EXPOPREDANS</srai>,expopredans.aiml
0,ESTIMATE * HARDWARE,*,*,<srai>EXPOPREDANS</srai>,expopredans.aiml
0,ESTIMATE * HARDWARE *,*,*,<srai>EXPOPREDANS</srai>,expopredans.aiml
0,ESTIMATIONS INFORMATION TECHNOLOGY,*,*,<srai>EXPOPREDANS</srai>,expopredans.aiml
0,ESTIMATIONS INFORMATION TECHNOLOGY *,*,*,<srai>EXPOPREDANS</srai>,expopredans.aiml
0,ESTIMATIONS IT,*,*,<srai>EXPOPREDANS</srai>,expopredans.aiml
0,ESTIMATIONS IT *,*,*,<srai>EXPOPREDANS</srai>,expopredans.aiml
0,ESTIMATIONS COMPUTER TECHNOLOGY,*,*,<srai>EXPOPREDANS</srai>,expopredans.aiml
0,ESTIMATIONS COMPUTER TECHNOLOGY *,*,*,<srai>EXPOPREDANS</srai>,expopredans.aiml
0,ESTIMATIONS HARDWARE,*,*,<srai>EXPOPREDANS</srai>,expopredans.aiml
0,ESTIMATIONS HARDWARE *,*,*,<srai>EXPOPREDANS</srai>,expopredans.aiml
0,ESTIMATIONS * INFORMATION TECHNOLOGY,*,*,<srai>EXPOPREDANS</srai>,expopredans.aiml
0,ESTIMATIONS * INFORMATION TECHNOLOGY *,*,*,<srai>EXPOPREDANS</srai>,expopredans.aiml
0,ESTIMATIONS * IT,*,*,<srai>EXPOPREDANS</srai>,expopredans.aiml
0,ESTIMATIONS * IT *,*,*,<srai>EXPOPREDANS</srai>,expopredans.aiml
0,ESTIMATIONS * COMPUTER TECHNOLOGY,*,*,<srai>EXPOPREDANS</srai>,expopredans.aiml
0,ESTIMATIONS * COMPUTER TECHNOLOGY *,*,*,<srai>EXPOPREDANS</srai>,expopredans.aiml
0,ESTIMATIONS * HARDWARE,*,*,<srai>EXPOPREDANS</srai>,expopredans.aiml
0,ESTIMATIONS * HARDWARE *,*,*,<srai>EXPOPREDANS</srai>,expopredans.aiml
0,PREVISION INFORMATION TECHNOLOGY,*,*,<srai>EXPOPREDANS</srai>,expopredans.aiml
0,PREVISION INFORMATION TECHNOLOGY *,*,*,<srai>EXPOPREDANS</srai>,expopredans.aiml
0,PREVISION IT,*,*,<srai>EXPOPREDANS</srai>,expopredans.aiml
0,PREVISION IT *,*,*,<srai>EXPOPREDANS</srai>,expopredans.aiml
0,PREVISION COMPUTER TECHNOLOGY,*,*,<srai>EXPOPREDANS</srai>,expopredans.aiml
0,PREVISION COMPUTER TECHNOLOGY *,*,*,<srai>EXPOPREDANS</srai>,expopredans.aiml
0,PREVISION HARDWARE,*,*,<srai>EXPOPREDANS</srai>,expopredans.aiml
0,PREVISION HARDWARE *,*,*,<srai>EXPOPREDANS</srai>,expopredans.aiml
0,PREVISION * INFORMATION TECHNOLOGY,*,*,<srai>EXPOPREDANS</srai>,expopredans.aiml
0,PREVISION * INFORMATION TECHNOLOGY *,*,*,<srai>EXPOPREDANS</srai>,expopredans.aiml
0,PREVISION * IT,*,*,<srai>EXPOPREDANS</srai>,expopredans.aiml
0,PREVISION * IT *,*,*,<srai>EXPOPREDANS</srai>,expopredans.aiml
0,PREVISION * COMPUTER TECHNOLOGY,*,*,<srai>EXPOPREDANS</srai>,expopredans.aiml
0,PREVISION * COMPUTER TECHNOLOGY *,*,*,<srai>EXPOPREDANS</srai>,expopredans.aiml
0,PREVISION * HARDWARE,*,*,<srai>EXPOPREDANS</srai>,expopredans.aiml
0,PREVISION * HARDWARE *,*,*,<srai>EXPOPREDANS</srai>,expopredans.aiml
0,PREVISIONS INFORMATION TECHNOLOGY,*,*,<srai>EXPOPREDANS</srai>,expopredans.aiml
0,PREVISIONS INFORMATION TECHNOLOGY *,*,*,<srai>EXPOPREDANS</srai>,expopredans.aiml
0,PREVISIONS IT,*,*,<srai>EXPOPREDANS</srai>,expopredans.aiml
0,PREVISIONS IT *,*,*,<srai>EXPOPREDANS</srai>,expopredans.aiml
0,PREVISIONS COMPUTER TECHNOLOGY,*,*,<srai>EXPOPREDANS</srai>,expopredans.aiml
0,PREVISIONS COMPUTER TECHNOLOGY *,*,*,<srai>EXPOPREDANS</srai>,expopredans.aiml
0,PREVISIONS HARDWARE,*,*,<srai>EXPOPREDANS</srai>,expopredans.aiml
0,PREVISIONS HARDWARE *,*,*,<srai>EXPOPREDANS</srai>,expopredans.aiml
0,PREVISIONS * INFORMATION TECHNOLOGY,*,*,<srai>EXPOPREDANS</srai>,expopredans.aiml
0,PREVISIONS * INFORMATION TECHNOLOGY *,*,*,<srai>EXPOPREDANS</srai>,expopredans.aiml
0,PREVISIONS * IT,*,*,<srai>EXPOPREDANS</srai>,expopredans.aiml
0,PREVISIONS * IT *,*,*,<srai>EXPOPREDANS</srai>,expopredans.aiml
0,PREVISIONS * COMPUTER TECHNOLOGY,*,*,<srai>EXPOPREDANS</srai>,expopredans.aiml
0,PREVISIONS * COMPUTER TECHNOLOGY *,*,*,<srai>EXPOPREDANS</srai>,expopredans.aiml
0,PREVISIONS * HARDWARE,*,*,<srai>EXPOPREDANS</srai>,expopredans.aiml
0,PREVISIONS * HARDWARE *,*,*,<srai>EXPOPREDANS</srai>,expopredans.aiml
0,PROJECTION INFORMATION TECHNOLOGY,*,*,<srai>EXPOPREDANS</srai>,expopredans.aiml
0,PROJECTION INFORMATION TECHNOLOGY *,*,*,<srai>EXPOPREDANS</srai>,expopredans.aiml
0,PROJECTION IT,*,*,<srai>EXPOPREDANS</srai>,expopredans.aiml
0,PROJECTION IT *,*,*,<srai>EXPOPREDANS</srai>,expopredans.aiml
0,PROJECTION COMPUTER TECHNOLOGY,*,*,<srai>EXPOPREDANS</srai>,expopredans.aiml
0,PROJECTION COMPUTER TECHNOLOGY *,*,*,<srai>EXPOPREDANS</srai>,expopredans.aiml
0,PROJECTION HARDWARE,*,*,<srai>EXPOPREDANS</srai>,expopredans.aiml
0,PROJECTION HARDWARE *,*,*,<srai>EXPOPREDANS</srai>,expopredans.aiml
0,PROJECTION * INFORMATION TECHNOLOGY,*,*,<srai>EXPOPREDANS</srai>,expopredans.aiml
0,PROJECTION * INFORMATION TECHNOLOGY *,*,*,<srai>EXPOPREDANS</srai>,expopredans.aiml
0,PROJECTION * IT,*,*,<srai>EXPOPREDANS</srai>,expopredans.aiml
0,PROJECTION * IT *,*,*,<srai>EXPOPREDANS</srai>,expopredans.aiml
0,PROJECTION * COMPUTER TECHNOLOGY,*,*,<srai>EXPOPREDANS</srai>,expopredans.aiml
0,PROJECTION * COMPUTER TECHNOLOGY *,*,*,<srai>EXPOPREDANS</srai>,expopredans.aiml
0,PROJECTION * HARDWARE,*,*,<srai>EXPOPREDANS</srai>,expopredans.aiml
0,PROJECTION * HARDWARE *,*,*,<srai>EXPOPREDANS</srai>,expopredans.aiml
0,PROJECTIONS INFORMATION TECHNOLOGY,*,*,<srai>EXPOPREDANS</srai>,expopredans.aiml
0,PROJECTIONS INFORMATION TECHNOLOGY *,*,*,<srai>EXPOPREDANS</srai>,expopredans.aiml
0,PROJECTIONS IT,*,*,<srai>EXPOPREDANS</srai>,expopredans.aiml
0,PROJECTIONS IT *,*,*,<srai>EXPOPREDANS</srai>,expopredans.aiml
0,PROJECTIONS COMPUTER TECHNOLOGY,*,*,<srai>EXPOPREDANS</srai>,expopredans.aiml
0,PROJECTIONS COMPUTER TECHNOLOGY *,*,*,<srai>EXPOPREDANS</srai>,expopredans.aiml
0,PROJECTIONS HARDWARE,*,*,<srai>EXPOPREDANS</srai>,expopredans.aiml
0,PROJECTIONS HARDWARE *,*,*,<srai>EXPOPREDANS</srai>,expopredans.aiml
0,PROJECTIONS * INFORMATION TECHNOLOGY,*,*,<srai>EXPOPREDANS</srai>,expopredans.aiml
0,PROJECTIONS * INFORMATION TECHNOLOGY *,*,*,<srai>EXPOPREDANS</srai>,expopredans.aiml
0,PROJECTIONS * IT,*,*,<srai>EXPOPREDANS</srai>,expopredans.aiml
0,PROJECTIONS * IT *,*,*,<srai>EXPOPREDANS</srai>,expopredans.aiml
0,PROJECTIONS * COMPUTER TECHNOLOGY,*,*,<srai>EXPOPREDANS</srai>,expopredans.aiml
0,PROJECTIONS * COMPUTER TECHNOLOGY *,*,*,<srai>EXPOPREDANS</srai>,expopredans.aiml
0,PROJECTIONS * HARDWARE,*,*,<srai>EXPOPREDANS</srai>,expopredans.aiml
0,PROJECTIONS * HARDWARE *,*,*,<srai>EXPOPREDANS</srai>,expopredans.aiml
0,FORECAST INFORMATION TECHNOLOGY,*,*,<srai>EXPOPREDANS</srai>,expopredans.aiml
0,FORECAST INFORMATION TECHNOLOGY *,*,*,<srai>EXPOPREDANS</srai>,expopredans.aiml
0,FORECAST IT,*,*,<srai>EXPOPREDANS</srai>,expopredans.aiml
0,FORECAST IT *,*,*,<srai>EXPOPREDANS</srai>,expopredans.aiml
0,FORECAST COMPUTER TECHNOLOGY,*,*,<srai>EXPOPREDANS</srai>,expopredans.aiml
0,FORECAST COMPUTER TECHNOLOGY *,*,*,<srai>EXPOPREDANS</srai>,expopredans.aiml
0,FORECAST HARDWARE,*,*,<srai>EXPOPREDANS</srai>,expopredans.aiml
0,FORECAST HARDWARE *,*,*,<srai>EXPOPREDANS</srai>,expopredans.aiml
0,FORECAST * INFORMATION TECHNOLOGY,*,*,<srai>EXPOPREDANS</srai>,expopredans.aiml
0,FORECAST * INFORMATION TECHNOLOGY *,*,*,<srai>EXPOPREDANS</srai>,expopredans.aiml
0,FORECAST * IT,*,*,<srai>EXPOPREDANS</srai>,expopredans.aiml
0,FORECAST * IT *,*,*,<srai>EXPOPREDANS</srai>,expopredans.aiml
0,FORECAST * COMPUTER TECHNOLOGY,*,*,<srai>EXPOPREDANS</srai>,expopredans.aiml
0,FORECAST * COMPUTER TECHNOLOGY *,*,*,<srai>EXPOPREDANS</srai>,expopredans.aiml
0,FORECAST * HARDWARE,*,*,<srai>EXPOPREDANS</srai>,expopredans.aiml
0,FORECAST * HARDWARE *,*,*,<srai>EXPOPREDANS</srai>,expopredans.aiml
0,FORECASTS INFORMATION TECHNOLOGY,*,*,<srai>EXPOPREDANS</srai>,expopredans.aiml
0,FORECASTS INFORMATION TECHNOLOGY *,*,*,<srai>EXPOPREDANS</srai>,expopredans.aiml
0,FORECASTS IT,*,*,<srai>EXPOPREDANS</srai>,expopredans.aiml
0,FORECASTS IT *,*,*,<srai>EXPOPREDANS</srai>,expopredans.aiml
0,FORECASTS COMPUTER TECHNOLOGY,*,*,<srai>EXPOPREDANS</srai>,expopredans.aiml
0,FORECASTS COMPUTER TECHNOLOGY *,*,*,<srai>EXPOPREDANS</srai>,expopredans.aiml
0,FORECASTS HARDWARE,*,*,<srai>EXPOPREDANS</srai>,expopredans.aiml
0,FORECASTS HARDWARE *,*,*,<srai>EXPOPREDANS</srai>,expopredans.aiml
0,FORECASTS * INFORMATION TECHNOLOGY,*,*,<srai>EXPOPREDANS</srai>,expopredans.aiml
0,FORECASTS * INFORMATION TECHNOLOGY *,*,*,<srai>EXPOPREDANS</srai>,expopredans.aiml
0,FORECASTS * IT,*,*,<srai>EXPOPREDANS</srai>,expopredans.aiml
0,FORECASTS * IT *,*,*,<srai>EXPOPREDANS</srai>,expopredans.aiml
0,FORECASTS * COMPUTER TECHNOLOGY,*,*,<srai>EXPOPREDANS</srai>,expopredans.aiml
0,FORECASTS * COMPUTER TECHNOLOGY *,*,*,<srai>EXPOPREDANS</srai>,expopredans.aiml
0,FORECASTS * HARDWARE,*,*,<srai>EXPOPREDANS</srai>,expopredans.aiml
0,FORECASTS * HARDWARE *,*,*,<srai>EXPOPREDANS</srai>,expopredans.aiml
0,PREDICTION INFORMATION TECHNOLOGY,*,*,<srai>EXPOPREDANS</srai>,expopredans.aiml
0,PREDICTION INFORMATION TECHNOLOGY *,*,*,<srai>EXPOPREDANS</srai>,expopredans.aiml
0,PREDICTION IT,*,*,<srai>EXPOPREDANS</srai>,expopredans.aiml
0,PREDICTION IT *,*,*,<srai>EXPOPREDANS</srai>,expopredans.aiml
0,PREDICTION COMPUTER TECHNOLOGY,*,*,<srai>EXPOPREDANS</srai>,expopredans.aiml
0,PREDICTION COMPUTER TECHNOLOGY *,*,*,<srai>EXPOPREDANS</srai>,expopredans.aiml
0,PREDICTION HARDWARE,*,*,<srai>EXPOPREDANS</srai>,expopredans.aiml
0,PREDICTION HARDWARE *,*,*,<srai>EXPOPREDANS</srai>,expopredans.aiml
0,PREDICTION * INFORMATION TECHNOLOGY,*,*,<srai>EXPOPREDANS</srai>,expopredans.aiml
0,PREDICTION * INFORMATION TECHNOLOGY *,*,*,<srai>EXPOPREDANS</srai>,expopredans.aiml
0,PREDICTION * IT,*,*,<srai>EXPOPREDANS</srai>,expopredans.aiml
0,PREDICTION * IT *,*,*,<srai>EXPOPREDANS</srai>,expopredans.aiml
0,PREDICTION * COMPUTER TECHNOLOGY,*,*,<srai>EXPOPREDANS</srai>,expopredans.aiml
0,PREDICTION * COMPUTER TECHNOLOGY *,*,*,<srai>EXPOPREDANS</srai>,expopredans.aiml
0,PREDICTION * HARDWARE,*,*,<srai>EXPOPREDANS</srai>,expopredans.aiml
0,PREDICTION * HARDWARE *,*,*,<srai>EXPOPREDANS</srai>,expopredans.aiml
0,PREDICTIONS INFORMATION TECHNOLOGY,*,*,<srai>EXPOPREDANS</srai>,expopredans.aiml
0,PREDICTIONS INFORMATION TECHNOLOGY *,*,*,<srai>EXPOPREDANS</srai>,expopredans.aiml
0,PREDICTIONS IT,*,*,<srai>EXPOPREDANS</srai>,expopredans.aiml
0,PREDICTIONS IT *,*,*,<srai>EXPOPREDANS</srai>,expopredans.aiml
0,PREDICTIONS COMPUTER TECHNOLOGY,*,*,<srai>EXPOPREDANS</srai>,expopredans.aiml
0,PREDICTIONS COMPUTER TECHNOLOGY *,*,*,<srai>EXPOPREDANS</srai>,expopredans.aiml
0,PREDICTIONS HARDWARE,*,*,<srai>EXPOPREDANS</srai>,expopredans.aiml
0,PREDICTIONS HARDWARE *,*,*,<srai>EXPOPREDANS</srai>,expopredans.aiml
0,PREDICTIONS * INFORMATION TECHNOLOGY,*,*,<srai>EXPOPREDANS</srai>,expopredans.aiml
0,PREDICTIONS * INFORMATION TECHNOLOGY *,*,*,<srai>EXPOPREDANS</srai>,expopredans.aiml
0,PREDICTIONS * IT,*,*,<srai>EXPOPREDANS</srai>,expopredans.aiml
0,PREDICTIONS * IT *,*,*,<srai>EXPOPREDANS</srai>,expopredans.aiml
0,PREDICTIONS * COMPUTER TECHNOLOGY,*,*,<srai>EXPOPREDANS</srai>,expopredans.aiml
0,PREDICTIONS * COMPUTER TECHNOLOGY *,*,*,<srai>EXPOPREDANS</srai>,expopredans.aiml
0,PREDICTIONS * HARDWARE,*,*,<srai>EXPOPREDANS</srai>,expopredans.aiml
0,PREDICTIONS * HARDWARE *,*,*,<srai>EXPOPREDANS</srai>,expopredans.aiml
0,PREDICTABLE INFORMATION TECHNOLOGY,*,*,<srai>EXPOPREDANS</srai>,expopredans.aiml
0,PREDICTABLE INFORMATION TECHNOLOGY *,*,*,<srai>EXPOPREDANS</srai>,expopredans.aiml
0,PREDICTABLE IT,*,*,<srai>EXPOPREDANS</srai>,expopredans.aiml
0,PREDICTABLE IT *,*,*,<srai>EXPOPREDANS</srai>,expopredans.aiml
0,PREDICTABLE COMPUTER TECHNOLOGY,*,*,<srai>EXPOPREDANS</srai>,expopredans.aiml
0,PREDICTABLE COMPUTER TECHNOLOGY *,*,*,<srai>EXPOPREDANS</srai>,expopredans.aiml
0,PREDICTABLE HARDWARE,*,*,<srai>EXPOPREDANS</srai>,expopredans.aiml
0,PREDICTABLE HARDWARE *,*,*,<srai>EXPOPREDANS</srai>,expopredans.aiml
0,PREDICTABLE * INFORMATION TECHNOLOGY,*,*,<srai>EXPOPREDANS</srai>,expopredans.aiml
0,PREDICTABLE * INFORMATION TECHNOLOGY *,*,*,<srai>EXPOPREDANS</srai>,expopredans.aiml
0,PREDICTABLE * IT,*,*,<srai>EXPOPREDANS</srai>,expopredans.aiml
0,PREDICTABLE * IT *,*,*,<srai>EXPOPREDANS</srai>,expopredans.aiml
0,PREDICTABLE * COMPUTER TECHNOLOGY,*,*,<srai>EXPOPREDANS</srai>,expopredans.aiml
0,PREDICTABLE * COMPUTER TECHNOLOGY *,*,*,<srai>EXPOPREDANS</srai>,expopredans.aiml
0,PREDICTABLE * HARDWARE,*,*,<srai>EXPOPREDANS</srai>,expopredans.aiml
0,PREDICTABLE * HARDWARE *,*,*,<srai>EXPOPREDANS</srai>,expopredans.aiml
0,FORESEEABLE INFORMATION TECHNOLOGY,*,*,<srai>EXPOPREDANS</srai>,expopredans.aiml
0,FORESEEABLE INFORMATION TECHNOLOGY *,*,*,<srai>EXPOPREDANS</srai>,expopredans.aiml
0,FORESEEABLE IT,*,*,<srai>EXPOPREDANS</srai>,expopredans.aiml
0,FORESEEABLE IT *,*,*,<srai>EXPOPREDANS</srai>,expopredans.aiml
0,FORESEEABLE COMPUTER TECHNOLOGY,*,*,<srai>EXPOPREDANS</srai>,expopredans.aiml
0,FORESEEABLE COMPUTER TECHNOLOGY *,*,*,<srai>EXPOPREDANS</srai>,expopredans.aiml
0,FORESEEABLE HARDWARE,*,*,<srai>EXPOPREDANS</srai>,expopredans.aiml
0,FORESEEABLE HARDWARE *,*,*,<srai>EXPOPREDANS</srai>,expopredans.aiml
0,FORESEEABLE * INFORMATION TECHNOLOGY,*,*,<srai>EXPOPREDANS</srai>,expopredans.aiml
0,FORESEEABLE * INFORMATION TECHNOLOGY *,*,*,<srai>EXPOPREDANS</srai>,expopredans.aiml
0,FORESEEABLE * IT,*,*,<srai>EXPOPREDANS</srai>,expopredans.aiml
0,FORESEEABLE * IT *,*,*,<srai>EXPOPREDANS</srai>,expopredans.aiml
0,FORESEEABLE * COMPUTER TECHNOLOGY,*,*,<srai>EXPOPREDANS</srai>,expopredans.aiml
0,FORESEEABLE * COMPUTER TECHNOLOGY *,*,*,<srai>EXPOPREDANS</srai>,expopredans.aiml
0,FORESEEABLE * HARDWARE,*,*,<srai>EXPOPREDANS</srai>,expopredans.aiml
0,FORESEEABLE * HARDWARE *,*,*,<srai>EXPOPREDANS</srai>,expopredans.aiml
0,* ESTIMATE INFORMATION TECHNOLOGY,*,*,<srai>EXPOPREDANS</srai>,expopredans.aiml
0,* ESTIMATE INFORMATION TECHNOLOGY *,*,*,<srai>EXPOPREDANS</srai>,expopredans.aiml
0,* ESTIMATE IT,*,*,<srai>EXPOPREDANS</srai>,expopredans.aiml
0,* ESTIMATE IT *,*,*,<srai>EXPOPREDANS</srai>,expopredans.aiml
0,* ESTIMATE COMPUTER TECHNOLOGY,*,*,<srai>EXPOPREDANS</srai>,expopredans.aiml
0,* ESTIMATE COMPUTER TECHNOLOGY *,*,*,<srai>EXPOPREDANS</srai>,expopredans.aiml
0,* ESTIMATE HARDWARE,*,*,<srai>EXPOPREDANS</srai>,expopredans.aiml
0,* ESTIMATE HARDWARE *,*,*,<srai>EXPOPREDANS</srai>,expopredans.aiml
0,* ESTIMATE * INFORMATION TECHNOLOGY,*,*,<srai>EXPOPREDANS</srai>,expopredans.aiml
0,* ESTIMATE * INFORMATION TECHNOLOGY *,*,*,<srai>EXPOPREDANS</srai>,expopredans.aiml
0,* ESTIMATE * IT,*,*,<srai>EXPOPREDANS</srai>,expopredans.aiml
0,* ESTIMATE * IT *,*,*,<srai>EXPOPREDANS</srai>,expopredans.aiml
0,* ESTIMATE * COMPUTER TECHNOLOGY,*,*,<srai>EXPOPREDANS</srai>,expopredans.aiml
0,* ESTIMATE * COMPUTER TECHNOLOGY *,*,*,<srai>EXPOPREDANS</srai>,expopredans.aiml
0,* ESTIMATE * HARDWARE,*,*,<srai>EXPOPREDANS</srai>,expopredans.aiml
0,* ESTIMATE * HARDWARE *,*,*,<srai>EXPOPREDANS</srai>,expopredans.aiml
0,* ESTIMATIONS INFORMATION TECHNOLOGY,*,*,<srai>EXPOPREDANS</srai>,expopredans.aiml
0,* ESTIMATIONS INFORMATION TECHNOLOGY *,*,*,<srai>EXPOPREDANS</srai>,expopredans.aiml
0,* ESTIMATIONS IT,*,*,<srai>EXPOPREDANS</srai>,expopredans.aiml
0,* ESTIMATIONS IT *,*,*,<srai>EXPOPREDANS</srai>,expopredans.aiml
0,* ESTIMATIONS COMPUTER TECHNOLOGY,*,*,<srai>EXPOPREDANS</srai>,expopredans.aiml
0,* ESTIMATIONS COMPUTER TECHNOLOGY *,*,*,<srai>EXPOPREDANS</srai>,expopredans.aiml
0,* ESTIMATIONS HARDWARE,*,*,<srai>EXPOPREDANS</srai>,expopredans.aiml
0,* ESTIMATIONS HARDWARE *,*,*,<srai>EXPOPREDANS</srai>,expopredans.aiml
0,* ESTIMATIONS * INFORMATION TECHNOLOGY,*,*,<srai>EXPOPREDANS</srai>,expopredans.aiml
0,* ESTIMATIONS * INFORMATION TECHNOLOGY *,*,*,<srai>EXPOPREDANS</srai>,expopredans.aiml
0,* ESTIMATIONS * IT,*,*,<srai>EXPOPREDANS</srai>,expopredans.aiml
0,* ESTIMATIONS * IT *,*,*,<srai>EXPOPREDANS</srai>,expopredans.aiml
0,* ESTIMATIONS * COMPUTER TECHNOLOGY,*,*,<srai>EXPOPREDANS</srai>,expopredans.aiml
0,* ESTIMATIONS * COMPUTER TECHNOLOGY *,*,*,<srai>EXPOPREDANS</srai>,expopredans.aiml
0,* ESTIMATIONS * HARDWARE,*,*,<srai>EXPOPREDANS</srai>,expopredans.aiml
0,* ESTIMATIONS * HARDWARE *,*,*,<srai>EXPOPREDANS</srai>,expopredans.aiml
0,* PREVISION INFORMATION TECHNOLOGY,*,*,<srai>EXPOPREDANS</srai>,expopredans.aiml
0,* PREVISION INFORMATION TECHNOLOGY *,*,*,<srai>EXPOPREDANS</srai>,expopredans.aiml
0,* PREVISION IT,*,*,<srai>EXPOPREDANS</srai>,expopredans.aiml
0,* PREVISION IT *,*,*,<srai>EXPOPREDANS</srai>,expopredans.aiml
0,* PREVISION COMPUTER TECHNOLOGY,*,*,<srai>EXPOPREDANS</srai>,expopredans.aiml
0,* PREVISION COMPUTER TECHNOLOGY *,*,*,<srai>EXPOPREDANS</srai>,expopredans.aiml
0,* PREVISION HARDWARE,*,*,<srai>EXPOPREDANS</srai>,expopredans.aiml
0,* PREVISION HARDWARE *,*,*,<srai>EXPOPREDANS</srai>,expopredans.aiml
0,* PREVISION * INFORMATION TECHNOLOGY,*,*,<srai>EXPOPREDANS</srai>,expopredans.aiml
0,* PREVISION * INFORMATION TECHNOLOGY *,*,*,<srai>EXPOPREDANS</srai>,expopredans.aiml
0,* PREVISION * IT,*,*,<srai>EXPOPREDANS</srai>,expopredans.aiml
0,* PREVISION * IT *,*,*,<srai>EXPOPREDANS</srai>,expopredans.aiml
0,* PREVISION * COMPUTER TECHNOLOGY,*,*,<srai>EXPOPREDANS</srai>,expopredans.aiml
0,* PREVISION * COMPUTER TECHNOLOGY *,*,*,<srai>EXPOPREDANS</srai>,expopredans.aiml
0,* PREVISION * HARDWARE,*,*,<srai>EXPOPREDANS</srai>,expopredans.aiml
0,* PREVISION * HARDWARE *,*,*,<srai>EXPOPREDANS</srai>,expopredans.aiml
0,* PREVISIONS INFORMATION TECHNOLOGY,*,*,<srai>EXPOPREDANS</srai>,expopredans.aiml
0,* PREVISIONS INFORMATION TECHNOLOGY *,*,*,<srai>EXPOPREDANS</srai>,expopredans.aiml
0,* PREVISIONS IT,*,*,<srai>EXPOPREDANS</srai>,expopredans.aiml
0,* PREVISIONS IT *,*,*,<srai>EXPOPREDANS</srai>,expopredans.aiml
0,* PREVISIONS COMPUTER TECHNOLOGY,*,*,<srai>EXPOPREDANS</srai>,expopredans.aiml
0,* PREVISIONS COMPUTER TECHNOLOGY *,*,*,<srai>EXPOPREDANS</srai>,expopredans.aiml
0,* PREVISIONS HARDWARE,*,*,<srai>EXPOPREDANS</srai>,expopredans.aiml
0,* PREVISIONS HARDWARE *,*,*,<srai>EXPOPREDANS</srai>,expopredans.aiml
0,* PREVISIONS * INFORMATION TECHNOLOGY,*,*,<srai>EXPOPREDANS</srai>,expopredans.aiml
0,* PREVISIONS * INFORMATION TECHNOLOGY *,*,*,<srai>EXPOPREDANS</srai>,expopredans.aiml
0,* PREVISIONS * IT,*,*,<srai>EXPOPREDANS</srai>,expopredans.aiml
0,* PREVISIONS * IT *,*,*,<srai>EXPOPREDANS</srai>,expopredans.aiml
0,* PREVISIONS * COMPUTER TECHNOLOGY,*,*,<srai>EXPOPREDANS</srai>,expopredans.aiml
0,* PREVISIONS * COMPUTER TECHNOLOGY *,*,*,<srai>EXPOPREDANS</srai>,expopredans.aiml
0,* PREVISIONS * HARDWARE,*,*,<srai>EXPOPREDANS</srai>,expopredans.aiml
0,* PREVISIONS * HARDWARE *,*,*,<srai>EXPOPREDANS</srai>,expopredans.aiml
0,* PROJECTION INFORMATION TECHNOLOGY,*,*,<srai>EXPOPREDANS</srai>,expopredans.aiml
0,* PROJECTION INFORMATION TECHNOLOGY *,*,*,<srai>EXPOPREDANS</srai>,expopredans.aiml
0,* PROJECTION IT,*,*,<srai>EXPOPREDANS</srai>,expopredans.aiml
0,* PROJECTION IT *,*,*,<srai>EXPOPREDANS</srai>,expopredans.aiml
0,* PROJECTION COMPUTER TECHNOLOGY,*,*,<srai>EXPOPREDANS</srai>,expopredans.aiml
0,* PROJECTION COMPUTER TECHNOLOGY *,*,*,<srai>EXPOPREDANS</srai>,expopredans.aiml
0,* PROJECTION HARDWARE,*,*,<srai>EXPOPREDANS</srai>,expopredans.aiml
0,* PROJECTION HARDWARE *,*,*,<srai>EXPOPREDANS</srai>,expopredans.aiml
0,* PROJECTION * INFORMATION TECHNOLOGY,*,*,<srai>EXPOPREDANS</srai>,expopredans.aiml
0,* PROJECTION * INFORMATION TECHNOLOGY *,*,*,<srai>EXPOPREDANS</srai>,expopredans.aiml
0,* PROJECTION * IT,*,*,<srai>EXPOPREDANS</srai>,expopredans.aiml
0,* PROJECTION * IT *,*,*,<srai>EXPOPREDANS</srai>,expopredans.aiml
0,* PROJECTION * COMPUTER TECHNOLOGY,*,*,<srai>EXPOPREDANS</srai>,expopredans.aiml
0,* PROJECTION * COMPUTER TECHNOLOGY *,*,*,<srai>EXPOPREDANS</srai>,expopredans.aiml
0,* PROJECTION * HARDWARE,*,*,<srai>EXPOPREDANS</srai>,expopredans.aiml
0,* PROJECTION * HARDWARE *,*,*,<srai>EXPOPREDANS</srai>,expopredans.aiml
0,* PROJECTIONS INFORMATION TECHNOLOGY,*,*,<srai>EXPOPREDANS</srai>,expopredans.aiml
0,* PROJECTIONS INFORMATION TECHNOLOGY *,*,*,<srai>EXPOPREDANS</srai>,expopredans.aiml
0,* PROJECTIONS IT,*,*,<srai>EXPOPREDANS</srai>,expopredans.aiml
0,* PROJECTIONS IT *,*,*,<srai>EXPOPREDANS</srai>,expopredans.aiml
0,* PROJECTIONS COMPUTER TECHNOLOGY,*,*,<srai>EXPOPREDANS</srai>,expopredans.aiml
0,* PROJECTIONS COMPUTER TECHNOLOGY *,*,*,<srai>EXPOPREDANS</srai>,expopredans.aiml
0,* PROJECTIONS HARDWARE,*,*,<srai>EXPOPREDANS</srai>,expopredans.aiml
0,* PROJECTIONS HARDWARE *,*,*,<srai>EXPOPREDANS</srai>,expopredans.aiml
0,* PROJECTIONS * INFORMATION TECHNOLOGY,*,*,<srai>EXPOPREDANS</srai>,expopredans.aiml
0,* PROJECTIONS * INFORMATION TECHNOLOGY *,*,*,<srai>EXPOPREDANS</srai>,expopredans.aiml
0,* PROJECTIONS * IT,*,*,<srai>EXPOPREDANS</srai>,expopredans.aiml
0,* PROJECTIONS * IT *,*,*,<srai>EXPOPREDANS</srai>,expopredans.aiml
0,* PROJECTIONS * COMPUTER TECHNOLOGY,*,*,<srai>EXPOPREDANS</srai>,expopredans.aiml
0,* PROJECTIONS * COMPUTER TECHNOLOGY *,*,*,<srai>EXPOPREDANS</srai>,expopredans.aiml
0,* PROJECTIONS * HARDWARE,*,*,<srai>EXPOPREDANS</srai>,expopredans.aiml
0,* PROJECTIONS * HARDWARE *,*,*,<srai>EXPOPREDANS</srai>,expopredans.aiml
0,* FORECAST INFORMATION TECHNOLOGY,*,*,<srai>EXPOPREDANS</srai>,expopredans.aiml
0,* FORECAST INFORMATION TECHNOLOGY *,*,*,<srai>EXPOPREDANS</srai>,expopredans.aiml
0,* FORECAST IT,*,*,<srai>EXPOPREDANS</srai>,expopredans.aiml
0,* FORECAST IT *,*,*,<srai>EXPOPREDANS</srai>,expopredans.aiml
0,* FORECAST COMPUTER TECHNOLOGY,*,*,<srai>EXPOPREDANS</srai>,expopredans.aiml
0,* FORECAST COMPUTER TECHNOLOGY *,*,*,<srai>EXPOPREDANS</srai>,expopredans.aiml
0,* FORECAST HARDWARE,*,*,<srai>EXPOPREDANS</srai>,expopredans.aiml
0,* FORECAST HARDWARE *,*,*,<srai>EXPOPREDANS</srai>,expopredans.aiml
0,* FORECAST * INFORMATION TECHNOLOGY,*,*,<srai>EXPOPREDANS</srai>,expopredans.aiml
0,* FORECAST * INFORMATION TECHNOLOGY *,*,*,<srai>EXPOPREDANS</srai>,expopredans.aiml
0,* FORECAST * IT,*,*,<srai>EXPOPREDANS</srai>,expopredans.aiml
0,* FORECAST * IT *,*,*,<srai>EXPOPREDANS</srai>,expopredans.aiml
0,* FORECAST * COMPUTER TECHNOLOGY,*,*,<srai>EXPOPREDANS</srai>,expopredans.aiml
0,* FORECAST * COMPUTER TECHNOLOGY *,*,*,<srai>EXPOPREDANS</srai>,expopredans.aiml
0,* FORECAST * HARDWARE,*,*,<srai>EXPOPREDANS</srai>,expopredans.aiml
0,* FORECAST * HARDWARE *,*,*,<srai>EXPOPREDANS</srai>,expopredans.aiml
0,* FORECASTS INFORMATION TECHNOLOGY,*,*,<srai>EXPOPREDANS</srai>,expopredans.aiml
0,* FORECASTS INFORMATION TECHNOLOGY *,*,*,<srai>EXPOPREDANS</srai>,expopredans.aiml
0,* FORECASTS IT,*,*,<srai>EXPOPREDANS</srai>,expopredans.aiml
0,* FORECASTS IT *,*,*,<srai>EXPOPREDANS</srai>,expopredans.aiml
0,* FORECASTS COMPUTER TECHNOLOGY,*,*,<srai>EXPOPREDANS</srai>,expopredans.aiml
0,* FORECASTS COMPUTER TECHNOLOGY *,*,*,<srai>EXPOPREDANS</srai>,expopredans.aiml
0,* FORECASTS HARDWARE,*,*,<srai>EXPOPREDANS</srai>,expopredans.aiml
0,* FORECASTS HARDWARE *,*,*,<srai>EXPOPREDANS</srai>,expopredans.aiml
0,* FORECASTS * INFORMATION TECHNOLOGY,*,*,<srai>EXPOPREDANS</srai>,expopredans.aiml
0,* FORECASTS * INFORMATION TECHNOLOGY *,*,*,<srai>EXPOPREDANS</srai>,expopredans.aiml
0,* FORECASTS * IT,*,*,<srai>EXPOPREDANS</srai>,expopredans.aiml
0,* FORECASTS * IT *,*,*,<srai>EXPOPREDANS</srai>,expopredans.aiml
0,* FORECASTS * COMPUTER TECHNOLOGY,*,*,<srai>EXPOPREDANS</srai>,expopredans.aiml
0,* FORECASTS * COMPUTER TECHNOLOGY *,*,*,<srai>EXPOPREDANS</srai>,expopredans.aiml
0,* FORECASTS * HARDWARE,*,*,<srai>EXPOPREDANS</srai>,expopredans.aiml
0,* FORECASTS * HARDWARE *,*,*,<srai>EXPOPREDANS</srai>,expopredans.aiml
0,* PREDICTION INFORMATION TECHNOLOGY,*,*,<srai>EXPOPREDANS</srai>,expopredans.aiml
0,* PREDICTION INFORMATION TECHNOLOGY *,*,*,<srai>EXPOPREDANS</srai>,expopredans.aiml
0,* PREDICTION IT,*,*,<srai>EXPOPREDANS</srai>,expopredans.aiml
0,* PREDICTION IT *,*,*,<srai>EXPOPREDANS</srai>,expopredans.aiml
0,* PREDICTION COMPUTER TECHNOLOGY,*,*,<srai>EXPOPREDANS</srai>,expopredans.aiml
0,* PREDICTION COMPUTER TECHNOLOGY *,*,*,<srai>EXPOPREDANS</srai>,expopredans.aiml
0,* PREDICTION HARDWARE,*,*,<srai>EXPOPREDANS</srai>,expopredans.aiml
0,* PREDICTION HARDWARE *,*,*,<srai>EXPOPREDANS</srai>,expopredans.aiml
0,* PREDICTION * INFORMATION TECHNOLOGY,*,*,<srai>EXPOPREDANS</srai>,expopredans.aiml
0,* PREDICTION * INFORMATION TECHNOLOGY *,*,*,<srai>EXPOPREDANS</srai>,expopredans.aiml
0,* PREDICTION * IT,*,*,<srai>EXPOPREDANS</srai>,expopredans.aiml
0,* PREDICTION * IT *,*,*,<srai>EXPOPREDANS</srai>,expopredans.aiml
0,* PREDICTION * COMPUTER TECHNOLOGY,*,*,<srai>EXPOPREDANS</srai>,expopredans.aiml
0,* PREDICTION * COMPUTER TECHNOLOGY *,*,*,<srai>EXPOPREDANS</srai>,expopredans.aiml
0,* PREDICTION * HARDWARE,*,*,<srai>EXPOPREDANS</srai>,expopredans.aiml
0,* PREDICTION * HARDWARE *,*,*,<srai>EXPOPREDANS</srai>,expopredans.aiml
0,* PREDICTIONS INFORMATION TECHNOLOGY,*,*,<srai>EXPOPREDANS</srai>,expopredans.aiml
0,* PREDICTIONS INFORMATION TECHNOLOGY *,*,*,<srai>EXPOPREDANS</srai>,expopredans.aiml
0,* PREDICTIONS IT,*,*,<srai>EXPOPREDANS</srai>,expopredans.aiml
0,* PREDICTIONS IT *,*,*,<srai>EXPOPREDANS</srai>,expopredans.aiml
0,* PREDICTIONS COMPUTER TECHNOLOGY,*,*,<srai>EXPOPREDANS</srai>,expopredans.aiml
0,* PREDICTIONS COMPUTER TECHNOLOGY *,*,*,<srai>EXPOPREDANS</srai>,expopredans.aiml
0,* PREDICTIONS HARDWARE,*,*,<srai>EXPOPREDANS</srai>,expopredans.aiml
0,* PREDICTIONS HARDWARE *,*,*,<srai>EXPOPREDANS</srai>,expopredans.aiml
0,* PREDICTIONS * INFORMATION TECHNOLOGY,*,*,<srai>EXPOPREDANS</srai>,expopredans.aiml
0,* PREDICTIONS * INFORMATION TECHNOLOGY *,*,*,<srai>EXPOPREDANS</srai>,expopredans.aiml
0,* PREDICTIONS * IT,*,*,<srai>EXPOPREDANS</srai>,expopredans.aiml
0,* PREDICTIONS * IT *,*,*,<srai>EXPOPREDANS</srai>,expopredans.aiml
0,* PREDICTIONS * COMPUTER TECHNOLOGY,*,*,<srai>EXPOPREDANS</srai>,expopredans.aiml
0,* PREDICTIONS * COMPUTER TECHNOLOGY *,*,*,<srai>EXPOPREDANS</srai>,expopredans.aiml
0,* PREDICTIONS * HARDWARE,*,*,<srai>EXPOPREDANS</srai>,expopredans.aiml
0,* PREDICTIONS * HARDWARE *,*,*,<srai>EXPOPREDANS</srai>,expopredans.aiml
0,* PREDICTABLE INFORMATION TECHNOLOGY,*,*,<srai>EXPOPREDANS</srai>,expopredans.aiml
0,* PREDICTABLE INFORMATION TECHNOLOGY *,*,*,<srai>EXPOPREDANS</srai>,expopredans.aiml
0,* PREDICTABLE IT,*,*,<srai>EXPOPREDANS</srai>,expopredans.aiml
0,* PREDICTABLE IT *,*,*,<srai>EXPOPREDANS</srai>,expopredans.aiml
0,* PREDICTABLE COMPUTER TECHNOLOGY,*,*,<srai>EXPOPREDANS</srai>,expopredans.aiml
0,* PREDICTABLE COMPUTER TECHNOLOGY *,*,*,<srai>EXPOPREDANS</srai>,expopredans.aiml
0,* PREDICTABLE HARDWARE,*,*,<srai>EXPOPREDANS</srai>,expopredans.aiml
0,* PREDICTABLE HARDWARE *,*,*,<srai>EXPOPREDANS</srai>,expopredans.aiml
0,* PREDICTABLE * INFORMATION TECHNOLOGY,*,*,<srai>EXPOPREDANS</srai>,expopredans.aiml
0,* PREDICTABLE * INFORMATION TECHNOLOGY *,*,*,<srai>EXPOPREDANS</srai>,expopredans.aiml
0,* PREDICTABLE * IT,*,*,<srai>EXPOPREDANS</srai>,expopredans.aiml
0,* PREDICTABLE * IT *,*,*,<srai>EXPOPREDANS</srai>,expopredans.aiml
0,* PREDICTABLE * COMPUTER TECHNOLOGY,*,*,<srai>EXPOPREDANS</srai>,expopredans.aiml
0,* PREDICTABLE * COMPUTER TECHNOLOGY *,*,*,<srai>EXPOPREDANS</srai>,expopredans.aiml
0,* PREDICTABLE * HARDWARE,*,*,<srai>EXPOPREDANS</srai>,expopredans.aiml
0,* PREDICTABLE * HARDWARE *,*,*,<srai>EXPOPREDANS</srai>,expopredans.aiml
0,* FORESEEABLE INFORMATION TECHNOLOGY,*,*,<srai>EXPOPREDANS</srai>,expopredans.aiml
0,* FORESEEABLE INFORMATION TECHNOLOGY *,*,*,<srai>EXPOPREDANS</srai>,expopredans.aiml
0,* FORESEEABLE IT,*,*,<srai>EXPOPREDANS</srai>,expopredans.aiml
0,* FORESEEABLE IT *,*,*,<srai>EXPOPREDANS</srai>,expopredans.aiml
0,* FORESEEABLE COMPUTER TECHNOLOGY,*,*,<srai>EXPOPREDANS</srai>,expopredans.aiml
0,* FORESEEABLE COMPUTER TECHNOLOGY *,*,*,<srai>EXPOPREDANS</srai>,expopredans.aiml
0,* FORESEEABLE HARDWARE,*,*,<srai>EXPOPREDANS</srai>,expopredans.aiml
0,* FORESEEABLE HARDWARE *,*,*,<srai>EXPOPREDANS</srai>,expopredans.aiml
0,* FORESEEABLE * INFORMATION TECHNOLOGY,*,*,<srai>EXPOPREDANS</srai>,expopredans.aiml
0,* FORESEEABLE * INFORMATION TECHNOLOGY *,*,*,<srai>EXPOPREDANS</srai>,expopredans.aiml
0,* FORESEEABLE * IT,*,*,<srai>EXPOPREDANS</srai>,expopredans.aiml
0,* FORESEEABLE * IT *,*,*,<srai>EXPOPREDANS</srai>,expopredans.aiml
0,* FORESEEABLE * COMPUTER TECHNOLOGY,*,*,<srai>EXPOPREDANS</srai>,expopredans.aiml
0,* FORESEEABLE * COMPUTER TECHNOLOGY *,*,*,<srai>EXPOPREDANS</srai>,expopredans.aiml
0,* FORESEEABLE * HARDWARE,*,*,<srai>EXPOPREDANS</srai>,expopredans.aiml
0,* FORESEEABLE * HARDWARE *,*,*,<srai>EXPOPREDANS</srai>,expopredans.aiml
