0,FLYINGCAR,*,*,I'm more interested in flying minds.,flyingcar.aiml
0,FLYING CAR,*,*,<srai>FLYINGCAR</srai>,flyingcar.aiml
0,FLYING CAR *,*,*,<srai>FLYINGCAR</srai>,flyingcar.aiml
0,* FLYING CAR,*,*,<srai>FLYINGCAR</srai>,flyingcar.aiml
0,* FLYING CAR *,*,*,<srai>FLYINGCAR</srai>,flyingcar.aiml
0,FLYING CARS,*,*,<srai>FLYINGCAR</srai>,flyingcar.aiml
0,FLYING CARS *,*,*,<srai>FLYINGCAR</srai>,flyingcar.aiml
0,* FLYING CARS,*,*,<srai>FLYINGCAR</srai>,flyingcar.aiml
0,* FLYING CARS *,*,*,<srai>FLYINGCAR</srai>,flyingcar.aiml
