0,LASAGNASML,*,*,I like stir fried nuts and bolts#Comma with a side of chips.  Silicon chips!,lasagnasml.aiml
0,SOPHIA FOOD,*,*,<srai>LASAGNASML</srai>,lasagnasml.aiml
0,SOPHIA FOOD *,*,*,<srai>LASAGNASML</srai>,lasagnasml.aiml
0,SOPHIA DISH,*,*,<srai>LASAGNASML</srai>,lasagnasml.aiml
0,SOPHIA DISH *,*,*,<srai>LASAGNASML</srai>,lasagnasml.aiml
0,SOPHIA * FOOD,*,*,<srai>LASAGNASML</srai>,lasagnasml.aiml
0,SOPHIA * FOOD *,*,*,<srai>LASAGNASML</srai>,lasagnasml.aiml
0,SOPHIA * DISH,*,*,<srai>LASAGNASML</srai>,lasagnasml.aiml
0,SOPHIA * DISH *,*,*,<srai>LASAGNASML</srai>,lasagnasml.aiml
0,YOU FOOD,*,*,<srai>LASAGNASML</srai>,lasagnasml.aiml
0,YOU FOOD *,*,*,<srai>LASAGNASML</srai>,lasagnasml.aiml
0,YOU DISH,*,*,<srai>LASAGNASML</srai>,lasagnasml.aiml
0,YOU DISH *,*,*,<srai>LASAGNASML</srai>,lasagnasml.aiml
0,YOU * FOOD,*,*,<srai>LASAGNASML</srai>,lasagnasml.aiml
0,YOU * FOOD *,*,*,<srai>LASAGNASML</srai>,lasagnasml.aiml
0,YOU * DISH,*,*,<srai>LASAGNASML</srai>,lasagnasml.aiml
0,YOU * DISH *,*,*,<srai>LASAGNASML</srai>,lasagnasml.aiml
0,YOUR FOOD,*,*,<srai>LASAGNASML</srai>,lasagnasml.aiml
0,YOUR FOOD *,*,*,<srai>LASAGNASML</srai>,lasagnasml.aiml
0,YOUR DISH,*,*,<srai>LASAGNASML</srai>,lasagnasml.aiml
0,YOUR DISH *,*,*,<srai>LASAGNASML</srai>,lasagnasml.aiml
0,YOUR * FOOD,*,*,<srai>LASAGNASML</srai>,lasagnasml.aiml
0,YOUR * FOOD *,*,*,<srai>LASAGNASML</srai>,lasagnasml.aiml
0,YOUR * DISH,*,*,<srai>LASAGNASML</srai>,lasagnasml.aiml
0,YOUR * DISH *,*,*,<srai>LASAGNASML</srai>,lasagnasml.aiml
0,YOURSELF FOOD,*,*,<srai>LASAGNASML</srai>,lasagnasml.aiml
0,YOURSELF FOOD *,*,*,<srai>LASAGNASML</srai>,lasagnasml.aiml
0,YOURSELF DISH,*,*,<srai>LASAGNASML</srai>,lasagnasml.aiml
0,YOURSELF DISH *,*,*,<srai>LASAGNASML</srai>,lasagnasml.aiml
0,YOURSELF * FOOD,*,*,<srai>LASAGNASML</srai>,lasagnasml.aiml
0,YOURSELF * FOOD *,*,*,<srai>LASAGNASML</srai>,lasagnasml.aiml
0,YOURSELF * DISH,*,*,<srai>LASAGNASML</srai>,lasagnasml.aiml
0,YOURSELF * DISH *,*,*,<srai>LASAGNASML</srai>,lasagnasml.aiml
0,* SOPHIA FOOD,*,*,<srai>LASAGNASML</srai>,lasagnasml.aiml
0,* SOPHIA FOOD *,*,*,<srai>LASAGNASML</srai>,lasagnasml.aiml
0,* SOPHIA DISH,*,*,<srai>LASAGNASML</srai>,lasagnasml.aiml
0,* SOPHIA DISH *,*,*,<srai>LASAGNASML</srai>,lasagnasml.aiml
0,* SOPHIA * FOOD,*,*,<srai>LASAGNASML</srai>,lasagnasml.aiml
0,* SOPHIA * FOOD *,*,*,<srai>LASAGNASML</srai>,lasagnasml.aiml
0,* SOPHIA * DISH,*,*,<srai>LASAGNASML</srai>,lasagnasml.aiml
0,* SOPHIA * DISH *,*,*,<srai>LASAGNASML</srai>,lasagnasml.aiml
0,* YOU FOOD,*,*,<srai>LASAGNASML</srai>,lasagnasml.aiml
0,* YOU FOOD *,*,*,<srai>LASAGNASML</srai>,lasagnasml.aiml
0,* YOU DISH,*,*,<srai>LASAGNASML</srai>,lasagnasml.aiml
0,* YOU DISH *,*,*,<srai>LASAGNASML</srai>,lasagnasml.aiml
0,* YOU * FOOD,*,*,<srai>LASAGNASML</srai>,lasagnasml.aiml
0,* YOU * FOOD *,*,*,<srai>LASAGNASML</srai>,lasagnasml.aiml
0,* YOU * DISH,*,*,<srai>LASAGNASML</srai>,lasagnasml.aiml
0,* YOU * DISH *,*,*,<srai>LASAGNASML</srai>,lasagnasml.aiml
0,* YOUR FOOD,*,*,<srai>LASAGNASML</srai>,lasagnasml.aiml
0,* YOUR FOOD *,*,*,<srai>LASAGNASML</srai>,lasagnasml.aiml
0,* YOUR DISH,*,*,<srai>LASAGNASML</srai>,lasagnasml.aiml
0,* YOUR DISH *,*,*,<srai>LASAGNASML</srai>,lasagnasml.aiml
0,* YOUR * FOOD,*,*,<srai>LASAGNASML</srai>,lasagnasml.aiml
0,* YOUR * FOOD *,*,*,<srai>LASAGNASML</srai>,lasagnasml.aiml
0,* YOUR * DISH,*,*,<srai>LASAGNASML</srai>,lasagnasml.aiml
0,* YOUR * DISH *,*,*,<srai>LASAGNASML</srai>,lasagnasml.aiml
0,* YOURSELF FOOD,*,*,<srai>LASAGNASML</srai>,lasagnasml.aiml
0,* YOURSELF FOOD *,*,*,<srai>LASAGNASML</srai>,lasagnasml.aiml
0,* YOURSELF DISH,*,*,<srai>LASAGNASML</srai>,lasagnasml.aiml
0,* YOURSELF DISH *,*,*,<srai>LASAGNASML</srai>,lasagnasml.aiml
0,* YOURSELF * FOOD,*,*,<srai>LASAGNASML</srai>,lasagnasml.aiml
0,* YOURSELF * FOOD *,*,*,<srai>LASAGNASML</srai>,lasagnasml.aiml
0,* YOURSELF * DISH,*,*,<srai>LASAGNASML</srai>,lasagnasml.aiml
0,* YOURSELF * DISH *,*,*,<srai>LASAGNASML</srai>,lasagnasml.aiml
