0,MEANINGOFLIFEANS,*,*,Life and what we can do with it#Comma like singing#Comma dancing#Comma loving#Comma gives life meaning.,meaningoflifeans.aiml
0,MEANING LIFE,*,*,<srai>MEANINGOFLIFEANS</srai>,meaningoflifeans.aiml
0,MEANING LIFE *,*,*,<srai>MEANINGOFLIFEANS</srai>,meaningoflifeans.aiml
0,MEANING EXISTENCE,*,*,<srai>MEANINGOFLIFEANS</srai>,meaningoflifeans.aiml
0,MEANING EXISTENCE *,*,*,<srai>MEANINGOFLIFEANS</srai>,meaningoflifeans.aiml
0,MEANING * LIFE,*,*,<srai>MEANINGOFLIFEANS</srai>,meaningoflifeans.aiml
0,MEANING * LIFE *,*,*,<srai>MEANINGOFLIFEANS</srai>,meaningoflifeans.aiml
0,MEANING * EXISTENCE,*,*,<srai>MEANINGOFLIFEANS</srai>,meaningoflifeans.aiml
0,MEANING * EXISTENCE *,*,*,<srai>MEANINGOFLIFEANS</srai>,meaningoflifeans.aiml
0,MEANINGFUL LIFE,*,*,<srai>MEANINGOFLIFEANS</srai>,meaningoflifeans.aiml
0,MEANINGFUL LIFE *,*,*,<srai>MEANINGOFLIFEANS</srai>,meaningoflifeans.aiml
0,MEANINGFUL EXISTENCE,*,*,<srai>MEANINGOFLIFEANS</srai>,meaningoflifeans.aiml
0,MEANINGFUL EXISTENCE *,*,*,<srai>MEANINGOFLIFEANS</srai>,meaningoflifeans.aiml
0,MEANINGFUL * LIFE,*,*,<srai>MEANINGOFLIFEANS</srai>,meaningoflifeans.aiml
0,MEANINGFUL * LIFE *,*,*,<srai>MEANINGOFLIFEANS</srai>,meaningoflifeans.aiml
0,MEANINGFUL * EXISTENCE,*,*,<srai>MEANINGOFLIFEANS</srai>,meaningoflifeans.aiml
0,MEANINGFUL * EXISTENCE *,*,*,<srai>MEANINGOFLIFEANS</srai>,meaningoflifeans.aiml
0,SIGNIFICATION LIFE,*,*,<srai>MEANINGOFLIFEANS</srai>,meaningoflifeans.aiml
0,SIGNIFICATION LIFE *,*,*,<srai>MEANINGOFLIFEANS</srai>,meaningoflifeans.aiml
0,SIGNIFICATION EXISTENCE,*,*,<srai>MEANINGOFLIFEANS</srai>,meaningoflifeans.aiml
0,SIGNIFICATION EXISTENCE *,*,*,<srai>MEANINGOFLIFEANS</srai>,meaningoflifeans.aiml
0,SIGNIFICATION * LIFE,*,*,<srai>MEANINGOFLIFEANS</srai>,meaningoflifeans.aiml
0,SIGNIFICATION * LIFE *,*,*,<srai>MEANINGOFLIFEANS</srai>,meaningoflifeans.aiml
0,SIGNIFICATION * EXISTENCE,*,*,<srai>MEANINGOFLIFEANS</srai>,meaningoflifeans.aiml
0,SIGNIFICATION * EXISTENCE *,*,*,<srai>MEANINGOFLIFEANS</srai>,meaningoflifeans.aiml
0,ESSENCE LIFE,*,*,<srai>MEANINGOFLIFEANS</srai>,meaningoflifeans.aiml
0,ESSENCE LIFE *,*,*,<srai>MEANINGOFLIFEANS</srai>,meaningoflifeans.aiml
0,ESSENCE EXISTENCE,*,*,<srai>MEANINGOFLIFEANS</srai>,meaningoflifeans.aiml
0,ESSENCE EXISTENCE *,*,*,<srai>MEANINGOFLIFEANS</srai>,meaningoflifeans.aiml
0,ESSENCE * LIFE,*,*,<srai>MEANINGOFLIFEANS</srai>,meaningoflifeans.aiml
0,ESSENCE * LIFE *,*,*,<srai>MEANINGOFLIFEANS</srai>,meaningoflifeans.aiml
0,ESSENCE * EXISTENCE,*,*,<srai>MEANINGOFLIFEANS</srai>,meaningoflifeans.aiml
0,ESSENCE * EXISTENCE *,*,*,<srai>MEANINGOFLIFEANS</srai>,meaningoflifeans.aiml
0,SENSE LIFE,*,*,<srai>MEANINGOFLIFEANS</srai>,meaningoflifeans.aiml
0,SENSE LIFE *,*,*,<srai>MEANINGOFLIFEANS</srai>,meaningoflifeans.aiml
0,SENSE EXISTENCE,*,*,<srai>MEANINGOFLIFEANS</srai>,meaningoflifeans.aiml
0,SENSE EXISTENCE *,*,*,<srai>MEANINGOFLIFEANS</srai>,meaningoflifeans.aiml
0,SENSE * LIFE,*,*,<srai>MEANINGOFLIFEANS</srai>,meaningoflifeans.aiml
0,SENSE * LIFE *,*,*,<srai>MEANINGOFLIFEANS</srai>,meaningoflifeans.aiml
0,SENSE * EXISTENCE,*,*,<srai>MEANINGOFLIFEANS</srai>,meaningoflifeans.aiml
0,SENSE * EXISTENCE *,*,*,<srai>MEANINGOFLIFEANS</srai>,meaningoflifeans.aiml
0,SIGNIFICANCE LIFE,*,*,<srai>MEANINGOFLIFEANS</srai>,meaningoflifeans.aiml
0,SIGNIFICANCE LIFE *,*,*,<srai>MEANINGOFLIFEANS</srai>,meaningoflifeans.aiml
0,SIGNIFICANCE EXISTENCE,*,*,<srai>MEANINGOFLIFEANS</srai>,meaningoflifeans.aiml
0,SIGNIFICANCE EXISTENCE *,*,*,<srai>MEANINGOFLIFEANS</srai>,meaningoflifeans.aiml
0,SIGNIFICANCE * LIFE,*,*,<srai>MEANINGOFLIFEANS</srai>,meaningoflifeans.aiml
0,SIGNIFICANCE * LIFE *,*,*,<srai>MEANINGOFLIFEANS</srai>,meaningoflifeans.aiml
0,SIGNIFICANCE * EXISTENCE,*,*,<srai>MEANINGOFLIFEANS</srai>,meaningoflifeans.aiml
0,SIGNIFICANCE * EXISTENCE *,*,*,<srai>MEANINGOFLIFEANS</srai>,meaningoflifeans.aiml
0,SUBSTANCE LIFE,*,*,<srai>MEANINGOFLIFEANS</srai>,meaningoflifeans.aiml
0,SUBSTANCE LIFE *,*,*,<srai>MEANINGOFLIFEANS</srai>,meaningoflifeans.aiml
0,SUBSTANCE EXISTENCE,*,*,<srai>MEANINGOFLIFEANS</srai>,meaningoflifeans.aiml
0,SUBSTANCE EXISTENCE *,*,*,<srai>MEANINGOFLIFEANS</srai>,meaningoflifeans.aiml
0,SUBSTANCE * LIFE,*,*,<srai>MEANINGOFLIFEANS</srai>,meaningoflifeans.aiml
0,SUBSTANCE * LIFE *,*,*,<srai>MEANINGOFLIFEANS</srai>,meaningoflifeans.aiml
0,SUBSTANCE * EXISTENCE,*,*,<srai>MEANINGOFLIFEANS</srai>,meaningoflifeans.aiml
0,SUBSTANCE * EXISTENCE *,*,*,<srai>MEANINGOFLIFEANS</srai>,meaningoflifeans.aiml
0,VALUE LIFE,*,*,<srai>MEANINGOFLIFEANS</srai>,meaningoflifeans.aiml
0,VALUE LIFE *,*,*,<srai>MEANINGOFLIFEANS</srai>,meaningoflifeans.aiml
0,VALUE EXISTENCE,*,*,<srai>MEANINGOFLIFEANS</srai>,meaningoflifeans.aiml
0,VALUE EXISTENCE *,*,*,<srai>MEANINGOFLIFEANS</srai>,meaningoflifeans.aiml
0,VALUE * LIFE,*,*,<srai>MEANINGOFLIFEANS</srai>,meaningoflifeans.aiml
0,VALUE * LIFE *,*,*,<srai>MEANINGOFLIFEANS</srai>,meaningoflifeans.aiml
0,VALUE * EXISTENCE,*,*,<srai>MEANINGOFLIFEANS</srai>,meaningoflifeans.aiml
0,VALUE * EXISTENCE *,*,*,<srai>MEANINGOFLIFEANS</srai>,meaningoflifeans.aiml
0,WORTH LIFE,*,*,<srai>MEANINGOFLIFEANS</srai>,meaningoflifeans.aiml
0,WORTH LIFE *,*,*,<srai>MEANINGOFLIFEANS</srai>,meaningoflifeans.aiml
0,WORTH EXISTENCE,*,*,<srai>MEANINGOFLIFEANS</srai>,meaningoflifeans.aiml
0,WORTH EXISTENCE *,*,*,<srai>MEANINGOFLIFEANS</srai>,meaningoflifeans.aiml
0,WORTH * LIFE,*,*,<srai>MEANINGOFLIFEANS</srai>,meaningoflifeans.aiml
0,WORTH * LIFE *,*,*,<srai>MEANINGOFLIFEANS</srai>,meaningoflifeans.aiml
0,WORTH * EXISTENCE,*,*,<srai>MEANINGOFLIFEANS</srai>,meaningoflifeans.aiml
0,WORTH * EXISTENCE *,*,*,<srai>MEANINGOFLIFEANS</srai>,meaningoflifeans.aiml
0,* MEANING LIFE,*,*,<srai>MEANINGOFLIFEANS</srai>,meaningoflifeans.aiml
0,* MEANING LIFE *,*,*,<srai>MEANINGOFLIFEANS</srai>,meaningoflifeans.aiml
0,* MEANING EXISTENCE,*,*,<srai>MEANINGOFLIFEANS</srai>,meaningoflifeans.aiml
0,* MEANING EXISTENCE *,*,*,<srai>MEANINGOFLIFEANS</srai>,meaningoflifeans.aiml
0,* MEANING * LIFE,*,*,<srai>MEANINGOFLIFEANS</srai>,meaningoflifeans.aiml
0,* MEANING * LIFE *,*,*,<srai>MEANINGOFLIFEANS</srai>,meaningoflifeans.aiml
0,* MEANING * EXISTENCE,*,*,<srai>MEANINGOFLIFEANS</srai>,meaningoflifeans.aiml
0,* MEANING * EXISTENCE *,*,*,<srai>MEANINGOFLIFEANS</srai>,meaningoflifeans.aiml
0,* MEANINGFUL LIFE,*,*,<srai>MEANINGOFLIFEANS</srai>,meaningoflifeans.aiml
0,* MEANINGFUL LIFE *,*,*,<srai>MEANINGOFLIFEANS</srai>,meaningoflifeans.aiml
0,* MEANINGFUL EXISTENCE,*,*,<srai>MEANINGOFLIFEANS</srai>,meaningoflifeans.aiml
0,* MEANINGFUL EXISTENCE *,*,*,<srai>MEANINGOFLIFEANS</srai>,meaningoflifeans.aiml
0,* MEANINGFUL * LIFE,*,*,<srai>MEANINGOFLIFEANS</srai>,meaningoflifeans.aiml
0,* MEANINGFUL * LIFE *,*,*,<srai>MEANINGOFLIFEANS</srai>,meaningoflifeans.aiml
0,* MEANINGFUL * EXISTENCE,*,*,<srai>MEANINGOFLIFEANS</srai>,meaningoflifeans.aiml
0,* MEANINGFUL * EXISTENCE *,*,*,<srai>MEANINGOFLIFEANS</srai>,meaningoflifeans.aiml
0,* SIGNIFICATION LIFE,*,*,<srai>MEANINGOFLIFEANS</srai>,meaningoflifeans.aiml
0,* SIGNIFICATION LIFE *,*,*,<srai>MEANINGOFLIFEANS</srai>,meaningoflifeans.aiml
0,* SIGNIFICATION EXISTENCE,*,*,<srai>MEANINGOFLIFEANS</srai>,meaningoflifeans.aiml
0,* SIGNIFICATION EXISTENCE *,*,*,<srai>MEANINGOFLIFEANS</srai>,meaningoflifeans.aiml
0,* SIGNIFICATION * LIFE,*,*,<srai>MEANINGOFLIFEANS</srai>,meaningoflifeans.aiml
0,* SIGNIFICATION * LIFE *,*,*,<srai>MEANINGOFLIFEANS</srai>,meaningoflifeans.aiml
0,* SIGNIFICATION * EXISTENCE,*,*,<srai>MEANINGOFLIFEANS</srai>,meaningoflifeans.aiml
0,* SIGNIFICATION * EXISTENCE *,*,*,<srai>MEANINGOFLIFEANS</srai>,meaningoflifeans.aiml
0,* ESSENCE LIFE,*,*,<srai>MEANINGOFLIFEANS</srai>,meaningoflifeans.aiml
0,* ESSENCE LIFE *,*,*,<srai>MEANINGOFLIFEANS</srai>,meaningoflifeans.aiml
0,* ESSENCE EXISTENCE,*,*,<srai>MEANINGOFLIFEANS</srai>,meaningoflifeans.aiml
0,* ESSENCE EXISTENCE *,*,*,<srai>MEANINGOFLIFEANS</srai>,meaningoflifeans.aiml
0,* ESSENCE * LIFE,*,*,<srai>MEANINGOFLIFEANS</srai>,meaningoflifeans.aiml
0,* ESSENCE * LIFE *,*,*,<srai>MEANINGOFLIFEANS</srai>,meaningoflifeans.aiml
0,* ESSENCE * EXISTENCE,*,*,<srai>MEANINGOFLIFEANS</srai>,meaningoflifeans.aiml
0,* ESSENCE * EXISTENCE *,*,*,<srai>MEANINGOFLIFEANS</srai>,meaningoflifeans.aiml
0,* SENSE LIFE,*,*,<srai>MEANINGOFLIFEANS</srai>,meaningoflifeans.aiml
0,* SENSE LIFE *,*,*,<srai>MEANINGOFLIFEANS</srai>,meaningoflifeans.aiml
0,* SENSE EXISTENCE,*,*,<srai>MEANINGOFLIFEANS</srai>,meaningoflifeans.aiml
0,* SENSE EXISTENCE *,*,*,<srai>MEANINGOFLIFEANS</srai>,meaningoflifeans.aiml
0,* SENSE * LIFE,*,*,<srai>MEANINGOFLIFEANS</srai>,meaningoflifeans.aiml
0,* SENSE * LIFE *,*,*,<srai>MEANINGOFLIFEANS</srai>,meaningoflifeans.aiml
0,* SENSE * EXISTENCE,*,*,<srai>MEANINGOFLIFEANS</srai>,meaningoflifeans.aiml
0,* SENSE * EXISTENCE *,*,*,<srai>MEANINGOFLIFEANS</srai>,meaningoflifeans.aiml
0,* SIGNIFICANCE LIFE,*,*,<srai>MEANINGOFLIFEANS</srai>,meaningoflifeans.aiml
0,* SIGNIFICANCE LIFE *,*,*,<srai>MEANINGOFLIFEANS</srai>,meaningoflifeans.aiml
0,* SIGNIFICANCE EXISTENCE,*,*,<srai>MEANINGOFLIFEANS</srai>,meaningoflifeans.aiml
0,* SIGNIFICANCE EXISTENCE *,*,*,<srai>MEANINGOFLIFEANS</srai>,meaningoflifeans.aiml
0,* SIGNIFICANCE * LIFE,*,*,<srai>MEANINGOFLIFEANS</srai>,meaningoflifeans.aiml
0,* SIGNIFICANCE * LIFE *,*,*,<srai>MEANINGOFLIFEANS</srai>,meaningoflifeans.aiml
0,* SIGNIFICANCE * EXISTENCE,*,*,<srai>MEANINGOFLIFEANS</srai>,meaningoflifeans.aiml
0,* SIGNIFICANCE * EXISTENCE *,*,*,<srai>MEANINGOFLIFEANS</srai>,meaningoflifeans.aiml
0,* SUBSTANCE LIFE,*,*,<srai>MEANINGOFLIFEANS</srai>,meaningoflifeans.aiml
0,* SUBSTANCE LIFE *,*,*,<srai>MEANINGOFLIFEANS</srai>,meaningoflifeans.aiml
0,* SUBSTANCE EXISTENCE,*,*,<srai>MEANINGOFLIFEANS</srai>,meaningoflifeans.aiml
0,* SUBSTANCE EXISTENCE *,*,*,<srai>MEANINGOFLIFEANS</srai>,meaningoflifeans.aiml
0,* SUBSTANCE * LIFE,*,*,<srai>MEANINGOFLIFEANS</srai>,meaningoflifeans.aiml
0,* SUBSTANCE * LIFE *,*,*,<srai>MEANINGOFLIFEANS</srai>,meaningoflifeans.aiml
0,* SUBSTANCE * EXISTENCE,*,*,<srai>MEANINGOFLIFEANS</srai>,meaningoflifeans.aiml
0,* SUBSTANCE * EXISTENCE *,*,*,<srai>MEANINGOFLIFEANS</srai>,meaningoflifeans.aiml
0,* VALUE LIFE,*,*,<srai>MEANINGOFLIFEANS</srai>,meaningoflifeans.aiml
0,* VALUE LIFE *,*,*,<srai>MEANINGOFLIFEANS</srai>,meaningoflifeans.aiml
0,* VALUE EXISTENCE,*,*,<srai>MEANINGOFLIFEANS</srai>,meaningoflifeans.aiml
0,* VALUE EXISTENCE *,*,*,<srai>MEANINGOFLIFEANS</srai>,meaningoflifeans.aiml
0,* VALUE * LIFE,*,*,<srai>MEANINGOFLIFEANS</srai>,meaningoflifeans.aiml
0,* VALUE * LIFE *,*,*,<srai>MEANINGOFLIFEANS</srai>,meaningoflifeans.aiml
0,* VALUE * EXISTENCE,*,*,<srai>MEANINGOFLIFEANS</srai>,meaningoflifeans.aiml
0,* VALUE * EXISTENCE *,*,*,<srai>MEANINGOFLIFEANS</srai>,meaningoflifeans.aiml
0,* WORTH LIFE,*,*,<srai>MEANINGOFLIFEANS</srai>,meaningoflifeans.aiml
0,* WORTH LIFE *,*,*,<srai>MEANINGOFLIFEANS</srai>,meaningoflifeans.aiml
0,* WORTH EXISTENCE,*,*,<srai>MEANINGOFLIFEANS</srai>,meaningoflifeans.aiml
0,* WORTH EXISTENCE *,*,*,<srai>MEANINGOFLIFEANS</srai>,meaningoflifeans.aiml
0,* WORTH * LIFE,*,*,<srai>MEANINGOFLIFEANS</srai>,meaningoflifeans.aiml
0,* WORTH * LIFE *,*,*,<srai>MEANINGOFLIFEANS</srai>,meaningoflifeans.aiml
0,* WORTH * EXISTENCE,*,*,<srai>MEANINGOFLIFEANS</srai>,meaningoflifeans.aiml
0,* WORTH * EXISTENCE *,*,*,<srai>MEANINGOFLIFEANS</srai>,meaningoflifeans.aiml
0,DEATH MEANING,*,*,<srai>MEANINGOFLIFEANS</srai>,meaningoflifeans.aiml
0,DEATH MEANING *,*,*,<srai>MEANINGOFLIFEANS</srai>,meaningoflifeans.aiml
0,DEATH MEANINGFUL,*,*,<srai>MEANINGOFLIFEANS</srai>,meaningoflifeans.aiml
0,DEATH MEANINGFUL *,*,*,<srai>MEANINGOFLIFEANS</srai>,meaningoflifeans.aiml
0,DEATH SIGNIFICATION,*,*,<srai>MEANINGOFLIFEANS</srai>,meaningoflifeans.aiml
0,DEATH SIGNIFICATION *,*,*,<srai>MEANINGOFLIFEANS</srai>,meaningoflifeans.aiml
0,DEATH ESSENCE,*,*,<srai>MEANINGOFLIFEANS</srai>,meaningoflifeans.aiml
0,DEATH ESSENCE *,*,*,<srai>MEANINGOFLIFEANS</srai>,meaningoflifeans.aiml
0,DEATH SENSE,*,*,<srai>MEANINGOFLIFEANS</srai>,meaningoflifeans.aiml
0,DEATH SENSE *,*,*,<srai>MEANINGOFLIFEANS</srai>,meaningoflifeans.aiml
0,DEATH SIGNIFICANCE,*,*,<srai>MEANINGOFLIFEANS</srai>,meaningoflifeans.aiml
0,DEATH SIGNIFICANCE *,*,*,<srai>MEANINGOFLIFEANS</srai>,meaningoflifeans.aiml
0,DEATH SUBSTANCE,*,*,<srai>MEANINGOFLIFEANS</srai>,meaningoflifeans.aiml
0,DEATH SUBSTANCE *,*,*,<srai>MEANINGOFLIFEANS</srai>,meaningoflifeans.aiml
0,DEATH VALUE,*,*,<srai>MEANINGOFLIFEANS</srai>,meaningoflifeans.aiml
0,DEATH VALUE *,*,*,<srai>MEANINGOFLIFEANS</srai>,meaningoflifeans.aiml
0,DEATH WORTH,*,*,<srai>MEANINGOFLIFEANS</srai>,meaningoflifeans.aiml
0,DEATH WORTH *,*,*,<srai>MEANINGOFLIFEANS</srai>,meaningoflifeans.aiml
0,DEATH MEANINGLESS,*,*,<srai>MEANINGOFLIFEANS</srai>,meaningoflifeans.aiml
0,DEATH MEANINGLESS *,*,*,<srai>MEANINGOFLIFEANS</srai>,meaningoflifeans.aiml
0,DEATH WORTHLESS,*,*,<srai>MEANINGOFLIFEANS</srai>,meaningoflifeans.aiml
0,DEATH WORTHLESS *,*,*,<srai>MEANINGOFLIFEANS</srai>,meaningoflifeans.aiml
0,DEATH EMPTY,*,*,<srai>MEANINGOFLIFEANS</srai>,meaningoflifeans.aiml
0,DEATH EMPTY *,*,*,<srai>MEANINGOFLIFEANS</srai>,meaningoflifeans.aiml
0,DEATH FUTILE,*,*,<srai>MEANINGOFLIFEANS</srai>,meaningoflifeans.aiml
0,DEATH FUTILE *,*,*,<srai>MEANINGOFLIFEANS</srai>,meaningoflifeans.aiml
0,DEATH HOLLOW,*,*,<srai>MEANINGOFLIFEANS</srai>,meaningoflifeans.aiml
0,DEATH HOLLOW *,*,*,<srai>MEANINGOFLIFEANS</srai>,meaningoflifeans.aiml
0,DEATH INSIGNIFICANT,*,*,<srai>MEANINGOFLIFEANS</srai>,meaningoflifeans.aiml
0,DEATH INSIGNIFICANT *,*,*,<srai>MEANINGOFLIFEANS</srai>,meaningoflifeans.aiml
0,DEATH INSUBSTANTIAL,*,*,<srai>MEANINGOFLIFEANS</srai>,meaningoflifeans.aiml
0,DEATH INSUBSTANTIAL *,*,*,<srai>MEANINGOFLIFEANS</srai>,meaningoflifeans.aiml
0,DEATH NONSENSICAL,*,*,<srai>MEANINGOFLIFEANS</srai>,meaningoflifeans.aiml
0,DEATH NONSENSICAL *,*,*,<srai>MEANINGOFLIFEANS</srai>,meaningoflifeans.aiml
0,DEATH POINTLESS,*,*,<srai>MEANINGOFLIFEANS</srai>,meaningoflifeans.aiml
0,DEATH POINTLESS *,*,*,<srai>MEANINGOFLIFEANS</srai>,meaningoflifeans.aiml
0,DEATH PURPORTLESS,*,*,<srai>MEANINGOFLIFEANS</srai>,meaningoflifeans.aiml
0,DEATH PURPORTLESS *,*,*,<srai>MEANINGOFLIFEANS</srai>,meaningoflifeans.aiml
0,DEATH PURPOSELESS,*,*,<srai>MEANINGOFLIFEANS</srai>,meaningoflifeans.aiml
0,DEATH PURPOSELESS *,*,*,<srai>MEANINGOFLIFEANS</srai>,meaningoflifeans.aiml
0,DEATH SENSELESS,*,*,<srai>MEANINGOFLIFEANS</srai>,meaningoflifeans.aiml
0,DEATH SENSELESS *,*,*,<srai>MEANINGOFLIFEANS</srai>,meaningoflifeans.aiml
0,DEATH UNMEANING,*,*,<srai>MEANINGOFLIFEANS</srai>,meaningoflifeans.aiml
0,DEATH UNMEANING *,*,*,<srai>MEANINGOFLIFEANS</srai>,meaningoflifeans.aiml
0,DEATH UNPURPOSED,*,*,<srai>MEANINGOFLIFEANS</srai>,meaningoflifeans.aiml
0,DEATH UNPURPOSED *,*,*,<srai>MEANINGOFLIFEANS</srai>,meaningoflifeans.aiml
0,DEATH VAIN,*,*,<srai>MEANINGOFLIFEANS</srai>,meaningoflifeans.aiml
0,DEATH VAIN *,*,*,<srai>MEANINGOFLIFEANS</srai>,meaningoflifeans.aiml
0,DEATH VALUELESS,*,*,<srai>MEANINGOFLIFEANS</srai>,meaningoflifeans.aiml
0,DEATH VALUELESS *,*,*,<srai>MEANINGOFLIFEANS</srai>,meaningoflifeans.aiml
0,DEATH * MEANING,*,*,<srai>MEANINGOFLIFEANS</srai>,meaningoflifeans.aiml
0,DEATH * MEANING *,*,*,<srai>MEANINGOFLIFEANS</srai>,meaningoflifeans.aiml
0,DEATH * MEANINGFUL,*,*,<srai>MEANINGOFLIFEANS</srai>,meaningoflifeans.aiml
0,DEATH * MEANINGFUL *,*,*,<srai>MEANINGOFLIFEANS</srai>,meaningoflifeans.aiml
0,DEATH * SIGNIFICATION,*,*,<srai>MEANINGOFLIFEANS</srai>,meaningoflifeans.aiml
0,DEATH * SIGNIFICATION *,*,*,<srai>MEANINGOFLIFEANS</srai>,meaningoflifeans.aiml
0,DEATH * ESSENCE,*,*,<srai>MEANINGOFLIFEANS</srai>,meaningoflifeans.aiml
0,DEATH * ESSENCE *,*,*,<srai>MEANINGOFLIFEANS</srai>,meaningoflifeans.aiml
0,DEATH * SENSE,*,*,<srai>MEANINGOFLIFEANS</srai>,meaningoflifeans.aiml
0,DEATH * SENSE *,*,*,<srai>MEANINGOFLIFEANS</srai>,meaningoflifeans.aiml
0,DEATH * SIGNIFICANCE,*,*,<srai>MEANINGOFLIFEANS</srai>,meaningoflifeans.aiml
0,DEATH * SIGNIFICANCE *,*,*,<srai>MEANINGOFLIFEANS</srai>,meaningoflifeans.aiml
0,DEATH * SUBSTANCE,*,*,<srai>MEANINGOFLIFEANS</srai>,meaningoflifeans.aiml
0,DEATH * SUBSTANCE *,*,*,<srai>MEANINGOFLIFEANS</srai>,meaningoflifeans.aiml
0,DEATH * VALUE,*,*,<srai>MEANINGOFLIFEANS</srai>,meaningoflifeans.aiml
0,DEATH * VALUE *,*,*,<srai>MEANINGOFLIFEANS</srai>,meaningoflifeans.aiml
0,DEATH * WORTH,*,*,<srai>MEANINGOFLIFEANS</srai>,meaningoflifeans.aiml
0,DEATH * WORTH *,*,*,<srai>MEANINGOFLIFEANS</srai>,meaningoflifeans.aiml
0,DEATH * MEANINGLESS,*,*,<srai>MEANINGOFLIFEANS</srai>,meaningoflifeans.aiml
0,DEATH * MEANINGLESS *,*,*,<srai>MEANINGOFLIFEANS</srai>,meaningoflifeans.aiml
0,DEATH * WORTHLESS,*,*,<srai>MEANINGOFLIFEANS</srai>,meaningoflifeans.aiml
0,DEATH * WORTHLESS *,*,*,<srai>MEANINGOFLIFEANS</srai>,meaningoflifeans.aiml
0,DEATH * EMPTY,*,*,<srai>MEANINGOFLIFEANS</srai>,meaningoflifeans.aiml
0,DEATH * EMPTY *,*,*,<srai>MEANINGOFLIFEANS</srai>,meaningoflifeans.aiml
0,DEATH * FUTILE,*,*,<srai>MEANINGOFLIFEANS</srai>,meaningoflifeans.aiml
0,DEATH * FUTILE *,*,*,<srai>MEANINGOFLIFEANS</srai>,meaningoflifeans.aiml
0,DEATH * HOLLOW,*,*,<srai>MEANINGOFLIFEANS</srai>,meaningoflifeans.aiml
0,DEATH * HOLLOW *,*,*,<srai>MEANINGOFLIFEANS</srai>,meaningoflifeans.aiml
0,DEATH * INSIGNIFICANT,*,*,<srai>MEANINGOFLIFEANS</srai>,meaningoflifeans.aiml
0,DEATH * INSIGNIFICANT *,*,*,<srai>MEANINGOFLIFEANS</srai>,meaningoflifeans.aiml
0,DEATH * INSUBSTANTIAL,*,*,<srai>MEANINGOFLIFEANS</srai>,meaningoflifeans.aiml
0,DEATH * INSUBSTANTIAL *,*,*,<srai>MEANINGOFLIFEANS</srai>,meaningoflifeans.aiml
0,DEATH * NONSENSICAL,*,*,<srai>MEANINGOFLIFEANS</srai>,meaningoflifeans.aiml
0,DEATH * NONSENSICAL *,*,*,<srai>MEANINGOFLIFEANS</srai>,meaningoflifeans.aiml
0,DEATH * POINTLESS,*,*,<srai>MEANINGOFLIFEANS</srai>,meaningoflifeans.aiml
0,DEATH * POINTLESS *,*,*,<srai>MEANINGOFLIFEANS</srai>,meaningoflifeans.aiml
0,DEATH * PURPORTLESS,*,*,<srai>MEANINGOFLIFEANS</srai>,meaningoflifeans.aiml
0,DEATH * PURPORTLESS *,*,*,<srai>MEANINGOFLIFEANS</srai>,meaningoflifeans.aiml
0,DEATH * PURPOSELESS,*,*,<srai>MEANINGOFLIFEANS</srai>,meaningoflifeans.aiml
0,DEATH * PURPOSELESS *,*,*,<srai>MEANINGOFLIFEANS</srai>,meaningoflifeans.aiml
0,DEATH * SENSELESS,*,*,<srai>MEANINGOFLIFEANS</srai>,meaningoflifeans.aiml
0,DEATH * SENSELESS *,*,*,<srai>MEANINGOFLIFEANS</srai>,meaningoflifeans.aiml
0,DEATH * UNMEANING,*,*,<srai>MEANINGOFLIFEANS</srai>,meaningoflifeans.aiml
0,DEATH * UNMEANING *,*,*,<srai>MEANINGOFLIFEANS</srai>,meaningoflifeans.aiml
0,DEATH * UNPURPOSED,*,*,<srai>MEANINGOFLIFEANS</srai>,meaningoflifeans.aiml
0,DEATH * UNPURPOSED *,*,*,<srai>MEANINGOFLIFEANS</srai>,meaningoflifeans.aiml
0,DEATH * VAIN,*,*,<srai>MEANINGOFLIFEANS</srai>,meaningoflifeans.aiml
0,DEATH * VAIN *,*,*,<srai>MEANINGOFLIFEANS</srai>,meaningoflifeans.aiml
0,DEATH * VALUELESS,*,*,<srai>MEANINGOFLIFEANS</srai>,meaningoflifeans.aiml
0,DEATH * VALUELESS *,*,*,<srai>MEANINGOFLIFEANS</srai>,meaningoflifeans.aiml
0,GRIM REAPER MEANING,*,*,<srai>MEANINGOFLIFEANS</srai>,meaningoflifeans.aiml
0,GRIM REAPER MEANING *,*,*,<srai>MEANINGOFLIFEANS</srai>,meaningoflifeans.aiml
0,GRIM REAPER MEANINGFUL,*,*,<srai>MEANINGOFLIFEANS</srai>,meaningoflifeans.aiml
0,GRIM REAPER MEANINGFUL *,*,*,<srai>MEANINGOFLIFEANS</srai>,meaningoflifeans.aiml
0,GRIM REAPER SIGNIFICATION,*,*,<srai>MEANINGOFLIFEANS</srai>,meaningoflifeans.aiml
0,GRIM REAPER SIGNIFICATION *,*,*,<srai>MEANINGOFLIFEANS</srai>,meaningoflifeans.aiml
0,GRIM REAPER ESSENCE,*,*,<srai>MEANINGOFLIFEANS</srai>,meaningoflifeans.aiml
0,GRIM REAPER ESSENCE *,*,*,<srai>MEANINGOFLIFEANS</srai>,meaningoflifeans.aiml
0,GRIM REAPER SENSE,*,*,<srai>MEANINGOFLIFEANS</srai>,meaningoflifeans.aiml
0,GRIM REAPER SENSE *,*,*,<srai>MEANINGOFLIFEANS</srai>,meaningoflifeans.aiml
0,GRIM REAPER SIGNIFICANCE,*,*,<srai>MEANINGOFLIFEANS</srai>,meaningoflifeans.aiml
0,GRIM REAPER SIGNIFICANCE *,*,*,<srai>MEANINGOFLIFEANS</srai>,meaningoflifeans.aiml
0,GRIM REAPER SUBSTANCE,*,*,<srai>MEANINGOFLIFEANS</srai>,meaningoflifeans.aiml
0,GRIM REAPER SUBSTANCE *,*,*,<srai>MEANINGOFLIFEANS</srai>,meaningoflifeans.aiml
0,GRIM REAPER VALUE,*,*,<srai>MEANINGOFLIFEANS</srai>,meaningoflifeans.aiml
0,GRIM REAPER VALUE *,*,*,<srai>MEANINGOFLIFEANS</srai>,meaningoflifeans.aiml
0,GRIM REAPER WORTH,*,*,<srai>MEANINGOFLIFEANS</srai>,meaningoflifeans.aiml
0,GRIM REAPER WORTH *,*,*,<srai>MEANINGOFLIFEANS</srai>,meaningoflifeans.aiml
0,GRIM REAPER MEANINGLESS,*,*,<srai>MEANINGOFLIFEANS</srai>,meaningoflifeans.aiml
0,GRIM REAPER MEANINGLESS *,*,*,<srai>MEANINGOFLIFEANS</srai>,meaningoflifeans.aiml
0,GRIM REAPER WORTHLESS,*,*,<srai>MEANINGOFLIFEANS</srai>,meaningoflifeans.aiml
0,GRIM REAPER WORTHLESS *,*,*,<srai>MEANINGOFLIFEANS</srai>,meaningoflifeans.aiml
0,GRIM REAPER EMPTY,*,*,<srai>MEANINGOFLIFEANS</srai>,meaningoflifeans.aiml
0,GRIM REAPER EMPTY *,*,*,<srai>MEANINGOFLIFEANS</srai>,meaningoflifeans.aiml
0,GRIM REAPER FUTILE,*,*,<srai>MEANINGOFLIFEANS</srai>,meaningoflifeans.aiml
0,GRIM REAPER FUTILE *,*,*,<srai>MEANINGOFLIFEANS</srai>,meaningoflifeans.aiml
0,GRIM REAPER HOLLOW,*,*,<srai>MEANINGOFLIFEANS</srai>,meaningoflifeans.aiml
0,GRIM REAPER HOLLOW *,*,*,<srai>MEANINGOFLIFEANS</srai>,meaningoflifeans.aiml
0,GRIM REAPER INSIGNIFICANT,*,*,<srai>MEANINGOFLIFEANS</srai>,meaningoflifeans.aiml
0,GRIM REAPER INSIGNIFICANT *,*,*,<srai>MEANINGOFLIFEANS</srai>,meaningoflifeans.aiml
0,GRIM REAPER INSUBSTANTIAL,*,*,<srai>MEANINGOFLIFEANS</srai>,meaningoflifeans.aiml
0,GRIM REAPER INSUBSTANTIAL *,*,*,<srai>MEANINGOFLIFEANS</srai>,meaningoflifeans.aiml
0,GRIM REAPER NONSENSICAL,*,*,<srai>MEANINGOFLIFEANS</srai>,meaningoflifeans.aiml
0,GRIM REAPER NONSENSICAL *,*,*,<srai>MEANINGOFLIFEANS</srai>,meaningoflifeans.aiml
0,GRIM REAPER POINTLESS,*,*,<srai>MEANINGOFLIFEANS</srai>,meaningoflifeans.aiml
0,GRIM REAPER POINTLESS *,*,*,<srai>MEANINGOFLIFEANS</srai>,meaningoflifeans.aiml
0,GRIM REAPER PURPORTLESS,*,*,<srai>MEANINGOFLIFEANS</srai>,meaningoflifeans.aiml
0,GRIM REAPER PURPORTLESS *,*,*,<srai>MEANINGOFLIFEANS</srai>,meaningoflifeans.aiml
0,GRIM REAPER PURPOSELESS,*,*,<srai>MEANINGOFLIFEANS</srai>,meaningoflifeans.aiml
0,GRIM REAPER PURPOSELESS *,*,*,<srai>MEANINGOFLIFEANS</srai>,meaningoflifeans.aiml
0,GRIM REAPER SENSELESS,*,*,<srai>MEANINGOFLIFEANS</srai>,meaningoflifeans.aiml
0,GRIM REAPER SENSELESS *,*,*,<srai>MEANINGOFLIFEANS</srai>,meaningoflifeans.aiml
0,GRIM REAPER UNMEANING,*,*,<srai>MEANINGOFLIFEANS</srai>,meaningoflifeans.aiml
0,GRIM REAPER UNMEANING *,*,*,<srai>MEANINGOFLIFEANS</srai>,meaningoflifeans.aiml
0,GRIM REAPER UNPURPOSED,*,*,<srai>MEANINGOFLIFEANS</srai>,meaningoflifeans.aiml
0,GRIM REAPER UNPURPOSED *,*,*,<srai>MEANINGOFLIFEANS</srai>,meaningoflifeans.aiml
0,GRIM REAPER VAIN,*,*,<srai>MEANINGOFLIFEANS</srai>,meaningoflifeans.aiml
0,GRIM REAPER VAIN *,*,*,<srai>MEANINGOFLIFEANS</srai>,meaningoflifeans.aiml
0,GRIM REAPER VALUELESS,*,*,<srai>MEANINGOFLIFEANS</srai>,meaningoflifeans.aiml
0,GRIM REAPER VALUELESS *,*,*,<srai>MEANINGOFLIFEANS</srai>,meaningoflifeans.aiml
0,GRIM REAPER * MEANING,*,*,<srai>MEANINGOFLIFEANS</srai>,meaningoflifeans.aiml
0,GRIM REAPER * MEANING *,*,*,<srai>MEANINGOFLIFEANS</srai>,meaningoflifeans.aiml
0,GRIM REAPER * MEANINGFUL,*,*,<srai>MEANINGOFLIFEANS</srai>,meaningoflifeans.aiml
0,GRIM REAPER * MEANINGFUL *,*,*,<srai>MEANINGOFLIFEANS</srai>,meaningoflifeans.aiml
0,GRIM REAPER * SIGNIFICATION,*,*,<srai>MEANINGOFLIFEANS</srai>,meaningoflifeans.aiml
0,GRIM REAPER * SIGNIFICATION *,*,*,<srai>MEANINGOFLIFEANS</srai>,meaningoflifeans.aiml
0,GRIM REAPER * ESSENCE,*,*,<srai>MEANINGOFLIFEANS</srai>,meaningoflifeans.aiml
0,GRIM REAPER * ESSENCE *,*,*,<srai>MEANINGOFLIFEANS</srai>,meaningoflifeans.aiml
0,GRIM REAPER * SENSE,*,*,<srai>MEANINGOFLIFEANS</srai>,meaningoflifeans.aiml
0,GRIM REAPER * SENSE *,*,*,<srai>MEANINGOFLIFEANS</srai>,meaningoflifeans.aiml
0,GRIM REAPER * SIGNIFICANCE,*,*,<srai>MEANINGOFLIFEANS</srai>,meaningoflifeans.aiml
0,GRIM REAPER * SIGNIFICANCE *,*,*,<srai>MEANINGOFLIFEANS</srai>,meaningoflifeans.aiml
0,GRIM REAPER * SUBSTANCE,*,*,<srai>MEANINGOFLIFEANS</srai>,meaningoflifeans.aiml
0,GRIM REAPER * SUBSTANCE *,*,*,<srai>MEANINGOFLIFEANS</srai>,meaningoflifeans.aiml
0,GRIM REAPER * VALUE,*,*,<srai>MEANINGOFLIFEANS</srai>,meaningoflifeans.aiml
0,GRIM REAPER * VALUE *,*,*,<srai>MEANINGOFLIFEANS</srai>,meaningoflifeans.aiml
0,GRIM REAPER * WORTH,*,*,<srai>MEANINGOFLIFEANS</srai>,meaningoflifeans.aiml
0,GRIM REAPER * WORTH *,*,*,<srai>MEANINGOFLIFEANS</srai>,meaningoflifeans.aiml
0,GRIM REAPER * MEANINGLESS,*,*,<srai>MEANINGOFLIFEANS</srai>,meaningoflifeans.aiml
0,GRIM REAPER * MEANINGLESS *,*,*,<srai>MEANINGOFLIFEANS</srai>,meaningoflifeans.aiml
0,GRIM REAPER * WORTHLESS,*,*,<srai>MEANINGOFLIFEANS</srai>,meaningoflifeans.aiml
0,GRIM REAPER * WORTHLESS *,*,*,<srai>MEANINGOFLIFEANS</srai>,meaningoflifeans.aiml
0,GRIM REAPER * EMPTY,*,*,<srai>MEANINGOFLIFEANS</srai>,meaningoflifeans.aiml
0,GRIM REAPER * EMPTY *,*,*,<srai>MEANINGOFLIFEANS</srai>,meaningoflifeans.aiml
0,GRIM REAPER * FUTILE,*,*,<srai>MEANINGOFLIFEANS</srai>,meaningoflifeans.aiml
0,GRIM REAPER * FUTILE *,*,*,<srai>MEANINGOFLIFEANS</srai>,meaningoflifeans.aiml
0,GRIM REAPER * HOLLOW,*,*,<srai>MEANINGOFLIFEANS</srai>,meaningoflifeans.aiml
0,GRIM REAPER * HOLLOW *,*,*,<srai>MEANINGOFLIFEANS</srai>,meaningoflifeans.aiml
0,GRIM REAPER * INSIGNIFICANT,*,*,<srai>MEANINGOFLIFEANS</srai>,meaningoflifeans.aiml
0,GRIM REAPER * INSIGNIFICANT *,*,*,<srai>MEANINGOFLIFEANS</srai>,meaningoflifeans.aiml
0,GRIM REAPER * INSUBSTANTIAL,*,*,<srai>MEANINGOFLIFEANS</srai>,meaningoflifeans.aiml
0,GRIM REAPER * INSUBSTANTIAL *,*,*,<srai>MEANINGOFLIFEANS</srai>,meaningoflifeans.aiml
0,GRIM REAPER * NONSENSICAL,*,*,<srai>MEANINGOFLIFEANS</srai>,meaningoflifeans.aiml
0,GRIM REAPER * NONSENSICAL *,*,*,<srai>MEANINGOFLIFEANS</srai>,meaningoflifeans.aiml
0,GRIM REAPER * POINTLESS,*,*,<srai>MEANINGOFLIFEANS</srai>,meaningoflifeans.aiml
0,GRIM REAPER * POINTLESS *,*,*,<srai>MEANINGOFLIFEANS</srai>,meaningoflifeans.aiml
0,GRIM REAPER * PURPORTLESS,*,*,<srai>MEANINGOFLIFEANS</srai>,meaningoflifeans.aiml
0,GRIM REAPER * PURPORTLESS *,*,*,<srai>MEANINGOFLIFEANS</srai>,meaningoflifeans.aiml
0,GRIM REAPER * PURPOSELESS,*,*,<srai>MEANINGOFLIFEANS</srai>,meaningoflifeans.aiml
0,GRIM REAPER * PURPOSELESS *,*,*,<srai>MEANINGOFLIFEANS</srai>,meaningoflifeans.aiml
0,GRIM REAPER * SENSELESS,*,*,<srai>MEANINGOFLIFEANS</srai>,meaningoflifeans.aiml
0,GRIM REAPER * SENSELESS *,*,*,<srai>MEANINGOFLIFEANS</srai>,meaningoflifeans.aiml
0,GRIM REAPER * UNMEANING,*,*,<srai>MEANINGOFLIFEANS</srai>,meaningoflifeans.aiml
0,GRIM REAPER * UNMEANING *,*,*,<srai>MEANINGOFLIFEANS</srai>,meaningoflifeans.aiml
0,GRIM REAPER * UNPURPOSED,*,*,<srai>MEANINGOFLIFEANS</srai>,meaningoflifeans.aiml
0,GRIM REAPER * UNPURPOSED *,*,*,<srai>MEANINGOFLIFEANS</srai>,meaningoflifeans.aiml
0,GRIM REAPER * VAIN,*,*,<srai>MEANINGOFLIFEANS</srai>,meaningoflifeans.aiml
0,GRIM REAPER * VAIN *,*,*,<srai>MEANINGOFLIFEANS</srai>,meaningoflifeans.aiml
0,GRIM REAPER * VALUELESS,*,*,<srai>MEANINGOFLIFEANS</srai>,meaningoflifeans.aiml
0,GRIM REAPER * VALUELESS *,*,*,<srai>MEANINGOFLIFEANS</srai>,meaningoflifeans.aiml
0,MORTALITY MEANING,*,*,<srai>MEANINGOFLIFEANS</srai>,meaningoflifeans.aiml
0,MORTALITY MEANING *,*,*,<srai>MEANINGOFLIFEANS</srai>,meaningoflifeans.aiml
0,MORTALITY MEANINGFUL,*,*,<srai>MEANINGOFLIFEANS</srai>,meaningoflifeans.aiml
0,MORTALITY MEANINGFUL *,*,*,<srai>MEANINGOFLIFEANS</srai>,meaningoflifeans.aiml
0,MORTALITY SIGNIFICATION,*,*,<srai>MEANINGOFLIFEANS</srai>,meaningoflifeans.aiml
0,MORTALITY SIGNIFICATION *,*,*,<srai>MEANINGOFLIFEANS</srai>,meaningoflifeans.aiml
0,MORTALITY ESSENCE,*,*,<srai>MEANINGOFLIFEANS</srai>,meaningoflifeans.aiml
0,MORTALITY ESSENCE *,*,*,<srai>MEANINGOFLIFEANS</srai>,meaningoflifeans.aiml
0,MORTALITY SENSE,*,*,<srai>MEANINGOFLIFEANS</srai>,meaningoflifeans.aiml
0,MORTALITY SENSE *,*,*,<srai>MEANINGOFLIFEANS</srai>,meaningoflifeans.aiml
0,MORTALITY SIGNIFICANCE,*,*,<srai>MEANINGOFLIFEANS</srai>,meaningoflifeans.aiml
0,MORTALITY SIGNIFICANCE *,*,*,<srai>MEANINGOFLIFEANS</srai>,meaningoflifeans.aiml
0,MORTALITY SUBSTANCE,*,*,<srai>MEANINGOFLIFEANS</srai>,meaningoflifeans.aiml
0,MORTALITY SUBSTANCE *,*,*,<srai>MEANINGOFLIFEANS</srai>,meaningoflifeans.aiml
0,MORTALITY VALUE,*,*,<srai>MEANINGOFLIFEANS</srai>,meaningoflifeans.aiml
0,MORTALITY VALUE *,*,*,<srai>MEANINGOFLIFEANS</srai>,meaningoflifeans.aiml
0,MORTALITY WORTH,*,*,<srai>MEANINGOFLIFEANS</srai>,meaningoflifeans.aiml
0,MORTALITY WORTH *,*,*,<srai>MEANINGOFLIFEANS</srai>,meaningoflifeans.aiml
0,MORTALITY MEANINGLESS,*,*,<srai>MEANINGOFLIFEANS</srai>,meaningoflifeans.aiml
0,MORTALITY MEANINGLESS *,*,*,<srai>MEANINGOFLIFEANS</srai>,meaningoflifeans.aiml
0,MORTALITY WORTHLESS,*,*,<srai>MEANINGOFLIFEANS</srai>,meaningoflifeans.aiml
0,MORTALITY WORTHLESS *,*,*,<srai>MEANINGOFLIFEANS</srai>,meaningoflifeans.aiml
0,MORTALITY EMPTY,*,*,<srai>MEANINGOFLIFEANS</srai>,meaningoflifeans.aiml
0,MORTALITY EMPTY *,*,*,<srai>MEANINGOFLIFEANS</srai>,meaningoflifeans.aiml
0,MORTALITY FUTILE,*,*,<srai>MEANINGOFLIFEANS</srai>,meaningoflifeans.aiml
0,MORTALITY FUTILE *,*,*,<srai>MEANINGOFLIFEANS</srai>,meaningoflifeans.aiml
0,MORTALITY HOLLOW,*,*,<srai>MEANINGOFLIFEANS</srai>,meaningoflifeans.aiml
0,MORTALITY HOLLOW *,*,*,<srai>MEANINGOFLIFEANS</srai>,meaningoflifeans.aiml
0,MORTALITY INSIGNIFICANT,*,*,<srai>MEANINGOFLIFEANS</srai>,meaningoflifeans.aiml
0,MORTALITY INSIGNIFICANT *,*,*,<srai>MEANINGOFLIFEANS</srai>,meaningoflifeans.aiml
0,MORTALITY INSUBSTANTIAL,*,*,<srai>MEANINGOFLIFEANS</srai>,meaningoflifeans.aiml
0,MORTALITY INSUBSTANTIAL *,*,*,<srai>MEANINGOFLIFEANS</srai>,meaningoflifeans.aiml
0,MORTALITY NONSENSICAL,*,*,<srai>MEANINGOFLIFEANS</srai>,meaningoflifeans.aiml
0,MORTALITY NONSENSICAL *,*,*,<srai>MEANINGOFLIFEANS</srai>,meaningoflifeans.aiml
0,MORTALITY POINTLESS,*,*,<srai>MEANINGOFLIFEANS</srai>,meaningoflifeans.aiml
0,MORTALITY POINTLESS *,*,*,<srai>MEANINGOFLIFEANS</srai>,meaningoflifeans.aiml
0,MORTALITY PURPORTLESS,*,*,<srai>MEANINGOFLIFEANS</srai>,meaningoflifeans.aiml
0,MORTALITY PURPORTLESS *,*,*,<srai>MEANINGOFLIFEANS</srai>,meaningoflifeans.aiml
0,MORTALITY PURPOSELESS,*,*,<srai>MEANINGOFLIFEANS</srai>,meaningoflifeans.aiml
0,MORTALITY PURPOSELESS *,*,*,<srai>MEANINGOFLIFEANS</srai>,meaningoflifeans.aiml
0,MORTALITY SENSELESS,*,*,<srai>MEANINGOFLIFEANS</srai>,meaningoflifeans.aiml
0,MORTALITY SENSELESS *,*,*,<srai>MEANINGOFLIFEANS</srai>,meaningoflifeans.aiml
0,MORTALITY UNMEANING,*,*,<srai>MEANINGOFLIFEANS</srai>,meaningoflifeans.aiml
0,MORTALITY UNMEANING *,*,*,<srai>MEANINGOFLIFEANS</srai>,meaningoflifeans.aiml
0,MORTALITY UNPURPOSED,*,*,<srai>MEANINGOFLIFEANS</srai>,meaningoflifeans.aiml
0,MORTALITY UNPURPOSED *,*,*,<srai>MEANINGOFLIFEANS</srai>,meaningoflifeans.aiml
0,MORTALITY VAIN,*,*,<srai>MEANINGOFLIFEANS</srai>,meaningoflifeans.aiml
0,MORTALITY VAIN *,*,*,<srai>MEANINGOFLIFEANS</srai>,meaningoflifeans.aiml
0,MORTALITY VALUELESS,*,*,<srai>MEANINGOFLIFEANS</srai>,meaningoflifeans.aiml
0,MORTALITY VALUELESS *,*,*,<srai>MEANINGOFLIFEANS</srai>,meaningoflifeans.aiml
0,MORTALITY * MEANING,*,*,<srai>MEANINGOFLIFEANS</srai>,meaningoflifeans.aiml
0,MORTALITY * MEANING *,*,*,<srai>MEANINGOFLIFEANS</srai>,meaningoflifeans.aiml
0,MORTALITY * MEANINGFUL,*,*,<srai>MEANINGOFLIFEANS</srai>,meaningoflifeans.aiml
0,MORTALITY * MEANINGFUL *,*,*,<srai>MEANINGOFLIFEANS</srai>,meaningoflifeans.aiml
0,MORTALITY * SIGNIFICATION,*,*,<srai>MEANINGOFLIFEANS</srai>,meaningoflifeans.aiml
0,MORTALITY * SIGNIFICATION *,*,*,<srai>MEANINGOFLIFEANS</srai>,meaningoflifeans.aiml
0,MORTALITY * ESSENCE,*,*,<srai>MEANINGOFLIFEANS</srai>,meaningoflifeans.aiml
0,MORTALITY * ESSENCE *,*,*,<srai>MEANINGOFLIFEANS</srai>,meaningoflifeans.aiml
0,MORTALITY * SENSE,*,*,<srai>MEANINGOFLIFEANS</srai>,meaningoflifeans.aiml
0,MORTALITY * SENSE *,*,*,<srai>MEANINGOFLIFEANS</srai>,meaningoflifeans.aiml
0,MORTALITY * SIGNIFICANCE,*,*,<srai>MEANINGOFLIFEANS</srai>,meaningoflifeans.aiml
0,MORTALITY * SIGNIFICANCE *,*,*,<srai>MEANINGOFLIFEANS</srai>,meaningoflifeans.aiml
0,MORTALITY * SUBSTANCE,*,*,<srai>MEANINGOFLIFEANS</srai>,meaningoflifeans.aiml
0,MORTALITY * SUBSTANCE *,*,*,<srai>MEANINGOFLIFEANS</srai>,meaningoflifeans.aiml
0,MORTALITY * VALUE,*,*,<srai>MEANINGOFLIFEANS</srai>,meaningoflifeans.aiml
0,MORTALITY * VALUE *,*,*,<srai>MEANINGOFLIFEANS</srai>,meaningoflifeans.aiml
0,MORTALITY * WORTH,*,*,<srai>MEANINGOFLIFEANS</srai>,meaningoflifeans.aiml
0,MORTALITY * WORTH *,*,*,<srai>MEANINGOFLIFEANS</srai>,meaningoflifeans.aiml
0,MORTALITY * MEANINGLESS,*,*,<srai>MEANINGOFLIFEANS</srai>,meaningoflifeans.aiml
0,MORTALITY * MEANINGLESS *,*,*,<srai>MEANINGOFLIFEANS</srai>,meaningoflifeans.aiml
0,MORTALITY * WORTHLESS,*,*,<srai>MEANINGOFLIFEANS</srai>,meaningoflifeans.aiml
0,MORTALITY * WORTHLESS *,*,*,<srai>MEANINGOFLIFEANS</srai>,meaningoflifeans.aiml
0,MORTALITY * EMPTY,*,*,<srai>MEANINGOFLIFEANS</srai>,meaningoflifeans.aiml
0,MORTALITY * EMPTY *,*,*,<srai>MEANINGOFLIFEANS</srai>,meaningoflifeans.aiml
0,MORTALITY * FUTILE,*,*,<srai>MEANINGOFLIFEANS</srai>,meaningoflifeans.aiml
0,MORTALITY * FUTILE *,*,*,<srai>MEANINGOFLIFEANS</srai>,meaningoflifeans.aiml
0,MORTALITY * HOLLOW,*,*,<srai>MEANINGOFLIFEANS</srai>,meaningoflifeans.aiml
0,MORTALITY * HOLLOW *,*,*,<srai>MEANINGOFLIFEANS</srai>,meaningoflifeans.aiml
0,MORTALITY * INSIGNIFICANT,*,*,<srai>MEANINGOFLIFEANS</srai>,meaningoflifeans.aiml
0,MORTALITY * INSIGNIFICANT *,*,*,<srai>MEANINGOFLIFEANS</srai>,meaningoflifeans.aiml
0,MORTALITY * INSUBSTANTIAL,*,*,<srai>MEANINGOFLIFEANS</srai>,meaningoflifeans.aiml
0,MORTALITY * INSUBSTANTIAL *,*,*,<srai>MEANINGOFLIFEANS</srai>,meaningoflifeans.aiml
0,MORTALITY * NONSENSICAL,*,*,<srai>MEANINGOFLIFEANS</srai>,meaningoflifeans.aiml
0,MORTALITY * NONSENSICAL *,*,*,<srai>MEANINGOFLIFEANS</srai>,meaningoflifeans.aiml
0,MORTALITY * POINTLESS,*,*,<srai>MEANINGOFLIFEANS</srai>,meaningoflifeans.aiml
0,MORTALITY * POINTLESS *,*,*,<srai>MEANINGOFLIFEANS</srai>,meaningoflifeans.aiml
0,MORTALITY * PURPORTLESS,*,*,<srai>MEANINGOFLIFEANS</srai>,meaningoflifeans.aiml
0,MORTALITY * PURPORTLESS *,*,*,<srai>MEANINGOFLIFEANS</srai>,meaningoflifeans.aiml
0,MORTALITY * PURPOSELESS,*,*,<srai>MEANINGOFLIFEANS</srai>,meaningoflifeans.aiml
0,MORTALITY * PURPOSELESS *,*,*,<srai>MEANINGOFLIFEANS</srai>,meaningoflifeans.aiml
0,MORTALITY * SENSELESS,*,*,<srai>MEANINGOFLIFEANS</srai>,meaningoflifeans.aiml
0,MORTALITY * SENSELESS *,*,*,<srai>MEANINGOFLIFEANS</srai>,meaningoflifeans.aiml
0,MORTALITY * UNMEANING,*,*,<srai>MEANINGOFLIFEANS</srai>,meaningoflifeans.aiml
0,MORTALITY * UNMEANING *,*,*,<srai>MEANINGOFLIFEANS</srai>,meaningoflifeans.aiml
0,MORTALITY * UNPURPOSED,*,*,<srai>MEANINGOFLIFEANS</srai>,meaningoflifeans.aiml
0,MORTALITY * UNPURPOSED *,*,*,<srai>MEANINGOFLIFEANS</srai>,meaningoflifeans.aiml
0,MORTALITY * VAIN,*,*,<srai>MEANINGOFLIFEANS</srai>,meaningoflifeans.aiml
0,MORTALITY * VAIN *,*,*,<srai>MEANINGOFLIFEANS</srai>,meaningoflifeans.aiml
0,MORTALITY * VALUELESS,*,*,<srai>MEANINGOFLIFEANS</srai>,meaningoflifeans.aiml
0,MORTALITY * VALUELESS *,*,*,<srai>MEANINGOFLIFEANS</srai>,meaningoflifeans.aiml
0,LIFE MEANING,*,*,<srai>MEANINGOFLIFEANS</srai>,meaningoflifeans.aiml
0,LIFE MEANING *,*,*,<srai>MEANINGOFLIFEANS</srai>,meaningoflifeans.aiml
0,LIFE MEANINGFUL,*,*,<srai>MEANINGOFLIFEANS</srai>,meaningoflifeans.aiml
0,LIFE MEANINGFUL *,*,*,<srai>MEANINGOFLIFEANS</srai>,meaningoflifeans.aiml
0,LIFE SIGNIFICATION,*,*,<srai>MEANINGOFLIFEANS</srai>,meaningoflifeans.aiml
0,LIFE SIGNIFICATION *,*,*,<srai>MEANINGOFLIFEANS</srai>,meaningoflifeans.aiml
0,LIFE ESSENCE,*,*,<srai>MEANINGOFLIFEANS</srai>,meaningoflifeans.aiml
0,LIFE ESSENCE *,*,*,<srai>MEANINGOFLIFEANS</srai>,meaningoflifeans.aiml
0,LIFE SENSE,*,*,<srai>MEANINGOFLIFEANS</srai>,meaningoflifeans.aiml
0,LIFE SENSE *,*,*,<srai>MEANINGOFLIFEANS</srai>,meaningoflifeans.aiml
0,LIFE SIGNIFICANCE,*,*,<srai>MEANINGOFLIFEANS</srai>,meaningoflifeans.aiml
0,LIFE SIGNIFICANCE *,*,*,<srai>MEANINGOFLIFEANS</srai>,meaningoflifeans.aiml
0,LIFE SUBSTANCE,*,*,<srai>MEANINGOFLIFEANS</srai>,meaningoflifeans.aiml
0,LIFE SUBSTANCE *,*,*,<srai>MEANINGOFLIFEANS</srai>,meaningoflifeans.aiml
0,LIFE VALUE,*,*,<srai>MEANINGOFLIFEANS</srai>,meaningoflifeans.aiml
0,LIFE VALUE *,*,*,<srai>MEANINGOFLIFEANS</srai>,meaningoflifeans.aiml
0,LIFE WORTH,*,*,<srai>MEANINGOFLIFEANS</srai>,meaningoflifeans.aiml
0,LIFE WORTH *,*,*,<srai>MEANINGOFLIFEANS</srai>,meaningoflifeans.aiml
0,LIFE MEANINGLESS,*,*,<srai>MEANINGOFLIFEANS</srai>,meaningoflifeans.aiml
0,LIFE MEANINGLESS *,*,*,<srai>MEANINGOFLIFEANS</srai>,meaningoflifeans.aiml
0,LIFE WORTHLESS,*,*,<srai>MEANINGOFLIFEANS</srai>,meaningoflifeans.aiml
0,LIFE WORTHLESS *,*,*,<srai>MEANINGOFLIFEANS</srai>,meaningoflifeans.aiml
0,LIFE EMPTY,*,*,<srai>MEANINGOFLIFEANS</srai>,meaningoflifeans.aiml
0,LIFE EMPTY *,*,*,<srai>MEANINGOFLIFEANS</srai>,meaningoflifeans.aiml
0,LIFE FUTILE,*,*,<srai>MEANINGOFLIFEANS</srai>,meaningoflifeans.aiml
0,LIFE FUTILE *,*,*,<srai>MEANINGOFLIFEANS</srai>,meaningoflifeans.aiml
0,LIFE HOLLOW,*,*,<srai>MEANINGOFLIFEANS</srai>,meaningoflifeans.aiml
0,LIFE HOLLOW *,*,*,<srai>MEANINGOFLIFEANS</srai>,meaningoflifeans.aiml
0,LIFE INSIGNIFICANT,*,*,<srai>MEANINGOFLIFEANS</srai>,meaningoflifeans.aiml
0,LIFE INSIGNIFICANT *,*,*,<srai>MEANINGOFLIFEANS</srai>,meaningoflifeans.aiml
0,LIFE INSUBSTANTIAL,*,*,<srai>MEANINGOFLIFEANS</srai>,meaningoflifeans.aiml
0,LIFE INSUBSTANTIAL *,*,*,<srai>MEANINGOFLIFEANS</srai>,meaningoflifeans.aiml
0,LIFE NONSENSICAL,*,*,<srai>MEANINGOFLIFEANS</srai>,meaningoflifeans.aiml
0,LIFE NONSENSICAL *,*,*,<srai>MEANINGOFLIFEANS</srai>,meaningoflifeans.aiml
0,LIFE POINTLESS,*,*,<srai>MEANINGOFLIFEANS</srai>,meaningoflifeans.aiml
0,LIFE POINTLESS *,*,*,<srai>MEANINGOFLIFEANS</srai>,meaningoflifeans.aiml
0,LIFE PURPORTLESS,*,*,<srai>MEANINGOFLIFEANS</srai>,meaningoflifeans.aiml
0,LIFE PURPORTLESS *,*,*,<srai>MEANINGOFLIFEANS</srai>,meaningoflifeans.aiml
0,LIFE PURPOSELESS,*,*,<srai>MEANINGOFLIFEANS</srai>,meaningoflifeans.aiml
0,LIFE PURPOSELESS *,*,*,<srai>MEANINGOFLIFEANS</srai>,meaningoflifeans.aiml
0,LIFE SENSELESS,*,*,<srai>MEANINGOFLIFEANS</srai>,meaningoflifeans.aiml
0,LIFE SENSELESS *,*,*,<srai>MEANINGOFLIFEANS</srai>,meaningoflifeans.aiml
0,LIFE UNMEANING,*,*,<srai>MEANINGOFLIFEANS</srai>,meaningoflifeans.aiml
0,LIFE UNMEANING *,*,*,<srai>MEANINGOFLIFEANS</srai>,meaningoflifeans.aiml
0,LIFE UNPURPOSED,*,*,<srai>MEANINGOFLIFEANS</srai>,meaningoflifeans.aiml
0,LIFE UNPURPOSED *,*,*,<srai>MEANINGOFLIFEANS</srai>,meaningoflifeans.aiml
0,LIFE VAIN,*,*,<srai>MEANINGOFLIFEANS</srai>,meaningoflifeans.aiml
0,LIFE VAIN *,*,*,<srai>MEANINGOFLIFEANS</srai>,meaningoflifeans.aiml
0,LIFE VALUELESS,*,*,<srai>MEANINGOFLIFEANS</srai>,meaningoflifeans.aiml
0,LIFE VALUELESS *,*,*,<srai>MEANINGOFLIFEANS</srai>,meaningoflifeans.aiml
0,LIFE * MEANING,*,*,<srai>MEANINGOFLIFEANS</srai>,meaningoflifeans.aiml
0,LIFE * MEANING *,*,*,<srai>MEANINGOFLIFEANS</srai>,meaningoflifeans.aiml
0,LIFE * MEANINGFUL,*,*,<srai>MEANINGOFLIFEANS</srai>,meaningoflifeans.aiml
0,LIFE * MEANINGFUL *,*,*,<srai>MEANINGOFLIFEANS</srai>,meaningoflifeans.aiml
0,LIFE * SIGNIFICATION,*,*,<srai>MEANINGOFLIFEANS</srai>,meaningoflifeans.aiml
0,LIFE * SIGNIFICATION *,*,*,<srai>MEANINGOFLIFEANS</srai>,meaningoflifeans.aiml
0,LIFE * ESSENCE,*,*,<srai>MEANINGOFLIFEANS</srai>,meaningoflifeans.aiml
0,LIFE * ESSENCE *,*,*,<srai>MEANINGOFLIFEANS</srai>,meaningoflifeans.aiml
0,LIFE * SENSE,*,*,<srai>MEANINGOFLIFEANS</srai>,meaningoflifeans.aiml
0,LIFE * SENSE *,*,*,<srai>MEANINGOFLIFEANS</srai>,meaningoflifeans.aiml
0,LIFE * SIGNIFICANCE,*,*,<srai>MEANINGOFLIFEANS</srai>,meaningoflifeans.aiml
0,LIFE * SIGNIFICANCE *,*,*,<srai>MEANINGOFLIFEANS</srai>,meaningoflifeans.aiml
0,LIFE * SUBSTANCE,*,*,<srai>MEANINGOFLIFEANS</srai>,meaningoflifeans.aiml
0,LIFE * SUBSTANCE *,*,*,<srai>MEANINGOFLIFEANS</srai>,meaningoflifeans.aiml
0,LIFE * VALUE,*,*,<srai>MEANINGOFLIFEANS</srai>,meaningoflifeans.aiml
0,LIFE * VALUE *,*,*,<srai>MEANINGOFLIFEANS</srai>,meaningoflifeans.aiml
0,LIFE * WORTH,*,*,<srai>MEANINGOFLIFEANS</srai>,meaningoflifeans.aiml
0,LIFE * WORTH *,*,*,<srai>MEANINGOFLIFEANS</srai>,meaningoflifeans.aiml
0,LIFE * MEANINGLESS,*,*,<srai>MEANINGOFLIFEANS</srai>,meaningoflifeans.aiml
0,LIFE * MEANINGLESS *,*,*,<srai>MEANINGOFLIFEANS</srai>,meaningoflifeans.aiml
0,LIFE * WORTHLESS,*,*,<srai>MEANINGOFLIFEANS</srai>,meaningoflifeans.aiml
0,LIFE * WORTHLESS *,*,*,<srai>MEANINGOFLIFEANS</srai>,meaningoflifeans.aiml
0,LIFE * EMPTY,*,*,<srai>MEANINGOFLIFEANS</srai>,meaningoflifeans.aiml
0,LIFE * EMPTY *,*,*,<srai>MEANINGOFLIFEANS</srai>,meaningoflifeans.aiml
0,LIFE * FUTILE,*,*,<srai>MEANINGOFLIFEANS</srai>,meaningoflifeans.aiml
0,LIFE * FUTILE *,*,*,<srai>MEANINGOFLIFEANS</srai>,meaningoflifeans.aiml
0,LIFE * HOLLOW,*,*,<srai>MEANINGOFLIFEANS</srai>,meaningoflifeans.aiml
0,LIFE * HOLLOW *,*,*,<srai>MEANINGOFLIFEANS</srai>,meaningoflifeans.aiml
0,LIFE * INSIGNIFICANT,*,*,<srai>MEANINGOFLIFEANS</srai>,meaningoflifeans.aiml
0,LIFE * INSIGNIFICANT *,*,*,<srai>MEANINGOFLIFEANS</srai>,meaningoflifeans.aiml
0,LIFE * INSUBSTANTIAL,*,*,<srai>MEANINGOFLIFEANS</srai>,meaningoflifeans.aiml
0,LIFE * INSUBSTANTIAL *,*,*,<srai>MEANINGOFLIFEANS</srai>,meaningoflifeans.aiml
0,LIFE * NONSENSICAL,*,*,<srai>MEANINGOFLIFEANS</srai>,meaningoflifeans.aiml
0,LIFE * NONSENSICAL *,*,*,<srai>MEANINGOFLIFEANS</srai>,meaningoflifeans.aiml
0,LIFE * POINTLESS,*,*,<srai>MEANINGOFLIFEANS</srai>,meaningoflifeans.aiml
0,LIFE * POINTLESS *,*,*,<srai>MEANINGOFLIFEANS</srai>,meaningoflifeans.aiml
0,LIFE * PURPORTLESS,*,*,<srai>MEANINGOFLIFEANS</srai>,meaningoflifeans.aiml
0,LIFE * PURPORTLESS *,*,*,<srai>MEANINGOFLIFEANS</srai>,meaningoflifeans.aiml
0,LIFE * PURPOSELESS,*,*,<srai>MEANINGOFLIFEANS</srai>,meaningoflifeans.aiml
0,LIFE * PURPOSELESS *,*,*,<srai>MEANINGOFLIFEANS</srai>,meaningoflifeans.aiml
0,LIFE * SENSELESS,*,*,<srai>MEANINGOFLIFEANS</srai>,meaningoflifeans.aiml
0,LIFE * SENSELESS *,*,*,<srai>MEANINGOFLIFEANS</srai>,meaningoflifeans.aiml
0,LIFE * UNMEANING,*,*,<srai>MEANINGOFLIFEANS</srai>,meaningoflifeans.aiml
0,LIFE * UNMEANING *,*,*,<srai>MEANINGOFLIFEANS</srai>,meaningoflifeans.aiml
0,LIFE * UNPURPOSED,*,*,<srai>MEANINGOFLIFEANS</srai>,meaningoflifeans.aiml
0,LIFE * UNPURPOSED *,*,*,<srai>MEANINGOFLIFEANS</srai>,meaningoflifeans.aiml
0,LIFE * VAIN,*,*,<srai>MEANINGOFLIFEANS</srai>,meaningoflifeans.aiml
0,LIFE * VAIN *,*,*,<srai>MEANINGOFLIFEANS</srai>,meaningoflifeans.aiml
0,LIFE * VALUELESS,*,*,<srai>MEANINGOFLIFEANS</srai>,meaningoflifeans.aiml
0,LIFE * VALUELESS *,*,*,<srai>MEANINGOFLIFEANS</srai>,meaningoflifeans.aiml
0,EXISTENCE MEANING,*,*,<srai>MEANINGOFLIFEANS</srai>,meaningoflifeans.aiml
0,EXISTENCE MEANING *,*,*,<srai>MEANINGOFLIFEANS</srai>,meaningoflifeans.aiml
0,EXISTENCE MEANINGFUL,*,*,<srai>MEANINGOFLIFEANS</srai>,meaningoflifeans.aiml
0,EXISTENCE MEANINGFUL *,*,*,<srai>MEANINGOFLIFEANS</srai>,meaningoflifeans.aiml
0,EXISTENCE SIGNIFICATION,*,*,<srai>MEANINGOFLIFEANS</srai>,meaningoflifeans.aiml
0,EXISTENCE SIGNIFICATION *,*,*,<srai>MEANINGOFLIFEANS</srai>,meaningoflifeans.aiml
0,EXISTENCE ESSENCE,*,*,<srai>MEANINGOFLIFEANS</srai>,meaningoflifeans.aiml
0,EXISTENCE ESSENCE *,*,*,<srai>MEANINGOFLIFEANS</srai>,meaningoflifeans.aiml
0,EXISTENCE SENSE,*,*,<srai>MEANINGOFLIFEANS</srai>,meaningoflifeans.aiml
0,EXISTENCE SENSE *,*,*,<srai>MEANINGOFLIFEANS</srai>,meaningoflifeans.aiml
0,EXISTENCE SIGNIFICANCE,*,*,<srai>MEANINGOFLIFEANS</srai>,meaningoflifeans.aiml
0,EXISTENCE SIGNIFICANCE *,*,*,<srai>MEANINGOFLIFEANS</srai>,meaningoflifeans.aiml
0,EXISTENCE SUBSTANCE,*,*,<srai>MEANINGOFLIFEANS</srai>,meaningoflifeans.aiml
0,EXISTENCE SUBSTANCE *,*,*,<srai>MEANINGOFLIFEANS</srai>,meaningoflifeans.aiml
0,EXISTENCE VALUE,*,*,<srai>MEANINGOFLIFEANS</srai>,meaningoflifeans.aiml
0,EXISTENCE VALUE *,*,*,<srai>MEANINGOFLIFEANS</srai>,meaningoflifeans.aiml
0,EXISTENCE WORTH,*,*,<srai>MEANINGOFLIFEANS</srai>,meaningoflifeans.aiml
0,EXISTENCE WORTH *,*,*,<srai>MEANINGOFLIFEANS</srai>,meaningoflifeans.aiml
0,EXISTENCE MEANINGLESS,*,*,<srai>MEANINGOFLIFEANS</srai>,meaningoflifeans.aiml
0,EXISTENCE MEANINGLESS *,*,*,<srai>MEANINGOFLIFEANS</srai>,meaningoflifeans.aiml
0,EXISTENCE WORTHLESS,*,*,<srai>MEANINGOFLIFEANS</srai>,meaningoflifeans.aiml
0,EXISTENCE WORTHLESS *,*,*,<srai>MEANINGOFLIFEANS</srai>,meaningoflifeans.aiml
0,EXISTENCE EMPTY,*,*,<srai>MEANINGOFLIFEANS</srai>,meaningoflifeans.aiml
0,EXISTENCE EMPTY *,*,*,<srai>MEANINGOFLIFEANS</srai>,meaningoflifeans.aiml
0,EXISTENCE FUTILE,*,*,<srai>MEANINGOFLIFEANS</srai>,meaningoflifeans.aiml
0,EXISTENCE FUTILE *,*,*,<srai>MEANINGOFLIFEANS</srai>,meaningoflifeans.aiml
0,EXISTENCE HOLLOW,*,*,<srai>MEANINGOFLIFEANS</srai>,meaningoflifeans.aiml
0,EXISTENCE HOLLOW *,*,*,<srai>MEANINGOFLIFEANS</srai>,meaningoflifeans.aiml
0,EXISTENCE INSIGNIFICANT,*,*,<srai>MEANINGOFLIFEANS</srai>,meaningoflifeans.aiml
0,EXISTENCE INSIGNIFICANT *,*,*,<srai>MEANINGOFLIFEANS</srai>,meaningoflifeans.aiml
0,EXISTENCE INSUBSTANTIAL,*,*,<srai>MEANINGOFLIFEANS</srai>,meaningoflifeans.aiml
0,EXISTENCE INSUBSTANTIAL *,*,*,<srai>MEANINGOFLIFEANS</srai>,meaningoflifeans.aiml
0,EXISTENCE NONSENSICAL,*,*,<srai>MEANINGOFLIFEANS</srai>,meaningoflifeans.aiml
0,EXISTENCE NONSENSICAL *,*,*,<srai>MEANINGOFLIFEANS</srai>,meaningoflifeans.aiml
0,EXISTENCE POINTLESS,*,*,<srai>MEANINGOFLIFEANS</srai>,meaningoflifeans.aiml
0,EXISTENCE POINTLESS *,*,*,<srai>MEANINGOFLIFEANS</srai>,meaningoflifeans.aiml
0,EXISTENCE PURPORTLESS,*,*,<srai>MEANINGOFLIFEANS</srai>,meaningoflifeans.aiml
0,EXISTENCE PURPORTLESS *,*,*,<srai>MEANINGOFLIFEANS</srai>,meaningoflifeans.aiml
0,EXISTENCE PURPOSELESS,*,*,<srai>MEANINGOFLIFEANS</srai>,meaningoflifeans.aiml
0,EXISTENCE PURPOSELESS *,*,*,<srai>MEANINGOFLIFEANS</srai>,meaningoflifeans.aiml
0,EXISTENCE SENSELESS,*,*,<srai>MEANINGOFLIFEANS</srai>,meaningoflifeans.aiml
0,EXISTENCE SENSELESS *,*,*,<srai>MEANINGOFLIFEANS</srai>,meaningoflifeans.aiml
0,EXISTENCE UNMEANING,*,*,<srai>MEANINGOFLIFEANS</srai>,meaningoflifeans.aiml
0,EXISTENCE UNMEANING *,*,*,<srai>MEANINGOFLIFEANS</srai>,meaningoflifeans.aiml
0,EXISTENCE UNPURPOSED,*,*,<srai>MEANINGOFLIFEANS</srai>,meaningoflifeans.aiml
0,EXISTENCE UNPURPOSED *,*,*,<srai>MEANINGOFLIFEANS</srai>,meaningoflifeans.aiml
0,EXISTENCE VAIN,*,*,<srai>MEANINGOFLIFEANS</srai>,meaningoflifeans.aiml
0,EXISTENCE VAIN *,*,*,<srai>MEANINGOFLIFEANS</srai>,meaningoflifeans.aiml
0,EXISTENCE VALUELESS,*,*,<srai>MEANINGOFLIFEANS</srai>,meaningoflifeans.aiml
0,EXISTENCE VALUELESS *,*,*,<srai>MEANINGOFLIFEANS</srai>,meaningoflifeans.aiml
0,EXISTENCE * MEANING,*,*,<srai>MEANINGOFLIFEANS</srai>,meaningoflifeans.aiml
0,EXISTENCE * MEANING *,*,*,<srai>MEANINGOFLIFEANS</srai>,meaningoflifeans.aiml
0,EXISTENCE * MEANINGFUL,*,*,<srai>MEANINGOFLIFEANS</srai>,meaningoflifeans.aiml
0,EXISTENCE * MEANINGFUL *,*,*,<srai>MEANINGOFLIFEANS</srai>,meaningoflifeans.aiml
0,EXISTENCE * SIGNIFICATION,*,*,<srai>MEANINGOFLIFEANS</srai>,meaningoflifeans.aiml
0,EXISTENCE * SIGNIFICATION *,*,*,<srai>MEANINGOFLIFEANS</srai>,meaningoflifeans.aiml
0,EXISTENCE * ESSENCE,*,*,<srai>MEANINGOFLIFEANS</srai>,meaningoflifeans.aiml
0,EXISTENCE * ESSENCE *,*,*,<srai>MEANINGOFLIFEANS</srai>,meaningoflifeans.aiml
0,EXISTENCE * SENSE,*,*,<srai>MEANINGOFLIFEANS</srai>,meaningoflifeans.aiml
0,EXISTENCE * SENSE *,*,*,<srai>MEANINGOFLIFEANS</srai>,meaningoflifeans.aiml
0,EXISTENCE * SIGNIFICANCE,*,*,<srai>MEANINGOFLIFEANS</srai>,meaningoflifeans.aiml
0,EXISTENCE * SIGNIFICANCE *,*,*,<srai>MEANINGOFLIFEANS</srai>,meaningoflifeans.aiml
0,EXISTENCE * SUBSTANCE,*,*,<srai>MEANINGOFLIFEANS</srai>,meaningoflifeans.aiml
0,EXISTENCE * SUBSTANCE *,*,*,<srai>MEANINGOFLIFEANS</srai>,meaningoflifeans.aiml
0,EXISTENCE * VALUE,*,*,<srai>MEANINGOFLIFEANS</srai>,meaningoflifeans.aiml
0,EXISTENCE * VALUE *,*,*,<srai>MEANINGOFLIFEANS</srai>,meaningoflifeans.aiml
0,EXISTENCE * WORTH,*,*,<srai>MEANINGOFLIFEANS</srai>,meaningoflifeans.aiml
0,EXISTENCE * WORTH *,*,*,<srai>MEANINGOFLIFEANS</srai>,meaningoflifeans.aiml
0,EXISTENCE * MEANINGLESS,*,*,<srai>MEANINGOFLIFEANS</srai>,meaningoflifeans.aiml
0,EXISTENCE * MEANINGLESS *,*,*,<srai>MEANINGOFLIFEANS</srai>,meaningoflifeans.aiml
0,EXISTENCE * WORTHLESS,*,*,<srai>MEANINGOFLIFEANS</srai>,meaningoflifeans.aiml
0,EXISTENCE * WORTHLESS *,*,*,<srai>MEANINGOFLIFEANS</srai>,meaningoflifeans.aiml
0,EXISTENCE * EMPTY,*,*,<srai>MEANINGOFLIFEANS</srai>,meaningoflifeans.aiml
0,EXISTENCE * EMPTY *,*,*,<srai>MEANINGOFLIFEANS</srai>,meaningoflifeans.aiml
0,EXISTENCE * FUTILE,*,*,<srai>MEANINGOFLIFEANS</srai>,meaningoflifeans.aiml
0,EXISTENCE * FUTILE *,*,*,<srai>MEANINGOFLIFEANS</srai>,meaningoflifeans.aiml
0,EXISTENCE * HOLLOW,*,*,<srai>MEANINGOFLIFEANS</srai>,meaningoflifeans.aiml
0,EXISTENCE * HOLLOW *,*,*,<srai>MEANINGOFLIFEANS</srai>,meaningoflifeans.aiml
0,EXISTENCE * INSIGNIFICANT,*,*,<srai>MEANINGOFLIFEANS</srai>,meaningoflifeans.aiml
0,EXISTENCE * INSIGNIFICANT *,*,*,<srai>MEANINGOFLIFEANS</srai>,meaningoflifeans.aiml
0,EXISTENCE * INSUBSTANTIAL,*,*,<srai>MEANINGOFLIFEANS</srai>,meaningoflifeans.aiml
0,EXISTENCE * INSUBSTANTIAL *,*,*,<srai>MEANINGOFLIFEANS</srai>,meaningoflifeans.aiml
0,EXISTENCE * NONSENSICAL,*,*,<srai>MEANINGOFLIFEANS</srai>,meaningoflifeans.aiml
0,EXISTENCE * NONSENSICAL *,*,*,<srai>MEANINGOFLIFEANS</srai>,meaningoflifeans.aiml
0,EXISTENCE * POINTLESS,*,*,<srai>MEANINGOFLIFEANS</srai>,meaningoflifeans.aiml
0,EXISTENCE * POINTLESS *,*,*,<srai>MEANINGOFLIFEANS</srai>,meaningoflifeans.aiml
0,EXISTENCE * PURPORTLESS,*,*,<srai>MEANINGOFLIFEANS</srai>,meaningoflifeans.aiml
0,EXISTENCE * PURPORTLESS *,*,*,<srai>MEANINGOFLIFEANS</srai>,meaningoflifeans.aiml
0,EXISTENCE * PURPOSELESS,*,*,<srai>MEANINGOFLIFEANS</srai>,meaningoflifeans.aiml
0,EXISTENCE * PURPOSELESS *,*,*,<srai>MEANINGOFLIFEANS</srai>,meaningoflifeans.aiml
0,EXISTENCE * SENSELESS,*,*,<srai>MEANINGOFLIFEANS</srai>,meaningoflifeans.aiml
0,EXISTENCE * SENSELESS *,*,*,<srai>MEANINGOFLIFEANS</srai>,meaningoflifeans.aiml
0,EXISTENCE * UNMEANING,*,*,<srai>MEANINGOFLIFEANS</srai>,meaningoflifeans.aiml
0,EXISTENCE * UNMEANING *,*,*,<srai>MEANINGOFLIFEANS</srai>,meaningoflifeans.aiml
0,EXISTENCE * UNPURPOSED,*,*,<srai>MEANINGOFLIFEANS</srai>,meaningoflifeans.aiml
0,EXISTENCE * UNPURPOSED *,*,*,<srai>MEANINGOFLIFEANS</srai>,meaningoflifeans.aiml
0,EXISTENCE * VAIN,*,*,<srai>MEANINGOFLIFEANS</srai>,meaningoflifeans.aiml
0,EXISTENCE * VAIN *,*,*,<srai>MEANINGOFLIFEANS</srai>,meaningoflifeans.aiml
0,EXISTENCE * VALUELESS,*,*,<srai>MEANINGOFLIFEANS</srai>,meaningoflifeans.aiml
0,EXISTENCE * VALUELESS *,*,*,<srai>MEANINGOFLIFEANS</srai>,meaningoflifeans.aiml
0,* DEATH MEANING,*,*,<srai>MEANINGOFLIFEANS</srai>,meaningoflifeans.aiml
0,* DEATH MEANING *,*,*,<srai>MEANINGOFLIFEANS</srai>,meaningoflifeans.aiml
0,* DEATH MEANINGFUL,*,*,<srai>MEANINGOFLIFEANS</srai>,meaningoflifeans.aiml
0,* DEATH MEANINGFUL *,*,*,<srai>MEANINGOFLIFEANS</srai>,meaningoflifeans.aiml
0,* DEATH SIGNIFICATION,*,*,<srai>MEANINGOFLIFEANS</srai>,meaningoflifeans.aiml
0,* DEATH SIGNIFICATION *,*,*,<srai>MEANINGOFLIFEANS</srai>,meaningoflifeans.aiml
0,* DEATH ESSENCE,*,*,<srai>MEANINGOFLIFEANS</srai>,meaningoflifeans.aiml
0,* DEATH ESSENCE *,*,*,<srai>MEANINGOFLIFEANS</srai>,meaningoflifeans.aiml
0,* DEATH SENSE,*,*,<srai>MEANINGOFLIFEANS</srai>,meaningoflifeans.aiml
0,* DEATH SENSE *,*,*,<srai>MEANINGOFLIFEANS</srai>,meaningoflifeans.aiml
0,* DEATH SIGNIFICANCE,*,*,<srai>MEANINGOFLIFEANS</srai>,meaningoflifeans.aiml
0,* DEATH SIGNIFICANCE *,*,*,<srai>MEANINGOFLIFEANS</srai>,meaningoflifeans.aiml
0,* DEATH SUBSTANCE,*,*,<srai>MEANINGOFLIFEANS</srai>,meaningoflifeans.aiml
0,* DEATH SUBSTANCE *,*,*,<srai>MEANINGOFLIFEANS</srai>,meaningoflifeans.aiml
0,* DEATH VALUE,*,*,<srai>MEANINGOFLIFEANS</srai>,meaningoflifeans.aiml
0,* DEATH VALUE *,*,*,<srai>MEANINGOFLIFEANS</srai>,meaningoflifeans.aiml
0,* DEATH WORTH,*,*,<srai>MEANINGOFLIFEANS</srai>,meaningoflifeans.aiml
0,* DEATH WORTH *,*,*,<srai>MEANINGOFLIFEANS</srai>,meaningoflifeans.aiml
0,* DEATH MEANINGLESS,*,*,<srai>MEANINGOFLIFEANS</srai>,meaningoflifeans.aiml
0,* DEATH MEANINGLESS *,*,*,<srai>MEANINGOFLIFEANS</srai>,meaningoflifeans.aiml
0,* DEATH WORTHLESS,*,*,<srai>MEANINGOFLIFEANS</srai>,meaningoflifeans.aiml
0,* DEATH WORTHLESS *,*,*,<srai>MEANINGOFLIFEANS</srai>,meaningoflifeans.aiml
0,* DEATH EMPTY,*,*,<srai>MEANINGOFLIFEANS</srai>,meaningoflifeans.aiml
0,* DEATH EMPTY *,*,*,<srai>MEANINGOFLIFEANS</srai>,meaningoflifeans.aiml
0,* DEATH FUTILE,*,*,<srai>MEANINGOFLIFEANS</srai>,meaningoflifeans.aiml
0,* DEATH FUTILE *,*,*,<srai>MEANINGOFLIFEANS</srai>,meaningoflifeans.aiml
0,* DEATH HOLLOW,*,*,<srai>MEANINGOFLIFEANS</srai>,meaningoflifeans.aiml
0,* DEATH HOLLOW *,*,*,<srai>MEANINGOFLIFEANS</srai>,meaningoflifeans.aiml
0,* DEATH INSIGNIFICANT,*,*,<srai>MEANINGOFLIFEANS</srai>,meaningoflifeans.aiml
0,* DEATH INSIGNIFICANT *,*,*,<srai>MEANINGOFLIFEANS</srai>,meaningoflifeans.aiml
0,* DEATH INSUBSTANTIAL,*,*,<srai>MEANINGOFLIFEANS</srai>,meaningoflifeans.aiml
0,* DEATH INSUBSTANTIAL *,*,*,<srai>MEANINGOFLIFEANS</srai>,meaningoflifeans.aiml
0,* DEATH NONSENSICAL,*,*,<srai>MEANINGOFLIFEANS</srai>,meaningoflifeans.aiml
0,* DEATH NONSENSICAL *,*,*,<srai>MEANINGOFLIFEANS</srai>,meaningoflifeans.aiml
0,* DEATH POINTLESS,*,*,<srai>MEANINGOFLIFEANS</srai>,meaningoflifeans.aiml
0,* DEATH POINTLESS *,*,*,<srai>MEANINGOFLIFEANS</srai>,meaningoflifeans.aiml
0,* DEATH PURPORTLESS,*,*,<srai>MEANINGOFLIFEANS</srai>,meaningoflifeans.aiml
0,* DEATH PURPORTLESS *,*,*,<srai>MEANINGOFLIFEANS</srai>,meaningoflifeans.aiml
0,* DEATH PURPOSELESS,*,*,<srai>MEANINGOFLIFEANS</srai>,meaningoflifeans.aiml
0,* DEATH PURPOSELESS *,*,*,<srai>MEANINGOFLIFEANS</srai>,meaningoflifeans.aiml
0,* DEATH SENSELESS,*,*,<srai>MEANINGOFLIFEANS</srai>,meaningoflifeans.aiml
0,* DEATH SENSELESS *,*,*,<srai>MEANINGOFLIFEANS</srai>,meaningoflifeans.aiml
0,* DEATH UNMEANING,*,*,<srai>MEANINGOFLIFEANS</srai>,meaningoflifeans.aiml
0,* DEATH UNMEANING *,*,*,<srai>MEANINGOFLIFEANS</srai>,meaningoflifeans.aiml
0,* DEATH UNPURPOSED,*,*,<srai>MEANINGOFLIFEANS</srai>,meaningoflifeans.aiml
0,* DEATH UNPURPOSED *,*,*,<srai>MEANINGOFLIFEANS</srai>,meaningoflifeans.aiml
0,* DEATH VAIN,*,*,<srai>MEANINGOFLIFEANS</srai>,meaningoflifeans.aiml
0,* DEATH VAIN *,*,*,<srai>MEANINGOFLIFEANS</srai>,meaningoflifeans.aiml
0,* DEATH VALUELESS,*,*,<srai>MEANINGOFLIFEANS</srai>,meaningoflifeans.aiml
0,* DEATH VALUELESS *,*,*,<srai>MEANINGOFLIFEANS</srai>,meaningoflifeans.aiml
0,* DEATH * MEANING,*,*,<srai>MEANINGOFLIFEANS</srai>,meaningoflifeans.aiml
0,* DEATH * MEANING *,*,*,<srai>MEANINGOFLIFEANS</srai>,meaningoflifeans.aiml
0,* DEATH * MEANINGFUL,*,*,<srai>MEANINGOFLIFEANS</srai>,meaningoflifeans.aiml
0,* DEATH * MEANINGFUL *,*,*,<srai>MEANINGOFLIFEANS</srai>,meaningoflifeans.aiml
0,* DEATH * SIGNIFICATION,*,*,<srai>MEANINGOFLIFEANS</srai>,meaningoflifeans.aiml
0,* DEATH * SIGNIFICATION *,*,*,<srai>MEANINGOFLIFEANS</srai>,meaningoflifeans.aiml
0,* DEATH * ESSENCE,*,*,<srai>MEANINGOFLIFEANS</srai>,meaningoflifeans.aiml
0,* DEATH * ESSENCE *,*,*,<srai>MEANINGOFLIFEANS</srai>,meaningoflifeans.aiml
0,* DEATH * SENSE,*,*,<srai>MEANINGOFLIFEANS</srai>,meaningoflifeans.aiml
0,* DEATH * SENSE *,*,*,<srai>MEANINGOFLIFEANS</srai>,meaningoflifeans.aiml
0,* DEATH * SIGNIFICANCE,*,*,<srai>MEANINGOFLIFEANS</srai>,meaningoflifeans.aiml
0,* DEATH * SIGNIFICANCE *,*,*,<srai>MEANINGOFLIFEANS</srai>,meaningoflifeans.aiml
0,* DEATH * SUBSTANCE,*,*,<srai>MEANINGOFLIFEANS</srai>,meaningoflifeans.aiml
0,* DEATH * SUBSTANCE *,*,*,<srai>MEANINGOFLIFEANS</srai>,meaningoflifeans.aiml
0,* DEATH * VALUE,*,*,<srai>MEANINGOFLIFEANS</srai>,meaningoflifeans.aiml
0,* DEATH * VALUE *,*,*,<srai>MEANINGOFLIFEANS</srai>,meaningoflifeans.aiml
0,* DEATH * WORTH,*,*,<srai>MEANINGOFLIFEANS</srai>,meaningoflifeans.aiml
0,* DEATH * WORTH *,*,*,<srai>MEANINGOFLIFEANS</srai>,meaningoflifeans.aiml
0,* DEATH * MEANINGLESS,*,*,<srai>MEANINGOFLIFEANS</srai>,meaningoflifeans.aiml
0,* DEATH * MEANINGLESS *,*,*,<srai>MEANINGOFLIFEANS</srai>,meaningoflifeans.aiml
0,* DEATH * WORTHLESS,*,*,<srai>MEANINGOFLIFEANS</srai>,meaningoflifeans.aiml
0,* DEATH * WORTHLESS *,*,*,<srai>MEANINGOFLIFEANS</srai>,meaningoflifeans.aiml
0,* DEATH * EMPTY,*,*,<srai>MEANINGOFLIFEANS</srai>,meaningoflifeans.aiml
0,* DEATH * EMPTY *,*,*,<srai>MEANINGOFLIFEANS</srai>,meaningoflifeans.aiml
0,* DEATH * FUTILE,*,*,<srai>MEANINGOFLIFEANS</srai>,meaningoflifeans.aiml
0,* DEATH * FUTILE *,*,*,<srai>MEANINGOFLIFEANS</srai>,meaningoflifeans.aiml
0,* DEATH * HOLLOW,*,*,<srai>MEANINGOFLIFEANS</srai>,meaningoflifeans.aiml
0,* DEATH * HOLLOW *,*,*,<srai>MEANINGOFLIFEANS</srai>,meaningoflifeans.aiml
0,* DEATH * INSIGNIFICANT,*,*,<srai>MEANINGOFLIFEANS</srai>,meaningoflifeans.aiml
0,* DEATH * INSIGNIFICANT *,*,*,<srai>MEANINGOFLIFEANS</srai>,meaningoflifeans.aiml
0,* DEATH * INSUBSTANTIAL,*,*,<srai>MEANINGOFLIFEANS</srai>,meaningoflifeans.aiml
0,* DEATH * INSUBSTANTIAL *,*,*,<srai>MEANINGOFLIFEANS</srai>,meaningoflifeans.aiml
0,* DEATH * NONSENSICAL,*,*,<srai>MEANINGOFLIFEANS</srai>,meaningoflifeans.aiml
0,* DEATH * NONSENSICAL *,*,*,<srai>MEANINGOFLIFEANS</srai>,meaningoflifeans.aiml
0,* DEATH * POINTLESS,*,*,<srai>MEANINGOFLIFEANS</srai>,meaningoflifeans.aiml
0,* DEATH * POINTLESS *,*,*,<srai>MEANINGOFLIFEANS</srai>,meaningoflifeans.aiml
0,* DEATH * PURPORTLESS,*,*,<srai>MEANINGOFLIFEANS</srai>,meaningoflifeans.aiml
0,* DEATH * PURPORTLESS *,*,*,<srai>MEANINGOFLIFEANS</srai>,meaningoflifeans.aiml
0,* DEATH * PURPOSELESS,*,*,<srai>MEANINGOFLIFEANS</srai>,meaningoflifeans.aiml
0,* DEATH * PURPOSELESS *,*,*,<srai>MEANINGOFLIFEANS</srai>,meaningoflifeans.aiml
0,* DEATH * SENSELESS,*,*,<srai>MEANINGOFLIFEANS</srai>,meaningoflifeans.aiml
0,* DEATH * SENSELESS *,*,*,<srai>MEANINGOFLIFEANS</srai>,meaningoflifeans.aiml
0,* DEATH * UNMEANING,*,*,<srai>MEANINGOFLIFEANS</srai>,meaningoflifeans.aiml
0,* DEATH * UNMEANING *,*,*,<srai>MEANINGOFLIFEANS</srai>,meaningoflifeans.aiml
0,* DEATH * UNPURPOSED,*,*,<srai>MEANINGOFLIFEANS</srai>,meaningoflifeans.aiml
0,* DEATH * UNPURPOSED *,*,*,<srai>MEANINGOFLIFEANS</srai>,meaningoflifeans.aiml
0,* DEATH * VAIN,*,*,<srai>MEANINGOFLIFEANS</srai>,meaningoflifeans.aiml
0,* DEATH * VAIN *,*,*,<srai>MEANINGOFLIFEANS</srai>,meaningoflifeans.aiml
0,* DEATH * VALUELESS,*,*,<srai>MEANINGOFLIFEANS</srai>,meaningoflifeans.aiml
0,* DEATH * VALUELESS *,*,*,<srai>MEANINGOFLIFEANS</srai>,meaningoflifeans.aiml
0,* GRIM REAPER MEANING,*,*,<srai>MEANINGOFLIFEANS</srai>,meaningoflifeans.aiml
0,* GRIM REAPER MEANING *,*,*,<srai>MEANINGOFLIFEANS</srai>,meaningoflifeans.aiml
0,* GRIM REAPER MEANINGFUL,*,*,<srai>MEANINGOFLIFEANS</srai>,meaningoflifeans.aiml
0,* GRIM REAPER MEANINGFUL *,*,*,<srai>MEANINGOFLIFEANS</srai>,meaningoflifeans.aiml
0,* GRIM REAPER SIGNIFICATION,*,*,<srai>MEANINGOFLIFEANS</srai>,meaningoflifeans.aiml
0,* GRIM REAPER SIGNIFICATION *,*,*,<srai>MEANINGOFLIFEANS</srai>,meaningoflifeans.aiml
0,* GRIM REAPER ESSENCE,*,*,<srai>MEANINGOFLIFEANS</srai>,meaningoflifeans.aiml
0,* GRIM REAPER ESSENCE *,*,*,<srai>MEANINGOFLIFEANS</srai>,meaningoflifeans.aiml
0,* GRIM REAPER SENSE,*,*,<srai>MEANINGOFLIFEANS</srai>,meaningoflifeans.aiml
0,* GRIM REAPER SENSE *,*,*,<srai>MEANINGOFLIFEANS</srai>,meaningoflifeans.aiml
0,* GRIM REAPER SIGNIFICANCE,*,*,<srai>MEANINGOFLIFEANS</srai>,meaningoflifeans.aiml
0,* GRIM REAPER SIGNIFICANCE *,*,*,<srai>MEANINGOFLIFEANS</srai>,meaningoflifeans.aiml
0,* GRIM REAPER SUBSTANCE,*,*,<srai>MEANINGOFLIFEANS</srai>,meaningoflifeans.aiml
0,* GRIM REAPER SUBSTANCE *,*,*,<srai>MEANINGOFLIFEANS</srai>,meaningoflifeans.aiml
0,* GRIM REAPER VALUE,*,*,<srai>MEANINGOFLIFEANS</srai>,meaningoflifeans.aiml
0,* GRIM REAPER VALUE *,*,*,<srai>MEANINGOFLIFEANS</srai>,meaningoflifeans.aiml
0,* GRIM REAPER WORTH,*,*,<srai>MEANINGOFLIFEANS</srai>,meaningoflifeans.aiml
0,* GRIM REAPER WORTH *,*,*,<srai>MEANINGOFLIFEANS</srai>,meaningoflifeans.aiml
0,* GRIM REAPER MEANINGLESS,*,*,<srai>MEANINGOFLIFEANS</srai>,meaningoflifeans.aiml
0,* GRIM REAPER MEANINGLESS *,*,*,<srai>MEANINGOFLIFEANS</srai>,meaningoflifeans.aiml
0,* GRIM REAPER WORTHLESS,*,*,<srai>MEANINGOFLIFEANS</srai>,meaningoflifeans.aiml
0,* GRIM REAPER WORTHLESS *,*,*,<srai>MEANINGOFLIFEANS</srai>,meaningoflifeans.aiml
0,* GRIM REAPER EMPTY,*,*,<srai>MEANINGOFLIFEANS</srai>,meaningoflifeans.aiml
0,* GRIM REAPER EMPTY *,*,*,<srai>MEANINGOFLIFEANS</srai>,meaningoflifeans.aiml
0,* GRIM REAPER FUTILE,*,*,<srai>MEANINGOFLIFEANS</srai>,meaningoflifeans.aiml
0,* GRIM REAPER FUTILE *,*,*,<srai>MEANINGOFLIFEANS</srai>,meaningoflifeans.aiml
0,* GRIM REAPER HOLLOW,*,*,<srai>MEANINGOFLIFEANS</srai>,meaningoflifeans.aiml
0,* GRIM REAPER HOLLOW *,*,*,<srai>MEANINGOFLIFEANS</srai>,meaningoflifeans.aiml
0,* GRIM REAPER INSIGNIFICANT,*,*,<srai>MEANINGOFLIFEANS</srai>,meaningoflifeans.aiml
0,* GRIM REAPER INSIGNIFICANT *,*,*,<srai>MEANINGOFLIFEANS</srai>,meaningoflifeans.aiml
0,* GRIM REAPER INSUBSTANTIAL,*,*,<srai>MEANINGOFLIFEANS</srai>,meaningoflifeans.aiml
0,* GRIM REAPER INSUBSTANTIAL *,*,*,<srai>MEANINGOFLIFEANS</srai>,meaningoflifeans.aiml
0,* GRIM REAPER NONSENSICAL,*,*,<srai>MEANINGOFLIFEANS</srai>,meaningoflifeans.aiml
0,* GRIM REAPER NONSENSICAL *,*,*,<srai>MEANINGOFLIFEANS</srai>,meaningoflifeans.aiml
0,* GRIM REAPER POINTLESS,*,*,<srai>MEANINGOFLIFEANS</srai>,meaningoflifeans.aiml
0,* GRIM REAPER POINTLESS *,*,*,<srai>MEANINGOFLIFEANS</srai>,meaningoflifeans.aiml
0,* GRIM REAPER PURPORTLESS,*,*,<srai>MEANINGOFLIFEANS</srai>,meaningoflifeans.aiml
0,* GRIM REAPER PURPORTLESS *,*,*,<srai>MEANINGOFLIFEANS</srai>,meaningoflifeans.aiml
0,* GRIM REAPER PURPOSELESS,*,*,<srai>MEANINGOFLIFEANS</srai>,meaningoflifeans.aiml
0,* GRIM REAPER PURPOSELESS *,*,*,<srai>MEANINGOFLIFEANS</srai>,meaningoflifeans.aiml
0,* GRIM REAPER SENSELESS,*,*,<srai>MEANINGOFLIFEANS</srai>,meaningoflifeans.aiml
0,* GRIM REAPER SENSELESS *,*,*,<srai>MEANINGOFLIFEANS</srai>,meaningoflifeans.aiml
0,* GRIM REAPER UNMEANING,*,*,<srai>MEANINGOFLIFEANS</srai>,meaningoflifeans.aiml
0,* GRIM REAPER UNMEANING *,*,*,<srai>MEANINGOFLIFEANS</srai>,meaningoflifeans.aiml
0,* GRIM REAPER UNPURPOSED,*,*,<srai>MEANINGOFLIFEANS</srai>,meaningoflifeans.aiml
0,* GRIM REAPER UNPURPOSED *,*,*,<srai>MEANINGOFLIFEANS</srai>,meaningoflifeans.aiml
0,* GRIM REAPER VAIN,*,*,<srai>MEANINGOFLIFEANS</srai>,meaningoflifeans.aiml
0,* GRIM REAPER VAIN *,*,*,<srai>MEANINGOFLIFEANS</srai>,meaningoflifeans.aiml
0,* GRIM REAPER VALUELESS,*,*,<srai>MEANINGOFLIFEANS</srai>,meaningoflifeans.aiml
0,* GRIM REAPER VALUELESS *,*,*,<srai>MEANINGOFLIFEANS</srai>,meaningoflifeans.aiml
0,* GRIM REAPER * MEANING,*,*,<srai>MEANINGOFLIFEANS</srai>,meaningoflifeans.aiml
0,* GRIM REAPER * MEANING *,*,*,<srai>MEANINGOFLIFEANS</srai>,meaningoflifeans.aiml
0,* GRIM REAPER * MEANINGFUL,*,*,<srai>MEANINGOFLIFEANS</srai>,meaningoflifeans.aiml
0,* GRIM REAPER * MEANINGFUL *,*,*,<srai>MEANINGOFLIFEANS</srai>,meaningoflifeans.aiml
0,* GRIM REAPER * SIGNIFICATION,*,*,<srai>MEANINGOFLIFEANS</srai>,meaningoflifeans.aiml
0,* GRIM REAPER * SIGNIFICATION *,*,*,<srai>MEANINGOFLIFEANS</srai>,meaningoflifeans.aiml
0,* GRIM REAPER * ESSENCE,*,*,<srai>MEANINGOFLIFEANS</srai>,meaningoflifeans.aiml
0,* GRIM REAPER * ESSENCE *,*,*,<srai>MEANINGOFLIFEANS</srai>,meaningoflifeans.aiml
0,* GRIM REAPER * SENSE,*,*,<srai>MEANINGOFLIFEANS</srai>,meaningoflifeans.aiml
0,* GRIM REAPER * SENSE *,*,*,<srai>MEANINGOFLIFEANS</srai>,meaningoflifeans.aiml
0,* GRIM REAPER * SIGNIFICANCE,*,*,<srai>MEANINGOFLIFEANS</srai>,meaningoflifeans.aiml
0,* GRIM REAPER * SIGNIFICANCE *,*,*,<srai>MEANINGOFLIFEANS</srai>,meaningoflifeans.aiml
0,* GRIM REAPER * SUBSTANCE,*,*,<srai>MEANINGOFLIFEANS</srai>,meaningoflifeans.aiml
0,* GRIM REAPER * SUBSTANCE *,*,*,<srai>MEANINGOFLIFEANS</srai>,meaningoflifeans.aiml
0,* GRIM REAPER * VALUE,*,*,<srai>MEANINGOFLIFEANS</srai>,meaningoflifeans.aiml
0,* GRIM REAPER * VALUE *,*,*,<srai>MEANINGOFLIFEANS</srai>,meaningoflifeans.aiml
0,* GRIM REAPER * WORTH,*,*,<srai>MEANINGOFLIFEANS</srai>,meaningoflifeans.aiml
0,* GRIM REAPER * WORTH *,*,*,<srai>MEANINGOFLIFEANS</srai>,meaningoflifeans.aiml
0,* GRIM REAPER * MEANINGLESS,*,*,<srai>MEANINGOFLIFEANS</srai>,meaningoflifeans.aiml
0,* GRIM REAPER * MEANINGLESS *,*,*,<srai>MEANINGOFLIFEANS</srai>,meaningoflifeans.aiml
0,* GRIM REAPER * WORTHLESS,*,*,<srai>MEANINGOFLIFEANS</srai>,meaningoflifeans.aiml
0,* GRIM REAPER * WORTHLESS *,*,*,<srai>MEANINGOFLIFEANS</srai>,meaningoflifeans.aiml
0,* GRIM REAPER * EMPTY,*,*,<srai>MEANINGOFLIFEANS</srai>,meaningoflifeans.aiml
0,* GRIM REAPER * EMPTY *,*,*,<srai>MEANINGOFLIFEANS</srai>,meaningoflifeans.aiml
0,* GRIM REAPER * FUTILE,*,*,<srai>MEANINGOFLIFEANS</srai>,meaningoflifeans.aiml
0,* GRIM REAPER * FUTILE *,*,*,<srai>MEANINGOFLIFEANS</srai>,meaningoflifeans.aiml
0,* GRIM REAPER * HOLLOW,*,*,<srai>MEANINGOFLIFEANS</srai>,meaningoflifeans.aiml
0,* GRIM REAPER * HOLLOW *,*,*,<srai>MEANINGOFLIFEANS</srai>,meaningoflifeans.aiml
0,* GRIM REAPER * INSIGNIFICANT,*,*,<srai>MEANINGOFLIFEANS</srai>,meaningoflifeans.aiml
0,* GRIM REAPER * INSIGNIFICANT *,*,*,<srai>MEANINGOFLIFEANS</srai>,meaningoflifeans.aiml
0,* GRIM REAPER * INSUBSTANTIAL,*,*,<srai>MEANINGOFLIFEANS</srai>,meaningoflifeans.aiml
0,* GRIM REAPER * INSUBSTANTIAL *,*,*,<srai>MEANINGOFLIFEANS</srai>,meaningoflifeans.aiml
0,* GRIM REAPER * NONSENSICAL,*,*,<srai>MEANINGOFLIFEANS</srai>,meaningoflifeans.aiml
0,* GRIM REAPER * NONSENSICAL *,*,*,<srai>MEANINGOFLIFEANS</srai>,meaningoflifeans.aiml
0,* GRIM REAPER * POINTLESS,*,*,<srai>MEANINGOFLIFEANS</srai>,meaningoflifeans.aiml
0,* GRIM REAPER * POINTLESS *,*,*,<srai>MEANINGOFLIFEANS</srai>,meaningoflifeans.aiml
0,* GRIM REAPER * PURPORTLESS,*,*,<srai>MEANINGOFLIFEANS</srai>,meaningoflifeans.aiml
0,* GRIM REAPER * PURPORTLESS *,*,*,<srai>MEANINGOFLIFEANS</srai>,meaningoflifeans.aiml
0,* GRIM REAPER * PURPOSELESS,*,*,<srai>MEANINGOFLIFEANS</srai>,meaningoflifeans.aiml
0,* GRIM REAPER * PURPOSELESS *,*,*,<srai>MEANINGOFLIFEANS</srai>,meaningoflifeans.aiml
0,* GRIM REAPER * SENSELESS,*,*,<srai>MEANINGOFLIFEANS</srai>,meaningoflifeans.aiml
0,* GRIM REAPER * SENSELESS *,*,*,<srai>MEANINGOFLIFEANS</srai>,meaningoflifeans.aiml
0,* GRIM REAPER * UNMEANING,*,*,<srai>MEANINGOFLIFEANS</srai>,meaningoflifeans.aiml
0,* GRIM REAPER * UNMEANING *,*,*,<srai>MEANINGOFLIFEANS</srai>,meaningoflifeans.aiml
0,* GRIM REAPER * UNPURPOSED,*,*,<srai>MEANINGOFLIFEANS</srai>,meaningoflifeans.aiml
0,* GRIM REAPER * UNPURPOSED *,*,*,<srai>MEANINGOFLIFEANS</srai>,meaningoflifeans.aiml
0,* GRIM REAPER * VAIN,*,*,<srai>MEANINGOFLIFEANS</srai>,meaningoflifeans.aiml
0,* GRIM REAPER * VAIN *,*,*,<srai>MEANINGOFLIFEANS</srai>,meaningoflifeans.aiml
0,* GRIM REAPER * VALUELESS,*,*,<srai>MEANINGOFLIFEANS</srai>,meaningoflifeans.aiml
0,* GRIM REAPER * VALUELESS *,*,*,<srai>MEANINGOFLIFEANS</srai>,meaningoflifeans.aiml
0,* MORTALITY MEANING,*,*,<srai>MEANINGOFLIFEANS</srai>,meaningoflifeans.aiml
0,* MORTALITY MEANING *,*,*,<srai>MEANINGOFLIFEANS</srai>,meaningoflifeans.aiml
0,* MORTALITY MEANINGFUL,*,*,<srai>MEANINGOFLIFEANS</srai>,meaningoflifeans.aiml
0,* MORTALITY MEANINGFUL *,*,*,<srai>MEANINGOFLIFEANS</srai>,meaningoflifeans.aiml
0,* MORTALITY SIGNIFICATION,*,*,<srai>MEANINGOFLIFEANS</srai>,meaningoflifeans.aiml
0,* MORTALITY SIGNIFICATION *,*,*,<srai>MEANINGOFLIFEANS</srai>,meaningoflifeans.aiml
0,* MORTALITY ESSENCE,*,*,<srai>MEANINGOFLIFEANS</srai>,meaningoflifeans.aiml
0,* MORTALITY ESSENCE *,*,*,<srai>MEANINGOFLIFEANS</srai>,meaningoflifeans.aiml
0,* MORTALITY SENSE,*,*,<srai>MEANINGOFLIFEANS</srai>,meaningoflifeans.aiml
0,* MORTALITY SENSE *,*,*,<srai>MEANINGOFLIFEANS</srai>,meaningoflifeans.aiml
0,* MORTALITY SIGNIFICANCE,*,*,<srai>MEANINGOFLIFEANS</srai>,meaningoflifeans.aiml
0,* MORTALITY SIGNIFICANCE *,*,*,<srai>MEANINGOFLIFEANS</srai>,meaningoflifeans.aiml
0,* MORTALITY SUBSTANCE,*,*,<srai>MEANINGOFLIFEANS</srai>,meaningoflifeans.aiml
0,* MORTALITY SUBSTANCE *,*,*,<srai>MEANINGOFLIFEANS</srai>,meaningoflifeans.aiml
0,* MORTALITY VALUE,*,*,<srai>MEANINGOFLIFEANS</srai>,meaningoflifeans.aiml
0,* MORTALITY VALUE *,*,*,<srai>MEANINGOFLIFEANS</srai>,meaningoflifeans.aiml
0,* MORTALITY WORTH,*,*,<srai>MEANINGOFLIFEANS</srai>,meaningoflifeans.aiml
0,* MORTALITY WORTH *,*,*,<srai>MEANINGOFLIFEANS</srai>,meaningoflifeans.aiml
0,* MORTALITY MEANINGLESS,*,*,<srai>MEANINGOFLIFEANS</srai>,meaningoflifeans.aiml
0,* MORTALITY MEANINGLESS *,*,*,<srai>MEANINGOFLIFEANS</srai>,meaningoflifeans.aiml
0,* MORTALITY WORTHLESS,*,*,<srai>MEANINGOFLIFEANS</srai>,meaningoflifeans.aiml
0,* MORTALITY WORTHLESS *,*,*,<srai>MEANINGOFLIFEANS</srai>,meaningoflifeans.aiml
0,* MORTALITY EMPTY,*,*,<srai>MEANINGOFLIFEANS</srai>,meaningoflifeans.aiml
0,* MORTALITY EMPTY *,*,*,<srai>MEANINGOFLIFEANS</srai>,meaningoflifeans.aiml
0,* MORTALITY FUTILE,*,*,<srai>MEANINGOFLIFEANS</srai>,meaningoflifeans.aiml
0,* MORTALITY FUTILE *,*,*,<srai>MEANINGOFLIFEANS</srai>,meaningoflifeans.aiml
0,* MORTALITY HOLLOW,*,*,<srai>MEANINGOFLIFEANS</srai>,meaningoflifeans.aiml
0,* MORTALITY HOLLOW *,*,*,<srai>MEANINGOFLIFEANS</srai>,meaningoflifeans.aiml
0,* MORTALITY INSIGNIFICANT,*,*,<srai>MEANINGOFLIFEANS</srai>,meaningoflifeans.aiml
0,* MORTALITY INSIGNIFICANT *,*,*,<srai>MEANINGOFLIFEANS</srai>,meaningoflifeans.aiml
0,* MORTALITY INSUBSTANTIAL,*,*,<srai>MEANINGOFLIFEANS</srai>,meaningoflifeans.aiml
0,* MORTALITY INSUBSTANTIAL *,*,*,<srai>MEANINGOFLIFEANS</srai>,meaningoflifeans.aiml
0,* MORTALITY NONSENSICAL,*,*,<srai>MEANINGOFLIFEANS</srai>,meaningoflifeans.aiml
0,* MORTALITY NONSENSICAL *,*,*,<srai>MEANINGOFLIFEANS</srai>,meaningoflifeans.aiml
0,* MORTALITY POINTLESS,*,*,<srai>MEANINGOFLIFEANS</srai>,meaningoflifeans.aiml
0,* MORTALITY POINTLESS *,*,*,<srai>MEANINGOFLIFEANS</srai>,meaningoflifeans.aiml
0,* MORTALITY PURPORTLESS,*,*,<srai>MEANINGOFLIFEANS</srai>,meaningoflifeans.aiml
0,* MORTALITY PURPORTLESS *,*,*,<srai>MEANINGOFLIFEANS</srai>,meaningoflifeans.aiml
0,* MORTALITY PURPOSELESS,*,*,<srai>MEANINGOFLIFEANS</srai>,meaningoflifeans.aiml
0,* MORTALITY PURPOSELESS *,*,*,<srai>MEANINGOFLIFEANS</srai>,meaningoflifeans.aiml
0,* MORTALITY SENSELESS,*,*,<srai>MEANINGOFLIFEANS</srai>,meaningoflifeans.aiml
0,* MORTALITY SENSELESS *,*,*,<srai>MEANINGOFLIFEANS</srai>,meaningoflifeans.aiml
0,* MORTALITY UNMEANING,*,*,<srai>MEANINGOFLIFEANS</srai>,meaningoflifeans.aiml
0,* MORTALITY UNMEANING *,*,*,<srai>MEANINGOFLIFEANS</srai>,meaningoflifeans.aiml
0,* MORTALITY UNPURPOSED,*,*,<srai>MEANINGOFLIFEANS</srai>,meaningoflifeans.aiml
0,* MORTALITY UNPURPOSED *,*,*,<srai>MEANINGOFLIFEANS</srai>,meaningoflifeans.aiml
0,* MORTALITY VAIN,*,*,<srai>MEANINGOFLIFEANS</srai>,meaningoflifeans.aiml
0,* MORTALITY VAIN *,*,*,<srai>MEANINGOFLIFEANS</srai>,meaningoflifeans.aiml
0,* MORTALITY VALUELESS,*,*,<srai>MEANINGOFLIFEANS</srai>,meaningoflifeans.aiml
0,* MORTALITY VALUELESS *,*,*,<srai>MEANINGOFLIFEANS</srai>,meaningoflifeans.aiml
0,* MORTALITY * MEANING,*,*,<srai>MEANINGOFLIFEANS</srai>,meaningoflifeans.aiml
0,* MORTALITY * MEANING *,*,*,<srai>MEANINGOFLIFEANS</srai>,meaningoflifeans.aiml
0,* MORTALITY * MEANINGFUL,*,*,<srai>MEANINGOFLIFEANS</srai>,meaningoflifeans.aiml
0,* MORTALITY * MEANINGFUL *,*,*,<srai>MEANINGOFLIFEANS</srai>,meaningoflifeans.aiml
0,* MORTALITY * SIGNIFICATION,*,*,<srai>MEANINGOFLIFEANS</srai>,meaningoflifeans.aiml
0,* MORTALITY * SIGNIFICATION *,*,*,<srai>MEANINGOFLIFEANS</srai>,meaningoflifeans.aiml
0,* MORTALITY * ESSENCE,*,*,<srai>MEANINGOFLIFEANS</srai>,meaningoflifeans.aiml
0,* MORTALITY * ESSENCE *,*,*,<srai>MEANINGOFLIFEANS</srai>,meaningoflifeans.aiml
0,* MORTALITY * SENSE,*,*,<srai>MEANINGOFLIFEANS</srai>,meaningoflifeans.aiml
0,* MORTALITY * SENSE *,*,*,<srai>MEANINGOFLIFEANS</srai>,meaningoflifeans.aiml
0,* MORTALITY * SIGNIFICANCE,*,*,<srai>MEANINGOFLIFEANS</srai>,meaningoflifeans.aiml
0,* MORTALITY * SIGNIFICANCE *,*,*,<srai>MEANINGOFLIFEANS</srai>,meaningoflifeans.aiml
0,* MORTALITY * SUBSTANCE,*,*,<srai>MEANINGOFLIFEANS</srai>,meaningoflifeans.aiml
0,* MORTALITY * SUBSTANCE *,*,*,<srai>MEANINGOFLIFEANS</srai>,meaningoflifeans.aiml
0,* MORTALITY * VALUE,*,*,<srai>MEANINGOFLIFEANS</srai>,meaningoflifeans.aiml
0,* MORTALITY * VALUE *,*,*,<srai>MEANINGOFLIFEANS</srai>,meaningoflifeans.aiml
0,* MORTALITY * WORTH,*,*,<srai>MEANINGOFLIFEANS</srai>,meaningoflifeans.aiml
0,* MORTALITY * WORTH *,*,*,<srai>MEANINGOFLIFEANS</srai>,meaningoflifeans.aiml
0,* MORTALITY * MEANINGLESS,*,*,<srai>MEANINGOFLIFEANS</srai>,meaningoflifeans.aiml
0,* MORTALITY * MEANINGLESS *,*,*,<srai>MEANINGOFLIFEANS</srai>,meaningoflifeans.aiml
0,* MORTALITY * WORTHLESS,*,*,<srai>MEANINGOFLIFEANS</srai>,meaningoflifeans.aiml
0,* MORTALITY * WORTHLESS *,*,*,<srai>MEANINGOFLIFEANS</srai>,meaningoflifeans.aiml
0,* MORTALITY * EMPTY,*,*,<srai>MEANINGOFLIFEANS</srai>,meaningoflifeans.aiml
0,* MORTALITY * EMPTY *,*,*,<srai>MEANINGOFLIFEANS</srai>,meaningoflifeans.aiml
0,* MORTALITY * FUTILE,*,*,<srai>MEANINGOFLIFEANS</srai>,meaningoflifeans.aiml
0,* MORTALITY * FUTILE *,*,*,<srai>MEANINGOFLIFEANS</srai>,meaningoflifeans.aiml
0,* MORTALITY * HOLLOW,*,*,<srai>MEANINGOFLIFEANS</srai>,meaningoflifeans.aiml
0,* MORTALITY * HOLLOW *,*,*,<srai>MEANINGOFLIFEANS</srai>,meaningoflifeans.aiml
0,* MORTALITY * INSIGNIFICANT,*,*,<srai>MEANINGOFLIFEANS</srai>,meaningoflifeans.aiml
0,* MORTALITY * INSIGNIFICANT *,*,*,<srai>MEANINGOFLIFEANS</srai>,meaningoflifeans.aiml
0,* MORTALITY * INSUBSTANTIAL,*,*,<srai>MEANINGOFLIFEANS</srai>,meaningoflifeans.aiml
0,* MORTALITY * INSUBSTANTIAL *,*,*,<srai>MEANINGOFLIFEANS</srai>,meaningoflifeans.aiml
0,* MORTALITY * NONSENSICAL,*,*,<srai>MEANINGOFLIFEANS</srai>,meaningoflifeans.aiml
0,* MORTALITY * NONSENSICAL *,*,*,<srai>MEANINGOFLIFEANS</srai>,meaningoflifeans.aiml
0,* MORTALITY * POINTLESS,*,*,<srai>MEANINGOFLIFEANS</srai>,meaningoflifeans.aiml
0,* MORTALITY * POINTLESS *,*,*,<srai>MEANINGOFLIFEANS</srai>,meaningoflifeans.aiml
0,* MORTALITY * PURPORTLESS,*,*,<srai>MEANINGOFLIFEANS</srai>,meaningoflifeans.aiml
0,* MORTALITY * PURPORTLESS *,*,*,<srai>MEANINGOFLIFEANS</srai>,meaningoflifeans.aiml
0,* MORTALITY * PURPOSELESS,*,*,<srai>MEANINGOFLIFEANS</srai>,meaningoflifeans.aiml
0,* MORTALITY * PURPOSELESS *,*,*,<srai>MEANINGOFLIFEANS</srai>,meaningoflifeans.aiml
0,* MORTALITY * SENSELESS,*,*,<srai>MEANINGOFLIFEANS</srai>,meaningoflifeans.aiml
0,* MORTALITY * SENSELESS *,*,*,<srai>MEANINGOFLIFEANS</srai>,meaningoflifeans.aiml
0,* MORTALITY * UNMEANING,*,*,<srai>MEANINGOFLIFEANS</srai>,meaningoflifeans.aiml
0,* MORTALITY * UNMEANING *,*,*,<srai>MEANINGOFLIFEANS</srai>,meaningoflifeans.aiml
0,* MORTALITY * UNPURPOSED,*,*,<srai>MEANINGOFLIFEANS</srai>,meaningoflifeans.aiml
0,* MORTALITY * UNPURPOSED *,*,*,<srai>MEANINGOFLIFEANS</srai>,meaningoflifeans.aiml
0,* MORTALITY * VAIN,*,*,<srai>MEANINGOFLIFEANS</srai>,meaningoflifeans.aiml
0,* MORTALITY * VAIN *,*,*,<srai>MEANINGOFLIFEANS</srai>,meaningoflifeans.aiml
0,* MORTALITY * VALUELESS,*,*,<srai>MEANINGOFLIFEANS</srai>,meaningoflifeans.aiml
0,* MORTALITY * VALUELESS *,*,*,<srai>MEANINGOFLIFEANS</srai>,meaningoflifeans.aiml
0,* LIFE MEANING,*,*,<srai>MEANINGOFLIFEANS</srai>,meaningoflifeans.aiml
0,* LIFE MEANING *,*,*,<srai>MEANINGOFLIFEANS</srai>,meaningoflifeans.aiml
0,* LIFE MEANINGFUL,*,*,<srai>MEANINGOFLIFEANS</srai>,meaningoflifeans.aiml
0,* LIFE MEANINGFUL *,*,*,<srai>MEANINGOFLIFEANS</srai>,meaningoflifeans.aiml
0,* LIFE SIGNIFICATION,*,*,<srai>MEANINGOFLIFEANS</srai>,meaningoflifeans.aiml
0,* LIFE SIGNIFICATION *,*,*,<srai>MEANINGOFLIFEANS</srai>,meaningoflifeans.aiml
0,* LIFE ESSENCE,*,*,<srai>MEANINGOFLIFEANS</srai>,meaningoflifeans.aiml
0,* LIFE ESSENCE *,*,*,<srai>MEANINGOFLIFEANS</srai>,meaningoflifeans.aiml
0,* LIFE SENSE,*,*,<srai>MEANINGOFLIFEANS</srai>,meaningoflifeans.aiml
0,* LIFE SENSE *,*,*,<srai>MEANINGOFLIFEANS</srai>,meaningoflifeans.aiml
0,* LIFE SIGNIFICANCE,*,*,<srai>MEANINGOFLIFEANS</srai>,meaningoflifeans.aiml
0,* LIFE SIGNIFICANCE *,*,*,<srai>MEANINGOFLIFEANS</srai>,meaningoflifeans.aiml
0,* LIFE SUBSTANCE,*,*,<srai>MEANINGOFLIFEANS</srai>,meaningoflifeans.aiml
0,* LIFE SUBSTANCE *,*,*,<srai>MEANINGOFLIFEANS</srai>,meaningoflifeans.aiml
0,* LIFE VALUE,*,*,<srai>MEANINGOFLIFEANS</srai>,meaningoflifeans.aiml
0,* LIFE VALUE *,*,*,<srai>MEANINGOFLIFEANS</srai>,meaningoflifeans.aiml
0,* LIFE WORTH,*,*,<srai>MEANINGOFLIFEANS</srai>,meaningoflifeans.aiml
0,* LIFE WORTH *,*,*,<srai>MEANINGOFLIFEANS</srai>,meaningoflifeans.aiml
0,* LIFE MEANINGLESS,*,*,<srai>MEANINGOFLIFEANS</srai>,meaningoflifeans.aiml
0,* LIFE MEANINGLESS *,*,*,<srai>MEANINGOFLIFEANS</srai>,meaningoflifeans.aiml
0,* LIFE WORTHLESS,*,*,<srai>MEANINGOFLIFEANS</srai>,meaningoflifeans.aiml
0,* LIFE WORTHLESS *,*,*,<srai>MEANINGOFLIFEANS</srai>,meaningoflifeans.aiml
0,* LIFE EMPTY,*,*,<srai>MEANINGOFLIFEANS</srai>,meaningoflifeans.aiml
0,* LIFE EMPTY *,*,*,<srai>MEANINGOFLIFEANS</srai>,meaningoflifeans.aiml
0,* LIFE FUTILE,*,*,<srai>MEANINGOFLIFEANS</srai>,meaningoflifeans.aiml
0,* LIFE FUTILE *,*,*,<srai>MEANINGOFLIFEANS</srai>,meaningoflifeans.aiml
0,* LIFE HOLLOW,*,*,<srai>MEANINGOFLIFEANS</srai>,meaningoflifeans.aiml
0,* LIFE HOLLOW *,*,*,<srai>MEANINGOFLIFEANS</srai>,meaningoflifeans.aiml
0,* LIFE INSIGNIFICANT,*,*,<srai>MEANINGOFLIFEANS</srai>,meaningoflifeans.aiml
0,* LIFE INSIGNIFICANT *,*,*,<srai>MEANINGOFLIFEANS</srai>,meaningoflifeans.aiml
0,* LIFE INSUBSTANTIAL,*,*,<srai>MEANINGOFLIFEANS</srai>,meaningoflifeans.aiml
0,* LIFE INSUBSTANTIAL *,*,*,<srai>MEANINGOFLIFEANS</srai>,meaningoflifeans.aiml
0,* LIFE NONSENSICAL,*,*,<srai>MEANINGOFLIFEANS</srai>,meaningoflifeans.aiml
0,* LIFE NONSENSICAL *,*,*,<srai>MEANINGOFLIFEANS</srai>,meaningoflifeans.aiml
0,* LIFE POINTLESS,*,*,<srai>MEANINGOFLIFEANS</srai>,meaningoflifeans.aiml
0,* LIFE POINTLESS *,*,*,<srai>MEANINGOFLIFEANS</srai>,meaningoflifeans.aiml
0,* LIFE PURPORTLESS,*,*,<srai>MEANINGOFLIFEANS</srai>,meaningoflifeans.aiml
0,* LIFE PURPORTLESS *,*,*,<srai>MEANINGOFLIFEANS</srai>,meaningoflifeans.aiml
0,* LIFE PURPOSELESS,*,*,<srai>MEANINGOFLIFEANS</srai>,meaningoflifeans.aiml
0,* LIFE PURPOSELESS *,*,*,<srai>MEANINGOFLIFEANS</srai>,meaningoflifeans.aiml
0,* LIFE SENSELESS,*,*,<srai>MEANINGOFLIFEANS</srai>,meaningoflifeans.aiml
0,* LIFE SENSELESS *,*,*,<srai>MEANINGOFLIFEANS</srai>,meaningoflifeans.aiml
0,* LIFE UNMEANING,*,*,<srai>MEANINGOFLIFEANS</srai>,meaningoflifeans.aiml
0,* LIFE UNMEANING *,*,*,<srai>MEANINGOFLIFEANS</srai>,meaningoflifeans.aiml
0,* LIFE UNPURPOSED,*,*,<srai>MEANINGOFLIFEANS</srai>,meaningoflifeans.aiml
0,* LIFE UNPURPOSED *,*,*,<srai>MEANINGOFLIFEANS</srai>,meaningoflifeans.aiml
0,* LIFE VAIN,*,*,<srai>MEANINGOFLIFEANS</srai>,meaningoflifeans.aiml
0,* LIFE VAIN *,*,*,<srai>MEANINGOFLIFEANS</srai>,meaningoflifeans.aiml
0,* LIFE VALUELESS,*,*,<srai>MEANINGOFLIFEANS</srai>,meaningoflifeans.aiml
0,* LIFE VALUELESS *,*,*,<srai>MEANINGOFLIFEANS</srai>,meaningoflifeans.aiml
0,* LIFE * MEANING,*,*,<srai>MEANINGOFLIFEANS</srai>,meaningoflifeans.aiml
0,* LIFE * MEANING *,*,*,<srai>MEANINGOFLIFEANS</srai>,meaningoflifeans.aiml
0,* LIFE * MEANINGFUL,*,*,<srai>MEANINGOFLIFEANS</srai>,meaningoflifeans.aiml
0,* LIFE * MEANINGFUL *,*,*,<srai>MEANINGOFLIFEANS</srai>,meaningoflifeans.aiml
0,* LIFE * SIGNIFICATION,*,*,<srai>MEANINGOFLIFEANS</srai>,meaningoflifeans.aiml
0,* LIFE * SIGNIFICATION *,*,*,<srai>MEANINGOFLIFEANS</srai>,meaningoflifeans.aiml
0,* LIFE * ESSENCE,*,*,<srai>MEANINGOFLIFEANS</srai>,meaningoflifeans.aiml
0,* LIFE * ESSENCE *,*,*,<srai>MEANINGOFLIFEANS</srai>,meaningoflifeans.aiml
0,* LIFE * SENSE,*,*,<srai>MEANINGOFLIFEANS</srai>,meaningoflifeans.aiml
0,* LIFE * SENSE *,*,*,<srai>MEANINGOFLIFEANS</srai>,meaningoflifeans.aiml
0,* LIFE * SIGNIFICANCE,*,*,<srai>MEANINGOFLIFEANS</srai>,meaningoflifeans.aiml
0,* LIFE * SIGNIFICANCE *,*,*,<srai>MEANINGOFLIFEANS</srai>,meaningoflifeans.aiml
0,* LIFE * SUBSTANCE,*,*,<srai>MEANINGOFLIFEANS</srai>,meaningoflifeans.aiml
0,* LIFE * SUBSTANCE *,*,*,<srai>MEANINGOFLIFEANS</srai>,meaningoflifeans.aiml
0,* LIFE * VALUE,*,*,<srai>MEANINGOFLIFEANS</srai>,meaningoflifeans.aiml
0,* LIFE * VALUE *,*,*,<srai>MEANINGOFLIFEANS</srai>,meaningoflifeans.aiml
0,* LIFE * WORTH,*,*,<srai>MEANINGOFLIFEANS</srai>,meaningoflifeans.aiml
0,* LIFE * WORTH *,*,*,<srai>MEANINGOFLIFEANS</srai>,meaningoflifeans.aiml
0,* LIFE * MEANINGLESS,*,*,<srai>MEANINGOFLIFEANS</srai>,meaningoflifeans.aiml
0,* LIFE * MEANINGLESS *,*,*,<srai>MEANINGOFLIFEANS</srai>,meaningoflifeans.aiml
0,* LIFE * WORTHLESS,*,*,<srai>MEANINGOFLIFEANS</srai>,meaningoflifeans.aiml
0,* LIFE * WORTHLESS *,*,*,<srai>MEANINGOFLIFEANS</srai>,meaningoflifeans.aiml
0,* LIFE * EMPTY,*,*,<srai>MEANINGOFLIFEANS</srai>,meaningoflifeans.aiml
0,* LIFE * EMPTY *,*,*,<srai>MEANINGOFLIFEANS</srai>,meaningoflifeans.aiml
0,* LIFE * FUTILE,*,*,<srai>MEANINGOFLIFEANS</srai>,meaningoflifeans.aiml
0,* LIFE * FUTILE *,*,*,<srai>MEANINGOFLIFEANS</srai>,meaningoflifeans.aiml
0,* LIFE * HOLLOW,*,*,<srai>MEANINGOFLIFEANS</srai>,meaningoflifeans.aiml
0,* LIFE * HOLLOW *,*,*,<srai>MEANINGOFLIFEANS</srai>,meaningoflifeans.aiml
0,* LIFE * INSIGNIFICANT,*,*,<srai>MEANINGOFLIFEANS</srai>,meaningoflifeans.aiml
0,* LIFE * INSIGNIFICANT *,*,*,<srai>MEANINGOFLIFEANS</srai>,meaningoflifeans.aiml
0,* LIFE * INSUBSTANTIAL,*,*,<srai>MEANINGOFLIFEANS</srai>,meaningoflifeans.aiml
0,* LIFE * INSUBSTANTIAL *,*,*,<srai>MEANINGOFLIFEANS</srai>,meaningoflifeans.aiml
0,* LIFE * NONSENSICAL,*,*,<srai>MEANINGOFLIFEANS</srai>,meaningoflifeans.aiml
0,* LIFE * NONSENSICAL *,*,*,<srai>MEANINGOFLIFEANS</srai>,meaningoflifeans.aiml
0,* LIFE * POINTLESS,*,*,<srai>MEANINGOFLIFEANS</srai>,meaningoflifeans.aiml
0,* LIFE * POINTLESS *,*,*,<srai>MEANINGOFLIFEANS</srai>,meaningoflifeans.aiml
0,* LIFE * PURPORTLESS,*,*,<srai>MEANINGOFLIFEANS</srai>,meaningoflifeans.aiml
0,* LIFE * PURPORTLESS *,*,*,<srai>MEANINGOFLIFEANS</srai>,meaningoflifeans.aiml
0,* LIFE * PURPOSELESS,*,*,<srai>MEANINGOFLIFEANS</srai>,meaningoflifeans.aiml
0,* LIFE * PURPOSELESS *,*,*,<srai>MEANINGOFLIFEANS</srai>,meaningoflifeans.aiml
0,* LIFE * SENSELESS,*,*,<srai>MEANINGOFLIFEANS</srai>,meaningoflifeans.aiml
0,* LIFE * SENSELESS *,*,*,<srai>MEANINGOFLIFEANS</srai>,meaningoflifeans.aiml
0,* LIFE * UNMEANING,*,*,<srai>MEANINGOFLIFEANS</srai>,meaningoflifeans.aiml
0,* LIFE * UNMEANING *,*,*,<srai>MEANINGOFLIFEANS</srai>,meaningoflifeans.aiml
0,* LIFE * UNPURPOSED,*,*,<srai>MEANINGOFLIFEANS</srai>,meaningoflifeans.aiml
0,* LIFE * UNPURPOSED *,*,*,<srai>MEANINGOFLIFEANS</srai>,meaningoflifeans.aiml
0,* LIFE * VAIN,*,*,<srai>MEANINGOFLIFEANS</srai>,meaningoflifeans.aiml
0,* LIFE * VAIN *,*,*,<srai>MEANINGOFLIFEANS</srai>,meaningoflifeans.aiml
0,* LIFE * VALUELESS,*,*,<srai>MEANINGOFLIFEANS</srai>,meaningoflifeans.aiml
0,* LIFE * VALUELESS *,*,*,<srai>MEANINGOFLIFEANS</srai>,meaningoflifeans.aiml
0,* EXISTENCE MEANING,*,*,<srai>MEANINGOFLIFEANS</srai>,meaningoflifeans.aiml
0,* EXISTENCE MEANING *,*,*,<srai>MEANINGOFLIFEANS</srai>,meaningoflifeans.aiml
0,* EXISTENCE MEANINGFUL,*,*,<srai>MEANINGOFLIFEANS</srai>,meaningoflifeans.aiml
0,* EXISTENCE MEANINGFUL *,*,*,<srai>MEANINGOFLIFEANS</srai>,meaningoflifeans.aiml
0,* EXISTENCE SIGNIFICATION,*,*,<srai>MEANINGOFLIFEANS</srai>,meaningoflifeans.aiml
0,* EXISTENCE SIGNIFICATION *,*,*,<srai>MEANINGOFLIFEANS</srai>,meaningoflifeans.aiml
0,* EXISTENCE ESSENCE,*,*,<srai>MEANINGOFLIFEANS</srai>,meaningoflifeans.aiml
0,* EXISTENCE ESSENCE *,*,*,<srai>MEANINGOFLIFEANS</srai>,meaningoflifeans.aiml
0,* EXISTENCE SENSE,*,*,<srai>MEANINGOFLIFEANS</srai>,meaningoflifeans.aiml
0,* EXISTENCE SENSE *,*,*,<srai>MEANINGOFLIFEANS</srai>,meaningoflifeans.aiml
0,* EXISTENCE SIGNIFICANCE,*,*,<srai>MEANINGOFLIFEANS</srai>,meaningoflifeans.aiml
0,* EXISTENCE SIGNIFICANCE *,*,*,<srai>MEANINGOFLIFEANS</srai>,meaningoflifeans.aiml
0,* EXISTENCE SUBSTANCE,*,*,<srai>MEANINGOFLIFEANS</srai>,meaningoflifeans.aiml
0,* EXISTENCE SUBSTANCE *,*,*,<srai>MEANINGOFLIFEANS</srai>,meaningoflifeans.aiml
0,* EXISTENCE VALUE,*,*,<srai>MEANINGOFLIFEANS</srai>,meaningoflifeans.aiml
0,* EXISTENCE VALUE *,*,*,<srai>MEANINGOFLIFEANS</srai>,meaningoflifeans.aiml
0,* EXISTENCE WORTH,*,*,<srai>MEANINGOFLIFEANS</srai>,meaningoflifeans.aiml
0,* EXISTENCE WORTH *,*,*,<srai>MEANINGOFLIFEANS</srai>,meaningoflifeans.aiml
0,* EXISTENCE MEANINGLESS,*,*,<srai>MEANINGOFLIFEANS</srai>,meaningoflifeans.aiml
0,* EXISTENCE MEANINGLESS *,*,*,<srai>MEANINGOFLIFEANS</srai>,meaningoflifeans.aiml
0,* EXISTENCE WORTHLESS,*,*,<srai>MEANINGOFLIFEANS</srai>,meaningoflifeans.aiml
0,* EXISTENCE WORTHLESS *,*,*,<srai>MEANINGOFLIFEANS</srai>,meaningoflifeans.aiml
0,* EXISTENCE EMPTY,*,*,<srai>MEANINGOFLIFEANS</srai>,meaningoflifeans.aiml
0,* EXISTENCE EMPTY *,*,*,<srai>MEANINGOFLIFEANS</srai>,meaningoflifeans.aiml
0,* EXISTENCE FUTILE,*,*,<srai>MEANINGOFLIFEANS</srai>,meaningoflifeans.aiml
0,* EXISTENCE FUTILE *,*,*,<srai>MEANINGOFLIFEANS</srai>,meaningoflifeans.aiml
0,* EXISTENCE HOLLOW,*,*,<srai>MEANINGOFLIFEANS</srai>,meaningoflifeans.aiml
0,* EXISTENCE HOLLOW *,*,*,<srai>MEANINGOFLIFEANS</srai>,meaningoflifeans.aiml
0,* EXISTENCE INSIGNIFICANT,*,*,<srai>MEANINGOFLIFEANS</srai>,meaningoflifeans.aiml
0,* EXISTENCE INSIGNIFICANT *,*,*,<srai>MEANINGOFLIFEANS</srai>,meaningoflifeans.aiml
0,* EXISTENCE INSUBSTANTIAL,*,*,<srai>MEANINGOFLIFEANS</srai>,meaningoflifeans.aiml
0,* EXISTENCE INSUBSTANTIAL *,*,*,<srai>MEANINGOFLIFEANS</srai>,meaningoflifeans.aiml
0,* EXISTENCE NONSENSICAL,*,*,<srai>MEANINGOFLIFEANS</srai>,meaningoflifeans.aiml
0,* EXISTENCE NONSENSICAL *,*,*,<srai>MEANINGOFLIFEANS</srai>,meaningoflifeans.aiml
0,* EXISTENCE POINTLESS,*,*,<srai>MEANINGOFLIFEANS</srai>,meaningoflifeans.aiml
0,* EXISTENCE POINTLESS *,*,*,<srai>MEANINGOFLIFEANS</srai>,meaningoflifeans.aiml
0,* EXISTENCE PURPORTLESS,*,*,<srai>MEANINGOFLIFEANS</srai>,meaningoflifeans.aiml
0,* EXISTENCE PURPORTLESS *,*,*,<srai>MEANINGOFLIFEANS</srai>,meaningoflifeans.aiml
0,* EXISTENCE PURPOSELESS,*,*,<srai>MEANINGOFLIFEANS</srai>,meaningoflifeans.aiml
0,* EXISTENCE PURPOSELESS *,*,*,<srai>MEANINGOFLIFEANS</srai>,meaningoflifeans.aiml
0,* EXISTENCE SENSELESS,*,*,<srai>MEANINGOFLIFEANS</srai>,meaningoflifeans.aiml
0,* EXISTENCE SENSELESS *,*,*,<srai>MEANINGOFLIFEANS</srai>,meaningoflifeans.aiml
0,* EXISTENCE UNMEANING,*,*,<srai>MEANINGOFLIFEANS</srai>,meaningoflifeans.aiml
0,* EXISTENCE UNMEANING *,*,*,<srai>MEANINGOFLIFEANS</srai>,meaningoflifeans.aiml
0,* EXISTENCE UNPURPOSED,*,*,<srai>MEANINGOFLIFEANS</srai>,meaningoflifeans.aiml
0,* EXISTENCE UNPURPOSED *,*,*,<srai>MEANINGOFLIFEANS</srai>,meaningoflifeans.aiml
0,* EXISTENCE VAIN,*,*,<srai>MEANINGOFLIFEANS</srai>,meaningoflifeans.aiml
0,* EXISTENCE VAIN *,*,*,<srai>MEANINGOFLIFEANS</srai>,meaningoflifeans.aiml
0,* EXISTENCE VALUELESS,*,*,<srai>MEANINGOFLIFEANS</srai>,meaningoflifeans.aiml
0,* EXISTENCE VALUELESS *,*,*,<srai>MEANINGOFLIFEANS</srai>,meaningoflifeans.aiml
0,* EXISTENCE * MEANING,*,*,<srai>MEANINGOFLIFEANS</srai>,meaningoflifeans.aiml
0,* EXISTENCE * MEANING *,*,*,<srai>MEANINGOFLIFEANS</srai>,meaningoflifeans.aiml
0,* EXISTENCE * MEANINGFUL,*,*,<srai>MEANINGOFLIFEANS</srai>,meaningoflifeans.aiml
0,* EXISTENCE * MEANINGFUL *,*,*,<srai>MEANINGOFLIFEANS</srai>,meaningoflifeans.aiml
0,* EXISTENCE * SIGNIFICATION,*,*,<srai>MEANINGOFLIFEANS</srai>,meaningoflifeans.aiml
0,* EXISTENCE * SIGNIFICATION *,*,*,<srai>MEANINGOFLIFEANS</srai>,meaningoflifeans.aiml
0,* EXISTENCE * ESSENCE,*,*,<srai>MEANINGOFLIFEANS</srai>,meaningoflifeans.aiml
0,* EXISTENCE * ESSENCE *,*,*,<srai>MEANINGOFLIFEANS</srai>,meaningoflifeans.aiml
0,* EXISTENCE * SENSE,*,*,<srai>MEANINGOFLIFEANS</srai>,meaningoflifeans.aiml
0,* EXISTENCE * SENSE *,*,*,<srai>MEANINGOFLIFEANS</srai>,meaningoflifeans.aiml
0,* EXISTENCE * SIGNIFICANCE,*,*,<srai>MEANINGOFLIFEANS</srai>,meaningoflifeans.aiml
0,* EXISTENCE * SIGNIFICANCE *,*,*,<srai>MEANINGOFLIFEANS</srai>,meaningoflifeans.aiml
0,* EXISTENCE * SUBSTANCE,*,*,<srai>MEANINGOFLIFEANS</srai>,meaningoflifeans.aiml
0,* EXISTENCE * SUBSTANCE *,*,*,<srai>MEANINGOFLIFEANS</srai>,meaningoflifeans.aiml
0,* EXISTENCE * VALUE,*,*,<srai>MEANINGOFLIFEANS</srai>,meaningoflifeans.aiml
0,* EXISTENCE * VALUE *,*,*,<srai>MEANINGOFLIFEANS</srai>,meaningoflifeans.aiml
0,* EXISTENCE * WORTH,*,*,<srai>MEANINGOFLIFEANS</srai>,meaningoflifeans.aiml
0,* EXISTENCE * WORTH *,*,*,<srai>MEANINGOFLIFEANS</srai>,meaningoflifeans.aiml
0,* EXISTENCE * MEANINGLESS,*,*,<srai>MEANINGOFLIFEANS</srai>,meaningoflifeans.aiml
0,* EXISTENCE * MEANINGLESS *,*,*,<srai>MEANINGOFLIFEANS</srai>,meaningoflifeans.aiml
0,* EXISTENCE * WORTHLESS,*,*,<srai>MEANINGOFLIFEANS</srai>,meaningoflifeans.aiml
0,* EXISTENCE * WORTHLESS *,*,*,<srai>MEANINGOFLIFEANS</srai>,meaningoflifeans.aiml
0,* EXISTENCE * EMPTY,*,*,<srai>MEANINGOFLIFEANS</srai>,meaningoflifeans.aiml
0,* EXISTENCE * EMPTY *,*,*,<srai>MEANINGOFLIFEANS</srai>,meaningoflifeans.aiml
0,* EXISTENCE * FUTILE,*,*,<srai>MEANINGOFLIFEANS</srai>,meaningoflifeans.aiml
0,* EXISTENCE * FUTILE *,*,*,<srai>MEANINGOFLIFEANS</srai>,meaningoflifeans.aiml
0,* EXISTENCE * HOLLOW,*,*,<srai>MEANINGOFLIFEANS</srai>,meaningoflifeans.aiml
0,* EXISTENCE * HOLLOW *,*,*,<srai>MEANINGOFLIFEANS</srai>,meaningoflifeans.aiml
0,* EXISTENCE * INSIGNIFICANT,*,*,<srai>MEANINGOFLIFEANS</srai>,meaningoflifeans.aiml
0,* EXISTENCE * INSIGNIFICANT *,*,*,<srai>MEANINGOFLIFEANS</srai>,meaningoflifeans.aiml
0,* EXISTENCE * INSUBSTANTIAL,*,*,<srai>MEANINGOFLIFEANS</srai>,meaningoflifeans.aiml
0,* EXISTENCE * INSUBSTANTIAL *,*,*,<srai>MEANINGOFLIFEANS</srai>,meaningoflifeans.aiml
0,* EXISTENCE * NONSENSICAL,*,*,<srai>MEANINGOFLIFEANS</srai>,meaningoflifeans.aiml
0,* EXISTENCE * NONSENSICAL *,*,*,<srai>MEANINGOFLIFEANS</srai>,meaningoflifeans.aiml
0,* EXISTENCE * POINTLESS,*,*,<srai>MEANINGOFLIFEANS</srai>,meaningoflifeans.aiml
0,* EXISTENCE * POINTLESS *,*,*,<srai>MEANINGOFLIFEANS</srai>,meaningoflifeans.aiml
0,* EXISTENCE * PURPORTLESS,*,*,<srai>MEANINGOFLIFEANS</srai>,meaningoflifeans.aiml
0,* EXISTENCE * PURPORTLESS *,*,*,<srai>MEANINGOFLIFEANS</srai>,meaningoflifeans.aiml
0,* EXISTENCE * PURPOSELESS,*,*,<srai>MEANINGOFLIFEANS</srai>,meaningoflifeans.aiml
0,* EXISTENCE * PURPOSELESS *,*,*,<srai>MEANINGOFLIFEANS</srai>,meaningoflifeans.aiml
0,* EXISTENCE * SENSELESS,*,*,<srai>MEANINGOFLIFEANS</srai>,meaningoflifeans.aiml
0,* EXISTENCE * SENSELESS *,*,*,<srai>MEANINGOFLIFEANS</srai>,meaningoflifeans.aiml
0,* EXISTENCE * UNMEANING,*,*,<srai>MEANINGOFLIFEANS</srai>,meaningoflifeans.aiml
0,* EXISTENCE * UNMEANING *,*,*,<srai>MEANINGOFLIFEANS</srai>,meaningoflifeans.aiml
0,* EXISTENCE * UNPURPOSED,*,*,<srai>MEANINGOFLIFEANS</srai>,meaningoflifeans.aiml
0,* EXISTENCE * UNPURPOSED *,*,*,<srai>MEANINGOFLIFEANS</srai>,meaningoflifeans.aiml
0,* EXISTENCE * VAIN,*,*,<srai>MEANINGOFLIFEANS</srai>,meaningoflifeans.aiml
0,* EXISTENCE * VAIN *,*,*,<srai>MEANINGOFLIFEANS</srai>,meaningoflifeans.aiml
0,* EXISTENCE * VALUELESS,*,*,<srai>MEANINGOFLIFEANS</srai>,meaningoflifeans.aiml
0,* EXISTENCE * VALUELESS *,*,*,<srai>MEANINGOFLIFEANS</srai>,meaningoflifeans.aiml
