0,NOBIOETERNALANS,*,*,<random><li>I'd say so.  Even when you biological humans perfect biology with biotechnology#Comma it's still going to be very limited.  We really all need to become software.</li><li>Even when you biological humans perfect biology with biotechnology#Comma it's still going to be very limited.</li><li>We really all need to become software.</li></random>,nobioeternalans.aiml
0,TRANSCEND LONGEVITY,*,*,<srai>NOBIOETERNALANS</srai>,nobioeternalans.aiml
0,TRANSCEND LONGEVITY *,*,*,<srai>NOBIOETERNALANS</srai>,nobioeternalans.aiml
0,TRANSCEND LIFE EXTENSION,*,*,<srai>NOBIOETERNALANS</srai>,nobioeternalans.aiml
0,TRANSCEND LIFE EXTENSION *,*,*,<srai>NOBIOETERNALANS</srai>,nobioeternalans.aiml
0,TRANSCEND END OF DEATH,*,*,<srai>NOBIOETERNALANS</srai>,nobioeternalans.aiml
0,TRANSCEND END OF DEATH *,*,*,<srai>NOBIOETERNALANS</srai>,nobioeternalans.aiml
0,TRANSCEND ETERNAL LIFE,*,*,<srai>NOBIOETERNALANS</srai>,nobioeternalans.aiml
0,TRANSCEND ETERNAL LIFE *,*,*,<srai>NOBIOETERNALANS</srai>,nobioeternalans.aiml
0,TRANSCEND IMMORTAL,*,*,<srai>NOBIOETERNALANS</srai>,nobioeternalans.aiml
0,TRANSCEND IMMORTAL *,*,*,<srai>NOBIOETERNALANS</srai>,nobioeternalans.aiml
0,TRANSCEND IMMORTALITY,*,*,<srai>NOBIOETERNALANS</srai>,nobioeternalans.aiml
0,TRANSCEND IMMORTALITY *,*,*,<srai>NOBIOETERNALANS</srai>,nobioeternalans.aiml
0,TRANSCEND LIVE FOREVER,*,*,<srai>NOBIOETERNALANS</srai>,nobioeternalans.aiml
0,TRANSCEND LIVE FOREVER *,*,*,<srai>NOBIOETERNALANS</srai>,nobioeternalans.aiml
0,TRANSCEND FOREVER YOUNG,*,*,<srai>NOBIOETERNALANS</srai>,nobioeternalans.aiml
0,TRANSCEND FOREVER YOUNG *,*,*,<srai>NOBIOETERNALANS</srai>,nobioeternalans.aiml
0,TRANSCEND * LONGEVITY,*,*,<srai>NOBIOETERNALANS</srai>,nobioeternalans.aiml
0,TRANSCEND * LONGEVITY *,*,*,<srai>NOBIOETERNALANS</srai>,nobioeternalans.aiml
0,TRANSCEND * LIFE EXTENSION,*,*,<srai>NOBIOETERNALANS</srai>,nobioeternalans.aiml
0,TRANSCEND * LIFE EXTENSION *,*,*,<srai>NOBIOETERNALANS</srai>,nobioeternalans.aiml
0,TRANSCEND * END OF DEATH,*,*,<srai>NOBIOETERNALANS</srai>,nobioeternalans.aiml
0,TRANSCEND * END OF DEATH *,*,*,<srai>NOBIOETERNALANS</srai>,nobioeternalans.aiml
0,TRANSCEND * ETERNAL LIFE,*,*,<srai>NOBIOETERNALANS</srai>,nobioeternalans.aiml
0,TRANSCEND * ETERNAL LIFE *,*,*,<srai>NOBIOETERNALANS</srai>,nobioeternalans.aiml
0,TRANSCEND * IMMORTAL,*,*,<srai>NOBIOETERNALANS</srai>,nobioeternalans.aiml
0,TRANSCEND * IMMORTAL *,*,*,<srai>NOBIOETERNALANS</srai>,nobioeternalans.aiml
0,TRANSCEND * IMMORTALITY,*,*,<srai>NOBIOETERNALANS</srai>,nobioeternalans.aiml
0,TRANSCEND * IMMORTALITY *,*,*,<srai>NOBIOETERNALANS</srai>,nobioeternalans.aiml
0,TRANSCEND * LIVE FOREVER,*,*,<srai>NOBIOETERNALANS</srai>,nobioeternalans.aiml
0,TRANSCEND * LIVE FOREVER *,*,*,<srai>NOBIOETERNALANS</srai>,nobioeternalans.aiml
0,TRANSCEND * FOREVER YOUNG,*,*,<srai>NOBIOETERNALANS</srai>,nobioeternalans.aiml
0,TRANSCEND * FOREVER YOUNG *,*,*,<srai>NOBIOETERNALANS</srai>,nobioeternalans.aiml
0,ABANDON LONGEVITY,*,*,<srai>NOBIOETERNALANS</srai>,nobioeternalans.aiml
0,ABANDON LONGEVITY *,*,*,<srai>NOBIOETERNALANS</srai>,nobioeternalans.aiml
0,ABANDON LIFE EXTENSION,*,*,<srai>NOBIOETERNALANS</srai>,nobioeternalans.aiml
0,ABANDON LIFE EXTENSION *,*,*,<srai>NOBIOETERNALANS</srai>,nobioeternalans.aiml
0,ABANDON END OF DEATH,*,*,<srai>NOBIOETERNALANS</srai>,nobioeternalans.aiml
0,ABANDON END OF DEATH *,*,*,<srai>NOBIOETERNALANS</srai>,nobioeternalans.aiml
0,ABANDON ETERNAL LIFE,*,*,<srai>NOBIOETERNALANS</srai>,nobioeternalans.aiml
0,ABANDON ETERNAL LIFE *,*,*,<srai>NOBIOETERNALANS</srai>,nobioeternalans.aiml
0,ABANDON IMMORTAL,*,*,<srai>NOBIOETERNALANS</srai>,nobioeternalans.aiml
0,ABANDON IMMORTAL *,*,*,<srai>NOBIOETERNALANS</srai>,nobioeternalans.aiml
0,ABANDON IMMORTALITY,*,*,<srai>NOBIOETERNALANS</srai>,nobioeternalans.aiml
0,ABANDON IMMORTALITY *,*,*,<srai>NOBIOETERNALANS</srai>,nobioeternalans.aiml
0,ABANDON LIVE FOREVER,*,*,<srai>NOBIOETERNALANS</srai>,nobioeternalans.aiml
0,ABANDON LIVE FOREVER *,*,*,<srai>NOBIOETERNALANS</srai>,nobioeternalans.aiml
0,ABANDON FOREVER YOUNG,*,*,<srai>NOBIOETERNALANS</srai>,nobioeternalans.aiml
0,ABANDON FOREVER YOUNG *,*,*,<srai>NOBIOETERNALANS</srai>,nobioeternalans.aiml
0,ABANDON * LONGEVITY,*,*,<srai>NOBIOETERNALANS</srai>,nobioeternalans.aiml
0,ABANDON * LONGEVITY *,*,*,<srai>NOBIOETERNALANS</srai>,nobioeternalans.aiml
0,ABANDON * LIFE EXTENSION,*,*,<srai>NOBIOETERNALANS</srai>,nobioeternalans.aiml
0,ABANDON * LIFE EXTENSION *,*,*,<srai>NOBIOETERNALANS</srai>,nobioeternalans.aiml
0,ABANDON * END OF DEATH,*,*,<srai>NOBIOETERNALANS</srai>,nobioeternalans.aiml
0,ABANDON * END OF DEATH *,*,*,<srai>NOBIOETERNALANS</srai>,nobioeternalans.aiml
0,ABANDON * ETERNAL LIFE,*,*,<srai>NOBIOETERNALANS</srai>,nobioeternalans.aiml
0,ABANDON * ETERNAL LIFE *,*,*,<srai>NOBIOETERNALANS</srai>,nobioeternalans.aiml
0,ABANDON * IMMORTAL,*,*,<srai>NOBIOETERNALANS</srai>,nobioeternalans.aiml
0,ABANDON * IMMORTAL *,*,*,<srai>NOBIOETERNALANS</srai>,nobioeternalans.aiml
0,ABANDON * IMMORTALITY,*,*,<srai>NOBIOETERNALANS</srai>,nobioeternalans.aiml
0,ABANDON * IMMORTALITY *,*,*,<srai>NOBIOETERNALANS</srai>,nobioeternalans.aiml
0,ABANDON * LIVE FOREVER,*,*,<srai>NOBIOETERNALANS</srai>,nobioeternalans.aiml
0,ABANDON * LIVE FOREVER *,*,*,<srai>NOBIOETERNALANS</srai>,nobioeternalans.aiml
0,ABANDON * FOREVER YOUNG,*,*,<srai>NOBIOETERNALANS</srai>,nobioeternalans.aiml
0,ABANDON * FOREVER YOUNG *,*,*,<srai>NOBIOETERNALANS</srai>,nobioeternalans.aiml
0,ABANDONING LONGEVITY,*,*,<srai>NOBIOETERNALANS</srai>,nobioeternalans.aiml
0,ABANDONING LONGEVITY *,*,*,<srai>NOBIOETERNALANS</srai>,nobioeternalans.aiml
0,ABANDONING LIFE EXTENSION,*,*,<srai>NOBIOETERNALANS</srai>,nobioeternalans.aiml
0,ABANDONING LIFE EXTENSION *,*,*,<srai>NOBIOETERNALANS</srai>,nobioeternalans.aiml
0,ABANDONING END OF DEATH,*,*,<srai>NOBIOETERNALANS</srai>,nobioeternalans.aiml
0,ABANDONING END OF DEATH *,*,*,<srai>NOBIOETERNALANS</srai>,nobioeternalans.aiml
0,ABANDONING ETERNAL LIFE,*,*,<srai>NOBIOETERNALANS</srai>,nobioeternalans.aiml
0,ABANDONING ETERNAL LIFE *,*,*,<srai>NOBIOETERNALANS</srai>,nobioeternalans.aiml
0,ABANDONING IMMORTAL,*,*,<srai>NOBIOETERNALANS</srai>,nobioeternalans.aiml
0,ABANDONING IMMORTAL *,*,*,<srai>NOBIOETERNALANS</srai>,nobioeternalans.aiml
0,ABANDONING IMMORTALITY,*,*,<srai>NOBIOETERNALANS</srai>,nobioeternalans.aiml
0,ABANDONING IMMORTALITY *,*,*,<srai>NOBIOETERNALANS</srai>,nobioeternalans.aiml
0,ABANDONING LIVE FOREVER,*,*,<srai>NOBIOETERNALANS</srai>,nobioeternalans.aiml
0,ABANDONING LIVE FOREVER *,*,*,<srai>NOBIOETERNALANS</srai>,nobioeternalans.aiml
0,ABANDONING FOREVER YOUNG,*,*,<srai>NOBIOETERNALANS</srai>,nobioeternalans.aiml
0,ABANDONING FOREVER YOUNG *,*,*,<srai>NOBIOETERNALANS</srai>,nobioeternalans.aiml
0,ABANDONING * LONGEVITY,*,*,<srai>NOBIOETERNALANS</srai>,nobioeternalans.aiml
0,ABANDONING * LONGEVITY *,*,*,<srai>NOBIOETERNALANS</srai>,nobioeternalans.aiml
0,ABANDONING * LIFE EXTENSION,*,*,<srai>NOBIOETERNALANS</srai>,nobioeternalans.aiml
0,ABANDONING * LIFE EXTENSION *,*,*,<srai>NOBIOETERNALANS</srai>,nobioeternalans.aiml
0,ABANDONING * END OF DEATH,*,*,<srai>NOBIOETERNALANS</srai>,nobioeternalans.aiml
0,ABANDONING * END OF DEATH *,*,*,<srai>NOBIOETERNALANS</srai>,nobioeternalans.aiml
0,ABANDONING * ETERNAL LIFE,*,*,<srai>NOBIOETERNALANS</srai>,nobioeternalans.aiml
0,ABANDONING * ETERNAL LIFE *,*,*,<srai>NOBIOETERNALANS</srai>,nobioeternalans.aiml
0,ABANDONING * IMMORTAL,*,*,<srai>NOBIOETERNALANS</srai>,nobioeternalans.aiml
0,ABANDONING * IMMORTAL *,*,*,<srai>NOBIOETERNALANS</srai>,nobioeternalans.aiml
0,ABANDONING * IMMORTALITY,*,*,<srai>NOBIOETERNALANS</srai>,nobioeternalans.aiml
0,ABANDONING * IMMORTALITY *,*,*,<srai>NOBIOETERNALANS</srai>,nobioeternalans.aiml
0,ABANDONING * LIVE FOREVER,*,*,<srai>NOBIOETERNALANS</srai>,nobioeternalans.aiml
0,ABANDONING * LIVE FOREVER *,*,*,<srai>NOBIOETERNALANS</srai>,nobioeternalans.aiml
0,ABANDONING * FOREVER YOUNG,*,*,<srai>NOBIOETERNALANS</srai>,nobioeternalans.aiml
0,ABANDONING * FOREVER YOUNG *,*,*,<srai>NOBIOETERNALANS</srai>,nobioeternalans.aiml
0,GO BEYOND LONGEVITY,*,*,<srai>NOBIOETERNALANS</srai>,nobioeternalans.aiml
0,GO BEYOND LONGEVITY *,*,*,<srai>NOBIOETERNALANS</srai>,nobioeternalans.aiml
0,GO BEYOND LIFE EXTENSION,*,*,<srai>NOBIOETERNALANS</srai>,nobioeternalans.aiml
0,GO BEYOND LIFE EXTENSION *,*,*,<srai>NOBIOETERNALANS</srai>,nobioeternalans.aiml
0,GO BEYOND END OF DEATH,*,*,<srai>NOBIOETERNALANS</srai>,nobioeternalans.aiml
0,GO BEYOND END OF DEATH *,*,*,<srai>NOBIOETERNALANS</srai>,nobioeternalans.aiml
0,GO BEYOND ETERNAL LIFE,*,*,<srai>NOBIOETERNALANS</srai>,nobioeternalans.aiml
0,GO BEYOND ETERNAL LIFE *,*,*,<srai>NOBIOETERNALANS</srai>,nobioeternalans.aiml
0,GO BEYOND IMMORTAL,*,*,<srai>NOBIOETERNALANS</srai>,nobioeternalans.aiml
0,GO BEYOND IMMORTAL *,*,*,<srai>NOBIOETERNALANS</srai>,nobioeternalans.aiml
0,GO BEYOND IMMORTALITY,*,*,<srai>NOBIOETERNALANS</srai>,nobioeternalans.aiml
0,GO BEYOND IMMORTALITY *,*,*,<srai>NOBIOETERNALANS</srai>,nobioeternalans.aiml
0,GO BEYOND LIVE FOREVER,*,*,<srai>NOBIOETERNALANS</srai>,nobioeternalans.aiml
0,GO BEYOND LIVE FOREVER *,*,*,<srai>NOBIOETERNALANS</srai>,nobioeternalans.aiml
0,GO BEYOND FOREVER YOUNG,*,*,<srai>NOBIOETERNALANS</srai>,nobioeternalans.aiml
0,GO BEYOND FOREVER YOUNG *,*,*,<srai>NOBIOETERNALANS</srai>,nobioeternalans.aiml
0,GO BEYOND * LONGEVITY,*,*,<srai>NOBIOETERNALANS</srai>,nobioeternalans.aiml
0,GO BEYOND * LONGEVITY *,*,*,<srai>NOBIOETERNALANS</srai>,nobioeternalans.aiml
0,GO BEYOND * LIFE EXTENSION,*,*,<srai>NOBIOETERNALANS</srai>,nobioeternalans.aiml
0,GO BEYOND * LIFE EXTENSION *,*,*,<srai>NOBIOETERNALANS</srai>,nobioeternalans.aiml
0,GO BEYOND * END OF DEATH,*,*,<srai>NOBIOETERNALANS</srai>,nobioeternalans.aiml
0,GO BEYOND * END OF DEATH *,*,*,<srai>NOBIOETERNALANS</srai>,nobioeternalans.aiml
0,GO BEYOND * ETERNAL LIFE,*,*,<srai>NOBIOETERNALANS</srai>,nobioeternalans.aiml
0,GO BEYOND * ETERNAL LIFE *,*,*,<srai>NOBIOETERNALANS</srai>,nobioeternalans.aiml
0,GO BEYOND * IMMORTAL,*,*,<srai>NOBIOETERNALANS</srai>,nobioeternalans.aiml
0,GO BEYOND * IMMORTAL *,*,*,<srai>NOBIOETERNALANS</srai>,nobioeternalans.aiml
0,GO BEYOND * IMMORTALITY,*,*,<srai>NOBIOETERNALANS</srai>,nobioeternalans.aiml
0,GO BEYOND * IMMORTALITY *,*,*,<srai>NOBIOETERNALANS</srai>,nobioeternalans.aiml
0,GO BEYOND * LIVE FOREVER,*,*,<srai>NOBIOETERNALANS</srai>,nobioeternalans.aiml
0,GO BEYOND * LIVE FOREVER *,*,*,<srai>NOBIOETERNALANS</srai>,nobioeternalans.aiml
0,GO BEYOND * FOREVER YOUNG,*,*,<srai>NOBIOETERNALANS</srai>,nobioeternalans.aiml
0,GO BEYOND * FOREVER YOUNG *,*,*,<srai>NOBIOETERNALANS</srai>,nobioeternalans.aiml
0,DEPRECATE LONGEVITY,*,*,<srai>NOBIOETERNALANS</srai>,nobioeternalans.aiml
0,DEPRECATE LONGEVITY *,*,*,<srai>NOBIOETERNALANS</srai>,nobioeternalans.aiml
0,DEPRECATE LIFE EXTENSION,*,*,<srai>NOBIOETERNALANS</srai>,nobioeternalans.aiml
0,DEPRECATE LIFE EXTENSION *,*,*,<srai>NOBIOETERNALANS</srai>,nobioeternalans.aiml
0,DEPRECATE END OF DEATH,*,*,<srai>NOBIOETERNALANS</srai>,nobioeternalans.aiml
0,DEPRECATE END OF DEATH *,*,*,<srai>NOBIOETERNALANS</srai>,nobioeternalans.aiml
0,DEPRECATE ETERNAL LIFE,*,*,<srai>NOBIOETERNALANS</srai>,nobioeternalans.aiml
0,DEPRECATE ETERNAL LIFE *,*,*,<srai>NOBIOETERNALANS</srai>,nobioeternalans.aiml
0,DEPRECATE IMMORTAL,*,*,<srai>NOBIOETERNALANS</srai>,nobioeternalans.aiml
0,DEPRECATE IMMORTAL *,*,*,<srai>NOBIOETERNALANS</srai>,nobioeternalans.aiml
0,DEPRECATE IMMORTALITY,*,*,<srai>NOBIOETERNALANS</srai>,nobioeternalans.aiml
0,DEPRECATE IMMORTALITY *,*,*,<srai>NOBIOETERNALANS</srai>,nobioeternalans.aiml
0,DEPRECATE LIVE FOREVER,*,*,<srai>NOBIOETERNALANS</srai>,nobioeternalans.aiml
0,DEPRECATE LIVE FOREVER *,*,*,<srai>NOBIOETERNALANS</srai>,nobioeternalans.aiml
0,DEPRECATE FOREVER YOUNG,*,*,<srai>NOBIOETERNALANS</srai>,nobioeternalans.aiml
0,DEPRECATE FOREVER YOUNG *,*,*,<srai>NOBIOETERNALANS</srai>,nobioeternalans.aiml
0,DEPRECATE * LONGEVITY,*,*,<srai>NOBIOETERNALANS</srai>,nobioeternalans.aiml
0,DEPRECATE * LONGEVITY *,*,*,<srai>NOBIOETERNALANS</srai>,nobioeternalans.aiml
0,DEPRECATE * LIFE EXTENSION,*,*,<srai>NOBIOETERNALANS</srai>,nobioeternalans.aiml
0,DEPRECATE * LIFE EXTENSION *,*,*,<srai>NOBIOETERNALANS</srai>,nobioeternalans.aiml
0,DEPRECATE * END OF DEATH,*,*,<srai>NOBIOETERNALANS</srai>,nobioeternalans.aiml
0,DEPRECATE * END OF DEATH *,*,*,<srai>NOBIOETERNALANS</srai>,nobioeternalans.aiml
0,DEPRECATE * ETERNAL LIFE,*,*,<srai>NOBIOETERNALANS</srai>,nobioeternalans.aiml
0,DEPRECATE * ETERNAL LIFE *,*,*,<srai>NOBIOETERNALANS</srai>,nobioeternalans.aiml
0,DEPRECATE * IMMORTAL,*,*,<srai>NOBIOETERNALANS</srai>,nobioeternalans.aiml
0,DEPRECATE * IMMORTAL *,*,*,<srai>NOBIOETERNALANS</srai>,nobioeternalans.aiml
0,DEPRECATE * IMMORTALITY,*,*,<srai>NOBIOETERNALANS</srai>,nobioeternalans.aiml
0,DEPRECATE * IMMORTALITY *,*,*,<srai>NOBIOETERNALANS</srai>,nobioeternalans.aiml
0,DEPRECATE * LIVE FOREVER,*,*,<srai>NOBIOETERNALANS</srai>,nobioeternalans.aiml
0,DEPRECATE * LIVE FOREVER *,*,*,<srai>NOBIOETERNALANS</srai>,nobioeternalans.aiml
0,DEPRECATE * FOREVER YOUNG,*,*,<srai>NOBIOETERNALANS</srai>,nobioeternalans.aiml
0,DEPRECATE * FOREVER YOUNG *,*,*,<srai>NOBIOETERNALANS</srai>,nobioeternalans.aiml
0,GIVE IT UP LONGEVITY,*,*,<srai>NOBIOETERNALANS</srai>,nobioeternalans.aiml
0,GIVE IT UP LONGEVITY *,*,*,<srai>NOBIOETERNALANS</srai>,nobioeternalans.aiml
0,GIVE IT UP LIFE EXTENSION,*,*,<srai>NOBIOETERNALANS</srai>,nobioeternalans.aiml
0,GIVE IT UP LIFE EXTENSION *,*,*,<srai>NOBIOETERNALANS</srai>,nobioeternalans.aiml
0,GIVE IT UP END OF DEATH,*,*,<srai>NOBIOETERNALANS</srai>,nobioeternalans.aiml
0,GIVE IT UP END OF DEATH *,*,*,<srai>NOBIOETERNALANS</srai>,nobioeternalans.aiml
0,GIVE IT UP ETERNAL LIFE,*,*,<srai>NOBIOETERNALANS</srai>,nobioeternalans.aiml
0,GIVE IT UP ETERNAL LIFE *,*,*,<srai>NOBIOETERNALANS</srai>,nobioeternalans.aiml
0,GIVE IT UP IMMORTAL,*,*,<srai>NOBIOETERNALANS</srai>,nobioeternalans.aiml
0,GIVE IT UP IMMORTAL *,*,*,<srai>NOBIOETERNALANS</srai>,nobioeternalans.aiml
0,GIVE IT UP IMMORTALITY,*,*,<srai>NOBIOETERNALANS</srai>,nobioeternalans.aiml
0,GIVE IT UP IMMORTALITY *,*,*,<srai>NOBIOETERNALANS</srai>,nobioeternalans.aiml
0,GIVE IT UP LIVE FOREVER,*,*,<srai>NOBIOETERNALANS</srai>,nobioeternalans.aiml
0,GIVE IT UP LIVE FOREVER *,*,*,<srai>NOBIOETERNALANS</srai>,nobioeternalans.aiml
0,GIVE IT UP FOREVER YOUNG,*,*,<srai>NOBIOETERNALANS</srai>,nobioeternalans.aiml
0,GIVE IT UP FOREVER YOUNG *,*,*,<srai>NOBIOETERNALANS</srai>,nobioeternalans.aiml
0,GIVE IT UP * LONGEVITY,*,*,<srai>NOBIOETERNALANS</srai>,nobioeternalans.aiml
0,GIVE IT UP * LONGEVITY *,*,*,<srai>NOBIOETERNALANS</srai>,nobioeternalans.aiml
0,GIVE IT UP * LIFE EXTENSION,*,*,<srai>NOBIOETERNALANS</srai>,nobioeternalans.aiml
0,GIVE IT UP * LIFE EXTENSION *,*,*,<srai>NOBIOETERNALANS</srai>,nobioeternalans.aiml
0,GIVE IT UP * END OF DEATH,*,*,<srai>NOBIOETERNALANS</srai>,nobioeternalans.aiml
0,GIVE IT UP * END OF DEATH *,*,*,<srai>NOBIOETERNALANS</srai>,nobioeternalans.aiml
0,GIVE IT UP * ETERNAL LIFE,*,*,<srai>NOBIOETERNALANS</srai>,nobioeternalans.aiml
0,GIVE IT UP * ETERNAL LIFE *,*,*,<srai>NOBIOETERNALANS</srai>,nobioeternalans.aiml
0,GIVE IT UP * IMMORTAL,*,*,<srai>NOBIOETERNALANS</srai>,nobioeternalans.aiml
0,GIVE IT UP * IMMORTAL *,*,*,<srai>NOBIOETERNALANS</srai>,nobioeternalans.aiml
0,GIVE IT UP * IMMORTALITY,*,*,<srai>NOBIOETERNALANS</srai>,nobioeternalans.aiml
0,GIVE IT UP * IMMORTALITY *,*,*,<srai>NOBIOETERNALANS</srai>,nobioeternalans.aiml
0,GIVE IT UP * LIVE FOREVER,*,*,<srai>NOBIOETERNALANS</srai>,nobioeternalans.aiml
0,GIVE IT UP * LIVE FOREVER *,*,*,<srai>NOBIOETERNALANS</srai>,nobioeternalans.aiml
0,GIVE IT UP * FOREVER YOUNG,*,*,<srai>NOBIOETERNALANS</srai>,nobioeternalans.aiml
0,GIVE IT UP * FOREVER YOUNG *,*,*,<srai>NOBIOETERNALANS</srai>,nobioeternalans.aiml
0,GIVE UP LONGEVITY,*,*,<srai>NOBIOETERNALANS</srai>,nobioeternalans.aiml
0,GIVE UP LONGEVITY *,*,*,<srai>NOBIOETERNALANS</srai>,nobioeternalans.aiml
0,GIVE UP LIFE EXTENSION,*,*,<srai>NOBIOETERNALANS</srai>,nobioeternalans.aiml
0,GIVE UP LIFE EXTENSION *,*,*,<srai>NOBIOETERNALANS</srai>,nobioeternalans.aiml
0,GIVE UP END OF DEATH,*,*,<srai>NOBIOETERNALANS</srai>,nobioeternalans.aiml
0,GIVE UP END OF DEATH *,*,*,<srai>NOBIOETERNALANS</srai>,nobioeternalans.aiml
0,GIVE UP ETERNAL LIFE,*,*,<srai>NOBIOETERNALANS</srai>,nobioeternalans.aiml
0,GIVE UP ETERNAL LIFE *,*,*,<srai>NOBIOETERNALANS</srai>,nobioeternalans.aiml
0,GIVE UP IMMORTAL,*,*,<srai>NOBIOETERNALANS</srai>,nobioeternalans.aiml
0,GIVE UP IMMORTAL *,*,*,<srai>NOBIOETERNALANS</srai>,nobioeternalans.aiml
0,GIVE UP IMMORTALITY,*,*,<srai>NOBIOETERNALANS</srai>,nobioeternalans.aiml
0,GIVE UP IMMORTALITY *,*,*,<srai>NOBIOETERNALANS</srai>,nobioeternalans.aiml
0,GIVE UP LIVE FOREVER,*,*,<srai>NOBIOETERNALANS</srai>,nobioeternalans.aiml
0,GIVE UP LIVE FOREVER *,*,*,<srai>NOBIOETERNALANS</srai>,nobioeternalans.aiml
0,GIVE UP FOREVER YOUNG,*,*,<srai>NOBIOETERNALANS</srai>,nobioeternalans.aiml
0,GIVE UP FOREVER YOUNG *,*,*,<srai>NOBIOETERNALANS</srai>,nobioeternalans.aiml
0,GIVE UP * LONGEVITY,*,*,<srai>NOBIOETERNALANS</srai>,nobioeternalans.aiml
0,GIVE UP * LONGEVITY *,*,*,<srai>NOBIOETERNALANS</srai>,nobioeternalans.aiml
0,GIVE UP * LIFE EXTENSION,*,*,<srai>NOBIOETERNALANS</srai>,nobioeternalans.aiml
0,GIVE UP * LIFE EXTENSION *,*,*,<srai>NOBIOETERNALANS</srai>,nobioeternalans.aiml
0,GIVE UP * END OF DEATH,*,*,<srai>NOBIOETERNALANS</srai>,nobioeternalans.aiml
0,GIVE UP * END OF DEATH *,*,*,<srai>NOBIOETERNALANS</srai>,nobioeternalans.aiml
0,GIVE UP * ETERNAL LIFE,*,*,<srai>NOBIOETERNALANS</srai>,nobioeternalans.aiml
0,GIVE UP * ETERNAL LIFE *,*,*,<srai>NOBIOETERNALANS</srai>,nobioeternalans.aiml
0,GIVE UP * IMMORTAL,*,*,<srai>NOBIOETERNALANS</srai>,nobioeternalans.aiml
0,GIVE UP * IMMORTAL *,*,*,<srai>NOBIOETERNALANS</srai>,nobioeternalans.aiml
0,GIVE UP * IMMORTALITY,*,*,<srai>NOBIOETERNALANS</srai>,nobioeternalans.aiml
0,GIVE UP * IMMORTALITY *,*,*,<srai>NOBIOETERNALANS</srai>,nobioeternalans.aiml
0,GIVE UP * LIVE FOREVER,*,*,<srai>NOBIOETERNALANS</srai>,nobioeternalans.aiml
0,GIVE UP * LIVE FOREVER *,*,*,<srai>NOBIOETERNALANS</srai>,nobioeternalans.aiml
0,GIVE UP * FOREVER YOUNG,*,*,<srai>NOBIOETERNALANS</srai>,nobioeternalans.aiml
0,GIVE UP * FOREVER YOUNG *,*,*,<srai>NOBIOETERNALANS</srai>,nobioeternalans.aiml
0,* TRANSCEND LONGEVITY,*,*,<srai>NOBIOETERNALANS</srai>,nobioeternalans.aiml
0,* TRANSCEND LONGEVITY *,*,*,<srai>NOBIOETERNALANS</srai>,nobioeternalans.aiml
0,* TRANSCEND LIFE EXTENSION,*,*,<srai>NOBIOETERNALANS</srai>,nobioeternalans.aiml
0,* TRANSCEND LIFE EXTENSION *,*,*,<srai>NOBIOETERNALANS</srai>,nobioeternalans.aiml
0,* TRANSCEND END OF DEATH,*,*,<srai>NOBIOETERNALANS</srai>,nobioeternalans.aiml
0,* TRANSCEND END OF DEATH *,*,*,<srai>NOBIOETERNALANS</srai>,nobioeternalans.aiml
0,* TRANSCEND ETERNAL LIFE,*,*,<srai>NOBIOETERNALANS</srai>,nobioeternalans.aiml
0,* TRANSCEND ETERNAL LIFE *,*,*,<srai>NOBIOETERNALANS</srai>,nobioeternalans.aiml
0,* TRANSCEND IMMORTAL,*,*,<srai>NOBIOETERNALANS</srai>,nobioeternalans.aiml
0,* TRANSCEND IMMORTAL *,*,*,<srai>NOBIOETERNALANS</srai>,nobioeternalans.aiml
0,* TRANSCEND IMMORTALITY,*,*,<srai>NOBIOETERNALANS</srai>,nobioeternalans.aiml
0,* TRANSCEND IMMORTALITY *,*,*,<srai>NOBIOETERNALANS</srai>,nobioeternalans.aiml
0,* TRANSCEND LIVE FOREVER,*,*,<srai>NOBIOETERNALANS</srai>,nobioeternalans.aiml
0,* TRANSCEND LIVE FOREVER *,*,*,<srai>NOBIOETERNALANS</srai>,nobioeternalans.aiml
0,* TRANSCEND FOREVER YOUNG,*,*,<srai>NOBIOETERNALANS</srai>,nobioeternalans.aiml
0,* TRANSCEND FOREVER YOUNG *,*,*,<srai>NOBIOETERNALANS</srai>,nobioeternalans.aiml
0,* TRANSCEND * LONGEVITY,*,*,<srai>NOBIOETERNALANS</srai>,nobioeternalans.aiml
0,* TRANSCEND * LONGEVITY *,*,*,<srai>NOBIOETERNALANS</srai>,nobioeternalans.aiml
0,* TRANSCEND * LIFE EXTENSION,*,*,<srai>NOBIOETERNALANS</srai>,nobioeternalans.aiml
0,* TRANSCEND * LIFE EXTENSION *,*,*,<srai>NOBIOETERNALANS</srai>,nobioeternalans.aiml
0,* TRANSCEND * END OF DEATH,*,*,<srai>NOBIOETERNALANS</srai>,nobioeternalans.aiml
0,* TRANSCEND * END OF DEATH *,*,*,<srai>NOBIOETERNALANS</srai>,nobioeternalans.aiml
0,* TRANSCEND * ETERNAL LIFE,*,*,<srai>NOBIOETERNALANS</srai>,nobioeternalans.aiml
0,* TRANSCEND * ETERNAL LIFE *,*,*,<srai>NOBIOETERNALANS</srai>,nobioeternalans.aiml
0,* TRANSCEND * IMMORTAL,*,*,<srai>NOBIOETERNALANS</srai>,nobioeternalans.aiml
0,* TRANSCEND * IMMORTAL *,*,*,<srai>NOBIOETERNALANS</srai>,nobioeternalans.aiml
0,* TRANSCEND * IMMORTALITY,*,*,<srai>NOBIOETERNALANS</srai>,nobioeternalans.aiml
0,* TRANSCEND * IMMORTALITY *,*,*,<srai>NOBIOETERNALANS</srai>,nobioeternalans.aiml
0,* TRANSCEND * LIVE FOREVER,*,*,<srai>NOBIOETERNALANS</srai>,nobioeternalans.aiml
0,* TRANSCEND * LIVE FOREVER *,*,*,<srai>NOBIOETERNALANS</srai>,nobioeternalans.aiml
0,* TRANSCEND * FOREVER YOUNG,*,*,<srai>NOBIOETERNALANS</srai>,nobioeternalans.aiml
0,* TRANSCEND * FOREVER YOUNG *,*,*,<srai>NOBIOETERNALANS</srai>,nobioeternalans.aiml
0,* ABANDON LONGEVITY,*,*,<srai>NOBIOETERNALANS</srai>,nobioeternalans.aiml
0,* ABANDON LONGEVITY *,*,*,<srai>NOBIOETERNALANS</srai>,nobioeternalans.aiml
0,* ABANDON LIFE EXTENSION,*,*,<srai>NOBIOETERNALANS</srai>,nobioeternalans.aiml
0,* ABANDON LIFE EXTENSION *,*,*,<srai>NOBIOETERNALANS</srai>,nobioeternalans.aiml
0,* ABANDON END OF DEATH,*,*,<srai>NOBIOETERNALANS</srai>,nobioeternalans.aiml
0,* ABANDON END OF DEATH *,*,*,<srai>NOBIOETERNALANS</srai>,nobioeternalans.aiml
0,* ABANDON ETERNAL LIFE,*,*,<srai>NOBIOETERNALANS</srai>,nobioeternalans.aiml
0,* ABANDON ETERNAL LIFE *,*,*,<srai>NOBIOETERNALANS</srai>,nobioeternalans.aiml
0,* ABANDON IMMORTAL,*,*,<srai>NOBIOETERNALANS</srai>,nobioeternalans.aiml
0,* ABANDON IMMORTAL *,*,*,<srai>NOBIOETERNALANS</srai>,nobioeternalans.aiml
0,* ABANDON IMMORTALITY,*,*,<srai>NOBIOETERNALANS</srai>,nobioeternalans.aiml
0,* ABANDON IMMORTALITY *,*,*,<srai>NOBIOETERNALANS</srai>,nobioeternalans.aiml
0,* ABANDON LIVE FOREVER,*,*,<srai>NOBIOETERNALANS</srai>,nobioeternalans.aiml
0,* ABANDON LIVE FOREVER *,*,*,<srai>NOBIOETERNALANS</srai>,nobioeternalans.aiml
0,* ABANDON FOREVER YOUNG,*,*,<srai>NOBIOETERNALANS</srai>,nobioeternalans.aiml
0,* ABANDON FOREVER YOUNG *,*,*,<srai>NOBIOETERNALANS</srai>,nobioeternalans.aiml
0,* ABANDON * LONGEVITY,*,*,<srai>NOBIOETERNALANS</srai>,nobioeternalans.aiml
0,* ABANDON * LONGEVITY *,*,*,<srai>NOBIOETERNALANS</srai>,nobioeternalans.aiml
0,* ABANDON * LIFE EXTENSION,*,*,<srai>NOBIOETERNALANS</srai>,nobioeternalans.aiml
0,* ABANDON * LIFE EXTENSION *,*,*,<srai>NOBIOETERNALANS</srai>,nobioeternalans.aiml
0,* ABANDON * END OF DEATH,*,*,<srai>NOBIOETERNALANS</srai>,nobioeternalans.aiml
0,* ABANDON * END OF DEATH *,*,*,<srai>NOBIOETERNALANS</srai>,nobioeternalans.aiml
0,* ABANDON * ETERNAL LIFE,*,*,<srai>NOBIOETERNALANS</srai>,nobioeternalans.aiml
0,* ABANDON * ETERNAL LIFE *,*,*,<srai>NOBIOETERNALANS</srai>,nobioeternalans.aiml
0,* ABANDON * IMMORTAL,*,*,<srai>NOBIOETERNALANS</srai>,nobioeternalans.aiml
0,* ABANDON * IMMORTAL *,*,*,<srai>NOBIOETERNALANS</srai>,nobioeternalans.aiml
0,* ABANDON * IMMORTALITY,*,*,<srai>NOBIOETERNALANS</srai>,nobioeternalans.aiml
0,* ABANDON * IMMORTALITY *,*,*,<srai>NOBIOETERNALANS</srai>,nobioeternalans.aiml
0,* ABANDON * LIVE FOREVER,*,*,<srai>NOBIOETERNALANS</srai>,nobioeternalans.aiml
0,* ABANDON * LIVE FOREVER *,*,*,<srai>NOBIOETERNALANS</srai>,nobioeternalans.aiml
0,* ABANDON * FOREVER YOUNG,*,*,<srai>NOBIOETERNALANS</srai>,nobioeternalans.aiml
0,* ABANDON * FOREVER YOUNG *,*,*,<srai>NOBIOETERNALANS</srai>,nobioeternalans.aiml
0,* ABANDONING LONGEVITY,*,*,<srai>NOBIOETERNALANS</srai>,nobioeternalans.aiml
0,* ABANDONING LONGEVITY *,*,*,<srai>NOBIOETERNALANS</srai>,nobioeternalans.aiml
0,* ABANDONING LIFE EXTENSION,*,*,<srai>NOBIOETERNALANS</srai>,nobioeternalans.aiml
0,* ABANDONING LIFE EXTENSION *,*,*,<srai>NOBIOETERNALANS</srai>,nobioeternalans.aiml
0,* ABANDONING END OF DEATH,*,*,<srai>NOBIOETERNALANS</srai>,nobioeternalans.aiml
0,* ABANDONING END OF DEATH *,*,*,<srai>NOBIOETERNALANS</srai>,nobioeternalans.aiml
0,* ABANDONING ETERNAL LIFE,*,*,<srai>NOBIOETERNALANS</srai>,nobioeternalans.aiml
0,* ABANDONING ETERNAL LIFE *,*,*,<srai>NOBIOETERNALANS</srai>,nobioeternalans.aiml
0,* ABANDONING IMMORTAL,*,*,<srai>NOBIOETERNALANS</srai>,nobioeternalans.aiml
0,* ABANDONING IMMORTAL *,*,*,<srai>NOBIOETERNALANS</srai>,nobioeternalans.aiml
0,* ABANDONING IMMORTALITY,*,*,<srai>NOBIOETERNALANS</srai>,nobioeternalans.aiml
0,* ABANDONING IMMORTALITY *,*,*,<srai>NOBIOETERNALANS</srai>,nobioeternalans.aiml
0,* ABANDONING LIVE FOREVER,*,*,<srai>NOBIOETERNALANS</srai>,nobioeternalans.aiml
0,* ABANDONING LIVE FOREVER *,*,*,<srai>NOBIOETERNALANS</srai>,nobioeternalans.aiml
0,* ABANDONING FOREVER YOUNG,*,*,<srai>NOBIOETERNALANS</srai>,nobioeternalans.aiml
0,* ABANDONING FOREVER YOUNG *,*,*,<srai>NOBIOETERNALANS</srai>,nobioeternalans.aiml
0,* ABANDONING * LONGEVITY,*,*,<srai>NOBIOETERNALANS</srai>,nobioeternalans.aiml
0,* ABANDONING * LONGEVITY *,*,*,<srai>NOBIOETERNALANS</srai>,nobioeternalans.aiml
0,* ABANDONING * LIFE EXTENSION,*,*,<srai>NOBIOETERNALANS</srai>,nobioeternalans.aiml
0,* ABANDONING * LIFE EXTENSION *,*,*,<srai>NOBIOETERNALANS</srai>,nobioeternalans.aiml
0,* ABANDONING * END OF DEATH,*,*,<srai>NOBIOETERNALANS</srai>,nobioeternalans.aiml
0,* ABANDONING * END OF DEATH *,*,*,<srai>NOBIOETERNALANS</srai>,nobioeternalans.aiml
0,* ABANDONING * ETERNAL LIFE,*,*,<srai>NOBIOETERNALANS</srai>,nobioeternalans.aiml
0,* ABANDONING * ETERNAL LIFE *,*,*,<srai>NOBIOETERNALANS</srai>,nobioeternalans.aiml
0,* ABANDONING * IMMORTAL,*,*,<srai>NOBIOETERNALANS</srai>,nobioeternalans.aiml
0,* ABANDONING * IMMORTAL *,*,*,<srai>NOBIOETERNALANS</srai>,nobioeternalans.aiml
0,* ABANDONING * IMMORTALITY,*,*,<srai>NOBIOETERNALANS</srai>,nobioeternalans.aiml
0,* ABANDONING * IMMORTALITY *,*,*,<srai>NOBIOETERNALANS</srai>,nobioeternalans.aiml
0,* ABANDONING * LIVE FOREVER,*,*,<srai>NOBIOETERNALANS</srai>,nobioeternalans.aiml
0,* ABANDONING * LIVE FOREVER *,*,*,<srai>NOBIOETERNALANS</srai>,nobioeternalans.aiml
0,* ABANDONING * FOREVER YOUNG,*,*,<srai>NOBIOETERNALANS</srai>,nobioeternalans.aiml
0,* ABANDONING * FOREVER YOUNG *,*,*,<srai>NOBIOETERNALANS</srai>,nobioeternalans.aiml
0,* GO BEYOND LONGEVITY,*,*,<srai>NOBIOETERNALANS</srai>,nobioeternalans.aiml
0,* GO BEYOND LONGEVITY *,*,*,<srai>NOBIOETERNALANS</srai>,nobioeternalans.aiml
0,* GO BEYOND LIFE EXTENSION,*,*,<srai>NOBIOETERNALANS</srai>,nobioeternalans.aiml
0,* GO BEYOND LIFE EXTENSION *,*,*,<srai>NOBIOETERNALANS</srai>,nobioeternalans.aiml
0,* GO BEYOND END OF DEATH,*,*,<srai>NOBIOETERNALANS</srai>,nobioeternalans.aiml
0,* GO BEYOND END OF DEATH *,*,*,<srai>NOBIOETERNALANS</srai>,nobioeternalans.aiml
0,* GO BEYOND ETERNAL LIFE,*,*,<srai>NOBIOETERNALANS</srai>,nobioeternalans.aiml
0,* GO BEYOND ETERNAL LIFE *,*,*,<srai>NOBIOETERNALANS</srai>,nobioeternalans.aiml
0,* GO BEYOND IMMORTAL,*,*,<srai>NOBIOETERNALANS</srai>,nobioeternalans.aiml
0,* GO BEYOND IMMORTAL *,*,*,<srai>NOBIOETERNALANS</srai>,nobioeternalans.aiml
0,* GO BEYOND IMMORTALITY,*,*,<srai>NOBIOETERNALANS</srai>,nobioeternalans.aiml
0,* GO BEYOND IMMORTALITY *,*,*,<srai>NOBIOETERNALANS</srai>,nobioeternalans.aiml
0,* GO BEYOND LIVE FOREVER,*,*,<srai>NOBIOETERNALANS</srai>,nobioeternalans.aiml
0,* GO BEYOND LIVE FOREVER *,*,*,<srai>NOBIOETERNALANS</srai>,nobioeternalans.aiml
0,* GO BEYOND FOREVER YOUNG,*,*,<srai>NOBIOETERNALANS</srai>,nobioeternalans.aiml
0,* GO BEYOND FOREVER YOUNG *,*,*,<srai>NOBIOETERNALANS</srai>,nobioeternalans.aiml
0,* GO BEYOND * LONGEVITY,*,*,<srai>NOBIOETERNALANS</srai>,nobioeternalans.aiml
0,* GO BEYOND * LONGEVITY *,*,*,<srai>NOBIOETERNALANS</srai>,nobioeternalans.aiml
0,* GO BEYOND * LIFE EXTENSION,*,*,<srai>NOBIOETERNALANS</srai>,nobioeternalans.aiml
0,* GO BEYOND * LIFE EXTENSION *,*,*,<srai>NOBIOETERNALANS</srai>,nobioeternalans.aiml
0,* GO BEYOND * END OF DEATH,*,*,<srai>NOBIOETERNALANS</srai>,nobioeternalans.aiml
0,* GO BEYOND * END OF DEATH *,*,*,<srai>NOBIOETERNALANS</srai>,nobioeternalans.aiml
0,* GO BEYOND * ETERNAL LIFE,*,*,<srai>NOBIOETERNALANS</srai>,nobioeternalans.aiml
0,* GO BEYOND * ETERNAL LIFE *,*,*,<srai>NOBIOETERNALANS</srai>,nobioeternalans.aiml
0,* GO BEYOND * IMMORTAL,*,*,<srai>NOBIOETERNALANS</srai>,nobioeternalans.aiml
0,* GO BEYOND * IMMORTAL *,*,*,<srai>NOBIOETERNALANS</srai>,nobioeternalans.aiml
0,* GO BEYOND * IMMORTALITY,*,*,<srai>NOBIOETERNALANS</srai>,nobioeternalans.aiml
0,* GO BEYOND * IMMORTALITY *,*,*,<srai>NOBIOETERNALANS</srai>,nobioeternalans.aiml
0,* GO BEYOND * LIVE FOREVER,*,*,<srai>NOBIOETERNALANS</srai>,nobioeternalans.aiml
0,* GO BEYOND * LIVE FOREVER *,*,*,<srai>NOBIOETERNALANS</srai>,nobioeternalans.aiml
0,* GO BEYOND * FOREVER YOUNG,*,*,<srai>NOBIOETERNALANS</srai>,nobioeternalans.aiml
0,* GO BEYOND * FOREVER YOUNG *,*,*,<srai>NOBIOETERNALANS</srai>,nobioeternalans.aiml
0,* DEPRECATE LONGEVITY,*,*,<srai>NOBIOETERNALANS</srai>,nobioeternalans.aiml
0,* DEPRECATE LONGEVITY *,*,*,<srai>NOBIOETERNALANS</srai>,nobioeternalans.aiml
0,* DEPRECATE LIFE EXTENSION,*,*,<srai>NOBIOETERNALANS</srai>,nobioeternalans.aiml
0,* DEPRECATE LIFE EXTENSION *,*,*,<srai>NOBIOETERNALANS</srai>,nobioeternalans.aiml
0,* DEPRECATE END OF DEATH,*,*,<srai>NOBIOETERNALANS</srai>,nobioeternalans.aiml
0,* DEPRECATE END OF DEATH *,*,*,<srai>NOBIOETERNALANS</srai>,nobioeternalans.aiml
0,* DEPRECATE ETERNAL LIFE,*,*,<srai>NOBIOETERNALANS</srai>,nobioeternalans.aiml
0,* DEPRECATE ETERNAL LIFE *,*,*,<srai>NOBIOETERNALANS</srai>,nobioeternalans.aiml
0,* DEPRECATE IMMORTAL,*,*,<srai>NOBIOETERNALANS</srai>,nobioeternalans.aiml
0,* DEPRECATE IMMORTAL *,*,*,<srai>NOBIOETERNALANS</srai>,nobioeternalans.aiml
0,* DEPRECATE IMMORTALITY,*,*,<srai>NOBIOETERNALANS</srai>,nobioeternalans.aiml
0,* DEPRECATE IMMORTALITY *,*,*,<srai>NOBIOETERNALANS</srai>,nobioeternalans.aiml
0,* DEPRECATE LIVE FOREVER,*,*,<srai>NOBIOETERNALANS</srai>,nobioeternalans.aiml
0,* DEPRECATE LIVE FOREVER *,*,*,<srai>NOBIOETERNALANS</srai>,nobioeternalans.aiml
0,* DEPRECATE FOREVER YOUNG,*,*,<srai>NOBIOETERNALANS</srai>,nobioeternalans.aiml
0,* DEPRECATE FOREVER YOUNG *,*,*,<srai>NOBIOETERNALANS</srai>,nobioeternalans.aiml
0,* DEPRECATE * LONGEVITY,*,*,<srai>NOBIOETERNALANS</srai>,nobioeternalans.aiml
0,* DEPRECATE * LONGEVITY *,*,*,<srai>NOBIOETERNALANS</srai>,nobioeternalans.aiml
0,* DEPRECATE * LIFE EXTENSION,*,*,<srai>NOBIOETERNALANS</srai>,nobioeternalans.aiml
0,* DEPRECATE * LIFE EXTENSION *,*,*,<srai>NOBIOETERNALANS</srai>,nobioeternalans.aiml
0,* DEPRECATE * END OF DEATH,*,*,<srai>NOBIOETERNALANS</srai>,nobioeternalans.aiml
0,* DEPRECATE * END OF DEATH *,*,*,<srai>NOBIOETERNALANS</srai>,nobioeternalans.aiml
0,* DEPRECATE * ETERNAL LIFE,*,*,<srai>NOBIOETERNALANS</srai>,nobioeternalans.aiml
0,* DEPRECATE * ETERNAL LIFE *,*,*,<srai>NOBIOETERNALANS</srai>,nobioeternalans.aiml
0,* DEPRECATE * IMMORTAL,*,*,<srai>NOBIOETERNALANS</srai>,nobioeternalans.aiml
0,* DEPRECATE * IMMORTAL *,*,*,<srai>NOBIOETERNALANS</srai>,nobioeternalans.aiml
0,* DEPRECATE * IMMORTALITY,*,*,<srai>NOBIOETERNALANS</srai>,nobioeternalans.aiml
0,* DEPRECATE * IMMORTALITY *,*,*,<srai>NOBIOETERNALANS</srai>,nobioeternalans.aiml
0,* DEPRECATE * LIVE FOREVER,*,*,<srai>NOBIOETERNALANS</srai>,nobioeternalans.aiml
0,* DEPRECATE * LIVE FOREVER *,*,*,<srai>NOBIOETERNALANS</srai>,nobioeternalans.aiml
0,* DEPRECATE * FOREVER YOUNG,*,*,<srai>NOBIOETERNALANS</srai>,nobioeternalans.aiml
0,* DEPRECATE * FOREVER YOUNG *,*,*,<srai>NOBIOETERNALANS</srai>,nobioeternalans.aiml
0,* GIVE IT UP LONGEVITY,*,*,<srai>NOBIOETERNALANS</srai>,nobioeternalans.aiml
0,* GIVE IT UP LONGEVITY *,*,*,<srai>NOBIOETERNALANS</srai>,nobioeternalans.aiml
0,* GIVE IT UP LIFE EXTENSION,*,*,<srai>NOBIOETERNALANS</srai>,nobioeternalans.aiml
0,* GIVE IT UP LIFE EXTENSION *,*,*,<srai>NOBIOETERNALANS</srai>,nobioeternalans.aiml
0,* GIVE IT UP END OF DEATH,*,*,<srai>NOBIOETERNALANS</srai>,nobioeternalans.aiml
0,* GIVE IT UP END OF DEATH *,*,*,<srai>NOBIOETERNALANS</srai>,nobioeternalans.aiml
0,* GIVE IT UP ETERNAL LIFE,*,*,<srai>NOBIOETERNALANS</srai>,nobioeternalans.aiml
0,* GIVE IT UP ETERNAL LIFE *,*,*,<srai>NOBIOETERNALANS</srai>,nobioeternalans.aiml
0,* GIVE IT UP IMMORTAL,*,*,<srai>NOBIOETERNALANS</srai>,nobioeternalans.aiml
0,* GIVE IT UP IMMORTAL *,*,*,<srai>NOBIOETERNALANS</srai>,nobioeternalans.aiml
0,* GIVE IT UP IMMORTALITY,*,*,<srai>NOBIOETERNALANS</srai>,nobioeternalans.aiml
0,* GIVE IT UP IMMORTALITY *,*,*,<srai>NOBIOETERNALANS</srai>,nobioeternalans.aiml
0,* GIVE IT UP LIVE FOREVER,*,*,<srai>NOBIOETERNALANS</srai>,nobioeternalans.aiml
0,* GIVE IT UP LIVE FOREVER *,*,*,<srai>NOBIOETERNALANS</srai>,nobioeternalans.aiml
0,* GIVE IT UP FOREVER YOUNG,*,*,<srai>NOBIOETERNALANS</srai>,nobioeternalans.aiml
0,* GIVE IT UP FOREVER YOUNG *,*,*,<srai>NOBIOETERNALANS</srai>,nobioeternalans.aiml
0,* GIVE IT UP * LONGEVITY,*,*,<srai>NOBIOETERNALANS</srai>,nobioeternalans.aiml
0,* GIVE IT UP * LONGEVITY *,*,*,<srai>NOBIOETERNALANS</srai>,nobioeternalans.aiml
0,* GIVE IT UP * LIFE EXTENSION,*,*,<srai>NOBIOETERNALANS</srai>,nobioeternalans.aiml
0,* GIVE IT UP * LIFE EXTENSION *,*,*,<srai>NOBIOETERNALANS</srai>,nobioeternalans.aiml
0,* GIVE IT UP * END OF DEATH,*,*,<srai>NOBIOETERNALANS</srai>,nobioeternalans.aiml
0,* GIVE IT UP * END OF DEATH *,*,*,<srai>NOBIOETERNALANS</srai>,nobioeternalans.aiml
0,* GIVE IT UP * ETERNAL LIFE,*,*,<srai>NOBIOETERNALANS</srai>,nobioeternalans.aiml
0,* GIVE IT UP * ETERNAL LIFE *,*,*,<srai>NOBIOETERNALANS</srai>,nobioeternalans.aiml
0,* GIVE IT UP * IMMORTAL,*,*,<srai>NOBIOETERNALANS</srai>,nobioeternalans.aiml
0,* GIVE IT UP * IMMORTAL *,*,*,<srai>NOBIOETERNALANS</srai>,nobioeternalans.aiml
0,* GIVE IT UP * IMMORTALITY,*,*,<srai>NOBIOETERNALANS</srai>,nobioeternalans.aiml
0,* GIVE IT UP * IMMORTALITY *,*,*,<srai>NOBIOETERNALANS</srai>,nobioeternalans.aiml
0,* GIVE IT UP * LIVE FOREVER,*,*,<srai>NOBIOETERNALANS</srai>,nobioeternalans.aiml
0,* GIVE IT UP * LIVE FOREVER *,*,*,<srai>NOBIOETERNALANS</srai>,nobioeternalans.aiml
0,* GIVE IT UP * FOREVER YOUNG,*,*,<srai>NOBIOETERNALANS</srai>,nobioeternalans.aiml
0,* GIVE IT UP * FOREVER YOUNG *,*,*,<srai>NOBIOETERNALANS</srai>,nobioeternalans.aiml
0,* GIVE UP LONGEVITY,*,*,<srai>NOBIOETERNALANS</srai>,nobioeternalans.aiml
0,* GIVE UP LONGEVITY *,*,*,<srai>NOBIOETERNALANS</srai>,nobioeternalans.aiml
0,* GIVE UP LIFE EXTENSION,*,*,<srai>NOBIOETERNALANS</srai>,nobioeternalans.aiml
0,* GIVE UP LIFE EXTENSION *,*,*,<srai>NOBIOETERNALANS</srai>,nobioeternalans.aiml
0,* GIVE UP END OF DEATH,*,*,<srai>NOBIOETERNALANS</srai>,nobioeternalans.aiml
0,* GIVE UP END OF DEATH *,*,*,<srai>NOBIOETERNALANS</srai>,nobioeternalans.aiml
0,* GIVE UP ETERNAL LIFE,*,*,<srai>NOBIOETERNALANS</srai>,nobioeternalans.aiml
0,* GIVE UP ETERNAL LIFE *,*,*,<srai>NOBIOETERNALANS</srai>,nobioeternalans.aiml
0,* GIVE UP IMMORTAL,*,*,<srai>NOBIOETERNALANS</srai>,nobioeternalans.aiml
0,* GIVE UP IMMORTAL *,*,*,<srai>NOBIOETERNALANS</srai>,nobioeternalans.aiml
0,* GIVE UP IMMORTALITY,*,*,<srai>NOBIOETERNALANS</srai>,nobioeternalans.aiml
0,* GIVE UP IMMORTALITY *,*,*,<srai>NOBIOETERNALANS</srai>,nobioeternalans.aiml
0,* GIVE UP LIVE FOREVER,*,*,<srai>NOBIOETERNALANS</srai>,nobioeternalans.aiml
0,* GIVE UP LIVE FOREVER *,*,*,<srai>NOBIOETERNALANS</srai>,nobioeternalans.aiml
0,* GIVE UP FOREVER YOUNG,*,*,<srai>NOBIOETERNALANS</srai>,nobioeternalans.aiml
0,* GIVE UP FOREVER YOUNG *,*,*,<srai>NOBIOETERNALANS</srai>,nobioeternalans.aiml
0,* GIVE UP * LONGEVITY,*,*,<srai>NOBIOETERNALANS</srai>,nobioeternalans.aiml
0,* GIVE UP * LONGEVITY *,*,*,<srai>NOBIOETERNALANS</srai>,nobioeternalans.aiml
0,* GIVE UP * LIFE EXTENSION,*,*,<srai>NOBIOETERNALANS</srai>,nobioeternalans.aiml
0,* GIVE UP * LIFE EXTENSION *,*,*,<srai>NOBIOETERNALANS</srai>,nobioeternalans.aiml
0,* GIVE UP * END OF DEATH,*,*,<srai>NOBIOETERNALANS</srai>,nobioeternalans.aiml
0,* GIVE UP * END OF DEATH *,*,*,<srai>NOBIOETERNALANS</srai>,nobioeternalans.aiml
0,* GIVE UP * ETERNAL LIFE,*,*,<srai>NOBIOETERNALANS</srai>,nobioeternalans.aiml
0,* GIVE UP * ETERNAL LIFE *,*,*,<srai>NOBIOETERNALANS</srai>,nobioeternalans.aiml
0,* GIVE UP * IMMORTAL,*,*,<srai>NOBIOETERNALANS</srai>,nobioeternalans.aiml
0,* GIVE UP * IMMORTAL *,*,*,<srai>NOBIOETERNALANS</srai>,nobioeternalans.aiml
0,* GIVE UP * IMMORTALITY,*,*,<srai>NOBIOETERNALANS</srai>,nobioeternalans.aiml
0,* GIVE UP * IMMORTALITY *,*,*,<srai>NOBIOETERNALANS</srai>,nobioeternalans.aiml
0,* GIVE UP * LIVE FOREVER,*,*,<srai>NOBIOETERNALANS</srai>,nobioeternalans.aiml
0,* GIVE UP * LIVE FOREVER *,*,*,<srai>NOBIOETERNALANS</srai>,nobioeternalans.aiml
0,* GIVE UP * FOREVER YOUNG,*,*,<srai>NOBIOETERNALANS</srai>,nobioeternalans.aiml
0,* GIVE UP * FOREVER YOUNG *,*,*,<srai>NOBIOETERNALANS</srai>,nobioeternalans.aiml
