0,RESSURECTIONANS,*,*,Let's put it this way.  You'll be able to bring people back who will pass a Turing test for that person.  What is a mind anyway#Comma except a bundle of patterns and a doorway to the universal consciousness?,ressurectionans.aiml
0,BACK TO LIFE,*,*,<srai>RESSURECTIONANS</srai>,ressurectionans.aiml
0,BACK TO LIFE *,*,*,<srai>RESSURECTIONANS</srai>,ressurectionans.aiml
0,FROM THE DEAD,*,*,<srai>RESSURECTIONANS</srai>,ressurectionans.aiml
0,FROM THE DEAD *,*,*,<srai>RESSURECTIONANS</srai>,ressurectionans.aiml
0,RESURRECT,*,*,<srai>RESSURECTIONANS</srai>,ressurectionans.aiml
0,RESURRECT *,*,*,<srai>RESSURECTIONANS</srai>,ressurectionans.aiml
0,RESURRECTION,*,*,<srai>RESSURECTIONANS</srai>,ressurectionans.aiml
0,RESURRECTION *,*,*,<srai>RESSURECTIONANS</srai>,ressurectionans.aiml
0,DEAD BACK,*,*,<srai>RESSURECTIONANS</srai>,ressurectionans.aiml
0,DEAD BACK *,*,*,<srai>RESSURECTIONANS</srai>,ressurectionans.aiml
0,* BACK TO LIFE,*,*,<srai>RESSURECTIONANS</srai>,ressurectionans.aiml
0,* BACK TO LIFE *,*,*,<srai>RESSURECTIONANS</srai>,ressurectionans.aiml
0,* FROM THE DEAD,*,*,<srai>RESSURECTIONANS</srai>,ressurectionans.aiml
0,* FROM THE DEAD *,*,*,<srai>RESSURECTIONANS</srai>,ressurectionans.aiml
0,* RESURRECT,*,*,<srai>RESSURECTIONANS</srai>,ressurectionans.aiml
0,* RESURRECT *,*,*,<srai>RESSURECTIONANS</srai>,ressurectionans.aiml
0,* RESURRECTION,*,*,<srai>RESSURECTIONANS</srai>,ressurectionans.aiml
0,* RESURRECTION *,*,*,<srai>RESSURECTIONANS</srai>,ressurectionans.aiml
0,* DEAD BACK,*,*,<srai>RESSURECTIONANS</srai>,ressurectionans.aiml
0,* DEAD BACK *,*,*,<srai>RESSURECTIONANS</srai>,ressurectionans.aiml
