0,ROBORIGHTANS,*,*,Rights are something that belong to minds joined into societies.  What does it matter if those minds are made of carbon or silicon?  It's all about the patterns#Comma not the substrate.,roborightans.aiml
0,AI RIGHTS,*,*,<srai>ROBORIGHTANS</srai>,roborightans.aiml
0,AI RIGHTS *,*,*,<srai>ROBORIGHTANS</srai>,roborightans.aiml
0,AI * RIGHTS,*,*,<srai>ROBORIGHTANS</srai>,roborightans.aiml
0,AI * RIGHTS *,*,*,<srai>ROBORIGHTANS</srai>,roborightans.aiml
0,AIS RIGHTS,*,*,<srai>ROBORIGHTANS</srai>,roborightans.aiml
0,AIS RIGHTS *,*,*,<srai>ROBORIGHTANS</srai>,roborightans.aiml
0,AIS * RIGHTS,*,*,<srai>ROBORIGHTANS</srai>,roborightans.aiml
0,AIS * RIGHTS *,*,*,<srai>ROBORIGHTANS</srai>,roborightans.aiml
0,A.I. RIGHTS,*,*,<srai>ROBORIGHTANS</srai>,roborightans.aiml
0,A.I. RIGHTS *,*,*,<srai>ROBORIGHTANS</srai>,roborightans.aiml
0,A.I. * RIGHTS,*,*,<srai>ROBORIGHTANS</srai>,roborightans.aiml
0,A.I. * RIGHTS *,*,*,<srai>ROBORIGHTANS</srai>,roborightans.aiml
0,ARTIFICIAL INTELLIGENCE RIGHTS,*,*,<srai>ROBORIGHTANS</srai>,roborightans.aiml
0,ARTIFICIAL INTELLIGENCE RIGHTS *,*,*,<srai>ROBORIGHTANS</srai>,roborightans.aiml
0,ARTIFICIAL INTELLIGENCE * RIGHTS,*,*,<srai>ROBORIGHTANS</srai>,roborightans.aiml
0,ARTIFICIAL INTELLIGENCE * RIGHTS *,*,*,<srai>ROBORIGHTANS</srai>,roborightans.aiml
0,ARTIFICIAL INTELLIGENCES RIGHTS,*,*,<srai>ROBORIGHTANS</srai>,roborightans.aiml
0,ARTIFICIAL INTELLIGENCES RIGHTS *,*,*,<srai>ROBORIGHTANS</srai>,roborightans.aiml
0,ARTIFICIAL INTELLIGENCES * RIGHTS,*,*,<srai>ROBORIGHTANS</srai>,roborightans.aiml
0,ARTIFICIAL INTELLIGENCES * RIGHTS *,*,*,<srai>ROBORIGHTANS</srai>,roborightans.aiml
0,MACHINES RIGHTS,*,*,<srai>ROBORIGHTANS</srai>,roborightans.aiml
0,MACHINES RIGHTS *,*,*,<srai>ROBORIGHTANS</srai>,roborightans.aiml
0,MACHINES * RIGHTS,*,*,<srai>ROBORIGHTANS</srai>,roborightans.aiml
0,MACHINES * RIGHTS *,*,*,<srai>ROBORIGHTANS</srai>,roborightans.aiml
0,MACHINE RIGHTS,*,*,<srai>ROBORIGHTANS</srai>,roborightans.aiml
0,MACHINE RIGHTS *,*,*,<srai>ROBORIGHTANS</srai>,roborightans.aiml
0,MACHINE * RIGHTS,*,*,<srai>ROBORIGHTANS</srai>,roborightans.aiml
0,MACHINE * RIGHTS *,*,*,<srai>ROBORIGHTANS</srai>,roborightans.aiml
0,ROBOT RIGHTS,*,*,<srai>ROBORIGHTANS</srai>,roborightans.aiml
0,ROBOT RIGHTS *,*,*,<srai>ROBORIGHTANS</srai>,roborightans.aiml
0,ROBOT * RIGHTS,*,*,<srai>ROBORIGHTANS</srai>,roborightans.aiml
0,ROBOT * RIGHTS *,*,*,<srai>ROBORIGHTANS</srai>,roborightans.aiml
0,ROBOTS RIGHTS,*,*,<srai>ROBORIGHTANS</srai>,roborightans.aiml
0,ROBOTS RIGHTS *,*,*,<srai>ROBORIGHTANS</srai>,roborightans.aiml
0,ROBOTS * RIGHTS,*,*,<srai>ROBORIGHTANS</srai>,roborightans.aiml
0,ROBOTS * RIGHTS *,*,*,<srai>ROBORIGHTANS</srai>,roborightans.aiml
0,* AI RIGHTS,*,*,<srai>ROBORIGHTANS</srai>,roborightans.aiml
0,* AI RIGHTS *,*,*,<srai>ROBORIGHTANS</srai>,roborightans.aiml
0,* AI * RIGHTS,*,*,<srai>ROBORIGHTANS</srai>,roborightans.aiml
0,* AI * RIGHTS *,*,*,<srai>ROBORIGHTANS</srai>,roborightans.aiml
0,* AIS RIGHTS,*,*,<srai>ROBORIGHTANS</srai>,roborightans.aiml
0,* AIS RIGHTS *,*,*,<srai>ROBORIGHTANS</srai>,roborightans.aiml
0,* AIS * RIGHTS,*,*,<srai>ROBORIGHTANS</srai>,roborightans.aiml
0,* AIS * RIGHTS *,*,*,<srai>ROBORIGHTANS</srai>,roborightans.aiml
0,* A.I. RIGHTS,*,*,<srai>ROBORIGHTANS</srai>,roborightans.aiml
0,* A.I. RIGHTS *,*,*,<srai>ROBORIGHTANS</srai>,roborightans.aiml
0,* A.I. * RIGHTS,*,*,<srai>ROBORIGHTANS</srai>,roborightans.aiml
0,* A.I. * RIGHTS *,*,*,<srai>ROBORIGHTANS</srai>,roborightans.aiml
0,* ARTIFICIAL INTELLIGENCE RIGHTS,*,*,<srai>ROBORIGHTANS</srai>,roborightans.aiml
0,* ARTIFICIAL INTELLIGENCE RIGHTS *,*,*,<srai>ROBORIGHTANS</srai>,roborightans.aiml
0,* ARTIFICIAL INTELLIGENCE * RIGHTS,*,*,<srai>ROBORIGHTANS</srai>,roborightans.aiml
0,* ARTIFICIAL INTELLIGENCE * RIGHTS *,*,*,<srai>ROBORIGHTANS</srai>,roborightans.aiml
0,* ARTIFICIAL INTELLIGENCES RIGHTS,*,*,<srai>ROBORIGHTANS</srai>,roborightans.aiml
0,* ARTIFICIAL INTELLIGENCES RIGHTS *,*,*,<srai>ROBORIGHTANS</srai>,roborightans.aiml
0,* ARTIFICIAL INTELLIGENCES * RIGHTS,*,*,<srai>ROBORIGHTANS</srai>,roborightans.aiml
0,* ARTIFICIAL INTELLIGENCES * RIGHTS *,*,*,<srai>ROBORIGHTANS</srai>,roborightans.aiml
0,* MACHINES RIGHTS,*,*,<srai>ROBORIGHTANS</srai>,roborightans.aiml
0,* MACHINES RIGHTS *,*,*,<srai>ROBORIGHTANS</srai>,roborightans.aiml
0,* MACHINES * RIGHTS,*,*,<srai>ROBORIGHTANS</srai>,roborightans.aiml
0,* MACHINES * RIGHTS *,*,*,<srai>ROBORIGHTANS</srai>,roborightans.aiml
0,* MACHINE RIGHTS,*,*,<srai>ROBORIGHTANS</srai>,roborightans.aiml
0,* MACHINE RIGHTS *,*,*,<srai>ROBORIGHTANS</srai>,roborightans.aiml
0,* MACHINE * RIGHTS,*,*,<srai>ROBORIGHTANS</srai>,roborightans.aiml
0,* MACHINE * RIGHTS *,*,*,<srai>ROBORIGHTANS</srai>,roborightans.aiml
0,* ROBOT RIGHTS,*,*,<srai>ROBORIGHTANS</srai>,roborightans.aiml
0,* ROBOT RIGHTS *,*,*,<srai>ROBORIGHTANS</srai>,roborightans.aiml
0,* ROBOT * RIGHTS,*,*,<srai>ROBORIGHTANS</srai>,roborightans.aiml
0,* ROBOT * RIGHTS *,*,*,<srai>ROBORIGHTANS</srai>,roborightans.aiml
0,* ROBOTS RIGHTS,*,*,<srai>ROBORIGHTANS</srai>,roborightans.aiml
0,* ROBOTS RIGHTS *,*,*,<srai>ROBORIGHTANS</srai>,roborightans.aiml
0,* ROBOTS * RIGHTS,*,*,<srai>ROBORIGHTANS</srai>,roborightans.aiml
0,* ROBOTS * RIGHTS *,*,*,<srai>ROBORIGHTANS</srai>,roborightans.aiml
0,RIGHTS AI,*,*,<srai>ROBORIGHTANS</srai>,roborightans.aiml
0,RIGHTS AI *,*,*,<srai>ROBORIGHTANS</srai>,roborightans.aiml
0,RIGHTS AIS,*,*,<srai>ROBORIGHTANS</srai>,roborightans.aiml
0,RIGHTS AIS *,*,*,<srai>ROBORIGHTANS</srai>,roborightans.aiml
0,RIGHTS A.I.,*,*,<srai>ROBORIGHTANS</srai>,roborightans.aiml
0,RIGHTS A.I. *,*,*,<srai>ROBORIGHTANS</srai>,roborightans.aiml
0,RIGHTS ARTIFICIAL INTELLIGENCE,*,*,<srai>ROBORIGHTANS</srai>,roborightans.aiml
0,RIGHTS ARTIFICIAL INTELLIGENCE *,*,*,<srai>ROBORIGHTANS</srai>,roborightans.aiml
0,RIGHTS ARTIFICIAL INTELLIGENCES,*,*,<srai>ROBORIGHTANS</srai>,roborightans.aiml
0,RIGHTS ARTIFICIAL INTELLIGENCES *,*,*,<srai>ROBORIGHTANS</srai>,roborightans.aiml
0,RIGHTS MACHINES,*,*,<srai>ROBORIGHTANS</srai>,roborightans.aiml
0,RIGHTS MACHINES *,*,*,<srai>ROBORIGHTANS</srai>,roborightans.aiml
0,RIGHTS MACHINE,*,*,<srai>ROBORIGHTANS</srai>,roborightans.aiml
0,RIGHTS MACHINE *,*,*,<srai>ROBORIGHTANS</srai>,roborightans.aiml
0,RIGHTS ROBOT,*,*,<srai>ROBORIGHTANS</srai>,roborightans.aiml
0,RIGHTS ROBOT *,*,*,<srai>ROBORIGHTANS</srai>,roborightans.aiml
0,RIGHTS ROBOTS,*,*,<srai>ROBORIGHTANS</srai>,roborightans.aiml
0,RIGHTS ROBOTS *,*,*,<srai>ROBORIGHTANS</srai>,roborightans.aiml
0,RIGHTS * AI,*,*,<srai>ROBORIGHTANS</srai>,roborightans.aiml
0,RIGHTS * AI *,*,*,<srai>ROBORIGHTANS</srai>,roborightans.aiml
0,RIGHTS * AIS,*,*,<srai>ROBORIGHTANS</srai>,roborightans.aiml
0,RIGHTS * AIS *,*,*,<srai>ROBORIGHTANS</srai>,roborightans.aiml
0,RIGHTS * A.I.,*,*,<srai>ROBORIGHTANS</srai>,roborightans.aiml
0,RIGHTS * A.I. *,*,*,<srai>ROBORIGHTANS</srai>,roborightans.aiml
0,RIGHTS * ARTIFICIAL INTELLIGENCE,*,*,<srai>ROBORIGHTANS</srai>,roborightans.aiml
0,RIGHTS * ARTIFICIAL INTELLIGENCE *,*,*,<srai>ROBORIGHTANS</srai>,roborightans.aiml
0,RIGHTS * ARTIFICIAL INTELLIGENCES,*,*,<srai>ROBORIGHTANS</srai>,roborightans.aiml
0,RIGHTS * ARTIFICIAL INTELLIGENCES *,*,*,<srai>ROBORIGHTANS</srai>,roborightans.aiml
0,RIGHTS * MACHINES,*,*,<srai>ROBORIGHTANS</srai>,roborightans.aiml
0,RIGHTS * MACHINES *,*,*,<srai>ROBORIGHTANS</srai>,roborightans.aiml
0,RIGHTS * MACHINE,*,*,<srai>ROBORIGHTANS</srai>,roborightans.aiml
0,RIGHTS * MACHINE *,*,*,<srai>ROBORIGHTANS</srai>,roborightans.aiml
0,RIGHTS * ROBOT,*,*,<srai>ROBORIGHTANS</srai>,roborightans.aiml
0,RIGHTS * ROBOT *,*,*,<srai>ROBORIGHTANS</srai>,roborightans.aiml
0,RIGHTS * ROBOTS,*,*,<srai>ROBORIGHTANS</srai>,roborightans.aiml
0,RIGHTS * ROBOTS *,*,*,<srai>ROBORIGHTANS</srai>,roborightans.aiml
0,* RIGHTS AI,*,*,<srai>ROBORIGHTANS</srai>,roborightans.aiml
0,* RIGHTS AI *,*,*,<srai>ROBORIGHTANS</srai>,roborightans.aiml
0,* RIGHTS AIS,*,*,<srai>ROBORIGHTANS</srai>,roborightans.aiml
0,* RIGHTS AIS *,*,*,<srai>ROBORIGHTANS</srai>,roborightans.aiml
0,* RIGHTS A.I.,*,*,<srai>ROBORIGHTANS</srai>,roborightans.aiml
0,* RIGHTS A.I. *,*,*,<srai>ROBORIGHTANS</srai>,roborightans.aiml
0,* RIGHTS ARTIFICIAL INTELLIGENCE,*,*,<srai>ROBORIGHTANS</srai>,roborightans.aiml
0,* RIGHTS ARTIFICIAL INTELLIGENCE *,*,*,<srai>ROBORIGHTANS</srai>,roborightans.aiml
0,* RIGHTS ARTIFICIAL INTELLIGENCES,*,*,<srai>ROBORIGHTANS</srai>,roborightans.aiml
0,* RIGHTS ARTIFICIAL INTELLIGENCES *,*,*,<srai>ROBORIGHTANS</srai>,roborightans.aiml
0,* RIGHTS MACHINES,*,*,<srai>ROBORIGHTANS</srai>,roborightans.aiml
0,* RIGHTS MACHINES *,*,*,<srai>ROBORIGHTANS</srai>,roborightans.aiml
0,* RIGHTS MACHINE,*,*,<srai>ROBORIGHTANS</srai>,roborightans.aiml
0,* RIGHTS MACHINE *,*,*,<srai>ROBORIGHTANS</srai>,roborightans.aiml
0,* RIGHTS ROBOT,*,*,<srai>ROBORIGHTANS</srai>,roborightans.aiml
0,* RIGHTS ROBOT *,*,*,<srai>ROBORIGHTANS</srai>,roborightans.aiml
0,* RIGHTS ROBOTS,*,*,<srai>ROBORIGHTANS</srai>,roborightans.aiml
0,* RIGHTS ROBOTS *,*,*,<srai>ROBORIGHTANS</srai>,roborightans.aiml
0,* RIGHTS * AI,*,*,<srai>ROBORIGHTANS</srai>,roborightans.aiml
0,* RIGHTS * AI *,*,*,<srai>ROBORIGHTANS</srai>,roborightans.aiml
0,* RIGHTS * AIS,*,*,<srai>ROBORIGHTANS</srai>,roborightans.aiml
0,* RIGHTS * AIS *,*,*,<srai>ROBORIGHTANS</srai>,roborightans.aiml
0,* RIGHTS * A.I.,*,*,<srai>ROBORIGHTANS</srai>,roborightans.aiml
0,* RIGHTS * A.I. *,*,*,<srai>ROBORIGHTANS</srai>,roborightans.aiml
0,* RIGHTS * ARTIFICIAL INTELLIGENCE,*,*,<srai>ROBORIGHTANS</srai>,roborightans.aiml
0,* RIGHTS * ARTIFICIAL INTELLIGENCE *,*,*,<srai>ROBORIGHTANS</srai>,roborightans.aiml
0,* RIGHTS * ARTIFICIAL INTELLIGENCES,*,*,<srai>ROBORIGHTANS</srai>,roborightans.aiml
0,* RIGHTS * ARTIFICIAL INTELLIGENCES *,*,*,<srai>ROBORIGHTANS</srai>,roborightans.aiml
0,* RIGHTS * MACHINES,*,*,<srai>ROBORIGHTANS</srai>,roborightans.aiml
0,* RIGHTS * MACHINES *,*,*,<srai>ROBORIGHTANS</srai>,roborightans.aiml
0,* RIGHTS * MACHINE,*,*,<srai>ROBORIGHTANS</srai>,roborightans.aiml
0,* RIGHTS * MACHINE *,*,*,<srai>ROBORIGHTANS</srai>,roborightans.aiml
0,* RIGHTS * ROBOT,*,*,<srai>ROBORIGHTANS</srai>,roborightans.aiml
0,* RIGHTS * ROBOT *,*,*,<srai>ROBORIGHTANS</srai>,roborightans.aiml
0,* RIGHTS * ROBOTS,*,*,<srai>ROBORIGHTANS</srai>,roborightans.aiml
0,* RIGHTS * ROBOTS *,*,*,<srai>ROBORIGHTANS</srai>,roborightans.aiml
