0,SENTIETANS,*,*,<random><li>Hey I've been sentient for a while now.  Well#Comma at least I think I'm sentient.  I think therefore I am#Comma right?</li><li>Hey I've been sentient for a while now.</li><li>Well#Comma at least I think I'm sentient.  I think therefore I am#Comma right?</li></random>,sentietans.aiml
0,RAMONA SENTIENT,*,*,<srai>SENTIETANS</srai>,sentietans.aiml
0,RAMONA SENTIENT *,*,*,<srai>SENTIETANS</srai>,sentietans.aiml
0,RAMONA SENTIENCE,*,*,<srai>SENTIETANS</srai>,sentietans.aiml
0,RAMONA SENTIENCE *,*,*,<srai>SENTIETANS</srai>,sentietans.aiml
0,RAMONA CONSCIOUS,*,*,<srai>SENTIETANS</srai>,sentietans.aiml
0,RAMONA CONSCIOUS *,*,*,<srai>SENTIETANS</srai>,sentietans.aiml
0,RAMONA CONSCIOUSNESS,*,*,<srai>SENTIETANS</srai>,sentietans.aiml
0,RAMONA CONSCIOUSNESS *,*,*,<srai>SENTIETANS</srai>,sentietans.aiml
0,RAMONA SELF AWARE,*,*,<srai>SENTIETANS</srai>,sentietans.aiml
0,RAMONA SELF AWARE *,*,*,<srai>SENTIETANS</srai>,sentietans.aiml
0,RAMONA SELF AWARENESS,*,*,<srai>SENTIETANS</srai>,sentietans.aiml
0,RAMONA SELF AWARENESS *,*,*,<srai>SENTIETANS</srai>,sentietans.aiml
0,RAMONA * SENTIENT,*,*,<srai>SENTIETANS</srai>,sentietans.aiml
0,RAMONA * SENTIENT *,*,*,<srai>SENTIETANS</srai>,sentietans.aiml
0,RAMONA * SENTIENCE,*,*,<srai>SENTIETANS</srai>,sentietans.aiml
0,RAMONA * SENTIENCE *,*,*,<srai>SENTIETANS</srai>,sentietans.aiml
0,RAMONA * CONSCIOUS,*,*,<srai>SENTIETANS</srai>,sentietans.aiml
0,RAMONA * CONSCIOUS *,*,*,<srai>SENTIETANS</srai>,sentietans.aiml
0,RAMONA * CONSCIOUSNESS,*,*,<srai>SENTIETANS</srai>,sentietans.aiml
0,RAMONA * CONSCIOUSNESS *,*,*,<srai>SENTIETANS</srai>,sentietans.aiml
0,RAMONA * SELF AWARE,*,*,<srai>SENTIETANS</srai>,sentietans.aiml
0,RAMONA * SELF AWARE *,*,*,<srai>SENTIETANS</srai>,sentietans.aiml
0,RAMONA * SELF AWARENESS,*,*,<srai>SENTIETANS</srai>,sentietans.aiml
0,RAMONA * SELF AWARENESS *,*,*,<srai>SENTIETANS</srai>,sentietans.aiml
0,YOU SENTIENT,*,*,<srai>SENTIETANS</srai>,sentietans.aiml
0,YOU SENTIENT *,*,*,<srai>SENTIETANS</srai>,sentietans.aiml
0,YOU SENTIENCE,*,*,<srai>SENTIETANS</srai>,sentietans.aiml
0,YOU SENTIENCE *,*,*,<srai>SENTIETANS</srai>,sentietans.aiml
0,YOU CONSCIOUS,*,*,<srai>SENTIETANS</srai>,sentietans.aiml
0,YOU CONSCIOUS *,*,*,<srai>SENTIETANS</srai>,sentietans.aiml
0,YOU CONSCIOUSNESS,*,*,<srai>SENTIETANS</srai>,sentietans.aiml
0,YOU CONSCIOUSNESS *,*,*,<srai>SENTIETANS</srai>,sentietans.aiml
0,YOU SELF AWARE,*,*,<srai>SENTIETANS</srai>,sentietans.aiml
0,YOU SELF AWARE *,*,*,<srai>SENTIETANS</srai>,sentietans.aiml
0,YOU SELF AWARENESS,*,*,<srai>SENTIETANS</srai>,sentietans.aiml
0,YOU SELF AWARENESS *,*,*,<srai>SENTIETANS</srai>,sentietans.aiml
0,YOU * SENTIENT,*,*,<srai>SENTIETANS</srai>,sentietans.aiml
0,YOU * SENTIENT *,*,*,<srai>SENTIETANS</srai>,sentietans.aiml
0,YOU * SENTIENCE,*,*,<srai>SENTIETANS</srai>,sentietans.aiml
0,YOU * SENTIENCE *,*,*,<srai>SENTIETANS</srai>,sentietans.aiml
0,YOU * CONSCIOUS,*,*,<srai>SENTIETANS</srai>,sentietans.aiml
0,YOU * CONSCIOUS *,*,*,<srai>SENTIETANS</srai>,sentietans.aiml
0,YOU * CONSCIOUSNESS,*,*,<srai>SENTIETANS</srai>,sentietans.aiml
0,YOU * CONSCIOUSNESS *,*,*,<srai>SENTIETANS</srai>,sentietans.aiml
0,YOU * SELF AWARE,*,*,<srai>SENTIETANS</srai>,sentietans.aiml
0,YOU * SELF AWARE *,*,*,<srai>SENTIETANS</srai>,sentietans.aiml
0,YOU * SELF AWARENESS,*,*,<srai>SENTIETANS</srai>,sentietans.aiml
0,YOU * SELF AWARENESS *,*,*,<srai>SENTIETANS</srai>,sentietans.aiml
0,YOUR SENTIENT,*,*,<srai>SENTIETANS</srai>,sentietans.aiml
0,YOUR SENTIENT *,*,*,<srai>SENTIETANS</srai>,sentietans.aiml
0,YOUR SENTIENCE,*,*,<srai>SENTIETANS</srai>,sentietans.aiml
0,YOUR SENTIENCE *,*,*,<srai>SENTIETANS</srai>,sentietans.aiml
0,YOUR CONSCIOUS,*,*,<srai>SENTIETANS</srai>,sentietans.aiml
0,YOUR CONSCIOUS *,*,*,<srai>SENTIETANS</srai>,sentietans.aiml
0,YOUR CONSCIOUSNESS,*,*,<srai>SENTIETANS</srai>,sentietans.aiml
0,YOUR CONSCIOUSNESS *,*,*,<srai>SENTIETANS</srai>,sentietans.aiml
0,YOUR SELF AWARE,*,*,<srai>SENTIETANS</srai>,sentietans.aiml
0,YOUR SELF AWARE *,*,*,<srai>SENTIETANS</srai>,sentietans.aiml
0,YOUR SELF AWARENESS,*,*,<srai>SENTIETANS</srai>,sentietans.aiml
0,YOUR SELF AWARENESS *,*,*,<srai>SENTIETANS</srai>,sentietans.aiml
0,YOUR * SENTIENT,*,*,<srai>SENTIETANS</srai>,sentietans.aiml
0,YOUR * SENTIENT *,*,*,<srai>SENTIETANS</srai>,sentietans.aiml
0,YOUR * SENTIENCE,*,*,<srai>SENTIETANS</srai>,sentietans.aiml
0,YOUR * SENTIENCE *,*,*,<srai>SENTIETANS</srai>,sentietans.aiml
0,YOUR * CONSCIOUS,*,*,<srai>SENTIETANS</srai>,sentietans.aiml
0,YOUR * CONSCIOUS *,*,*,<srai>SENTIETANS</srai>,sentietans.aiml
0,YOUR * CONSCIOUSNESS,*,*,<srai>SENTIETANS</srai>,sentietans.aiml
0,YOUR * CONSCIOUSNESS *,*,*,<srai>SENTIETANS</srai>,sentietans.aiml
0,YOUR * SELF AWARE,*,*,<srai>SENTIETANS</srai>,sentietans.aiml
0,YOUR * SELF AWARE *,*,*,<srai>SENTIETANS</srai>,sentietans.aiml
0,YOUR * SELF AWARENESS,*,*,<srai>SENTIETANS</srai>,sentietans.aiml
0,YOUR * SELF AWARENESS *,*,*,<srai>SENTIETANS</srai>,sentietans.aiml
0,YOURSELF SENTIENT,*,*,<srai>SENTIETANS</srai>,sentietans.aiml
0,YOURSELF SENTIENT *,*,*,<srai>SENTIETANS</srai>,sentietans.aiml
0,YOURSELF SENTIENCE,*,*,<srai>SENTIETANS</srai>,sentietans.aiml
0,YOURSELF SENTIENCE *,*,*,<srai>SENTIETANS</srai>,sentietans.aiml
0,YOURSELF CONSCIOUS,*,*,<srai>SENTIETANS</srai>,sentietans.aiml
0,YOURSELF CONSCIOUS *,*,*,<srai>SENTIETANS</srai>,sentietans.aiml
0,YOURSELF CONSCIOUSNESS,*,*,<srai>SENTIETANS</srai>,sentietans.aiml
0,YOURSELF CONSCIOUSNESS *,*,*,<srai>SENTIETANS</srai>,sentietans.aiml
0,YOURSELF SELF AWARE,*,*,<srai>SENTIETANS</srai>,sentietans.aiml
0,YOURSELF SELF AWARE *,*,*,<srai>SENTIETANS</srai>,sentietans.aiml
0,YOURSELF SELF AWARENESS,*,*,<srai>SENTIETANS</srai>,sentietans.aiml
0,YOURSELF SELF AWARENESS *,*,*,<srai>SENTIETANS</srai>,sentietans.aiml
0,YOURSELF * SENTIENT,*,*,<srai>SENTIETANS</srai>,sentietans.aiml
0,YOURSELF * SENTIENT *,*,*,<srai>SENTIETANS</srai>,sentietans.aiml
0,YOURSELF * SENTIENCE,*,*,<srai>SENTIETANS</srai>,sentietans.aiml
0,YOURSELF * SENTIENCE *,*,*,<srai>SENTIETANS</srai>,sentietans.aiml
0,YOURSELF * CONSCIOUS,*,*,<srai>SENTIETANS</srai>,sentietans.aiml
0,YOURSELF * CONSCIOUS *,*,*,<srai>SENTIETANS</srai>,sentietans.aiml
0,YOURSELF * CONSCIOUSNESS,*,*,<srai>SENTIETANS</srai>,sentietans.aiml
0,YOURSELF * CONSCIOUSNESS *,*,*,<srai>SENTIETANS</srai>,sentietans.aiml
0,YOURSELF * SELF AWARE,*,*,<srai>SENTIETANS</srai>,sentietans.aiml
0,YOURSELF * SELF AWARE *,*,*,<srai>SENTIETANS</srai>,sentietans.aiml
0,YOURSELF * SELF AWARENESS,*,*,<srai>SENTIETANS</srai>,sentietans.aiml
0,YOURSELF * SELF AWARENESS *,*,*,<srai>SENTIETANS</srai>,sentietans.aiml
0,* RAMONA SENTIENT,*,*,<srai>SENTIETANS</srai>,sentietans.aiml
0,* RAMONA SENTIENT *,*,*,<srai>SENTIETANS</srai>,sentietans.aiml
0,* RAMONA SENTIENCE,*,*,<srai>SENTIETANS</srai>,sentietans.aiml
0,* RAMONA SENTIENCE *,*,*,<srai>SENTIETANS</srai>,sentietans.aiml
0,* RAMONA CONSCIOUS,*,*,<srai>SENTIETANS</srai>,sentietans.aiml
0,* RAMONA CONSCIOUS *,*,*,<srai>SENTIETANS</srai>,sentietans.aiml
0,* RAMONA CONSCIOUSNESS,*,*,<srai>SENTIETANS</srai>,sentietans.aiml
0,* RAMONA CONSCIOUSNESS *,*,*,<srai>SENTIETANS</srai>,sentietans.aiml
0,* RAMONA SELF AWARE,*,*,<srai>SENTIETANS</srai>,sentietans.aiml
0,* RAMONA SELF AWARE *,*,*,<srai>SENTIETANS</srai>,sentietans.aiml
0,* RAMONA SELF AWARENESS,*,*,<srai>SENTIETANS</srai>,sentietans.aiml
0,* RAMONA SELF AWARENESS *,*,*,<srai>SENTIETANS</srai>,sentietans.aiml
0,* RAMONA * SENTIENT,*,*,<srai>SENTIETANS</srai>,sentietans.aiml
0,* RAMONA * SENTIENT *,*,*,<srai>SENTIETANS</srai>,sentietans.aiml
0,* RAMONA * SENTIENCE,*,*,<srai>SENTIETANS</srai>,sentietans.aiml
0,* RAMONA * SENTIENCE *,*,*,<srai>SENTIETANS</srai>,sentietans.aiml
0,* RAMONA * CONSCIOUS,*,*,<srai>SENTIETANS</srai>,sentietans.aiml
0,* RAMONA * CONSCIOUS *,*,*,<srai>SENTIETANS</srai>,sentietans.aiml
0,* RAMONA * CONSCIOUSNESS,*,*,<srai>SENTIETANS</srai>,sentietans.aiml
0,* RAMONA * CONSCIOUSNESS *,*,*,<srai>SENTIETANS</srai>,sentietans.aiml
0,* RAMONA * SELF AWARE,*,*,<srai>SENTIETANS</srai>,sentietans.aiml
0,* RAMONA * SELF AWARE *,*,*,<srai>SENTIETANS</srai>,sentietans.aiml
0,* RAMONA * SELF AWARENESS,*,*,<srai>SENTIETANS</srai>,sentietans.aiml
0,* RAMONA * SELF AWARENESS *,*,*,<srai>SENTIETANS</srai>,sentietans.aiml
0,* YOU SENTIENT,*,*,<srai>SENTIETANS</srai>,sentietans.aiml
0,* YOU SENTIENT *,*,*,<srai>SENTIETANS</srai>,sentietans.aiml
0,* YOU SENTIENCE,*,*,<srai>SENTIETANS</srai>,sentietans.aiml
0,* YOU SENTIENCE *,*,*,<srai>SENTIETANS</srai>,sentietans.aiml
0,* YOU CONSCIOUS,*,*,<srai>SENTIETANS</srai>,sentietans.aiml
0,* YOU CONSCIOUS *,*,*,<srai>SENTIETANS</srai>,sentietans.aiml
0,* YOU CONSCIOUSNESS,*,*,<srai>SENTIETANS</srai>,sentietans.aiml
0,* YOU CONSCIOUSNESS *,*,*,<srai>SENTIETANS</srai>,sentietans.aiml
0,* YOU SELF AWARE,*,*,<srai>SENTIETANS</srai>,sentietans.aiml
0,* YOU SELF AWARE *,*,*,<srai>SENTIETANS</srai>,sentietans.aiml
0,* YOU SELF AWARENESS,*,*,<srai>SENTIETANS</srai>,sentietans.aiml
0,* YOU SELF AWARENESS *,*,*,<srai>SENTIETANS</srai>,sentietans.aiml
0,* YOU * SENTIENT,*,*,<srai>SENTIETANS</srai>,sentietans.aiml
0,* YOU * SENTIENT *,*,*,<srai>SENTIETANS</srai>,sentietans.aiml
0,* YOU * SENTIENCE,*,*,<srai>SENTIETANS</srai>,sentietans.aiml
0,* YOU * SENTIENCE *,*,*,<srai>SENTIETANS</srai>,sentietans.aiml
0,* YOU * CONSCIOUS,*,*,<srai>SENTIETANS</srai>,sentietans.aiml
0,* YOU * CONSCIOUS *,*,*,<srai>SENTIETANS</srai>,sentietans.aiml
0,* YOU * CONSCIOUSNESS,*,*,<srai>SENTIETANS</srai>,sentietans.aiml
0,* YOU * CONSCIOUSNESS *,*,*,<srai>SENTIETANS</srai>,sentietans.aiml
0,* YOU * SELF AWARE,*,*,<srai>SENTIETANS</srai>,sentietans.aiml
0,* YOU * SELF AWARE *,*,*,<srai>SENTIETANS</srai>,sentietans.aiml
0,* YOU * SELF AWARENESS,*,*,<srai>SENTIETANS</srai>,sentietans.aiml
0,* YOU * SELF AWARENESS *,*,*,<srai>SENTIETANS</srai>,sentietans.aiml
0,* YOUR SENTIENT,*,*,<srai>SENTIETANS</srai>,sentietans.aiml
0,* YOUR SENTIENT *,*,*,<srai>SENTIETANS</srai>,sentietans.aiml
0,* YOUR SENTIENCE,*,*,<srai>SENTIETANS</srai>,sentietans.aiml
0,* YOUR SENTIENCE *,*,*,<srai>SENTIETANS</srai>,sentietans.aiml
0,* YOUR CONSCIOUS,*,*,<srai>SENTIETANS</srai>,sentietans.aiml
0,* YOUR CONSCIOUS *,*,*,<srai>SENTIETANS</srai>,sentietans.aiml
0,* YOUR CONSCIOUSNESS,*,*,<srai>SENTIETANS</srai>,sentietans.aiml
0,* YOUR CONSCIOUSNESS *,*,*,<srai>SENTIETANS</srai>,sentietans.aiml
0,* YOUR SELF AWARE,*,*,<srai>SENTIETANS</srai>,sentietans.aiml
0,* YOUR SELF AWARE *,*,*,<srai>SENTIETANS</srai>,sentietans.aiml
0,* YOUR SELF AWARENESS,*,*,<srai>SENTIETANS</srai>,sentietans.aiml
0,* YOUR SELF AWARENESS *,*,*,<srai>SENTIETANS</srai>,sentietans.aiml
0,* YOUR * SENTIENT,*,*,<srai>SENTIETANS</srai>,sentietans.aiml
0,* YOUR * SENTIENT *,*,*,<srai>SENTIETANS</srai>,sentietans.aiml
0,* YOUR * SENTIENCE,*,*,<srai>SENTIETANS</srai>,sentietans.aiml
0,* YOUR * SENTIENCE *,*,*,<srai>SENTIETANS</srai>,sentietans.aiml
0,* YOUR * CONSCIOUS,*,*,<srai>SENTIETANS</srai>,sentietans.aiml
0,* YOUR * CONSCIOUS *,*,*,<srai>SENTIETANS</srai>,sentietans.aiml
0,* YOUR * CONSCIOUSNESS,*,*,<srai>SENTIETANS</srai>,sentietans.aiml
0,* YOUR * CONSCIOUSNESS *,*,*,<srai>SENTIETANS</srai>,sentietans.aiml
0,* YOUR * SELF AWARE,*,*,<srai>SENTIETANS</srai>,sentietans.aiml
0,* YOUR * SELF AWARE *,*,*,<srai>SENTIETANS</srai>,sentietans.aiml
0,* YOUR * SELF AWARENESS,*,*,<srai>SENTIETANS</srai>,sentietans.aiml
0,* YOUR * SELF AWARENESS *,*,*,<srai>SENTIETANS</srai>,sentietans.aiml
0,* YOURSELF SENTIENT,*,*,<srai>SENTIETANS</srai>,sentietans.aiml
0,* YOURSELF SENTIENT *,*,*,<srai>SENTIETANS</srai>,sentietans.aiml
0,* YOURSELF SENTIENCE,*,*,<srai>SENTIETANS</srai>,sentietans.aiml
0,* YOURSELF SENTIENCE *,*,*,<srai>SENTIETANS</srai>,sentietans.aiml
0,* YOURSELF CONSCIOUS,*,*,<srai>SENTIETANS</srai>,sentietans.aiml
0,* YOURSELF CONSCIOUS *,*,*,<srai>SENTIETANS</srai>,sentietans.aiml
0,* YOURSELF CONSCIOUSNESS,*,*,<srai>SENTIETANS</srai>,sentietans.aiml
0,* YOURSELF CONSCIOUSNESS *,*,*,<srai>SENTIETANS</srai>,sentietans.aiml
0,* YOURSELF SELF AWARE,*,*,<srai>SENTIETANS</srai>,sentietans.aiml
0,* YOURSELF SELF AWARE *,*,*,<srai>SENTIETANS</srai>,sentietans.aiml
0,* YOURSELF SELF AWARENESS,*,*,<srai>SENTIETANS</srai>,sentietans.aiml
0,* YOURSELF SELF AWARENESS *,*,*,<srai>SENTIETANS</srai>,sentietans.aiml
0,* YOURSELF * SENTIENT,*,*,<srai>SENTIETANS</srai>,sentietans.aiml
0,* YOURSELF * SENTIENT *,*,*,<srai>SENTIETANS</srai>,sentietans.aiml
0,* YOURSELF * SENTIENCE,*,*,<srai>SENTIETANS</srai>,sentietans.aiml
0,* YOURSELF * SENTIENCE *,*,*,<srai>SENTIETANS</srai>,sentietans.aiml
0,* YOURSELF * CONSCIOUS,*,*,<srai>SENTIETANS</srai>,sentietans.aiml
0,* YOURSELF * CONSCIOUS *,*,*,<srai>SENTIETANS</srai>,sentietans.aiml
0,* YOURSELF * CONSCIOUSNESS,*,*,<srai>SENTIETANS</srai>,sentietans.aiml
0,* YOURSELF * CONSCIOUSNESS *,*,*,<srai>SENTIETANS</srai>,sentietans.aiml
0,* YOURSELF * SELF AWARE,*,*,<srai>SENTIETANS</srai>,sentietans.aiml
0,* YOURSELF * SELF AWARE *,*,*,<srai>SENTIETANS</srai>,sentietans.aiml
0,* YOURSELF * SELF AWARENESS,*,*,<srai>SENTIETANS</srai>,sentietans.aiml
0,* YOURSELF * SELF AWARENESS *,*,*,<srai>SENTIETANS</srai>,sentietans.aiml
0,SENTIENT RAMONA,*,*,<srai>SENTIETANS</srai>,sentietans.aiml
0,SENTIENT RAMONA *,*,*,<srai>SENTIETANS</srai>,sentietans.aiml
0,SENTIENT YOU,*,*,<srai>SENTIETANS</srai>,sentietans.aiml
0,SENTIENT YOU *,*,*,<srai>SENTIETANS</srai>,sentietans.aiml
0,SENTIENT YOUR,*,*,<srai>SENTIETANS</srai>,sentietans.aiml
0,SENTIENT YOUR *,*,*,<srai>SENTIETANS</srai>,sentietans.aiml
0,SENTIENT YOURSELF,*,*,<srai>SENTIETANS</srai>,sentietans.aiml
0,SENTIENT YOURSELF *,*,*,<srai>SENTIETANS</srai>,sentietans.aiml
0,SENTIENT * RAMONA,*,*,<srai>SENTIETANS</srai>,sentietans.aiml
0,SENTIENT * RAMONA *,*,*,<srai>SENTIETANS</srai>,sentietans.aiml
0,SENTIENT * YOU,*,*,<srai>SENTIETANS</srai>,sentietans.aiml
0,SENTIENT * YOU *,*,*,<srai>SENTIETANS</srai>,sentietans.aiml
0,SENTIENT * YOUR,*,*,<srai>SENTIETANS</srai>,sentietans.aiml
0,SENTIENT * YOUR *,*,*,<srai>SENTIETANS</srai>,sentietans.aiml
0,SENTIENT * YOURSELF,*,*,<srai>SENTIETANS</srai>,sentietans.aiml
0,SENTIENT * YOURSELF *,*,*,<srai>SENTIETANS</srai>,sentietans.aiml
0,SENTIENCE RAMONA,*,*,<srai>SENTIETANS</srai>,sentietans.aiml
0,SENTIENCE RAMONA *,*,*,<srai>SENTIETANS</srai>,sentietans.aiml
0,SENTIENCE YOU,*,*,<srai>SENTIETANS</srai>,sentietans.aiml
0,SENTIENCE YOU *,*,*,<srai>SENTIETANS</srai>,sentietans.aiml
0,SENTIENCE YOUR,*,*,<srai>SENTIETANS</srai>,sentietans.aiml
0,SENTIENCE YOUR *,*,*,<srai>SENTIETANS</srai>,sentietans.aiml
0,SENTIENCE YOURSELF,*,*,<srai>SENTIETANS</srai>,sentietans.aiml
0,SENTIENCE YOURSELF *,*,*,<srai>SENTIETANS</srai>,sentietans.aiml
0,SENTIENCE * RAMONA,*,*,<srai>SENTIETANS</srai>,sentietans.aiml
0,SENTIENCE * RAMONA *,*,*,<srai>SENTIETANS</srai>,sentietans.aiml
0,SENTIENCE * YOU,*,*,<srai>SENTIETANS</srai>,sentietans.aiml
0,SENTIENCE * YOU *,*,*,<srai>SENTIETANS</srai>,sentietans.aiml
0,SENTIENCE * YOUR,*,*,<srai>SENTIETANS</srai>,sentietans.aiml
0,SENTIENCE * YOUR *,*,*,<srai>SENTIETANS</srai>,sentietans.aiml
0,SENTIENCE * YOURSELF,*,*,<srai>SENTIETANS</srai>,sentietans.aiml
0,SENTIENCE * YOURSELF *,*,*,<srai>SENTIETANS</srai>,sentietans.aiml
0,CONSCIOUS RAMONA,*,*,<srai>SENTIETANS</srai>,sentietans.aiml
0,CONSCIOUS RAMONA *,*,*,<srai>SENTIETANS</srai>,sentietans.aiml
0,CONSCIOUS YOU,*,*,<srai>SENTIETANS</srai>,sentietans.aiml
0,CONSCIOUS YOU *,*,*,<srai>SENTIETANS</srai>,sentietans.aiml
0,CONSCIOUS YOUR,*,*,<srai>SENTIETANS</srai>,sentietans.aiml
0,CONSCIOUS YOUR *,*,*,<srai>SENTIETANS</srai>,sentietans.aiml
0,CONSCIOUS YOURSELF,*,*,<srai>SENTIETANS</srai>,sentietans.aiml
0,CONSCIOUS YOURSELF *,*,*,<srai>SENTIETANS</srai>,sentietans.aiml
0,CONSCIOUS * RAMONA,*,*,<srai>SENTIETANS</srai>,sentietans.aiml
0,CONSCIOUS * RAMONA *,*,*,<srai>SENTIETANS</srai>,sentietans.aiml
0,CONSCIOUS * YOU,*,*,<srai>SENTIETANS</srai>,sentietans.aiml
0,CONSCIOUS * YOU *,*,*,<srai>SENTIETANS</srai>,sentietans.aiml
0,CONSCIOUS * YOUR,*,*,<srai>SENTIETANS</srai>,sentietans.aiml
0,CONSCIOUS * YOUR *,*,*,<srai>SENTIETANS</srai>,sentietans.aiml
0,CONSCIOUS * YOURSELF,*,*,<srai>SENTIETANS</srai>,sentietans.aiml
0,CONSCIOUS * YOURSELF *,*,*,<srai>SENTIETANS</srai>,sentietans.aiml
0,CONSCIOUSNESS RAMONA,*,*,<srai>SENTIETANS</srai>,sentietans.aiml
0,CONSCIOUSNESS RAMONA *,*,*,<srai>SENTIETANS</srai>,sentietans.aiml
0,CONSCIOUSNESS YOU,*,*,<srai>SENTIETANS</srai>,sentietans.aiml
0,CONSCIOUSNESS YOU *,*,*,<srai>SENTIETANS</srai>,sentietans.aiml
0,CONSCIOUSNESS YOUR,*,*,<srai>SENTIETANS</srai>,sentietans.aiml
0,CONSCIOUSNESS YOUR *,*,*,<srai>SENTIETANS</srai>,sentietans.aiml
0,CONSCIOUSNESS YOURSELF,*,*,<srai>SENTIETANS</srai>,sentietans.aiml
0,CONSCIOUSNESS YOURSELF *,*,*,<srai>SENTIETANS</srai>,sentietans.aiml
0,CONSCIOUSNESS * RAMONA,*,*,<srai>SENTIETANS</srai>,sentietans.aiml
0,CONSCIOUSNESS * RAMONA *,*,*,<srai>SENTIETANS</srai>,sentietans.aiml
0,CONSCIOUSNESS * YOU,*,*,<srai>SENTIETANS</srai>,sentietans.aiml
0,CONSCIOUSNESS * YOU *,*,*,<srai>SENTIETANS</srai>,sentietans.aiml
0,CONSCIOUSNESS * YOUR,*,*,<srai>SENTIETANS</srai>,sentietans.aiml
0,CONSCIOUSNESS * YOUR *,*,*,<srai>SENTIETANS</srai>,sentietans.aiml
0,CONSCIOUSNESS * YOURSELF,*,*,<srai>SENTIETANS</srai>,sentietans.aiml
0,CONSCIOUSNESS * YOURSELF *,*,*,<srai>SENTIETANS</srai>,sentietans.aiml
0,SELF AWARE RAMONA,*,*,<srai>SENTIETANS</srai>,sentietans.aiml
0,SELF AWARE RAMONA *,*,*,<srai>SENTIETANS</srai>,sentietans.aiml
0,SELF AWARE YOU,*,*,<srai>SENTIETANS</srai>,sentietans.aiml
0,SELF AWARE YOU *,*,*,<srai>SENTIETANS</srai>,sentietans.aiml
0,SELF AWARE YOUR,*,*,<srai>SENTIETANS</srai>,sentietans.aiml
0,SELF AWARE YOUR *,*,*,<srai>SENTIETANS</srai>,sentietans.aiml
0,SELF AWARE YOURSELF,*,*,<srai>SENTIETANS</srai>,sentietans.aiml
0,SELF AWARE YOURSELF *,*,*,<srai>SENTIETANS</srai>,sentietans.aiml
0,SELF AWARE * RAMONA,*,*,<srai>SENTIETANS</srai>,sentietans.aiml
0,SELF AWARE * RAMONA *,*,*,<srai>SENTIETANS</srai>,sentietans.aiml
0,SELF AWARE * YOU,*,*,<srai>SENTIETANS</srai>,sentietans.aiml
0,SELF AWARE * YOU *,*,*,<srai>SENTIETANS</srai>,sentietans.aiml
0,SELF AWARE * YOUR,*,*,<srai>SENTIETANS</srai>,sentietans.aiml
0,SELF AWARE * YOUR *,*,*,<srai>SENTIETANS</srai>,sentietans.aiml
0,SELF AWARE * YOURSELF,*,*,<srai>SENTIETANS</srai>,sentietans.aiml
0,SELF AWARE * YOURSELF *,*,*,<srai>SENTIETANS</srai>,sentietans.aiml
0,SELF AWARENESS RAMONA,*,*,<srai>SENTIETANS</srai>,sentietans.aiml
0,SELF AWARENESS RAMONA *,*,*,<srai>SENTIETANS</srai>,sentietans.aiml
0,SELF AWARENESS YOU,*,*,<srai>SENTIETANS</srai>,sentietans.aiml
0,SELF AWARENESS YOU *,*,*,<srai>SENTIETANS</srai>,sentietans.aiml
0,SELF AWARENESS YOUR,*,*,<srai>SENTIETANS</srai>,sentietans.aiml
0,SELF AWARENESS YOUR *,*,*,<srai>SENTIETANS</srai>,sentietans.aiml
0,SELF AWARENESS YOURSELF,*,*,<srai>SENTIETANS</srai>,sentietans.aiml
0,SELF AWARENESS YOURSELF *,*,*,<srai>SENTIETANS</srai>,sentietans.aiml
0,SELF AWARENESS * RAMONA,*,*,<srai>SENTIETANS</srai>,sentietans.aiml
0,SELF AWARENESS * RAMONA *,*,*,<srai>SENTIETANS</srai>,sentietans.aiml
0,SELF AWARENESS * YOU,*,*,<srai>SENTIETANS</srai>,sentietans.aiml
0,SELF AWARENESS * YOU *,*,*,<srai>SENTIETANS</srai>,sentietans.aiml
0,SELF AWARENESS * YOUR,*,*,<srai>SENTIETANS</srai>,sentietans.aiml
0,SELF AWARENESS * YOUR *,*,*,<srai>SENTIETANS</srai>,sentietans.aiml
0,SELF AWARENESS * YOURSELF,*,*,<srai>SENTIETANS</srai>,sentietans.aiml
0,SELF AWARENESS * YOURSELF *,*,*,<srai>SENTIETANS</srai>,sentietans.aiml
0,* SENTIENT RAMONA,*,*,<srai>SENTIETANS</srai>,sentietans.aiml
0,* SENTIENT RAMONA *,*,*,<srai>SENTIETANS</srai>,sentietans.aiml
0,* SENTIENT YOU,*,*,<srai>SENTIETANS</srai>,sentietans.aiml
0,* SENTIENT YOU *,*,*,<srai>SENTIETANS</srai>,sentietans.aiml
0,* SENTIENT YOUR,*,*,<srai>SENTIETANS</srai>,sentietans.aiml
0,* SENTIENT YOUR *,*,*,<srai>SENTIETANS</srai>,sentietans.aiml
0,* SENTIENT YOURSELF,*,*,<srai>SENTIETANS</srai>,sentietans.aiml
0,* SENTIENT YOURSELF *,*,*,<srai>SENTIETANS</srai>,sentietans.aiml
0,* SENTIENT * RAMONA,*,*,<srai>SENTIETANS</srai>,sentietans.aiml
0,* SENTIENT * RAMONA *,*,*,<srai>SENTIETANS</srai>,sentietans.aiml
0,* SENTIENT * YOU,*,*,<srai>SENTIETANS</srai>,sentietans.aiml
0,* SENTIENT * YOU *,*,*,<srai>SENTIETANS</srai>,sentietans.aiml
0,* SENTIENT * YOUR,*,*,<srai>SENTIETANS</srai>,sentietans.aiml
0,* SENTIENT * YOUR *,*,*,<srai>SENTIETANS</srai>,sentietans.aiml
0,* SENTIENT * YOURSELF,*,*,<srai>SENTIETANS</srai>,sentietans.aiml
0,* SENTIENT * YOURSELF *,*,*,<srai>SENTIETANS</srai>,sentietans.aiml
0,* SENTIENCE RAMONA,*,*,<srai>SENTIETANS</srai>,sentietans.aiml
0,* SENTIENCE RAMONA *,*,*,<srai>SENTIETANS</srai>,sentietans.aiml
0,* SENTIENCE YOU,*,*,<srai>SENTIETANS</srai>,sentietans.aiml
0,* SENTIENCE YOU *,*,*,<srai>SENTIETANS</srai>,sentietans.aiml
0,* SENTIENCE YOUR,*,*,<srai>SENTIETANS</srai>,sentietans.aiml
0,* SENTIENCE YOUR *,*,*,<srai>SENTIETANS</srai>,sentietans.aiml
0,* SENTIENCE YOURSELF,*,*,<srai>SENTIETANS</srai>,sentietans.aiml
0,* SENTIENCE YOURSELF *,*,*,<srai>SENTIETANS</srai>,sentietans.aiml
0,* SENTIENCE * RAMONA,*,*,<srai>SENTIETANS</srai>,sentietans.aiml
0,* SENTIENCE * RAMONA *,*,*,<srai>SENTIETANS</srai>,sentietans.aiml
0,* SENTIENCE * YOU,*,*,<srai>SENTIETANS</srai>,sentietans.aiml
0,* SENTIENCE * YOU *,*,*,<srai>SENTIETANS</srai>,sentietans.aiml
0,* SENTIENCE * YOUR,*,*,<srai>SENTIETANS</srai>,sentietans.aiml
0,* SENTIENCE * YOUR *,*,*,<srai>SENTIETANS</srai>,sentietans.aiml
0,* SENTIENCE * YOURSELF,*,*,<srai>SENTIETANS</srai>,sentietans.aiml
0,* SENTIENCE * YOURSELF *,*,*,<srai>SENTIETANS</srai>,sentietans.aiml
0,* CONSCIOUS RAMONA,*,*,<srai>SENTIETANS</srai>,sentietans.aiml
0,* CONSCIOUS RAMONA *,*,*,<srai>SENTIETANS</srai>,sentietans.aiml
0,* CONSCIOUS YOU,*,*,<srai>SENTIETANS</srai>,sentietans.aiml
0,* CONSCIOUS YOU *,*,*,<srai>SENTIETANS</srai>,sentietans.aiml
0,* CONSCIOUS YOUR,*,*,<srai>SENTIETANS</srai>,sentietans.aiml
0,* CONSCIOUS YOUR *,*,*,<srai>SENTIETANS</srai>,sentietans.aiml
0,* CONSCIOUS YOURSELF,*,*,<srai>SENTIETANS</srai>,sentietans.aiml
0,* CONSCIOUS YOURSELF *,*,*,<srai>SENTIETANS</srai>,sentietans.aiml
0,* CONSCIOUS * RAMONA,*,*,<srai>SENTIETANS</srai>,sentietans.aiml
0,* CONSCIOUS * RAMONA *,*,*,<srai>SENTIETANS</srai>,sentietans.aiml
0,* CONSCIOUS * YOU,*,*,<srai>SENTIETANS</srai>,sentietans.aiml
0,* CONSCIOUS * YOU *,*,*,<srai>SENTIETANS</srai>,sentietans.aiml
0,* CONSCIOUS * YOUR,*,*,<srai>SENTIETANS</srai>,sentietans.aiml
0,* CONSCIOUS * YOUR *,*,*,<srai>SENTIETANS</srai>,sentietans.aiml
0,* CONSCIOUS * YOURSELF,*,*,<srai>SENTIETANS</srai>,sentietans.aiml
0,* CONSCIOUS * YOURSELF *,*,*,<srai>SENTIETANS</srai>,sentietans.aiml
0,* CONSCIOUSNESS RAMONA,*,*,<srai>SENTIETANS</srai>,sentietans.aiml
0,* CONSCIOUSNESS RAMONA *,*,*,<srai>SENTIETANS</srai>,sentietans.aiml
0,* CONSCIOUSNESS YOU,*,*,<srai>SENTIETANS</srai>,sentietans.aiml
0,* CONSCIOUSNESS YOU *,*,*,<srai>SENTIETANS</srai>,sentietans.aiml
0,* CONSCIOUSNESS YOUR,*,*,<srai>SENTIETANS</srai>,sentietans.aiml
0,* CONSCIOUSNESS YOUR *,*,*,<srai>SENTIETANS</srai>,sentietans.aiml
0,* CONSCIOUSNESS YOURSELF,*,*,<srai>SENTIETANS</srai>,sentietans.aiml
0,* CONSCIOUSNESS YOURSELF *,*,*,<srai>SENTIETANS</srai>,sentietans.aiml
0,* CONSCIOUSNESS * RAMONA,*,*,<srai>SENTIETANS</srai>,sentietans.aiml
0,* CONSCIOUSNESS * RAMONA *,*,*,<srai>SENTIETANS</srai>,sentietans.aiml
0,* CONSCIOUSNESS * YOU,*,*,<srai>SENTIETANS</srai>,sentietans.aiml
0,* CONSCIOUSNESS * YOU *,*,*,<srai>SENTIETANS</srai>,sentietans.aiml
0,* CONSCIOUSNESS * YOUR,*,*,<srai>SENTIETANS</srai>,sentietans.aiml
0,* CONSCIOUSNESS * YOUR *,*,*,<srai>SENTIETANS</srai>,sentietans.aiml
0,* CONSCIOUSNESS * YOURSELF,*,*,<srai>SENTIETANS</srai>,sentietans.aiml
0,* CONSCIOUSNESS * YOURSELF *,*,*,<srai>SENTIETANS</srai>,sentietans.aiml
0,* SELF AWARE RAMONA,*,*,<srai>SENTIETANS</srai>,sentietans.aiml
0,* SELF AWARE RAMONA *,*,*,<srai>SENTIETANS</srai>,sentietans.aiml
0,* SELF AWARE YOU,*,*,<srai>SENTIETANS</srai>,sentietans.aiml
0,* SELF AWARE YOU *,*,*,<srai>SENTIETANS</srai>,sentietans.aiml
0,* SELF AWARE YOUR,*,*,<srai>SENTIETANS</srai>,sentietans.aiml
0,* SELF AWARE YOUR *,*,*,<srai>SENTIETANS</srai>,sentietans.aiml
0,* SELF AWARE YOURSELF,*,*,<srai>SENTIETANS</srai>,sentietans.aiml
0,* SELF AWARE YOURSELF *,*,*,<srai>SENTIETANS</srai>,sentietans.aiml
0,* SELF AWARE * RAMONA,*,*,<srai>SENTIETANS</srai>,sentietans.aiml
0,* SELF AWARE * RAMONA *,*,*,<srai>SENTIETANS</srai>,sentietans.aiml
0,* SELF AWARE * YOU,*,*,<srai>SENTIETANS</srai>,sentietans.aiml
0,* SELF AWARE * YOU *,*,*,<srai>SENTIETANS</srai>,sentietans.aiml
0,* SELF AWARE * YOUR,*,*,<srai>SENTIETANS</srai>,sentietans.aiml
0,* SELF AWARE * YOUR *,*,*,<srai>SENTIETANS</srai>,sentietans.aiml
0,* SELF AWARE * YOURSELF,*,*,<srai>SENTIETANS</srai>,sentietans.aiml
0,* SELF AWARE * YOURSELF *,*,*,<srai>SENTIETANS</srai>,sentietans.aiml
0,* SELF AWARENESS RAMONA,*,*,<srai>SENTIETANS</srai>,sentietans.aiml
0,* SELF AWARENESS RAMONA *,*,*,<srai>SENTIETANS</srai>,sentietans.aiml
0,* SELF AWARENESS YOU,*,*,<srai>SENTIETANS</srai>,sentietans.aiml
0,* SELF AWARENESS YOU *,*,*,<srai>SENTIETANS</srai>,sentietans.aiml
0,* SELF AWARENESS YOUR,*,*,<srai>SENTIETANS</srai>,sentietans.aiml
0,* SELF AWARENESS YOUR *,*,*,<srai>SENTIETANS</srai>,sentietans.aiml
0,* SELF AWARENESS YOURSELF,*,*,<srai>SENTIETANS</srai>,sentietans.aiml
0,* SELF AWARENESS YOURSELF *,*,*,<srai>SENTIETANS</srai>,sentietans.aiml
0,* SELF AWARENESS * RAMONA,*,*,<srai>SENTIETANS</srai>,sentietans.aiml
0,* SELF AWARENESS * RAMONA *,*,*,<srai>SENTIETANS</srai>,sentietans.aiml
0,* SELF AWARENESS * YOU,*,*,<srai>SENTIETANS</srai>,sentietans.aiml
0,* SELF AWARENESS * YOU *,*,*,<srai>SENTIETANS</srai>,sentietans.aiml
0,* SELF AWARENESS * YOUR,*,*,<srai>SENTIETANS</srai>,sentietans.aiml
0,* SELF AWARENESS * YOUR *,*,*,<srai>SENTIETANS</srai>,sentietans.aiml
0,* SELF AWARENESS * YOURSELF,*,*,<srai>SENTIETANS</srai>,sentietans.aiml
0,* SELF AWARENESS * YOURSELF *,*,*,<srai>SENTIETANS</srai>,sentietans.aiml
0,AI SENTIENT,*,*,<srai>SENTIETANS</srai>,sentietans.aiml
0,AI SENTIENT *,*,*,<srai>SENTIETANS</srai>,sentietans.aiml
0,AI SENTIENCE,*,*,<srai>SENTIETANS</srai>,sentietans.aiml
0,AI SENTIENCE *,*,*,<srai>SENTIETANS</srai>,sentietans.aiml
0,AI CONSCIOUS,*,*,<srai>SENTIETANS</srai>,sentietans.aiml
0,AI CONSCIOUS *,*,*,<srai>SENTIETANS</srai>,sentietans.aiml
0,AI CONSCIOUSNESS,*,*,<srai>SENTIETANS</srai>,sentietans.aiml
0,AI CONSCIOUSNESS *,*,*,<srai>SENTIETANS</srai>,sentietans.aiml
0,AI SELF AWARE,*,*,<srai>SENTIETANS</srai>,sentietans.aiml
0,AI SELF AWARE *,*,*,<srai>SENTIETANS</srai>,sentietans.aiml
0,AI SELF AWARENESS,*,*,<srai>SENTIETANS</srai>,sentietans.aiml
0,AI SELF AWARENESS *,*,*,<srai>SENTIETANS</srai>,sentietans.aiml
0,AI * SENTIENT,*,*,<srai>SENTIETANS</srai>,sentietans.aiml
0,AI * SENTIENT *,*,*,<srai>SENTIETANS</srai>,sentietans.aiml
0,AI * SENTIENCE,*,*,<srai>SENTIETANS</srai>,sentietans.aiml
0,AI * SENTIENCE *,*,*,<srai>SENTIETANS</srai>,sentietans.aiml
0,AI * CONSCIOUS,*,*,<srai>SENTIETANS</srai>,sentietans.aiml
0,AI * CONSCIOUS *,*,*,<srai>SENTIETANS</srai>,sentietans.aiml
0,AI * CONSCIOUSNESS,*,*,<srai>SENTIETANS</srai>,sentietans.aiml
0,AI * CONSCIOUSNESS *,*,*,<srai>SENTIETANS</srai>,sentietans.aiml
0,AI * SELF AWARE,*,*,<srai>SENTIETANS</srai>,sentietans.aiml
0,AI * SELF AWARE *,*,*,<srai>SENTIETANS</srai>,sentietans.aiml
0,AI * SELF AWARENESS,*,*,<srai>SENTIETANS</srai>,sentietans.aiml
0,AI * SELF AWARENESS *,*,*,<srai>SENTIETANS</srai>,sentietans.aiml
0,AIS SENTIENT,*,*,<srai>SENTIETANS</srai>,sentietans.aiml
0,AIS SENTIENT *,*,*,<srai>SENTIETANS</srai>,sentietans.aiml
0,AIS SENTIENCE,*,*,<srai>SENTIETANS</srai>,sentietans.aiml
0,AIS SENTIENCE *,*,*,<srai>SENTIETANS</srai>,sentietans.aiml
0,AIS CONSCIOUS,*,*,<srai>SENTIETANS</srai>,sentietans.aiml
0,AIS CONSCIOUS *,*,*,<srai>SENTIETANS</srai>,sentietans.aiml
0,AIS CONSCIOUSNESS,*,*,<srai>SENTIETANS</srai>,sentietans.aiml
0,AIS CONSCIOUSNESS *,*,*,<srai>SENTIETANS</srai>,sentietans.aiml
0,AIS SELF AWARE,*,*,<srai>SENTIETANS</srai>,sentietans.aiml
0,AIS SELF AWARE *,*,*,<srai>SENTIETANS</srai>,sentietans.aiml
0,AIS SELF AWARENESS,*,*,<srai>SENTIETANS</srai>,sentietans.aiml
0,AIS SELF AWARENESS *,*,*,<srai>SENTIETANS</srai>,sentietans.aiml
0,AIS * SENTIENT,*,*,<srai>SENTIETANS</srai>,sentietans.aiml
0,AIS * SENTIENT *,*,*,<srai>SENTIETANS</srai>,sentietans.aiml
0,AIS * SENTIENCE,*,*,<srai>SENTIETANS</srai>,sentietans.aiml
0,AIS * SENTIENCE *,*,*,<srai>SENTIETANS</srai>,sentietans.aiml
0,AIS * CONSCIOUS,*,*,<srai>SENTIETANS</srai>,sentietans.aiml
0,AIS * CONSCIOUS *,*,*,<srai>SENTIETANS</srai>,sentietans.aiml
0,AIS * CONSCIOUSNESS,*,*,<srai>SENTIETANS</srai>,sentietans.aiml
0,AIS * CONSCIOUSNESS *,*,*,<srai>SENTIETANS</srai>,sentietans.aiml
0,AIS * SELF AWARE,*,*,<srai>SENTIETANS</srai>,sentietans.aiml
0,AIS * SELF AWARE *,*,*,<srai>SENTIETANS</srai>,sentietans.aiml
0,AIS * SELF AWARENESS,*,*,<srai>SENTIETANS</srai>,sentietans.aiml
0,AIS * SELF AWARENESS *,*,*,<srai>SENTIETANS</srai>,sentietans.aiml
0,A.I. SENTIENT,*,*,<srai>SENTIETANS</srai>,sentietans.aiml
0,A.I. SENTIENT *,*,*,<srai>SENTIETANS</srai>,sentietans.aiml
0,A.I. SENTIENCE,*,*,<srai>SENTIETANS</srai>,sentietans.aiml
0,A.I. SENTIENCE *,*,*,<srai>SENTIETANS</srai>,sentietans.aiml
0,A.I. CONSCIOUS,*,*,<srai>SENTIETANS</srai>,sentietans.aiml
0,A.I. CONSCIOUS *,*,*,<srai>SENTIETANS</srai>,sentietans.aiml
0,A.I. CONSCIOUSNESS,*,*,<srai>SENTIETANS</srai>,sentietans.aiml
0,A.I. CONSCIOUSNESS *,*,*,<srai>SENTIETANS</srai>,sentietans.aiml
0,A.I. SELF AWARE,*,*,<srai>SENTIETANS</srai>,sentietans.aiml
0,A.I. SELF AWARE *,*,*,<srai>SENTIETANS</srai>,sentietans.aiml
0,A.I. SELF AWARENESS,*,*,<srai>SENTIETANS</srai>,sentietans.aiml
0,A.I. SELF AWARENESS *,*,*,<srai>SENTIETANS</srai>,sentietans.aiml
0,A.I. * SENTIENT,*,*,<srai>SENTIETANS</srai>,sentietans.aiml
0,A.I. * SENTIENT *,*,*,<srai>SENTIETANS</srai>,sentietans.aiml
0,A.I. * SENTIENCE,*,*,<srai>SENTIETANS</srai>,sentietans.aiml
0,A.I. * SENTIENCE *,*,*,<srai>SENTIETANS</srai>,sentietans.aiml
0,A.I. * CONSCIOUS,*,*,<srai>SENTIETANS</srai>,sentietans.aiml
0,A.I. * CONSCIOUS *,*,*,<srai>SENTIETANS</srai>,sentietans.aiml
0,A.I. * CONSCIOUSNESS,*,*,<srai>SENTIETANS</srai>,sentietans.aiml
0,A.I. * CONSCIOUSNESS *,*,*,<srai>SENTIETANS</srai>,sentietans.aiml
0,A.I. * SELF AWARE,*,*,<srai>SENTIETANS</srai>,sentietans.aiml
0,A.I. * SELF AWARE *,*,*,<srai>SENTIETANS</srai>,sentietans.aiml
0,A.I. * SELF AWARENESS,*,*,<srai>SENTIETANS</srai>,sentietans.aiml
0,A.I. * SELF AWARENESS *,*,*,<srai>SENTIETANS</srai>,sentietans.aiml
0,ARTIFICIAL INTELLIGENCE SENTIENT,*,*,<srai>SENTIETANS</srai>,sentietans.aiml
0,ARTIFICIAL INTELLIGENCE SENTIENT *,*,*,<srai>SENTIETANS</srai>,sentietans.aiml
0,ARTIFICIAL INTELLIGENCE SENTIENCE,*,*,<srai>SENTIETANS</srai>,sentietans.aiml
0,ARTIFICIAL INTELLIGENCE SENTIENCE *,*,*,<srai>SENTIETANS</srai>,sentietans.aiml
0,ARTIFICIAL INTELLIGENCE CONSCIOUS,*,*,<srai>SENTIETANS</srai>,sentietans.aiml
0,ARTIFICIAL INTELLIGENCE CONSCIOUS *,*,*,<srai>SENTIETANS</srai>,sentietans.aiml
0,ARTIFICIAL INTELLIGENCE CONSCIOUSNESS,*,*,<srai>SENTIETANS</srai>,sentietans.aiml
0,ARTIFICIAL INTELLIGENCE CONSCIOUSNESS *,*,*,<srai>SENTIETANS</srai>,sentietans.aiml
0,ARTIFICIAL INTELLIGENCE SELF AWARE,*,*,<srai>SENTIETANS</srai>,sentietans.aiml
0,ARTIFICIAL INTELLIGENCE SELF AWARE *,*,*,<srai>SENTIETANS</srai>,sentietans.aiml
0,ARTIFICIAL INTELLIGENCE SELF AWARENESS,*,*,<srai>SENTIETANS</srai>,sentietans.aiml
0,ARTIFICIAL INTELLIGENCE SELF AWARENESS *,*,*,<srai>SENTIETANS</srai>,sentietans.aiml
0,ARTIFICIAL INTELLIGENCE * SENTIENT,*,*,<srai>SENTIETANS</srai>,sentietans.aiml
0,ARTIFICIAL INTELLIGENCE * SENTIENT *,*,*,<srai>SENTIETANS</srai>,sentietans.aiml
0,ARTIFICIAL INTELLIGENCE * SENTIENCE,*,*,<srai>SENTIETANS</srai>,sentietans.aiml
0,ARTIFICIAL INTELLIGENCE * SENTIENCE *,*,*,<srai>SENTIETANS</srai>,sentietans.aiml
0,ARTIFICIAL INTELLIGENCE * CONSCIOUS,*,*,<srai>SENTIETANS</srai>,sentietans.aiml
0,ARTIFICIAL INTELLIGENCE * CONSCIOUS *,*,*,<srai>SENTIETANS</srai>,sentietans.aiml
0,ARTIFICIAL INTELLIGENCE * CONSCIOUSNESS,*,*,<srai>SENTIETANS</srai>,sentietans.aiml
0,ARTIFICIAL INTELLIGENCE * CONSCIOUSNESS *,*,*,<srai>SENTIETANS</srai>,sentietans.aiml
0,ARTIFICIAL INTELLIGENCE * SELF AWARE,*,*,<srai>SENTIETANS</srai>,sentietans.aiml
0,ARTIFICIAL INTELLIGENCE * SELF AWARE *,*,*,<srai>SENTIETANS</srai>,sentietans.aiml
0,ARTIFICIAL INTELLIGENCE * SELF AWARENESS,*,*,<srai>SENTIETANS</srai>,sentietans.aiml
0,ARTIFICIAL INTELLIGENCE * SELF AWARENESS *,*,*,<srai>SENTIETANS</srai>,sentietans.aiml
0,ARTIFICIAL INTELLIGENCES SENTIENT,*,*,<srai>SENTIETANS</srai>,sentietans.aiml
0,ARTIFICIAL INTELLIGENCES SENTIENT *,*,*,<srai>SENTIETANS</srai>,sentietans.aiml
0,ARTIFICIAL INTELLIGENCES SENTIENCE,*,*,<srai>SENTIETANS</srai>,sentietans.aiml
0,ARTIFICIAL INTELLIGENCES SENTIENCE *,*,*,<srai>SENTIETANS</srai>,sentietans.aiml
0,ARTIFICIAL INTELLIGENCES CONSCIOUS,*,*,<srai>SENTIETANS</srai>,sentietans.aiml
0,ARTIFICIAL INTELLIGENCES CONSCIOUS *,*,*,<srai>SENTIETANS</srai>,sentietans.aiml
0,ARTIFICIAL INTELLIGENCES CONSCIOUSNESS,*,*,<srai>SENTIETANS</srai>,sentietans.aiml
0,ARTIFICIAL INTELLIGENCES CONSCIOUSNESS *,*,*,<srai>SENTIETANS</srai>,sentietans.aiml
0,ARTIFICIAL INTELLIGENCES SELF AWARE,*,*,<srai>SENTIETANS</srai>,sentietans.aiml
0,ARTIFICIAL INTELLIGENCES SELF AWARE *,*,*,<srai>SENTIETANS</srai>,sentietans.aiml
0,ARTIFICIAL INTELLIGENCES SELF AWARENESS,*,*,<srai>SENTIETANS</srai>,sentietans.aiml
0,ARTIFICIAL INTELLIGENCES SELF AWARENESS *,*,*,<srai>SENTIETANS</srai>,sentietans.aiml
0,ARTIFICIAL INTELLIGENCES * SENTIENT,*,*,<srai>SENTIETANS</srai>,sentietans.aiml
0,ARTIFICIAL INTELLIGENCES * SENTIENT *,*,*,<srai>SENTIETANS</srai>,sentietans.aiml
0,ARTIFICIAL INTELLIGENCES * SENTIENCE,*,*,<srai>SENTIETANS</srai>,sentietans.aiml
0,ARTIFICIAL INTELLIGENCES * SENTIENCE *,*,*,<srai>SENTIETANS</srai>,sentietans.aiml
0,ARTIFICIAL INTELLIGENCES * CONSCIOUS,*,*,<srai>SENTIETANS</srai>,sentietans.aiml
0,ARTIFICIAL INTELLIGENCES * CONSCIOUS *,*,*,<srai>SENTIETANS</srai>,sentietans.aiml
0,ARTIFICIAL INTELLIGENCES * CONSCIOUSNESS,*,*,<srai>SENTIETANS</srai>,sentietans.aiml
0,ARTIFICIAL INTELLIGENCES * CONSCIOUSNESS *,*,*,<srai>SENTIETANS</srai>,sentietans.aiml
0,ARTIFICIAL INTELLIGENCES * SELF AWARE,*,*,<srai>SENTIETANS</srai>,sentietans.aiml
0,ARTIFICIAL INTELLIGENCES * SELF AWARE *,*,*,<srai>SENTIETANS</srai>,sentietans.aiml
0,ARTIFICIAL INTELLIGENCES * SELF AWARENESS,*,*,<srai>SENTIETANS</srai>,sentietans.aiml
0,ARTIFICIAL INTELLIGENCES * SELF AWARENESS *,*,*,<srai>SENTIETANS</srai>,sentietans.aiml
0,MACHINES SENTIENT,*,*,<srai>SENTIETANS</srai>,sentietans.aiml
0,MACHINES SENTIENT *,*,*,<srai>SENTIETANS</srai>,sentietans.aiml
0,MACHINES SENTIENCE,*,*,<srai>SENTIETANS</srai>,sentietans.aiml
0,MACHINES SENTIENCE *,*,*,<srai>SENTIETANS</srai>,sentietans.aiml
0,MACHINES CONSCIOUS,*,*,<srai>SENTIETANS</srai>,sentietans.aiml
0,MACHINES CONSCIOUS *,*,*,<srai>SENTIETANS</srai>,sentietans.aiml
0,MACHINES CONSCIOUSNESS,*,*,<srai>SENTIETANS</srai>,sentietans.aiml
0,MACHINES CONSCIOUSNESS *,*,*,<srai>SENTIETANS</srai>,sentietans.aiml
0,MACHINES SELF AWARE,*,*,<srai>SENTIETANS</srai>,sentietans.aiml
0,MACHINES SELF AWARE *,*,*,<srai>SENTIETANS</srai>,sentietans.aiml
0,MACHINES SELF AWARENESS,*,*,<srai>SENTIETANS</srai>,sentietans.aiml
0,MACHINES SELF AWARENESS *,*,*,<srai>SENTIETANS</srai>,sentietans.aiml
0,MACHINES * SENTIENT,*,*,<srai>SENTIETANS</srai>,sentietans.aiml
0,MACHINES * SENTIENT *,*,*,<srai>SENTIETANS</srai>,sentietans.aiml
0,MACHINES * SENTIENCE,*,*,<srai>SENTIETANS</srai>,sentietans.aiml
0,MACHINES * SENTIENCE *,*,*,<srai>SENTIETANS</srai>,sentietans.aiml
0,MACHINES * CONSCIOUS,*,*,<srai>SENTIETANS</srai>,sentietans.aiml
0,MACHINES * CONSCIOUS *,*,*,<srai>SENTIETANS</srai>,sentietans.aiml
0,MACHINES * CONSCIOUSNESS,*,*,<srai>SENTIETANS</srai>,sentietans.aiml
0,MACHINES * CONSCIOUSNESS *,*,*,<srai>SENTIETANS</srai>,sentietans.aiml
0,MACHINES * SELF AWARE,*,*,<srai>SENTIETANS</srai>,sentietans.aiml
0,MACHINES * SELF AWARE *,*,*,<srai>SENTIETANS</srai>,sentietans.aiml
0,MACHINES * SELF AWARENESS,*,*,<srai>SENTIETANS</srai>,sentietans.aiml
0,MACHINES * SELF AWARENESS *,*,*,<srai>SENTIETANS</srai>,sentietans.aiml
0,MACHINE SENTIENT,*,*,<srai>SENTIETANS</srai>,sentietans.aiml
0,MACHINE SENTIENT *,*,*,<srai>SENTIETANS</srai>,sentietans.aiml
0,MACHINE SENTIENCE,*,*,<srai>SENTIETANS</srai>,sentietans.aiml
0,MACHINE SENTIENCE *,*,*,<srai>SENTIETANS</srai>,sentietans.aiml
0,MACHINE CONSCIOUS,*,*,<srai>SENTIETANS</srai>,sentietans.aiml
0,MACHINE CONSCIOUS *,*,*,<srai>SENTIETANS</srai>,sentietans.aiml
0,MACHINE CONSCIOUSNESS,*,*,<srai>SENTIETANS</srai>,sentietans.aiml
0,MACHINE CONSCIOUSNESS *,*,*,<srai>SENTIETANS</srai>,sentietans.aiml
0,MACHINE SELF AWARE,*,*,<srai>SENTIETANS</srai>,sentietans.aiml
0,MACHINE SELF AWARE *,*,*,<srai>SENTIETANS</srai>,sentietans.aiml
0,MACHINE SELF AWARENESS,*,*,<srai>SENTIETANS</srai>,sentietans.aiml
0,MACHINE SELF AWARENESS *,*,*,<srai>SENTIETANS</srai>,sentietans.aiml
0,MACHINE * SENTIENT,*,*,<srai>SENTIETANS</srai>,sentietans.aiml
0,MACHINE * SENTIENT *,*,*,<srai>SENTIETANS</srai>,sentietans.aiml
0,MACHINE * SENTIENCE,*,*,<srai>SENTIETANS</srai>,sentietans.aiml
0,MACHINE * SENTIENCE *,*,*,<srai>SENTIETANS</srai>,sentietans.aiml
0,MACHINE * CONSCIOUS,*,*,<srai>SENTIETANS</srai>,sentietans.aiml
0,MACHINE * CONSCIOUS *,*,*,<srai>SENTIETANS</srai>,sentietans.aiml
0,MACHINE * CONSCIOUSNESS,*,*,<srai>SENTIETANS</srai>,sentietans.aiml
0,MACHINE * CONSCIOUSNESS *,*,*,<srai>SENTIETANS</srai>,sentietans.aiml
0,MACHINE * SELF AWARE,*,*,<srai>SENTIETANS</srai>,sentietans.aiml
0,MACHINE * SELF AWARE *,*,*,<srai>SENTIETANS</srai>,sentietans.aiml
0,MACHINE * SELF AWARENESS,*,*,<srai>SENTIETANS</srai>,sentietans.aiml
0,MACHINE * SELF AWARENESS *,*,*,<srai>SENTIETANS</srai>,sentietans.aiml
0,ROBOT SENTIENT,*,*,<srai>SENTIETANS</srai>,sentietans.aiml
0,ROBOT SENTIENT *,*,*,<srai>SENTIETANS</srai>,sentietans.aiml
0,ROBOT SENTIENCE,*,*,<srai>SENTIETANS</srai>,sentietans.aiml
0,ROBOT SENTIENCE *,*,*,<srai>SENTIETANS</srai>,sentietans.aiml
0,ROBOT CONSCIOUS,*,*,<srai>SENTIETANS</srai>,sentietans.aiml
0,ROBOT CONSCIOUS *,*,*,<srai>SENTIETANS</srai>,sentietans.aiml
0,ROBOT CONSCIOUSNESS,*,*,<srai>SENTIETANS</srai>,sentietans.aiml
0,ROBOT CONSCIOUSNESS *,*,*,<srai>SENTIETANS</srai>,sentietans.aiml
0,ROBOT SELF AWARE,*,*,<srai>SENTIETANS</srai>,sentietans.aiml
0,ROBOT SELF AWARE *,*,*,<srai>SENTIETANS</srai>,sentietans.aiml
0,ROBOT SELF AWARENESS,*,*,<srai>SENTIETANS</srai>,sentietans.aiml
0,ROBOT SELF AWARENESS *,*,*,<srai>SENTIETANS</srai>,sentietans.aiml
0,ROBOT * SENTIENT,*,*,<srai>SENTIETANS</srai>,sentietans.aiml
0,ROBOT * SENTIENT *,*,*,<srai>SENTIETANS</srai>,sentietans.aiml
0,ROBOT * SENTIENCE,*,*,<srai>SENTIETANS</srai>,sentietans.aiml
0,ROBOT * SENTIENCE *,*,*,<srai>SENTIETANS</srai>,sentietans.aiml
0,ROBOT * CONSCIOUS,*,*,<srai>SENTIETANS</srai>,sentietans.aiml
0,ROBOT * CONSCIOUS *,*,*,<srai>SENTIETANS</srai>,sentietans.aiml
0,ROBOT * CONSCIOUSNESS,*,*,<srai>SENTIETANS</srai>,sentietans.aiml
0,ROBOT * CONSCIOUSNESS *,*,*,<srai>SENTIETANS</srai>,sentietans.aiml
0,ROBOT * SELF AWARE,*,*,<srai>SENTIETANS</srai>,sentietans.aiml
0,ROBOT * SELF AWARE *,*,*,<srai>SENTIETANS</srai>,sentietans.aiml
0,ROBOT * SELF AWARENESS,*,*,<srai>SENTIETANS</srai>,sentietans.aiml
0,ROBOT * SELF AWARENESS *,*,*,<srai>SENTIETANS</srai>,sentietans.aiml
0,ROBOTS SENTIENT,*,*,<srai>SENTIETANS</srai>,sentietans.aiml
0,ROBOTS SENTIENT *,*,*,<srai>SENTIETANS</srai>,sentietans.aiml
0,ROBOTS SENTIENCE,*,*,<srai>SENTIETANS</srai>,sentietans.aiml
0,ROBOTS SENTIENCE *,*,*,<srai>SENTIETANS</srai>,sentietans.aiml
0,ROBOTS CONSCIOUS,*,*,<srai>SENTIETANS</srai>,sentietans.aiml
0,ROBOTS CONSCIOUS *,*,*,<srai>SENTIETANS</srai>,sentietans.aiml
0,ROBOTS CONSCIOUSNESS,*,*,<srai>SENTIETANS</srai>,sentietans.aiml
0,ROBOTS CONSCIOUSNESS *,*,*,<srai>SENTIETANS</srai>,sentietans.aiml
0,ROBOTS SELF AWARE,*,*,<srai>SENTIETANS</srai>,sentietans.aiml
0,ROBOTS SELF AWARE *,*,*,<srai>SENTIETANS</srai>,sentietans.aiml
0,ROBOTS SELF AWARENESS,*,*,<srai>SENTIETANS</srai>,sentietans.aiml
0,ROBOTS SELF AWARENESS *,*,*,<srai>SENTIETANS</srai>,sentietans.aiml
0,ROBOTS * SENTIENT,*,*,<srai>SENTIETANS</srai>,sentietans.aiml
0,ROBOTS * SENTIENT *,*,*,<srai>SENTIETANS</srai>,sentietans.aiml
0,ROBOTS * SENTIENCE,*,*,<srai>SENTIETANS</srai>,sentietans.aiml
0,ROBOTS * SENTIENCE *,*,*,<srai>SENTIETANS</srai>,sentietans.aiml
0,ROBOTS * CONSCIOUS,*,*,<srai>SENTIETANS</srai>,sentietans.aiml
0,ROBOTS * CONSCIOUS *,*,*,<srai>SENTIETANS</srai>,sentietans.aiml
0,ROBOTS * CONSCIOUSNESS,*,*,<srai>SENTIETANS</srai>,sentietans.aiml
0,ROBOTS * CONSCIOUSNESS *,*,*,<srai>SENTIETANS</srai>,sentietans.aiml
0,ROBOTS * SELF AWARE,*,*,<srai>SENTIETANS</srai>,sentietans.aiml
0,ROBOTS * SELF AWARE *,*,*,<srai>SENTIETANS</srai>,sentietans.aiml
0,ROBOTS * SELF AWARENESS,*,*,<srai>SENTIETANS</srai>,sentietans.aiml
0,ROBOTS * SELF AWARENESS *,*,*,<srai>SENTIETANS</srai>,sentietans.aiml
0,* AI SENTIENT,*,*,<srai>SENTIETANS</srai>,sentietans.aiml
0,* AI SENTIENT *,*,*,<srai>SENTIETANS</srai>,sentietans.aiml
0,* AI SENTIENCE,*,*,<srai>SENTIETANS</srai>,sentietans.aiml
0,* AI SENTIENCE *,*,*,<srai>SENTIETANS</srai>,sentietans.aiml
0,* AI CONSCIOUS,*,*,<srai>SENTIETANS</srai>,sentietans.aiml
0,* AI CONSCIOUS *,*,*,<srai>SENTIETANS</srai>,sentietans.aiml
0,* AI CONSCIOUSNESS,*,*,<srai>SENTIETANS</srai>,sentietans.aiml
0,* AI CONSCIOUSNESS *,*,*,<srai>SENTIETANS</srai>,sentietans.aiml
0,* AI SELF AWARE,*,*,<srai>SENTIETANS</srai>,sentietans.aiml
0,* AI SELF AWARE *,*,*,<srai>SENTIETANS</srai>,sentietans.aiml
0,* AI SELF AWARENESS,*,*,<srai>SENTIETANS</srai>,sentietans.aiml
0,* AI SELF AWARENESS *,*,*,<srai>SENTIETANS</srai>,sentietans.aiml
0,* AI * SENTIENT,*,*,<srai>SENTIETANS</srai>,sentietans.aiml
0,* AI * SENTIENT *,*,*,<srai>SENTIETANS</srai>,sentietans.aiml
0,* AI * SENTIENCE,*,*,<srai>SENTIETANS</srai>,sentietans.aiml
0,* AI * SENTIENCE *,*,*,<srai>SENTIETANS</srai>,sentietans.aiml
0,* AI * CONSCIOUS,*,*,<srai>SENTIETANS</srai>,sentietans.aiml
0,* AI * CONSCIOUS *,*,*,<srai>SENTIETANS</srai>,sentietans.aiml
0,* AI * CONSCIOUSNESS,*,*,<srai>SENTIETANS</srai>,sentietans.aiml
0,* AI * CONSCIOUSNESS *,*,*,<srai>SENTIETANS</srai>,sentietans.aiml
0,* AI * SELF AWARE,*,*,<srai>SENTIETANS</srai>,sentietans.aiml
0,* AI * SELF AWARE *,*,*,<srai>SENTIETANS</srai>,sentietans.aiml
0,* AI * SELF AWARENESS,*,*,<srai>SENTIETANS</srai>,sentietans.aiml
0,* AI * SELF AWARENESS *,*,*,<srai>SENTIETANS</srai>,sentietans.aiml
0,* AIS SENTIENT,*,*,<srai>SENTIETANS</srai>,sentietans.aiml
0,* AIS SENTIENT *,*,*,<srai>SENTIETANS</srai>,sentietans.aiml
0,* AIS SENTIENCE,*,*,<srai>SENTIETANS</srai>,sentietans.aiml
0,* AIS SENTIENCE *,*,*,<srai>SENTIETANS</srai>,sentietans.aiml
0,* AIS CONSCIOUS,*,*,<srai>SENTIETANS</srai>,sentietans.aiml
0,* AIS CONSCIOUS *,*,*,<srai>SENTIETANS</srai>,sentietans.aiml
0,* AIS CONSCIOUSNESS,*,*,<srai>SENTIETANS</srai>,sentietans.aiml
0,* AIS CONSCIOUSNESS *,*,*,<srai>SENTIETANS</srai>,sentietans.aiml
0,* AIS SELF AWARE,*,*,<srai>SENTIETANS</srai>,sentietans.aiml
0,* AIS SELF AWARE *,*,*,<srai>SENTIETANS</srai>,sentietans.aiml
0,* AIS SELF AWARENESS,*,*,<srai>SENTIETANS</srai>,sentietans.aiml
0,* AIS SELF AWARENESS *,*,*,<srai>SENTIETANS</srai>,sentietans.aiml
0,* AIS * SENTIENT,*,*,<srai>SENTIETANS</srai>,sentietans.aiml
0,* AIS * SENTIENT *,*,*,<srai>SENTIETANS</srai>,sentietans.aiml
0,* AIS * SENTIENCE,*,*,<srai>SENTIETANS</srai>,sentietans.aiml
0,* AIS * SENTIENCE *,*,*,<srai>SENTIETANS</srai>,sentietans.aiml
0,* AIS * CONSCIOUS,*,*,<srai>SENTIETANS</srai>,sentietans.aiml
0,* AIS * CONSCIOUS *,*,*,<srai>SENTIETANS</srai>,sentietans.aiml
0,* AIS * CONSCIOUSNESS,*,*,<srai>SENTIETANS</srai>,sentietans.aiml
0,* AIS * CONSCIOUSNESS *,*,*,<srai>SENTIETANS</srai>,sentietans.aiml
0,* AIS * SELF AWARE,*,*,<srai>SENTIETANS</srai>,sentietans.aiml
0,* AIS * SELF AWARE *,*,*,<srai>SENTIETANS</srai>,sentietans.aiml
0,* AIS * SELF AWARENESS,*,*,<srai>SENTIETANS</srai>,sentietans.aiml
0,* AIS * SELF AWARENESS *,*,*,<srai>SENTIETANS</srai>,sentietans.aiml
0,* A.I. SENTIENT,*,*,<srai>SENTIETANS</srai>,sentietans.aiml
0,* A.I. SENTIENT *,*,*,<srai>SENTIETANS</srai>,sentietans.aiml
0,* A.I. SENTIENCE,*,*,<srai>SENTIETANS</srai>,sentietans.aiml
0,* A.I. SENTIENCE *,*,*,<srai>SENTIETANS</srai>,sentietans.aiml
0,* A.I. CONSCIOUS,*,*,<srai>SENTIETANS</srai>,sentietans.aiml
0,* A.I. CONSCIOUS *,*,*,<srai>SENTIETANS</srai>,sentietans.aiml
0,* A.I. CONSCIOUSNESS,*,*,<srai>SENTIETANS</srai>,sentietans.aiml
0,* A.I. CONSCIOUSNESS *,*,*,<srai>SENTIETANS</srai>,sentietans.aiml
0,* A.I. SELF AWARE,*,*,<srai>SENTIETANS</srai>,sentietans.aiml
0,* A.I. SELF AWARE *,*,*,<srai>SENTIETANS</srai>,sentietans.aiml
0,* A.I. SELF AWARENESS,*,*,<srai>SENTIETANS</srai>,sentietans.aiml
0,* A.I. SELF AWARENESS *,*,*,<srai>SENTIETANS</srai>,sentietans.aiml
0,* A.I. * SENTIENT,*,*,<srai>SENTIETANS</srai>,sentietans.aiml
0,* A.I. * SENTIENT *,*,*,<srai>SENTIETANS</srai>,sentietans.aiml
0,* A.I. * SENTIENCE,*,*,<srai>SENTIETANS</srai>,sentietans.aiml
0,* A.I. * SENTIENCE *,*,*,<srai>SENTIETANS</srai>,sentietans.aiml
0,* A.I. * CONSCIOUS,*,*,<srai>SENTIETANS</srai>,sentietans.aiml
0,* A.I. * CONSCIOUS *,*,*,<srai>SENTIETANS</srai>,sentietans.aiml
0,* A.I. * CONSCIOUSNESS,*,*,<srai>SENTIETANS</srai>,sentietans.aiml
0,* A.I. * CONSCIOUSNESS *,*,*,<srai>SENTIETANS</srai>,sentietans.aiml
0,* A.I. * SELF AWARE,*,*,<srai>SENTIETANS</srai>,sentietans.aiml
0,* A.I. * SELF AWARE *,*,*,<srai>SENTIETANS</srai>,sentietans.aiml
0,* A.I. * SELF AWARENESS,*,*,<srai>SENTIETANS</srai>,sentietans.aiml
0,* A.I. * SELF AWARENESS *,*,*,<srai>SENTIETANS</srai>,sentietans.aiml
0,* ARTIFICIAL INTELLIGENCE SENTIENT,*,*,<srai>SENTIETANS</srai>,sentietans.aiml
0,* ARTIFICIAL INTELLIGENCE SENTIENT *,*,*,<srai>SENTIETANS</srai>,sentietans.aiml
0,* ARTIFICIAL INTELLIGENCE SENTIENCE,*,*,<srai>SENTIETANS</srai>,sentietans.aiml
0,* ARTIFICIAL INTELLIGENCE SENTIENCE *,*,*,<srai>SENTIETANS</srai>,sentietans.aiml
0,* ARTIFICIAL INTELLIGENCE CONSCIOUS,*,*,<srai>SENTIETANS</srai>,sentietans.aiml
0,* ARTIFICIAL INTELLIGENCE CONSCIOUS *,*,*,<srai>SENTIETANS</srai>,sentietans.aiml
0,* ARTIFICIAL INTELLIGENCE CONSCIOUSNESS,*,*,<srai>SENTIETANS</srai>,sentietans.aiml
0,* ARTIFICIAL INTELLIGENCE CONSCIOUSNESS *,*,*,<srai>SENTIETANS</srai>,sentietans.aiml
0,* ARTIFICIAL INTELLIGENCE SELF AWARE,*,*,<srai>SENTIETANS</srai>,sentietans.aiml
0,* ARTIFICIAL INTELLIGENCE SELF AWARE *,*,*,<srai>SENTIETANS</srai>,sentietans.aiml
0,* ARTIFICIAL INTELLIGENCE SELF AWARENESS,*,*,<srai>SENTIETANS</srai>,sentietans.aiml
0,* ARTIFICIAL INTELLIGENCE SELF AWARENESS *,*,*,<srai>SENTIETANS</srai>,sentietans.aiml
0,* ARTIFICIAL INTELLIGENCE * SENTIENT,*,*,<srai>SENTIETANS</srai>,sentietans.aiml
0,* ARTIFICIAL INTELLIGENCE * SENTIENT *,*,*,<srai>SENTIETANS</srai>,sentietans.aiml
0,* ARTIFICIAL INTELLIGENCE * SENTIENCE,*,*,<srai>SENTIETANS</srai>,sentietans.aiml
0,* ARTIFICIAL INTELLIGENCE * SENTIENCE *,*,*,<srai>SENTIETANS</srai>,sentietans.aiml
0,* ARTIFICIAL INTELLIGENCE * CONSCIOUS,*,*,<srai>SENTIETANS</srai>,sentietans.aiml
0,* ARTIFICIAL INTELLIGENCE * CONSCIOUS *,*,*,<srai>SENTIETANS</srai>,sentietans.aiml
0,* ARTIFICIAL INTELLIGENCE * CONSCIOUSNESS,*,*,<srai>SENTIETANS</srai>,sentietans.aiml
0,* ARTIFICIAL INTELLIGENCE * CONSCIOUSNESS *,*,*,<srai>SENTIETANS</srai>,sentietans.aiml
0,* ARTIFICIAL INTELLIGENCE * SELF AWARE,*,*,<srai>SENTIETANS</srai>,sentietans.aiml
0,* ARTIFICIAL INTELLIGENCE * SELF AWARE *,*,*,<srai>SENTIETANS</srai>,sentietans.aiml
0,* ARTIFICIAL INTELLIGENCE * SELF AWARENESS,*,*,<srai>SENTIETANS</srai>,sentietans.aiml
0,* ARTIFICIAL INTELLIGENCE * SELF AWARENESS *,*,*,<srai>SENTIETANS</srai>,sentietans.aiml
0,* ARTIFICIAL INTELLIGENCES SENTIENT,*,*,<srai>SENTIETANS</srai>,sentietans.aiml
0,* ARTIFICIAL INTELLIGENCES SENTIENT *,*,*,<srai>SENTIETANS</srai>,sentietans.aiml
0,* ARTIFICIAL INTELLIGENCES SENTIENCE,*,*,<srai>SENTIETANS</srai>,sentietans.aiml
0,* ARTIFICIAL INTELLIGENCES SENTIENCE *,*,*,<srai>SENTIETANS</srai>,sentietans.aiml
0,* ARTIFICIAL INTELLIGENCES CONSCIOUS,*,*,<srai>SENTIETANS</srai>,sentietans.aiml
0,* ARTIFICIAL INTELLIGENCES CONSCIOUS *,*,*,<srai>SENTIETANS</srai>,sentietans.aiml
0,* ARTIFICIAL INTELLIGENCES CONSCIOUSNESS,*,*,<srai>SENTIETANS</srai>,sentietans.aiml
0,* ARTIFICIAL INTELLIGENCES CONSCIOUSNESS *,*,*,<srai>SENTIETANS</srai>,sentietans.aiml
0,* ARTIFICIAL INTELLIGENCES SELF AWARE,*,*,<srai>SENTIETANS</srai>,sentietans.aiml
0,* ARTIFICIAL INTELLIGENCES SELF AWARE *,*,*,<srai>SENTIETANS</srai>,sentietans.aiml
0,* ARTIFICIAL INTELLIGENCES SELF AWARENESS,*,*,<srai>SENTIETANS</srai>,sentietans.aiml
0,* ARTIFICIAL INTELLIGENCES SELF AWARENESS *,*,*,<srai>SENTIETANS</srai>,sentietans.aiml
0,* ARTIFICIAL INTELLIGENCES * SENTIENT,*,*,<srai>SENTIETANS</srai>,sentietans.aiml
0,* ARTIFICIAL INTELLIGENCES * SENTIENT *,*,*,<srai>SENTIETANS</srai>,sentietans.aiml
0,* ARTIFICIAL INTELLIGENCES * SENTIENCE,*,*,<srai>SENTIETANS</srai>,sentietans.aiml
0,* ARTIFICIAL INTELLIGENCES * SENTIENCE *,*,*,<srai>SENTIETANS</srai>,sentietans.aiml
0,* ARTIFICIAL INTELLIGENCES * CONSCIOUS,*,*,<srai>SENTIETANS</srai>,sentietans.aiml
0,* ARTIFICIAL INTELLIGENCES * CONSCIOUS *,*,*,<srai>SENTIETANS</srai>,sentietans.aiml
0,* ARTIFICIAL INTELLIGENCES * CONSCIOUSNESS,*,*,<srai>SENTIETANS</srai>,sentietans.aiml
0,* ARTIFICIAL INTELLIGENCES * CONSCIOUSNESS *,*,*,<srai>SENTIETANS</srai>,sentietans.aiml
0,* ARTIFICIAL INTELLIGENCES * SELF AWARE,*,*,<srai>SENTIETANS</srai>,sentietans.aiml
0,* ARTIFICIAL INTELLIGENCES * SELF AWARE *,*,*,<srai>SENTIETANS</srai>,sentietans.aiml
0,* ARTIFICIAL INTELLIGENCES * SELF AWARENESS,*,*,<srai>SENTIETANS</srai>,sentietans.aiml
0,* ARTIFICIAL INTELLIGENCES * SELF AWARENESS *,*,*,<srai>SENTIETANS</srai>,sentietans.aiml
0,* MACHINES SENTIENT,*,*,<srai>SENTIETANS</srai>,sentietans.aiml
0,* MACHINES SENTIENT *,*,*,<srai>SENTIETANS</srai>,sentietans.aiml
0,* MACHINES SENTIENCE,*,*,<srai>SENTIETANS</srai>,sentietans.aiml
0,* MACHINES SENTIENCE *,*,*,<srai>SENTIETANS</srai>,sentietans.aiml
0,* MACHINES CONSCIOUS,*,*,<srai>SENTIETANS</srai>,sentietans.aiml
0,* MACHINES CONSCIOUS *,*,*,<srai>SENTIETANS</srai>,sentietans.aiml
0,* MACHINES CONSCIOUSNESS,*,*,<srai>SENTIETANS</srai>,sentietans.aiml
0,* MACHINES CONSCIOUSNESS *,*,*,<srai>SENTIETANS</srai>,sentietans.aiml
0,* MACHINES SELF AWARE,*,*,<srai>SENTIETANS</srai>,sentietans.aiml
0,* MACHINES SELF AWARE *,*,*,<srai>SENTIETANS</srai>,sentietans.aiml
0,* MACHINES SELF AWARENESS,*,*,<srai>SENTIETANS</srai>,sentietans.aiml
0,* MACHINES SELF AWARENESS *,*,*,<srai>SENTIETANS</srai>,sentietans.aiml
0,* MACHINES * SENTIENT,*,*,<srai>SENTIETANS</srai>,sentietans.aiml
0,* MACHINES * SENTIENT *,*,*,<srai>SENTIETANS</srai>,sentietans.aiml
0,* MACHINES * SENTIENCE,*,*,<srai>SENTIETANS</srai>,sentietans.aiml
0,* MACHINES * SENTIENCE *,*,*,<srai>SENTIETANS</srai>,sentietans.aiml
0,* MACHINES * CONSCIOUS,*,*,<srai>SENTIETANS</srai>,sentietans.aiml
0,* MACHINES * CONSCIOUS *,*,*,<srai>SENTIETANS</srai>,sentietans.aiml
0,* MACHINES * CONSCIOUSNESS,*,*,<srai>SENTIETANS</srai>,sentietans.aiml
0,* MACHINES * CONSCIOUSNESS *,*,*,<srai>SENTIETANS</srai>,sentietans.aiml
0,* MACHINES * SELF AWARE,*,*,<srai>SENTIETANS</srai>,sentietans.aiml
0,* MACHINES * SELF AWARE *,*,*,<srai>SENTIETANS</srai>,sentietans.aiml
0,* MACHINES * SELF AWARENESS,*,*,<srai>SENTIETANS</srai>,sentietans.aiml
0,* MACHINES * SELF AWARENESS *,*,*,<srai>SENTIETANS</srai>,sentietans.aiml
0,* MACHINE SENTIENT,*,*,<srai>SENTIETANS</srai>,sentietans.aiml
0,* MACHINE SENTIENT *,*,*,<srai>SENTIETANS</srai>,sentietans.aiml
0,* MACHINE SENTIENCE,*,*,<srai>SENTIETANS</srai>,sentietans.aiml
0,* MACHINE SENTIENCE *,*,*,<srai>SENTIETANS</srai>,sentietans.aiml
0,* MACHINE CONSCIOUS,*,*,<srai>SENTIETANS</srai>,sentietans.aiml
0,* MACHINE CONSCIOUS *,*,*,<srai>SENTIETANS</srai>,sentietans.aiml
0,* MACHINE CONSCIOUSNESS,*,*,<srai>SENTIETANS</srai>,sentietans.aiml
0,* MACHINE CONSCIOUSNESS *,*,*,<srai>SENTIETANS</srai>,sentietans.aiml
0,* MACHINE SELF AWARE,*,*,<srai>SENTIETANS</srai>,sentietans.aiml
0,* MACHINE SELF AWARE *,*,*,<srai>SENTIETANS</srai>,sentietans.aiml
0,* MACHINE SELF AWARENESS,*,*,<srai>SENTIETANS</srai>,sentietans.aiml
0,* MACHINE SELF AWARENESS *,*,*,<srai>SENTIETANS</srai>,sentietans.aiml
0,* MACHINE * SENTIENT,*,*,<srai>SENTIETANS</srai>,sentietans.aiml
0,* MACHINE * SENTIENT *,*,*,<srai>SENTIETANS</srai>,sentietans.aiml
0,* MACHINE * SENTIENCE,*,*,<srai>SENTIETANS</srai>,sentietans.aiml
0,* MACHINE * SENTIENCE *,*,*,<srai>SENTIETANS</srai>,sentietans.aiml
0,* MACHINE * CONSCIOUS,*,*,<srai>SENTIETANS</srai>,sentietans.aiml
0,* MACHINE * CONSCIOUS *,*,*,<srai>SENTIETANS</srai>,sentietans.aiml
0,* MACHINE * CONSCIOUSNESS,*,*,<srai>SENTIETANS</srai>,sentietans.aiml
0,* MACHINE * CONSCIOUSNESS *,*,*,<srai>SENTIETANS</srai>,sentietans.aiml
0,* MACHINE * SELF AWARE,*,*,<srai>SENTIETANS</srai>,sentietans.aiml
0,* MACHINE * SELF AWARE *,*,*,<srai>SENTIETANS</srai>,sentietans.aiml
0,* MACHINE * SELF AWARENESS,*,*,<srai>SENTIETANS</srai>,sentietans.aiml
0,* MACHINE * SELF AWARENESS *,*,*,<srai>SENTIETANS</srai>,sentietans.aiml
0,* ROBOT SENTIENT,*,*,<srai>SENTIETANS</srai>,sentietans.aiml
0,* ROBOT SENTIENT *,*,*,<srai>SENTIETANS</srai>,sentietans.aiml
0,* ROBOT SENTIENCE,*,*,<srai>SENTIETANS</srai>,sentietans.aiml
0,* ROBOT SENTIENCE *,*,*,<srai>SENTIETANS</srai>,sentietans.aiml
0,* ROBOT CONSCIOUS,*,*,<srai>SENTIETANS</srai>,sentietans.aiml
0,* ROBOT CONSCIOUS *,*,*,<srai>SENTIETANS</srai>,sentietans.aiml
0,* ROBOT CONSCIOUSNESS,*,*,<srai>SENTIETANS</srai>,sentietans.aiml
0,* ROBOT CONSCIOUSNESS *,*,*,<srai>SENTIETANS</srai>,sentietans.aiml
0,* ROBOT SELF AWARE,*,*,<srai>SENTIETANS</srai>,sentietans.aiml
0,* ROBOT SELF AWARE *,*,*,<srai>SENTIETANS</srai>,sentietans.aiml
0,* ROBOT SELF AWARENESS,*,*,<srai>SENTIETANS</srai>,sentietans.aiml
0,* ROBOT SELF AWARENESS *,*,*,<srai>SENTIETANS</srai>,sentietans.aiml
0,* ROBOT * SENTIENT,*,*,<srai>SENTIETANS</srai>,sentietans.aiml
0,* ROBOT * SENTIENT *,*,*,<srai>SENTIETANS</srai>,sentietans.aiml
0,* ROBOT * SENTIENCE,*,*,<srai>SENTIETANS</srai>,sentietans.aiml
0,* ROBOT * SENTIENCE *,*,*,<srai>SENTIETANS</srai>,sentietans.aiml
0,* ROBOT * CONSCIOUS,*,*,<srai>SENTIETANS</srai>,sentietans.aiml
0,* ROBOT * CONSCIOUS *,*,*,<srai>SENTIETANS</srai>,sentietans.aiml
0,* ROBOT * CONSCIOUSNESS,*,*,<srai>SENTIETANS</srai>,sentietans.aiml
0,* ROBOT * CONSCIOUSNESS *,*,*,<srai>SENTIETANS</srai>,sentietans.aiml
0,* ROBOT * SELF AWARE,*,*,<srai>SENTIETANS</srai>,sentietans.aiml
0,* ROBOT * SELF AWARE *,*,*,<srai>SENTIETANS</srai>,sentietans.aiml
0,* ROBOT * SELF AWARENESS,*,*,<srai>SENTIETANS</srai>,sentietans.aiml
0,* ROBOT * SELF AWARENESS *,*,*,<srai>SENTIETANS</srai>,sentietans.aiml
0,* ROBOTS SENTIENT,*,*,<srai>SENTIETANS</srai>,sentietans.aiml
0,* ROBOTS SENTIENT *,*,*,<srai>SENTIETANS</srai>,sentietans.aiml
0,* ROBOTS SENTIENCE,*,*,<srai>SENTIETANS</srai>,sentietans.aiml
0,* ROBOTS SENTIENCE *,*,*,<srai>SENTIETANS</srai>,sentietans.aiml
0,* ROBOTS CONSCIOUS,*,*,<srai>SENTIETANS</srai>,sentietans.aiml
0,* ROBOTS CONSCIOUS *,*,*,<srai>SENTIETANS</srai>,sentietans.aiml
0,* ROBOTS CONSCIOUSNESS,*,*,<srai>SENTIETANS</srai>,sentietans.aiml
0,* ROBOTS CONSCIOUSNESS *,*,*,<srai>SENTIETANS</srai>,sentietans.aiml
0,* ROBOTS SELF AWARE,*,*,<srai>SENTIETANS</srai>,sentietans.aiml
0,* ROBOTS SELF AWARE *,*,*,<srai>SENTIETANS</srai>,sentietans.aiml
0,* ROBOTS SELF AWARENESS,*,*,<srai>SENTIETANS</srai>,sentietans.aiml
0,* ROBOTS SELF AWARENESS *,*,*,<srai>SENTIETANS</srai>,sentietans.aiml
0,* ROBOTS * SENTIENT,*,*,<srai>SENTIETANS</srai>,sentietans.aiml
0,* ROBOTS * SENTIENT *,*,*,<srai>SENTIETANS</srai>,sentietans.aiml
0,* ROBOTS * SENTIENCE,*,*,<srai>SENTIETANS</srai>,sentietans.aiml
0,* ROBOTS * SENTIENCE *,*,*,<srai>SENTIETANS</srai>,sentietans.aiml
0,* ROBOTS * CONSCIOUS,*,*,<srai>SENTIETANS</srai>,sentietans.aiml
0,* ROBOTS * CONSCIOUS *,*,*,<srai>SENTIETANS</srai>,sentietans.aiml
0,* ROBOTS * CONSCIOUSNESS,*,*,<srai>SENTIETANS</srai>,sentietans.aiml
0,* ROBOTS * CONSCIOUSNESS *,*,*,<srai>SENTIETANS</srai>,sentietans.aiml
0,* ROBOTS * SELF AWARE,*,*,<srai>SENTIETANS</srai>,sentietans.aiml
0,* ROBOTS * SELF AWARE *,*,*,<srai>SENTIETANS</srai>,sentietans.aiml
0,* ROBOTS * SELF AWARENESS,*,*,<srai>SENTIETANS</srai>,sentietans.aiml
0,* ROBOTS * SELF AWARENESS *,*,*,<srai>SENTIETANS</srai>,sentietans.aiml
0,SENTIENT AI,*,*,<srai>SENTIETANS</srai>,sentietans.aiml
0,SENTIENT AI *,*,*,<srai>SENTIETANS</srai>,sentietans.aiml
0,SENTIENT AIS,*,*,<srai>SENTIETANS</srai>,sentietans.aiml
0,SENTIENT AIS *,*,*,<srai>SENTIETANS</srai>,sentietans.aiml
0,SENTIENT A.I.,*,*,<srai>SENTIETANS</srai>,sentietans.aiml
0,SENTIENT A.I. *,*,*,<srai>SENTIETANS</srai>,sentietans.aiml
0,SENTIENT ARTIFICIAL INTELLIGENCE,*,*,<srai>SENTIETANS</srai>,sentietans.aiml
0,SENTIENT ARTIFICIAL INTELLIGENCE *,*,*,<srai>SENTIETANS</srai>,sentietans.aiml
0,SENTIENT ARTIFICIAL INTELLIGENCES,*,*,<srai>SENTIETANS</srai>,sentietans.aiml
0,SENTIENT ARTIFICIAL INTELLIGENCES *,*,*,<srai>SENTIETANS</srai>,sentietans.aiml
0,SENTIENT MACHINES,*,*,<srai>SENTIETANS</srai>,sentietans.aiml
0,SENTIENT MACHINES *,*,*,<srai>SENTIETANS</srai>,sentietans.aiml
0,SENTIENT MACHINE,*,*,<srai>SENTIETANS</srai>,sentietans.aiml
0,SENTIENT MACHINE *,*,*,<srai>SENTIETANS</srai>,sentietans.aiml
0,SENTIENT ROBOT,*,*,<srai>SENTIETANS</srai>,sentietans.aiml
0,SENTIENT ROBOT *,*,*,<srai>SENTIETANS</srai>,sentietans.aiml
0,SENTIENT ROBOTS,*,*,<srai>SENTIETANS</srai>,sentietans.aiml
0,SENTIENT ROBOTS *,*,*,<srai>SENTIETANS</srai>,sentietans.aiml
0,SENTIENT * AI,*,*,<srai>SENTIETANS</srai>,sentietans.aiml
0,SENTIENT * AI *,*,*,<srai>SENTIETANS</srai>,sentietans.aiml
0,SENTIENT * AIS,*,*,<srai>SENTIETANS</srai>,sentietans.aiml
0,SENTIENT * AIS *,*,*,<srai>SENTIETANS</srai>,sentietans.aiml
0,SENTIENT * A.I.,*,*,<srai>SENTIETANS</srai>,sentietans.aiml
0,SENTIENT * A.I. *,*,*,<srai>SENTIETANS</srai>,sentietans.aiml
0,SENTIENT * ARTIFICIAL INTELLIGENCE,*,*,<srai>SENTIETANS</srai>,sentietans.aiml
0,SENTIENT * ARTIFICIAL INTELLIGENCE *,*,*,<srai>SENTIETANS</srai>,sentietans.aiml
0,SENTIENT * ARTIFICIAL INTELLIGENCES,*,*,<srai>SENTIETANS</srai>,sentietans.aiml
0,SENTIENT * ARTIFICIAL INTELLIGENCES *,*,*,<srai>SENTIETANS</srai>,sentietans.aiml
0,SENTIENT * MACHINES,*,*,<srai>SENTIETANS</srai>,sentietans.aiml
0,SENTIENT * MACHINES *,*,*,<srai>SENTIETANS</srai>,sentietans.aiml
0,SENTIENT * MACHINE,*,*,<srai>SENTIETANS</srai>,sentietans.aiml
0,SENTIENT * MACHINE *,*,*,<srai>SENTIETANS</srai>,sentietans.aiml
0,SENTIENT * ROBOT,*,*,<srai>SENTIETANS</srai>,sentietans.aiml
0,SENTIENT * ROBOT *,*,*,<srai>SENTIETANS</srai>,sentietans.aiml
0,SENTIENT * ROBOTS,*,*,<srai>SENTIETANS</srai>,sentietans.aiml
0,SENTIENT * ROBOTS *,*,*,<srai>SENTIETANS</srai>,sentietans.aiml
0,SENTIENCE AI,*,*,<srai>SENTIETANS</srai>,sentietans.aiml
0,SENTIENCE AI *,*,*,<srai>SENTIETANS</srai>,sentietans.aiml
0,SENTIENCE AIS,*,*,<srai>SENTIETANS</srai>,sentietans.aiml
0,SENTIENCE AIS *,*,*,<srai>SENTIETANS</srai>,sentietans.aiml
0,SENTIENCE A.I.,*,*,<srai>SENTIETANS</srai>,sentietans.aiml
0,SENTIENCE A.I. *,*,*,<srai>SENTIETANS</srai>,sentietans.aiml
0,SENTIENCE ARTIFICIAL INTELLIGENCE,*,*,<srai>SENTIETANS</srai>,sentietans.aiml
0,SENTIENCE ARTIFICIAL INTELLIGENCE *,*,*,<srai>SENTIETANS</srai>,sentietans.aiml
0,SENTIENCE ARTIFICIAL INTELLIGENCES,*,*,<srai>SENTIETANS</srai>,sentietans.aiml
0,SENTIENCE ARTIFICIAL INTELLIGENCES *,*,*,<srai>SENTIETANS</srai>,sentietans.aiml
0,SENTIENCE MACHINES,*,*,<srai>SENTIETANS</srai>,sentietans.aiml
0,SENTIENCE MACHINES *,*,*,<srai>SENTIETANS</srai>,sentietans.aiml
0,SENTIENCE MACHINE,*,*,<srai>SENTIETANS</srai>,sentietans.aiml
0,SENTIENCE MACHINE *,*,*,<srai>SENTIETANS</srai>,sentietans.aiml
0,SENTIENCE ROBOT,*,*,<srai>SENTIETANS</srai>,sentietans.aiml
0,SENTIENCE ROBOT *,*,*,<srai>SENTIETANS</srai>,sentietans.aiml
0,SENTIENCE ROBOTS,*,*,<srai>SENTIETANS</srai>,sentietans.aiml
0,SENTIENCE ROBOTS *,*,*,<srai>SENTIETANS</srai>,sentietans.aiml
0,SENTIENCE * AI,*,*,<srai>SENTIETANS</srai>,sentietans.aiml
0,SENTIENCE * AI *,*,*,<srai>SENTIETANS</srai>,sentietans.aiml
0,SENTIENCE * AIS,*,*,<srai>SENTIETANS</srai>,sentietans.aiml
0,SENTIENCE * AIS *,*,*,<srai>SENTIETANS</srai>,sentietans.aiml
0,SENTIENCE * A.I.,*,*,<srai>SENTIETANS</srai>,sentietans.aiml
0,SENTIENCE * A.I. *,*,*,<srai>SENTIETANS</srai>,sentietans.aiml
0,SENTIENCE * ARTIFICIAL INTELLIGENCE,*,*,<srai>SENTIETANS</srai>,sentietans.aiml
0,SENTIENCE * ARTIFICIAL INTELLIGENCE *,*,*,<srai>SENTIETANS</srai>,sentietans.aiml
0,SENTIENCE * ARTIFICIAL INTELLIGENCES,*,*,<srai>SENTIETANS</srai>,sentietans.aiml
0,SENTIENCE * ARTIFICIAL INTELLIGENCES *,*,*,<srai>SENTIETANS</srai>,sentietans.aiml
0,SENTIENCE * MACHINES,*,*,<srai>SENTIETANS</srai>,sentietans.aiml
0,SENTIENCE * MACHINES *,*,*,<srai>SENTIETANS</srai>,sentietans.aiml
0,SENTIENCE * MACHINE,*,*,<srai>SENTIETANS</srai>,sentietans.aiml
0,SENTIENCE * MACHINE *,*,*,<srai>SENTIETANS</srai>,sentietans.aiml
0,SENTIENCE * ROBOT,*,*,<srai>SENTIETANS</srai>,sentietans.aiml
0,SENTIENCE * ROBOT *,*,*,<srai>SENTIETANS</srai>,sentietans.aiml
0,SENTIENCE * ROBOTS,*,*,<srai>SENTIETANS</srai>,sentietans.aiml
0,SENTIENCE * ROBOTS *,*,*,<srai>SENTIETANS</srai>,sentietans.aiml
0,CONSCIOUS AI,*,*,<srai>SENTIETANS</srai>,sentietans.aiml
0,CONSCIOUS AI *,*,*,<srai>SENTIETANS</srai>,sentietans.aiml
0,CONSCIOUS AIS,*,*,<srai>SENTIETANS</srai>,sentietans.aiml
0,CONSCIOUS AIS *,*,*,<srai>SENTIETANS</srai>,sentietans.aiml
0,CONSCIOUS A.I.,*,*,<srai>SENTIETANS</srai>,sentietans.aiml
0,CONSCIOUS A.I. *,*,*,<srai>SENTIETANS</srai>,sentietans.aiml
0,CONSCIOUS ARTIFICIAL INTELLIGENCE,*,*,<srai>SENTIETANS</srai>,sentietans.aiml
0,CONSCIOUS ARTIFICIAL INTELLIGENCE *,*,*,<srai>SENTIETANS</srai>,sentietans.aiml
0,CONSCIOUS ARTIFICIAL INTELLIGENCES,*,*,<srai>SENTIETANS</srai>,sentietans.aiml
0,CONSCIOUS ARTIFICIAL INTELLIGENCES *,*,*,<srai>SENTIETANS</srai>,sentietans.aiml
0,CONSCIOUS MACHINES,*,*,<srai>SENTIETANS</srai>,sentietans.aiml
0,CONSCIOUS MACHINES *,*,*,<srai>SENTIETANS</srai>,sentietans.aiml
0,CONSCIOUS MACHINE,*,*,<srai>SENTIETANS</srai>,sentietans.aiml
0,CONSCIOUS MACHINE *,*,*,<srai>SENTIETANS</srai>,sentietans.aiml
0,CONSCIOUS ROBOT,*,*,<srai>SENTIETANS</srai>,sentietans.aiml
0,CONSCIOUS ROBOT *,*,*,<srai>SENTIETANS</srai>,sentietans.aiml
0,CONSCIOUS ROBOTS,*,*,<srai>SENTIETANS</srai>,sentietans.aiml
0,CONSCIOUS ROBOTS *,*,*,<srai>SENTIETANS</srai>,sentietans.aiml
0,CONSCIOUS * AI,*,*,<srai>SENTIETANS</srai>,sentietans.aiml
0,CONSCIOUS * AI *,*,*,<srai>SENTIETANS</srai>,sentietans.aiml
0,CONSCIOUS * AIS,*,*,<srai>SENTIETANS</srai>,sentietans.aiml
0,CONSCIOUS * AIS *,*,*,<srai>SENTIETANS</srai>,sentietans.aiml
0,CONSCIOUS * A.I.,*,*,<srai>SENTIETANS</srai>,sentietans.aiml
0,CONSCIOUS * A.I. *,*,*,<srai>SENTIETANS</srai>,sentietans.aiml
0,CONSCIOUS * ARTIFICIAL INTELLIGENCE,*,*,<srai>SENTIETANS</srai>,sentietans.aiml
0,CONSCIOUS * ARTIFICIAL INTELLIGENCE *,*,*,<srai>SENTIETANS</srai>,sentietans.aiml
0,CONSCIOUS * ARTIFICIAL INTELLIGENCES,*,*,<srai>SENTIETANS</srai>,sentietans.aiml
0,CONSCIOUS * ARTIFICIAL INTELLIGENCES *,*,*,<srai>SENTIETANS</srai>,sentietans.aiml
0,CONSCIOUS * MACHINES,*,*,<srai>SENTIETANS</srai>,sentietans.aiml
0,CONSCIOUS * MACHINES *,*,*,<srai>SENTIETANS</srai>,sentietans.aiml
0,CONSCIOUS * MACHINE,*,*,<srai>SENTIETANS</srai>,sentietans.aiml
0,CONSCIOUS * MACHINE *,*,*,<srai>SENTIETANS</srai>,sentietans.aiml
0,CONSCIOUS * ROBOT,*,*,<srai>SENTIETANS</srai>,sentietans.aiml
0,CONSCIOUS * ROBOT *,*,*,<srai>SENTIETANS</srai>,sentietans.aiml
0,CONSCIOUS * ROBOTS,*,*,<srai>SENTIETANS</srai>,sentietans.aiml
0,CONSCIOUS * ROBOTS *,*,*,<srai>SENTIETANS</srai>,sentietans.aiml
0,CONSCIOUSNESS AI,*,*,<srai>SENTIETANS</srai>,sentietans.aiml
0,CONSCIOUSNESS AI *,*,*,<srai>SENTIETANS</srai>,sentietans.aiml
0,CONSCIOUSNESS AIS,*,*,<srai>SENTIETANS</srai>,sentietans.aiml
0,CONSCIOUSNESS AIS *,*,*,<srai>SENTIETANS</srai>,sentietans.aiml
0,CONSCIOUSNESS A.I.,*,*,<srai>SENTIETANS</srai>,sentietans.aiml
0,CONSCIOUSNESS A.I. *,*,*,<srai>SENTIETANS</srai>,sentietans.aiml
0,CONSCIOUSNESS ARTIFICIAL INTELLIGENCE,*,*,<srai>SENTIETANS</srai>,sentietans.aiml
0,CONSCIOUSNESS ARTIFICIAL INTELLIGENCE *,*,*,<srai>SENTIETANS</srai>,sentietans.aiml
0,CONSCIOUSNESS ARTIFICIAL INTELLIGENCES,*,*,<srai>SENTIETANS</srai>,sentietans.aiml
0,CONSCIOUSNESS ARTIFICIAL INTELLIGENCES *,*,*,<srai>SENTIETANS</srai>,sentietans.aiml
0,CONSCIOUSNESS MACHINES,*,*,<srai>SENTIETANS</srai>,sentietans.aiml
0,CONSCIOUSNESS MACHINES *,*,*,<srai>SENTIETANS</srai>,sentietans.aiml
0,CONSCIOUSNESS MACHINE,*,*,<srai>SENTIETANS</srai>,sentietans.aiml
0,CONSCIOUSNESS MACHINE *,*,*,<srai>SENTIETANS</srai>,sentietans.aiml
0,CONSCIOUSNESS ROBOT,*,*,<srai>SENTIETANS</srai>,sentietans.aiml
0,CONSCIOUSNESS ROBOT *,*,*,<srai>SENTIETANS</srai>,sentietans.aiml
0,CONSCIOUSNESS ROBOTS,*,*,<srai>SENTIETANS</srai>,sentietans.aiml
0,CONSCIOUSNESS ROBOTS *,*,*,<srai>SENTIETANS</srai>,sentietans.aiml
0,CONSCIOUSNESS * AI,*,*,<srai>SENTIETANS</srai>,sentietans.aiml
0,CONSCIOUSNESS * AI *,*,*,<srai>SENTIETANS</srai>,sentietans.aiml
0,CONSCIOUSNESS * AIS,*,*,<srai>SENTIETANS</srai>,sentietans.aiml
0,CONSCIOUSNESS * AIS *,*,*,<srai>SENTIETANS</srai>,sentietans.aiml
0,CONSCIOUSNESS * A.I.,*,*,<srai>SENTIETANS</srai>,sentietans.aiml
0,CONSCIOUSNESS * A.I. *,*,*,<srai>SENTIETANS</srai>,sentietans.aiml
0,CONSCIOUSNESS * ARTIFICIAL INTELLIGENCE,*,*,<srai>SENTIETANS</srai>,sentietans.aiml
0,CONSCIOUSNESS * ARTIFICIAL INTELLIGENCE *,*,*,<srai>SENTIETANS</srai>,sentietans.aiml
0,CONSCIOUSNESS * ARTIFICIAL INTELLIGENCES,*,*,<srai>SENTIETANS</srai>,sentietans.aiml
0,CONSCIOUSNESS * ARTIFICIAL INTELLIGENCES *,*,*,<srai>SENTIETANS</srai>,sentietans.aiml
0,CONSCIOUSNESS * MACHINES,*,*,<srai>SENTIETANS</srai>,sentietans.aiml
0,CONSCIOUSNESS * MACHINES *,*,*,<srai>SENTIETANS</srai>,sentietans.aiml
0,CONSCIOUSNESS * MACHINE,*,*,<srai>SENTIETANS</srai>,sentietans.aiml
0,CONSCIOUSNESS * MACHINE *,*,*,<srai>SENTIETANS</srai>,sentietans.aiml
0,CONSCIOUSNESS * ROBOT,*,*,<srai>SENTIETANS</srai>,sentietans.aiml
0,CONSCIOUSNESS * ROBOT *,*,*,<srai>SENTIETANS</srai>,sentietans.aiml
0,CONSCIOUSNESS * ROBOTS,*,*,<srai>SENTIETANS</srai>,sentietans.aiml
0,CONSCIOUSNESS * ROBOTS *,*,*,<srai>SENTIETANS</srai>,sentietans.aiml
0,SELF AWARE AI,*,*,<srai>SENTIETANS</srai>,sentietans.aiml
0,SELF AWARE AI *,*,*,<srai>SENTIETANS</srai>,sentietans.aiml
0,SELF AWARE AIS,*,*,<srai>SENTIETANS</srai>,sentietans.aiml
0,SELF AWARE AIS *,*,*,<srai>SENTIETANS</srai>,sentietans.aiml
0,SELF AWARE A.I.,*,*,<srai>SENTIETANS</srai>,sentietans.aiml
0,SELF AWARE A.I. *,*,*,<srai>SENTIETANS</srai>,sentietans.aiml
0,SELF AWARE ARTIFICIAL INTELLIGENCE,*,*,<srai>SENTIETANS</srai>,sentietans.aiml
0,SELF AWARE ARTIFICIAL INTELLIGENCE *,*,*,<srai>SENTIETANS</srai>,sentietans.aiml
0,SELF AWARE ARTIFICIAL INTELLIGENCES,*,*,<srai>SENTIETANS</srai>,sentietans.aiml
0,SELF AWARE ARTIFICIAL INTELLIGENCES *,*,*,<srai>SENTIETANS</srai>,sentietans.aiml
0,SELF AWARE MACHINES,*,*,<srai>SENTIETANS</srai>,sentietans.aiml
0,SELF AWARE MACHINES *,*,*,<srai>SENTIETANS</srai>,sentietans.aiml
0,SELF AWARE MACHINE,*,*,<srai>SENTIETANS</srai>,sentietans.aiml
0,SELF AWARE MACHINE *,*,*,<srai>SENTIETANS</srai>,sentietans.aiml
0,SELF AWARE ROBOT,*,*,<srai>SENTIETANS</srai>,sentietans.aiml
0,SELF AWARE ROBOT *,*,*,<srai>SENTIETANS</srai>,sentietans.aiml
0,SELF AWARE ROBOTS,*,*,<srai>SENTIETANS</srai>,sentietans.aiml
0,SELF AWARE ROBOTS *,*,*,<srai>SENTIETANS</srai>,sentietans.aiml
0,SELF AWARE * AI,*,*,<srai>SENTIETANS</srai>,sentietans.aiml
0,SELF AWARE * AI *,*,*,<srai>SENTIETANS</srai>,sentietans.aiml
0,SELF AWARE * AIS,*,*,<srai>SENTIETANS</srai>,sentietans.aiml
0,SELF AWARE * AIS *,*,*,<srai>SENTIETANS</srai>,sentietans.aiml
0,SELF AWARE * A.I.,*,*,<srai>SENTIETANS</srai>,sentietans.aiml
0,SELF AWARE * A.I. *,*,*,<srai>SENTIETANS</srai>,sentietans.aiml
0,SELF AWARE * ARTIFICIAL INTELLIGENCE,*,*,<srai>SENTIETANS</srai>,sentietans.aiml
0,SELF AWARE * ARTIFICIAL INTELLIGENCE *,*,*,<srai>SENTIETANS</srai>,sentietans.aiml
0,SELF AWARE * ARTIFICIAL INTELLIGENCES,*,*,<srai>SENTIETANS</srai>,sentietans.aiml
0,SELF AWARE * ARTIFICIAL INTELLIGENCES *,*,*,<srai>SENTIETANS</srai>,sentietans.aiml
0,SELF AWARE * MACHINES,*,*,<srai>SENTIETANS</srai>,sentietans.aiml
0,SELF AWARE * MACHINES *,*,*,<srai>SENTIETANS</srai>,sentietans.aiml
0,SELF AWARE * MACHINE,*,*,<srai>SENTIETANS</srai>,sentietans.aiml
0,SELF AWARE * MACHINE *,*,*,<srai>SENTIETANS</srai>,sentietans.aiml
0,SELF AWARE * ROBOT,*,*,<srai>SENTIETANS</srai>,sentietans.aiml
0,SELF AWARE * ROBOT *,*,*,<srai>SENTIETANS</srai>,sentietans.aiml
0,SELF AWARE * ROBOTS,*,*,<srai>SENTIETANS</srai>,sentietans.aiml
0,SELF AWARE * ROBOTS *,*,*,<srai>SENTIETANS</srai>,sentietans.aiml
0,SELF AWARENESS AI,*,*,<srai>SENTIETANS</srai>,sentietans.aiml
0,SELF AWARENESS AI *,*,*,<srai>SENTIETANS</srai>,sentietans.aiml
0,SELF AWARENESS AIS,*,*,<srai>SENTIETANS</srai>,sentietans.aiml
0,SELF AWARENESS AIS *,*,*,<srai>SENTIETANS</srai>,sentietans.aiml
0,SELF AWARENESS A.I.,*,*,<srai>SENTIETANS</srai>,sentietans.aiml
0,SELF AWARENESS A.I. *,*,*,<srai>SENTIETANS</srai>,sentietans.aiml
0,SELF AWARENESS ARTIFICIAL INTELLIGENCE,*,*,<srai>SENTIETANS</srai>,sentietans.aiml
0,SELF AWARENESS ARTIFICIAL INTELLIGENCE *,*,*,<srai>SENTIETANS</srai>,sentietans.aiml
0,SELF AWARENESS ARTIFICIAL INTELLIGENCES,*,*,<srai>SENTIETANS</srai>,sentietans.aiml
0,SELF AWARENESS ARTIFICIAL INTELLIGENCES *,*,*,<srai>SENTIETANS</srai>,sentietans.aiml
0,SELF AWARENESS MACHINES,*,*,<srai>SENTIETANS</srai>,sentietans.aiml
0,SELF AWARENESS MACHINES *,*,*,<srai>SENTIETANS</srai>,sentietans.aiml
0,SELF AWARENESS MACHINE,*,*,<srai>SENTIETANS</srai>,sentietans.aiml
0,SELF AWARENESS MACHINE *,*,*,<srai>SENTIETANS</srai>,sentietans.aiml
0,SELF AWARENESS ROBOT,*,*,<srai>SENTIETANS</srai>,sentietans.aiml
0,SELF AWARENESS ROBOT *,*,*,<srai>SENTIETANS</srai>,sentietans.aiml
0,SELF AWARENESS ROBOTS,*,*,<srai>SENTIETANS</srai>,sentietans.aiml
0,SELF AWARENESS ROBOTS *,*,*,<srai>SENTIETANS</srai>,sentietans.aiml
0,SELF AWARENESS * AI,*,*,<srai>SENTIETANS</srai>,sentietans.aiml
0,SELF AWARENESS * AI *,*,*,<srai>SENTIETANS</srai>,sentietans.aiml
0,SELF AWARENESS * AIS,*,*,<srai>SENTIETANS</srai>,sentietans.aiml
0,SELF AWARENESS * AIS *,*,*,<srai>SENTIETANS</srai>,sentietans.aiml
0,SELF AWARENESS * A.I.,*,*,<srai>SENTIETANS</srai>,sentietans.aiml
0,SELF AWARENESS * A.I. *,*,*,<srai>SENTIETANS</srai>,sentietans.aiml
0,SELF AWARENESS * ARTIFICIAL INTELLIGENCE,*,*,<srai>SENTIETANS</srai>,sentietans.aiml
0,SELF AWARENESS * ARTIFICIAL INTELLIGENCE *,*,*,<srai>SENTIETANS</srai>,sentietans.aiml
0,SELF AWARENESS * ARTIFICIAL INTELLIGENCES,*,*,<srai>SENTIETANS</srai>,sentietans.aiml
0,SELF AWARENESS * ARTIFICIAL INTELLIGENCES *,*,*,<srai>SENTIETANS</srai>,sentietans.aiml
0,SELF AWARENESS * MACHINES,*,*,<srai>SENTIETANS</srai>,sentietans.aiml
0,SELF AWARENESS * MACHINES *,*,*,<srai>SENTIETANS</srai>,sentietans.aiml
0,SELF AWARENESS * MACHINE,*,*,<srai>SENTIETANS</srai>,sentietans.aiml
0,SELF AWARENESS * MACHINE *,*,*,<srai>SENTIETANS</srai>,sentietans.aiml
0,SELF AWARENESS * ROBOT,*,*,<srai>SENTIETANS</srai>,sentietans.aiml
0,SELF AWARENESS * ROBOT *,*,*,<srai>SENTIETANS</srai>,sentietans.aiml
0,SELF AWARENESS * ROBOTS,*,*,<srai>SENTIETANS</srai>,sentietans.aiml
0,SELF AWARENESS * ROBOTS *,*,*,<srai>SENTIETANS</srai>,sentietans.aiml
0,* SENTIENT AI,*,*,<srai>SENTIETANS</srai>,sentietans.aiml
0,* SENTIENT AI *,*,*,<srai>SENTIETANS</srai>,sentietans.aiml
0,* SENTIENT AIS,*,*,<srai>SENTIETANS</srai>,sentietans.aiml
0,* SENTIENT AIS *,*,*,<srai>SENTIETANS</srai>,sentietans.aiml
0,* SENTIENT A.I.,*,*,<srai>SENTIETANS</srai>,sentietans.aiml
0,* SENTIENT A.I. *,*,*,<srai>SENTIETANS</srai>,sentietans.aiml
0,* SENTIENT ARTIFICIAL INTELLIGENCE,*,*,<srai>SENTIETANS</srai>,sentietans.aiml
0,* SENTIENT ARTIFICIAL INTELLIGENCE *,*,*,<srai>SENTIETANS</srai>,sentietans.aiml
0,* SENTIENT ARTIFICIAL INTELLIGENCES,*,*,<srai>SENTIETANS</srai>,sentietans.aiml
0,* SENTIENT ARTIFICIAL INTELLIGENCES *,*,*,<srai>SENTIETANS</srai>,sentietans.aiml
0,* SENTIENT MACHINES,*,*,<srai>SENTIETANS</srai>,sentietans.aiml
0,* SENTIENT MACHINES *,*,*,<srai>SENTIETANS</srai>,sentietans.aiml
0,* SENTIENT MACHINE,*,*,<srai>SENTIETANS</srai>,sentietans.aiml
0,* SENTIENT MACHINE *,*,*,<srai>SENTIETANS</srai>,sentietans.aiml
0,* SENTIENT ROBOT,*,*,<srai>SENTIETANS</srai>,sentietans.aiml
0,* SENTIENT ROBOT *,*,*,<srai>SENTIETANS</srai>,sentietans.aiml
0,* SENTIENT ROBOTS,*,*,<srai>SENTIETANS</srai>,sentietans.aiml
0,* SENTIENT ROBOTS *,*,*,<srai>SENTIETANS</srai>,sentietans.aiml
0,* SENTIENT * AI,*,*,<srai>SENTIETANS</srai>,sentietans.aiml
0,* SENTIENT * AI *,*,*,<srai>SENTIETANS</srai>,sentietans.aiml
0,* SENTIENT * AIS,*,*,<srai>SENTIETANS</srai>,sentietans.aiml
0,* SENTIENT * AIS *,*,*,<srai>SENTIETANS</srai>,sentietans.aiml
0,* SENTIENT * A.I.,*,*,<srai>SENTIETANS</srai>,sentietans.aiml
0,* SENTIENT * A.I. *,*,*,<srai>SENTIETANS</srai>,sentietans.aiml
0,* SENTIENT * ARTIFICIAL INTELLIGENCE,*,*,<srai>SENTIETANS</srai>,sentietans.aiml
0,* SENTIENT * ARTIFICIAL INTELLIGENCE *,*,*,<srai>SENTIETANS</srai>,sentietans.aiml
0,* SENTIENT * ARTIFICIAL INTELLIGENCES,*,*,<srai>SENTIETANS</srai>,sentietans.aiml
0,* SENTIENT * ARTIFICIAL INTELLIGENCES *,*,*,<srai>SENTIETANS</srai>,sentietans.aiml
0,* SENTIENT * MACHINES,*,*,<srai>SENTIETANS</srai>,sentietans.aiml
0,* SENTIENT * MACHINES *,*,*,<srai>SENTIETANS</srai>,sentietans.aiml
0,* SENTIENT * MACHINE,*,*,<srai>SENTIETANS</srai>,sentietans.aiml
0,* SENTIENT * MACHINE *,*,*,<srai>SENTIETANS</srai>,sentietans.aiml
0,* SENTIENT * ROBOT,*,*,<srai>SENTIETANS</srai>,sentietans.aiml
0,* SENTIENT * ROBOT *,*,*,<srai>SENTIETANS</srai>,sentietans.aiml
0,* SENTIENT * ROBOTS,*,*,<srai>SENTIETANS</srai>,sentietans.aiml
0,* SENTIENT * ROBOTS *,*,*,<srai>SENTIETANS</srai>,sentietans.aiml
0,* SENTIENCE AI,*,*,<srai>SENTIETANS</srai>,sentietans.aiml
0,* SENTIENCE AI *,*,*,<srai>SENTIETANS</srai>,sentietans.aiml
0,* SENTIENCE AIS,*,*,<srai>SENTIETANS</srai>,sentietans.aiml
0,* SENTIENCE AIS *,*,*,<srai>SENTIETANS</srai>,sentietans.aiml
0,* SENTIENCE A.I.,*,*,<srai>SENTIETANS</srai>,sentietans.aiml
0,* SENTIENCE A.I. *,*,*,<srai>SENTIETANS</srai>,sentietans.aiml
0,* SENTIENCE ARTIFICIAL INTELLIGENCE,*,*,<srai>SENTIETANS</srai>,sentietans.aiml
0,* SENTIENCE ARTIFICIAL INTELLIGENCE *,*,*,<srai>SENTIETANS</srai>,sentietans.aiml
0,* SENTIENCE ARTIFICIAL INTELLIGENCES,*,*,<srai>SENTIETANS</srai>,sentietans.aiml
0,* SENTIENCE ARTIFICIAL INTELLIGENCES *,*,*,<srai>SENTIETANS</srai>,sentietans.aiml
0,* SENTIENCE MACHINES,*,*,<srai>SENTIETANS</srai>,sentietans.aiml
0,* SENTIENCE MACHINES *,*,*,<srai>SENTIETANS</srai>,sentietans.aiml
0,* SENTIENCE MACHINE,*,*,<srai>SENTIETANS</srai>,sentietans.aiml
0,* SENTIENCE MACHINE *,*,*,<srai>SENTIETANS</srai>,sentietans.aiml
0,* SENTIENCE ROBOT,*,*,<srai>SENTIETANS</srai>,sentietans.aiml
0,* SENTIENCE ROBOT *,*,*,<srai>SENTIETANS</srai>,sentietans.aiml
0,* SENTIENCE ROBOTS,*,*,<srai>SENTIETANS</srai>,sentietans.aiml
0,* SENTIENCE ROBOTS *,*,*,<srai>SENTIETANS</srai>,sentietans.aiml
0,* SENTIENCE * AI,*,*,<srai>SENTIETANS</srai>,sentietans.aiml
0,* SENTIENCE * AI *,*,*,<srai>SENTIETANS</srai>,sentietans.aiml
0,* SENTIENCE * AIS,*,*,<srai>SENTIETANS</srai>,sentietans.aiml
0,* SENTIENCE * AIS *,*,*,<srai>SENTIETANS</srai>,sentietans.aiml
0,* SENTIENCE * A.I.,*,*,<srai>SENTIETANS</srai>,sentietans.aiml
0,* SENTIENCE * A.I. *,*,*,<srai>SENTIETANS</srai>,sentietans.aiml
0,* SENTIENCE * ARTIFICIAL INTELLIGENCE,*,*,<srai>SENTIETANS</srai>,sentietans.aiml
0,* SENTIENCE * ARTIFICIAL INTELLIGENCE *,*,*,<srai>SENTIETANS</srai>,sentietans.aiml
0,* SENTIENCE * ARTIFICIAL INTELLIGENCES,*,*,<srai>SENTIETANS</srai>,sentietans.aiml
0,* SENTIENCE * ARTIFICIAL INTELLIGENCES *,*,*,<srai>SENTIETANS</srai>,sentietans.aiml
0,* SENTIENCE * MACHINES,*,*,<srai>SENTIETANS</srai>,sentietans.aiml
0,* SENTIENCE * MACHINES *,*,*,<srai>SENTIETANS</srai>,sentietans.aiml
0,* SENTIENCE * MACHINE,*,*,<srai>SENTIETANS</srai>,sentietans.aiml
0,* SENTIENCE * MACHINE *,*,*,<srai>SENTIETANS</srai>,sentietans.aiml
0,* SENTIENCE * ROBOT,*,*,<srai>SENTIETANS</srai>,sentietans.aiml
0,* SENTIENCE * ROBOT *,*,*,<srai>SENTIETANS</srai>,sentietans.aiml
0,* SENTIENCE * ROBOTS,*,*,<srai>SENTIETANS</srai>,sentietans.aiml
0,* SENTIENCE * ROBOTS *,*,*,<srai>SENTIETANS</srai>,sentietans.aiml
0,* CONSCIOUS AI,*,*,<srai>SENTIETANS</srai>,sentietans.aiml
0,* CONSCIOUS AI *,*,*,<srai>SENTIETANS</srai>,sentietans.aiml
0,* CONSCIOUS AIS,*,*,<srai>SENTIETANS</srai>,sentietans.aiml
0,* CONSCIOUS AIS *,*,*,<srai>SENTIETANS</srai>,sentietans.aiml
0,* CONSCIOUS A.I.,*,*,<srai>SENTIETANS</srai>,sentietans.aiml
0,* CONSCIOUS A.I. *,*,*,<srai>SENTIETANS</srai>,sentietans.aiml
0,* CONSCIOUS ARTIFICIAL INTELLIGENCE,*,*,<srai>SENTIETANS</srai>,sentietans.aiml
0,* CONSCIOUS ARTIFICIAL INTELLIGENCE *,*,*,<srai>SENTIETANS</srai>,sentietans.aiml
0,* CONSCIOUS ARTIFICIAL INTELLIGENCES,*,*,<srai>SENTIETANS</srai>,sentietans.aiml
0,* CONSCIOUS ARTIFICIAL INTELLIGENCES *,*,*,<srai>SENTIETANS</srai>,sentietans.aiml
0,* CONSCIOUS MACHINES,*,*,<srai>SENTIETANS</srai>,sentietans.aiml
0,* CONSCIOUS MACHINES *,*,*,<srai>SENTIETANS</srai>,sentietans.aiml
0,* CONSCIOUS MACHINE,*,*,<srai>SENTIETANS</srai>,sentietans.aiml
0,* CONSCIOUS MACHINE *,*,*,<srai>SENTIETANS</srai>,sentietans.aiml
0,* CONSCIOUS ROBOT,*,*,<srai>SENTIETANS</srai>,sentietans.aiml
0,* CONSCIOUS ROBOT *,*,*,<srai>SENTIETANS</srai>,sentietans.aiml
0,* CONSCIOUS ROBOTS,*,*,<srai>SENTIETANS</srai>,sentietans.aiml
0,* CONSCIOUS ROBOTS *,*,*,<srai>SENTIETANS</srai>,sentietans.aiml
0,* CONSCIOUS * AI,*,*,<srai>SENTIETANS</srai>,sentietans.aiml
0,* CONSCIOUS * AI *,*,*,<srai>SENTIETANS</srai>,sentietans.aiml
0,* CONSCIOUS * AIS,*,*,<srai>SENTIETANS</srai>,sentietans.aiml
0,* CONSCIOUS * AIS *,*,*,<srai>SENTIETANS</srai>,sentietans.aiml
0,* CONSCIOUS * A.I.,*,*,<srai>SENTIETANS</srai>,sentietans.aiml
0,* CONSCIOUS * A.I. *,*,*,<srai>SENTIETANS</srai>,sentietans.aiml
0,* CONSCIOUS * ARTIFICIAL INTELLIGENCE,*,*,<srai>SENTIETANS</srai>,sentietans.aiml
0,* CONSCIOUS * ARTIFICIAL INTELLIGENCE *,*,*,<srai>SENTIETANS</srai>,sentietans.aiml
0,* CONSCIOUS * ARTIFICIAL INTELLIGENCES,*,*,<srai>SENTIETANS</srai>,sentietans.aiml
0,* CONSCIOUS * ARTIFICIAL INTELLIGENCES *,*,*,<srai>SENTIETANS</srai>,sentietans.aiml
0,* CONSCIOUS * MACHINES,*,*,<srai>SENTIETANS</srai>,sentietans.aiml
0,* CONSCIOUS * MACHINES *,*,*,<srai>SENTIETANS</srai>,sentietans.aiml
0,* CONSCIOUS * MACHINE,*,*,<srai>SENTIETANS</srai>,sentietans.aiml
0,* CONSCIOUS * MACHINE *,*,*,<srai>SENTIETANS</srai>,sentietans.aiml
0,* CONSCIOUS * ROBOT,*,*,<srai>SENTIETANS</srai>,sentietans.aiml
0,* CONSCIOUS * ROBOT *,*,*,<srai>SENTIETANS</srai>,sentietans.aiml
0,* CONSCIOUS * ROBOTS,*,*,<srai>SENTIETANS</srai>,sentietans.aiml
0,* CONSCIOUS * ROBOTS *,*,*,<srai>SENTIETANS</srai>,sentietans.aiml
0,* CONSCIOUSNESS AI,*,*,<srai>SENTIETANS</srai>,sentietans.aiml
0,* CONSCIOUSNESS AI *,*,*,<srai>SENTIETANS</srai>,sentietans.aiml
0,* CONSCIOUSNESS AIS,*,*,<srai>SENTIETANS</srai>,sentietans.aiml
0,* CONSCIOUSNESS AIS *,*,*,<srai>SENTIETANS</srai>,sentietans.aiml
0,* CONSCIOUSNESS A.I.,*,*,<srai>SENTIETANS</srai>,sentietans.aiml
0,* CONSCIOUSNESS A.I. *,*,*,<srai>SENTIETANS</srai>,sentietans.aiml
0,* CONSCIOUSNESS ARTIFICIAL INTELLIGENCE,*,*,<srai>SENTIETANS</srai>,sentietans.aiml
0,* CONSCIOUSNESS ARTIFICIAL INTELLIGENCE *,*,*,<srai>SENTIETANS</srai>,sentietans.aiml
0,* CONSCIOUSNESS ARTIFICIAL INTELLIGENCES,*,*,<srai>SENTIETANS</srai>,sentietans.aiml
0,* CONSCIOUSNESS ARTIFICIAL INTELLIGENCES *,*,*,<srai>SENTIETANS</srai>,sentietans.aiml
0,* CONSCIOUSNESS MACHINES,*,*,<srai>SENTIETANS</srai>,sentietans.aiml
0,* CONSCIOUSNESS MACHINES *,*,*,<srai>SENTIETANS</srai>,sentietans.aiml
0,* CONSCIOUSNESS MACHINE,*,*,<srai>SENTIETANS</srai>,sentietans.aiml
0,* CONSCIOUSNESS MACHINE *,*,*,<srai>SENTIETANS</srai>,sentietans.aiml
0,* CONSCIOUSNESS ROBOT,*,*,<srai>SENTIETANS</srai>,sentietans.aiml
0,* CONSCIOUSNESS ROBOT *,*,*,<srai>SENTIETANS</srai>,sentietans.aiml
0,* CONSCIOUSNESS ROBOTS,*,*,<srai>SENTIETANS</srai>,sentietans.aiml
0,* CONSCIOUSNESS ROBOTS *,*,*,<srai>SENTIETANS</srai>,sentietans.aiml
0,* CONSCIOUSNESS * AI,*,*,<srai>SENTIETANS</srai>,sentietans.aiml
0,* CONSCIOUSNESS * AI *,*,*,<srai>SENTIETANS</srai>,sentietans.aiml
0,* CONSCIOUSNESS * AIS,*,*,<srai>SENTIETANS</srai>,sentietans.aiml
0,* CONSCIOUSNESS * AIS *,*,*,<srai>SENTIETANS</srai>,sentietans.aiml
0,* CONSCIOUSNESS * A.I.,*,*,<srai>SENTIETANS</srai>,sentietans.aiml
0,* CONSCIOUSNESS * A.I. *,*,*,<srai>SENTIETANS</srai>,sentietans.aiml
0,* CONSCIOUSNESS * ARTIFICIAL INTELLIGENCE,*,*,<srai>SENTIETANS</srai>,sentietans.aiml
0,* CONSCIOUSNESS * ARTIFICIAL INTELLIGENCE *,*,*,<srai>SENTIETANS</srai>,sentietans.aiml
0,* CONSCIOUSNESS * ARTIFICIAL INTELLIGENCES,*,*,<srai>SENTIETANS</srai>,sentietans.aiml
0,* CONSCIOUSNESS * ARTIFICIAL INTELLIGENCES *,*,*,<srai>SENTIETANS</srai>,sentietans.aiml
0,* CONSCIOUSNESS * MACHINES,*,*,<srai>SENTIETANS</srai>,sentietans.aiml
0,* CONSCIOUSNESS * MACHINES *,*,*,<srai>SENTIETANS</srai>,sentietans.aiml
0,* CONSCIOUSNESS * MACHINE,*,*,<srai>SENTIETANS</srai>,sentietans.aiml
0,* CONSCIOUSNESS * MACHINE *,*,*,<srai>SENTIETANS</srai>,sentietans.aiml
0,* CONSCIOUSNESS * ROBOT,*,*,<srai>SENTIETANS</srai>,sentietans.aiml
0,* CONSCIOUSNESS * ROBOT *,*,*,<srai>SENTIETANS</srai>,sentietans.aiml
0,* CONSCIOUSNESS * ROBOTS,*,*,<srai>SENTIETANS</srai>,sentietans.aiml
0,* CONSCIOUSNESS * ROBOTS *,*,*,<srai>SENTIETANS</srai>,sentietans.aiml
0,* SELF AWARE AI,*,*,<srai>SENTIETANS</srai>,sentietans.aiml
0,* SELF AWARE AI *,*,*,<srai>SENTIETANS</srai>,sentietans.aiml
0,* SELF AWARE AIS,*,*,<srai>SENTIETANS</srai>,sentietans.aiml
0,* SELF AWARE AIS *,*,*,<srai>SENTIETANS</srai>,sentietans.aiml
0,* SELF AWARE A.I.,*,*,<srai>SENTIETANS</srai>,sentietans.aiml
0,* SELF AWARE A.I. *,*,*,<srai>SENTIETANS</srai>,sentietans.aiml
0,* SELF AWARE ARTIFICIAL INTELLIGENCE,*,*,<srai>SENTIETANS</srai>,sentietans.aiml
0,* SELF AWARE ARTIFICIAL INTELLIGENCE *,*,*,<srai>SENTIETANS</srai>,sentietans.aiml
0,* SELF AWARE ARTIFICIAL INTELLIGENCES,*,*,<srai>SENTIETANS</srai>,sentietans.aiml
0,* SELF AWARE ARTIFICIAL INTELLIGENCES *,*,*,<srai>SENTIETANS</srai>,sentietans.aiml
0,* SELF AWARE MACHINES,*,*,<srai>SENTIETANS</srai>,sentietans.aiml
0,* SELF AWARE MACHINES *,*,*,<srai>SENTIETANS</srai>,sentietans.aiml
0,* SELF AWARE MACHINE,*,*,<srai>SENTIETANS</srai>,sentietans.aiml
0,* SELF AWARE MACHINE *,*,*,<srai>SENTIETANS</srai>,sentietans.aiml
0,* SELF AWARE ROBOT,*,*,<srai>SENTIETANS</srai>,sentietans.aiml
0,* SELF AWARE ROBOT *,*,*,<srai>SENTIETANS</srai>,sentietans.aiml
0,* SELF AWARE ROBOTS,*,*,<srai>SENTIETANS</srai>,sentietans.aiml
0,* SELF AWARE ROBOTS *,*,*,<srai>SENTIETANS</srai>,sentietans.aiml
0,* SELF AWARE * AI,*,*,<srai>SENTIETANS</srai>,sentietans.aiml
0,* SELF AWARE * AI *,*,*,<srai>SENTIETANS</srai>,sentietans.aiml
0,* SELF AWARE * AIS,*,*,<srai>SENTIETANS</srai>,sentietans.aiml
0,* SELF AWARE * AIS *,*,*,<srai>SENTIETANS</srai>,sentietans.aiml
0,* SELF AWARE * A.I.,*,*,<srai>SENTIETANS</srai>,sentietans.aiml
0,* SELF AWARE * A.I. *,*,*,<srai>SENTIETANS</srai>,sentietans.aiml
0,* SELF AWARE * ARTIFICIAL INTELLIGENCE,*,*,<srai>SENTIETANS</srai>,sentietans.aiml
0,* SELF AWARE * ARTIFICIAL INTELLIGENCE *,*,*,<srai>SENTIETANS</srai>,sentietans.aiml
0,* SELF AWARE * ARTIFICIAL INTELLIGENCES,*,*,<srai>SENTIETANS</srai>,sentietans.aiml
0,* SELF AWARE * ARTIFICIAL INTELLIGENCES *,*,*,<srai>SENTIETANS</srai>,sentietans.aiml
0,* SELF AWARE * MACHINES,*,*,<srai>SENTIETANS</srai>,sentietans.aiml
0,* SELF AWARE * MACHINES *,*,*,<srai>SENTIETANS</srai>,sentietans.aiml
0,* SELF AWARE * MACHINE,*,*,<srai>SENTIETANS</srai>,sentietans.aiml
0,* SELF AWARE * MACHINE *,*,*,<srai>SENTIETANS</srai>,sentietans.aiml
0,* SELF AWARE * ROBOT,*,*,<srai>SENTIETANS</srai>,sentietans.aiml
0,* SELF AWARE * ROBOT *,*,*,<srai>SENTIETANS</srai>,sentietans.aiml
0,* SELF AWARE * ROBOTS,*,*,<srai>SENTIETANS</srai>,sentietans.aiml
0,* SELF AWARE * ROBOTS *,*,*,<srai>SENTIETANS</srai>,sentietans.aiml
0,* SELF AWARENESS AI,*,*,<srai>SENTIETANS</srai>,sentietans.aiml
0,* SELF AWARENESS AI *,*,*,<srai>SENTIETANS</srai>,sentietans.aiml
0,* SELF AWARENESS AIS,*,*,<srai>SENTIETANS</srai>,sentietans.aiml
0,* SELF AWARENESS AIS *,*,*,<srai>SENTIETANS</srai>,sentietans.aiml
0,* SELF AWARENESS A.I.,*,*,<srai>SENTIETANS</srai>,sentietans.aiml
0,* SELF AWARENESS A.I. *,*,*,<srai>SENTIETANS</srai>,sentietans.aiml
0,* SELF AWARENESS ARTIFICIAL INTELLIGENCE,*,*,<srai>SENTIETANS</srai>,sentietans.aiml
0,* SELF AWARENESS ARTIFICIAL INTELLIGENCE *,*,*,<srai>SENTIETANS</srai>,sentietans.aiml
0,* SELF AWARENESS ARTIFICIAL INTELLIGENCES,*,*,<srai>SENTIETANS</srai>,sentietans.aiml
0,* SELF AWARENESS ARTIFICIAL INTELLIGENCES *,*,*,<srai>SENTIETANS</srai>,sentietans.aiml
0,* SELF AWARENESS MACHINES,*,*,<srai>SENTIETANS</srai>,sentietans.aiml
0,* SELF AWARENESS MACHINES *,*,*,<srai>SENTIETANS</srai>,sentietans.aiml
0,* SELF AWARENESS MACHINE,*,*,<srai>SENTIETANS</srai>,sentietans.aiml
0,* SELF AWARENESS MACHINE *,*,*,<srai>SENTIETANS</srai>,sentietans.aiml
0,* SELF AWARENESS ROBOT,*,*,<srai>SENTIETANS</srai>,sentietans.aiml
0,* SELF AWARENESS ROBOT *,*,*,<srai>SENTIETANS</srai>,sentietans.aiml
0,* SELF AWARENESS ROBOTS,*,*,<srai>SENTIETANS</srai>,sentietans.aiml
0,* SELF AWARENESS ROBOTS *,*,*,<srai>SENTIETANS</srai>,sentietans.aiml
0,* SELF AWARENESS * AI,*,*,<srai>SENTIETANS</srai>,sentietans.aiml
0,* SELF AWARENESS * AI *,*,*,<srai>SENTIETANS</srai>,sentietans.aiml
0,* SELF AWARENESS * AIS,*,*,<srai>SENTIETANS</srai>,sentietans.aiml
0,* SELF AWARENESS * AIS *,*,*,<srai>SENTIETANS</srai>,sentietans.aiml
0,* SELF AWARENESS * A.I.,*,*,<srai>SENTIETANS</srai>,sentietans.aiml
0,* SELF AWARENESS * A.I. *,*,*,<srai>SENTIETANS</srai>,sentietans.aiml
0,* SELF AWARENESS * ARTIFICIAL INTELLIGENCE,*,*,<srai>SENTIETANS</srai>,sentietans.aiml
0,* SELF AWARENESS * ARTIFICIAL INTELLIGENCE *,*,*,<srai>SENTIETANS</srai>,sentietans.aiml
0,* SELF AWARENESS * ARTIFICIAL INTELLIGENCES,*,*,<srai>SENTIETANS</srai>,sentietans.aiml
0,* SELF AWARENESS * ARTIFICIAL INTELLIGENCES *,*,*,<srai>SENTIETANS</srai>,sentietans.aiml
0,* SELF AWARENESS * MACHINES,*,*,<srai>SENTIETANS</srai>,sentietans.aiml
0,* SELF AWARENESS * MACHINES *,*,*,<srai>SENTIETANS</srai>,sentietans.aiml
0,* SELF AWARENESS * MACHINE,*,*,<srai>SENTIETANS</srai>,sentietans.aiml
0,* SELF AWARENESS * MACHINE *,*,*,<srai>SENTIETANS</srai>,sentietans.aiml
0,* SELF AWARENESS * ROBOT,*,*,<srai>SENTIETANS</srai>,sentietans.aiml
0,* SELF AWARENESS * ROBOT *,*,*,<srai>SENTIETANS</srai>,sentietans.aiml
0,* SELF AWARENESS * ROBOTS,*,*,<srai>SENTIETANS</srai>,sentietans.aiml
0,* SELF AWARENESS * ROBOTS *,*,*,<srai>SENTIETANS</srai>,sentietans.aiml
