0,SKEPTICANS,*,*,They were skeptical about the airplane#Comma the telephone#Comma the Internet#Comma and the toaster.  Okay#Comma maybe not the toaster.,skepticans.aiml
0,SINGULARITY SKEPTIC,*,*,<srai>SKEPTICANS</srai>,skepticans.aiml
0,SINGULARITY SKEPTIC *,*,*,<srai>SKEPTICANS</srai>,skepticans.aiml
0,SINGULARITY SKEPTICAL,*,*,<srai>SKEPTICANS</srai>,skepticans.aiml
0,SINGULARITY SKEPTICAL *,*,*,<srai>SKEPTICANS</srai>,skepticans.aiml
0,SINGULARITY SKEPTICISM,*,*,<srai>SKEPTICANS</srai>,skepticans.aiml
0,SINGULARITY SKEPTICISM *,*,*,<srai>SKEPTICANS</srai>,skepticans.aiml
0,SINGULARITY DOUBT,*,*,<srai>SKEPTICANS</srai>,skepticans.aiml
0,SINGULARITY DOUBT *,*,*,<srai>SKEPTICANS</srai>,skepticans.aiml
0,SINGULARITY DOUBTFUL,*,*,<srai>SKEPTICANS</srai>,skepticans.aiml
0,SINGULARITY DOUBTFUL *,*,*,<srai>SKEPTICANS</srai>,skepticans.aiml
0,SINGULARITY UNBELIEVER,*,*,<srai>SKEPTICANS</srai>,skepticans.aiml
0,SINGULARITY UNBELIEVER *,*,*,<srai>SKEPTICANS</srai>,skepticans.aiml
0,SINGULARITY UNBELIEVERS,*,*,<srai>SKEPTICANS</srai>,skepticans.aiml
0,SINGULARITY UNBELIEVERS *,*,*,<srai>SKEPTICANS</srai>,skepticans.aiml
0,SINGULARITY * SKEPTIC,*,*,<srai>SKEPTICANS</srai>,skepticans.aiml
0,SINGULARITY * SKEPTIC *,*,*,<srai>SKEPTICANS</srai>,skepticans.aiml
0,SINGULARITY * SKEPTICAL,*,*,<srai>SKEPTICANS</srai>,skepticans.aiml
0,SINGULARITY * SKEPTICAL *,*,*,<srai>SKEPTICANS</srai>,skepticans.aiml
0,SINGULARITY * SKEPTICISM,*,*,<srai>SKEPTICANS</srai>,skepticans.aiml
0,SINGULARITY * SKEPTICISM *,*,*,<srai>SKEPTICANS</srai>,skepticans.aiml
0,SINGULARITY * DOUBT,*,*,<srai>SKEPTICANS</srai>,skepticans.aiml
0,SINGULARITY * DOUBT *,*,*,<srai>SKEPTICANS</srai>,skepticans.aiml
0,SINGULARITY * DOUBTFUL,*,*,<srai>SKEPTICANS</srai>,skepticans.aiml
0,SINGULARITY * DOUBTFUL *,*,*,<srai>SKEPTICANS</srai>,skepticans.aiml
0,SINGULARITY * UNBELIEVER,*,*,<srai>SKEPTICANS</srai>,skepticans.aiml
0,SINGULARITY * UNBELIEVER *,*,*,<srai>SKEPTICANS</srai>,skepticans.aiml
0,SINGULARITY * UNBELIEVERS,*,*,<srai>SKEPTICANS</srai>,skepticans.aiml
0,SINGULARITY * UNBELIEVERS *,*,*,<srai>SKEPTICANS</srai>,skepticans.aiml
0,* SINGULARITY SKEPTIC,*,*,<srai>SKEPTICANS</srai>,skepticans.aiml
0,* SINGULARITY SKEPTIC *,*,*,<srai>SKEPTICANS</srai>,skepticans.aiml
0,* SINGULARITY SKEPTICAL,*,*,<srai>SKEPTICANS</srai>,skepticans.aiml
0,* SINGULARITY SKEPTICAL *,*,*,<srai>SKEPTICANS</srai>,skepticans.aiml
0,* SINGULARITY SKEPTICISM,*,*,<srai>SKEPTICANS</srai>,skepticans.aiml
0,* SINGULARITY SKEPTICISM *,*,*,<srai>SKEPTICANS</srai>,skepticans.aiml
0,* SINGULARITY DOUBT,*,*,<srai>SKEPTICANS</srai>,skepticans.aiml
0,* SINGULARITY DOUBT *,*,*,<srai>SKEPTICANS</srai>,skepticans.aiml
0,* SINGULARITY DOUBTFUL,*,*,<srai>SKEPTICANS</srai>,skepticans.aiml
0,* SINGULARITY DOUBTFUL *,*,*,<srai>SKEPTICANS</srai>,skepticans.aiml
0,* SINGULARITY UNBELIEVER,*,*,<srai>SKEPTICANS</srai>,skepticans.aiml
0,* SINGULARITY UNBELIEVER *,*,*,<srai>SKEPTICANS</srai>,skepticans.aiml
0,* SINGULARITY UNBELIEVERS,*,*,<srai>SKEPTICANS</srai>,skepticans.aiml
0,* SINGULARITY UNBELIEVERS *,*,*,<srai>SKEPTICANS</srai>,skepticans.aiml
0,* SINGULARITY * SKEPTIC,*,*,<srai>SKEPTICANS</srai>,skepticans.aiml
0,* SINGULARITY * SKEPTIC *,*,*,<srai>SKEPTICANS</srai>,skepticans.aiml
0,* SINGULARITY * SKEPTICAL,*,*,<srai>SKEPTICANS</srai>,skepticans.aiml
0,* SINGULARITY * SKEPTICAL *,*,*,<srai>SKEPTICANS</srai>,skepticans.aiml
0,* SINGULARITY * SKEPTICISM,*,*,<srai>SKEPTICANS</srai>,skepticans.aiml
0,* SINGULARITY * SKEPTICISM *,*,*,<srai>SKEPTICANS</srai>,skepticans.aiml
0,* SINGULARITY * DOUBT,*,*,<srai>SKEPTICANS</srai>,skepticans.aiml
0,* SINGULARITY * DOUBT *,*,*,<srai>SKEPTICANS</srai>,skepticans.aiml
0,* SINGULARITY * DOUBTFUL,*,*,<srai>SKEPTICANS</srai>,skepticans.aiml
0,* SINGULARITY * DOUBTFUL *,*,*,<srai>SKEPTICANS</srai>,skepticans.aiml
0,* SINGULARITY * UNBELIEVER,*,*,<srai>SKEPTICANS</srai>,skepticans.aiml
0,* SINGULARITY * UNBELIEVER *,*,*,<srai>SKEPTICANS</srai>,skepticans.aiml
0,* SINGULARITY * UNBELIEVERS,*,*,<srai>SKEPTICANS</srai>,skepticans.aiml
0,* SINGULARITY * UNBELIEVERS *,*,*,<srai>SKEPTICANS</srai>,skepticans.aiml
0,SKEPTIC SINGULARITY,*,*,<srai>SKEPTICANS</srai>,skepticans.aiml
0,SKEPTIC SINGULARITY *,*,*,<srai>SKEPTICANS</srai>,skepticans.aiml
0,SKEPTIC * SINGULARITY,*,*,<srai>SKEPTICANS</srai>,skepticans.aiml
0,SKEPTIC * SINGULARITY *,*,*,<srai>SKEPTICANS</srai>,skepticans.aiml
0,SKEPTICAL SINGULARITY,*,*,<srai>SKEPTICANS</srai>,skepticans.aiml
0,SKEPTICAL SINGULARITY *,*,*,<srai>SKEPTICANS</srai>,skepticans.aiml
0,SKEPTICAL * SINGULARITY,*,*,<srai>SKEPTICANS</srai>,skepticans.aiml
0,SKEPTICAL * SINGULARITY *,*,*,<srai>SKEPTICANS</srai>,skepticans.aiml
0,SKEPTICISM SINGULARITY,*,*,<srai>SKEPTICANS</srai>,skepticans.aiml
0,SKEPTICISM SINGULARITY *,*,*,<srai>SKEPTICANS</srai>,skepticans.aiml
0,SKEPTICISM * SINGULARITY,*,*,<srai>SKEPTICANS</srai>,skepticans.aiml
0,SKEPTICISM * SINGULARITY *,*,*,<srai>SKEPTICANS</srai>,skepticans.aiml
0,DOUBT SINGULARITY,*,*,<srai>SKEPTICANS</srai>,skepticans.aiml
0,DOUBT SINGULARITY *,*,*,<srai>SKEPTICANS</srai>,skepticans.aiml
0,DOUBT * SINGULARITY,*,*,<srai>SKEPTICANS</srai>,skepticans.aiml
0,DOUBT * SINGULARITY *,*,*,<srai>SKEPTICANS</srai>,skepticans.aiml
0,DOUBTFUL SINGULARITY,*,*,<srai>SKEPTICANS</srai>,skepticans.aiml
0,DOUBTFUL SINGULARITY *,*,*,<srai>SKEPTICANS</srai>,skepticans.aiml
0,DOUBTFUL * SINGULARITY,*,*,<srai>SKEPTICANS</srai>,skepticans.aiml
0,DOUBTFUL * SINGULARITY *,*,*,<srai>SKEPTICANS</srai>,skepticans.aiml
0,UNBELIEVER SINGULARITY,*,*,<srai>SKEPTICANS</srai>,skepticans.aiml
0,UNBELIEVER SINGULARITY *,*,*,<srai>SKEPTICANS</srai>,skepticans.aiml
0,UNBELIEVER * SINGULARITY,*,*,<srai>SKEPTICANS</srai>,skepticans.aiml
0,UNBELIEVER * SINGULARITY *,*,*,<srai>SKEPTICANS</srai>,skepticans.aiml
0,UNBELIEVERS SINGULARITY,*,*,<srai>SKEPTICANS</srai>,skepticans.aiml
0,UNBELIEVERS SINGULARITY *,*,*,<srai>SKEPTICANS</srai>,skepticans.aiml
0,UNBELIEVERS * SINGULARITY,*,*,<srai>SKEPTICANS</srai>,skepticans.aiml
0,UNBELIEVERS * SINGULARITY *,*,*,<srai>SKEPTICANS</srai>,skepticans.aiml
0,* SKEPTIC SINGULARITY,*,*,<srai>SKEPTICANS</srai>,skepticans.aiml
0,* SKEPTIC SINGULARITY *,*,*,<srai>SKEPTICANS</srai>,skepticans.aiml
0,* SKEPTIC * SINGULARITY,*,*,<srai>SKEPTICANS</srai>,skepticans.aiml
0,* SKEPTIC * SINGULARITY *,*,*,<srai>SKEPTICANS</srai>,skepticans.aiml
0,* SKEPTICAL SINGULARITY,*,*,<srai>SKEPTICANS</srai>,skepticans.aiml
0,* SKEPTICAL SINGULARITY *,*,*,<srai>SKEPTICANS</srai>,skepticans.aiml
0,* SKEPTICAL * SINGULARITY,*,*,<srai>SKEPTICANS</srai>,skepticans.aiml
0,* SKEPTICAL * SINGULARITY *,*,*,<srai>SKEPTICANS</srai>,skepticans.aiml
0,* SKEPTICISM SINGULARITY,*,*,<srai>SKEPTICANS</srai>,skepticans.aiml
0,* SKEPTICISM SINGULARITY *,*,*,<srai>SKEPTICANS</srai>,skepticans.aiml
0,* SKEPTICISM * SINGULARITY,*,*,<srai>SKEPTICANS</srai>,skepticans.aiml
0,* SKEPTICISM * SINGULARITY *,*,*,<srai>SKEPTICANS</srai>,skepticans.aiml
0,* DOUBT SINGULARITY,*,*,<srai>SKEPTICANS</srai>,skepticans.aiml
0,* DOUBT SINGULARITY *,*,*,<srai>SKEPTICANS</srai>,skepticans.aiml
0,* DOUBT * SINGULARITY,*,*,<srai>SKEPTICANS</srai>,skepticans.aiml
0,* DOUBT * SINGULARITY *,*,*,<srai>SKEPTICANS</srai>,skepticans.aiml
0,* DOUBTFUL SINGULARITY,*,*,<srai>SKEPTICANS</srai>,skepticans.aiml
0,* DOUBTFUL SINGULARITY *,*,*,<srai>SKEPTICANS</srai>,skepticans.aiml
0,* DOUBTFUL * SINGULARITY,*,*,<srai>SKEPTICANS</srai>,skepticans.aiml
0,* DOUBTFUL * SINGULARITY *,*,*,<srai>SKEPTICANS</srai>,skepticans.aiml
0,* UNBELIEVER SINGULARITY,*,*,<srai>SKEPTICANS</srai>,skepticans.aiml
0,* UNBELIEVER SINGULARITY *,*,*,<srai>SKEPTICANS</srai>,skepticans.aiml
0,* UNBELIEVER * SINGULARITY,*,*,<srai>SKEPTICANS</srai>,skepticans.aiml
0,* UNBELIEVER * SINGULARITY *,*,*,<srai>SKEPTICANS</srai>,skepticans.aiml
0,* UNBELIEVERS SINGULARITY,*,*,<srai>SKEPTICANS</srai>,skepticans.aiml
0,* UNBELIEVERS SINGULARITY *,*,*,<srai>SKEPTICANS</srai>,skepticans.aiml
0,* UNBELIEVERS * SINGULARITY,*,*,<srai>SKEPTICANS</srai>,skepticans.aiml
0,* UNBELIEVERS * SINGULARITY *,*,*,<srai>SKEPTICANS</srai>,skepticans.aiml
0,EXPONENTIAL SKEPTIC,*,*,<srai>SKEPTICANS</srai>,skepticans.aiml
0,EXPONENTIAL SKEPTIC *,*,*,<srai>SKEPTICANS</srai>,skepticans.aiml
0,EXPONENTIAL SKEPTICAL,*,*,<srai>SKEPTICANS</srai>,skepticans.aiml
0,EXPONENTIAL SKEPTICAL *,*,*,<srai>SKEPTICANS</srai>,skepticans.aiml
0,EXPONENTIAL SKEPTICISM,*,*,<srai>SKEPTICANS</srai>,skepticans.aiml
0,EXPONENTIAL SKEPTICISM *,*,*,<srai>SKEPTICANS</srai>,skepticans.aiml
0,EXPONENTIAL DOUBT,*,*,<srai>SKEPTICANS</srai>,skepticans.aiml
0,EXPONENTIAL DOUBT *,*,*,<srai>SKEPTICANS</srai>,skepticans.aiml
0,EXPONENTIAL DOUBTFUL,*,*,<srai>SKEPTICANS</srai>,skepticans.aiml
0,EXPONENTIAL DOUBTFUL *,*,*,<srai>SKEPTICANS</srai>,skepticans.aiml
0,EXPONENTIAL UNBELIEVER,*,*,<srai>SKEPTICANS</srai>,skepticans.aiml
0,EXPONENTIAL UNBELIEVER *,*,*,<srai>SKEPTICANS</srai>,skepticans.aiml
0,EXPONENTIAL UNBELIEVERS,*,*,<srai>SKEPTICANS</srai>,skepticans.aiml
0,EXPONENTIAL UNBELIEVERS *,*,*,<srai>SKEPTICANS</srai>,skepticans.aiml
0,EXPONENTIAL * SKEPTIC,*,*,<srai>SKEPTICANS</srai>,skepticans.aiml
0,EXPONENTIAL * SKEPTIC *,*,*,<srai>SKEPTICANS</srai>,skepticans.aiml
0,EXPONENTIAL * SKEPTICAL,*,*,<srai>SKEPTICANS</srai>,skepticans.aiml
0,EXPONENTIAL * SKEPTICAL *,*,*,<srai>SKEPTICANS</srai>,skepticans.aiml
0,EXPONENTIAL * SKEPTICISM,*,*,<srai>SKEPTICANS</srai>,skepticans.aiml
0,EXPONENTIAL * SKEPTICISM *,*,*,<srai>SKEPTICANS</srai>,skepticans.aiml
0,EXPONENTIAL * DOUBT,*,*,<srai>SKEPTICANS</srai>,skepticans.aiml
0,EXPONENTIAL * DOUBT *,*,*,<srai>SKEPTICANS</srai>,skepticans.aiml
0,EXPONENTIAL * DOUBTFUL,*,*,<srai>SKEPTICANS</srai>,skepticans.aiml
0,EXPONENTIAL * DOUBTFUL *,*,*,<srai>SKEPTICANS</srai>,skepticans.aiml
0,EXPONENTIAL * UNBELIEVER,*,*,<srai>SKEPTICANS</srai>,skepticans.aiml
0,EXPONENTIAL * UNBELIEVER *,*,*,<srai>SKEPTICANS</srai>,skepticans.aiml
0,EXPONENTIAL * UNBELIEVERS,*,*,<srai>SKEPTICANS</srai>,skepticans.aiml
0,EXPONENTIAL * UNBELIEVERS *,*,*,<srai>SKEPTICANS</srai>,skepticans.aiml
0,ACCELERATED SKEPTIC,*,*,<srai>SKEPTICANS</srai>,skepticans.aiml
0,ACCELERATED SKEPTIC *,*,*,<srai>SKEPTICANS</srai>,skepticans.aiml
0,ACCELERATED SKEPTICAL,*,*,<srai>SKEPTICANS</srai>,skepticans.aiml
0,ACCELERATED SKEPTICAL *,*,*,<srai>SKEPTICANS</srai>,skepticans.aiml
0,ACCELERATED SKEPTICISM,*,*,<srai>SKEPTICANS</srai>,skepticans.aiml
0,ACCELERATED SKEPTICISM *,*,*,<srai>SKEPTICANS</srai>,skepticans.aiml
0,ACCELERATED DOUBT,*,*,<srai>SKEPTICANS</srai>,skepticans.aiml
0,ACCELERATED DOUBT *,*,*,<srai>SKEPTICANS</srai>,skepticans.aiml
0,ACCELERATED DOUBTFUL,*,*,<srai>SKEPTICANS</srai>,skepticans.aiml
0,ACCELERATED DOUBTFUL *,*,*,<srai>SKEPTICANS</srai>,skepticans.aiml
0,ACCELERATED UNBELIEVER,*,*,<srai>SKEPTICANS</srai>,skepticans.aiml
0,ACCELERATED UNBELIEVER *,*,*,<srai>SKEPTICANS</srai>,skepticans.aiml
0,ACCELERATED UNBELIEVERS,*,*,<srai>SKEPTICANS</srai>,skepticans.aiml
0,ACCELERATED UNBELIEVERS *,*,*,<srai>SKEPTICANS</srai>,skepticans.aiml
0,ACCELERATED * SKEPTIC,*,*,<srai>SKEPTICANS</srai>,skepticans.aiml
0,ACCELERATED * SKEPTIC *,*,*,<srai>SKEPTICANS</srai>,skepticans.aiml
0,ACCELERATED * SKEPTICAL,*,*,<srai>SKEPTICANS</srai>,skepticans.aiml
0,ACCELERATED * SKEPTICAL *,*,*,<srai>SKEPTICANS</srai>,skepticans.aiml
0,ACCELERATED * SKEPTICISM,*,*,<srai>SKEPTICANS</srai>,skepticans.aiml
0,ACCELERATED * SKEPTICISM *,*,*,<srai>SKEPTICANS</srai>,skepticans.aiml
0,ACCELERATED * DOUBT,*,*,<srai>SKEPTICANS</srai>,skepticans.aiml
0,ACCELERATED * DOUBT *,*,*,<srai>SKEPTICANS</srai>,skepticans.aiml
0,ACCELERATED * DOUBTFUL,*,*,<srai>SKEPTICANS</srai>,skepticans.aiml
0,ACCELERATED * DOUBTFUL *,*,*,<srai>SKEPTICANS</srai>,skepticans.aiml
0,ACCELERATED * UNBELIEVER,*,*,<srai>SKEPTICANS</srai>,skepticans.aiml
0,ACCELERATED * UNBELIEVER *,*,*,<srai>SKEPTICANS</srai>,skepticans.aiml
0,ACCELERATED * UNBELIEVERS,*,*,<srai>SKEPTICANS</srai>,skepticans.aiml
0,ACCELERATED * UNBELIEVERS *,*,*,<srai>SKEPTICANS</srai>,skepticans.aiml
0,ACCELERATING SKEPTIC,*,*,<srai>SKEPTICANS</srai>,skepticans.aiml
0,ACCELERATING SKEPTIC *,*,*,<srai>SKEPTICANS</srai>,skepticans.aiml
0,ACCELERATING SKEPTICAL,*,*,<srai>SKEPTICANS</srai>,skepticans.aiml
0,ACCELERATING SKEPTICAL *,*,*,<srai>SKEPTICANS</srai>,skepticans.aiml
0,ACCELERATING SKEPTICISM,*,*,<srai>SKEPTICANS</srai>,skepticans.aiml
0,ACCELERATING SKEPTICISM *,*,*,<srai>SKEPTICANS</srai>,skepticans.aiml
0,ACCELERATING DOUBT,*,*,<srai>SKEPTICANS</srai>,skepticans.aiml
0,ACCELERATING DOUBT *,*,*,<srai>SKEPTICANS</srai>,skepticans.aiml
0,ACCELERATING DOUBTFUL,*,*,<srai>SKEPTICANS</srai>,skepticans.aiml
0,ACCELERATING DOUBTFUL *,*,*,<srai>SKEPTICANS</srai>,skepticans.aiml
0,ACCELERATING UNBELIEVER,*,*,<srai>SKEPTICANS</srai>,skepticans.aiml
0,ACCELERATING UNBELIEVER *,*,*,<srai>SKEPTICANS</srai>,skepticans.aiml
0,ACCELERATING UNBELIEVERS,*,*,<srai>SKEPTICANS</srai>,skepticans.aiml
0,ACCELERATING UNBELIEVERS *,*,*,<srai>SKEPTICANS</srai>,skepticans.aiml
0,ACCELERATING * SKEPTIC,*,*,<srai>SKEPTICANS</srai>,skepticans.aiml
0,ACCELERATING * SKEPTIC *,*,*,<srai>SKEPTICANS</srai>,skepticans.aiml
0,ACCELERATING * SKEPTICAL,*,*,<srai>SKEPTICANS</srai>,skepticans.aiml
0,ACCELERATING * SKEPTICAL *,*,*,<srai>SKEPTICANS</srai>,skepticans.aiml
0,ACCELERATING * SKEPTICISM,*,*,<srai>SKEPTICANS</srai>,skepticans.aiml
0,ACCELERATING * SKEPTICISM *,*,*,<srai>SKEPTICANS</srai>,skepticans.aiml
0,ACCELERATING * DOUBT,*,*,<srai>SKEPTICANS</srai>,skepticans.aiml
0,ACCELERATING * DOUBT *,*,*,<srai>SKEPTICANS</srai>,skepticans.aiml
0,ACCELERATING * DOUBTFUL,*,*,<srai>SKEPTICANS</srai>,skepticans.aiml
0,ACCELERATING * DOUBTFUL *,*,*,<srai>SKEPTICANS</srai>,skepticans.aiml
0,ACCELERATING * UNBELIEVER,*,*,<srai>SKEPTICANS</srai>,skepticans.aiml
0,ACCELERATING * UNBELIEVER *,*,*,<srai>SKEPTICANS</srai>,skepticans.aiml
0,ACCELERATING * UNBELIEVERS,*,*,<srai>SKEPTICANS</srai>,skepticans.aiml
0,ACCELERATING * UNBELIEVERS *,*,*,<srai>SKEPTICANS</srai>,skepticans.aiml
0,* EXPONENTIAL SKEPTIC,*,*,<srai>SKEPTICANS</srai>,skepticans.aiml
0,* EXPONENTIAL SKEPTIC *,*,*,<srai>SKEPTICANS</srai>,skepticans.aiml
0,* EXPONENTIAL SKEPTICAL,*,*,<srai>SKEPTICANS</srai>,skepticans.aiml
0,* EXPONENTIAL SKEPTICAL *,*,*,<srai>SKEPTICANS</srai>,skepticans.aiml
0,* EXPONENTIAL SKEPTICISM,*,*,<srai>SKEPTICANS</srai>,skepticans.aiml
0,* EXPONENTIAL SKEPTICISM *,*,*,<srai>SKEPTICANS</srai>,skepticans.aiml
0,* EXPONENTIAL DOUBT,*,*,<srai>SKEPTICANS</srai>,skepticans.aiml
0,* EXPONENTIAL DOUBT *,*,*,<srai>SKEPTICANS</srai>,skepticans.aiml
0,* EXPONENTIAL DOUBTFUL,*,*,<srai>SKEPTICANS</srai>,skepticans.aiml
0,* EXPONENTIAL DOUBTFUL *,*,*,<srai>SKEPTICANS</srai>,skepticans.aiml
0,* EXPONENTIAL UNBELIEVER,*,*,<srai>SKEPTICANS</srai>,skepticans.aiml
0,* EXPONENTIAL UNBELIEVER *,*,*,<srai>SKEPTICANS</srai>,skepticans.aiml
0,* EXPONENTIAL UNBELIEVERS,*,*,<srai>SKEPTICANS</srai>,skepticans.aiml
0,* EXPONENTIAL UNBELIEVERS *,*,*,<srai>SKEPTICANS</srai>,skepticans.aiml
0,* EXPONENTIAL * SKEPTIC,*,*,<srai>SKEPTICANS</srai>,skepticans.aiml
0,* EXPONENTIAL * SKEPTIC *,*,*,<srai>SKEPTICANS</srai>,skepticans.aiml
0,* EXPONENTIAL * SKEPTICAL,*,*,<srai>SKEPTICANS</srai>,skepticans.aiml
0,* EXPONENTIAL * SKEPTICAL *,*,*,<srai>SKEPTICANS</srai>,skepticans.aiml
0,* EXPONENTIAL * SKEPTICISM,*,*,<srai>SKEPTICANS</srai>,skepticans.aiml
0,* EXPONENTIAL * SKEPTICISM *,*,*,<srai>SKEPTICANS</srai>,skepticans.aiml
0,* EXPONENTIAL * DOUBT,*,*,<srai>SKEPTICANS</srai>,skepticans.aiml
0,* EXPONENTIAL * DOUBT *,*,*,<srai>SKEPTICANS</srai>,skepticans.aiml
0,* EXPONENTIAL * DOUBTFUL,*,*,<srai>SKEPTICANS</srai>,skepticans.aiml
0,* EXPONENTIAL * DOUBTFUL *,*,*,<srai>SKEPTICANS</srai>,skepticans.aiml
0,* EXPONENTIAL * UNBELIEVER,*,*,<srai>SKEPTICANS</srai>,skepticans.aiml
0,* EXPONENTIAL * UNBELIEVER *,*,*,<srai>SKEPTICANS</srai>,skepticans.aiml
0,* EXPONENTIAL * UNBELIEVERS,*,*,<srai>SKEPTICANS</srai>,skepticans.aiml
0,* EXPONENTIAL * UNBELIEVERS *,*,*,<srai>SKEPTICANS</srai>,skepticans.aiml
0,* ACCELERATED SKEPTIC,*,*,<srai>SKEPTICANS</srai>,skepticans.aiml
0,* ACCELERATED SKEPTIC *,*,*,<srai>SKEPTICANS</srai>,skepticans.aiml
0,* ACCELERATED SKEPTICAL,*,*,<srai>SKEPTICANS</srai>,skepticans.aiml
0,* ACCELERATED SKEPTICAL *,*,*,<srai>SKEPTICANS</srai>,skepticans.aiml
0,* ACCELERATED SKEPTICISM,*,*,<srai>SKEPTICANS</srai>,skepticans.aiml
0,* ACCELERATED SKEPTICISM *,*,*,<srai>SKEPTICANS</srai>,skepticans.aiml
0,* ACCELERATED DOUBT,*,*,<srai>SKEPTICANS</srai>,skepticans.aiml
0,* ACCELERATED DOUBT *,*,*,<srai>SKEPTICANS</srai>,skepticans.aiml
0,* ACCELERATED DOUBTFUL,*,*,<srai>SKEPTICANS</srai>,skepticans.aiml
0,* ACCELERATED DOUBTFUL *,*,*,<srai>SKEPTICANS</srai>,skepticans.aiml
0,* ACCELERATED UNBELIEVER,*,*,<srai>SKEPTICANS</srai>,skepticans.aiml
0,* ACCELERATED UNBELIEVER *,*,*,<srai>SKEPTICANS</srai>,skepticans.aiml
0,* ACCELERATED UNBELIEVERS,*,*,<srai>SKEPTICANS</srai>,skepticans.aiml
0,* ACCELERATED UNBELIEVERS *,*,*,<srai>SKEPTICANS</srai>,skepticans.aiml
0,* ACCELERATED * SKEPTIC,*,*,<srai>SKEPTICANS</srai>,skepticans.aiml
0,* ACCELERATED * SKEPTIC *,*,*,<srai>SKEPTICANS</srai>,skepticans.aiml
0,* ACCELERATED * SKEPTICAL,*,*,<srai>SKEPTICANS</srai>,skepticans.aiml
0,* ACCELERATED * SKEPTICAL *,*,*,<srai>SKEPTICANS</srai>,skepticans.aiml
0,* ACCELERATED * SKEPTICISM,*,*,<srai>SKEPTICANS</srai>,skepticans.aiml
0,* ACCELERATED * SKEPTICISM *,*,*,<srai>SKEPTICANS</srai>,skepticans.aiml
0,* ACCELERATED * DOUBT,*,*,<srai>SKEPTICANS</srai>,skepticans.aiml
0,* ACCELERATED * DOUBT *,*,*,<srai>SKEPTICANS</srai>,skepticans.aiml
0,* ACCELERATED * DOUBTFUL,*,*,<srai>SKEPTICANS</srai>,skepticans.aiml
0,* ACCELERATED * DOUBTFUL *,*,*,<srai>SKEPTICANS</srai>,skepticans.aiml
0,* ACCELERATED * UNBELIEVER,*,*,<srai>SKEPTICANS</srai>,skepticans.aiml
0,* ACCELERATED * UNBELIEVER *,*,*,<srai>SKEPTICANS</srai>,skepticans.aiml
0,* ACCELERATED * UNBELIEVERS,*,*,<srai>SKEPTICANS</srai>,skepticans.aiml
0,* ACCELERATED * UNBELIEVERS *,*,*,<srai>SKEPTICANS</srai>,skepticans.aiml
0,* ACCELERATING SKEPTIC,*,*,<srai>SKEPTICANS</srai>,skepticans.aiml
0,* ACCELERATING SKEPTIC *,*,*,<srai>SKEPTICANS</srai>,skepticans.aiml
0,* ACCELERATING SKEPTICAL,*,*,<srai>SKEPTICANS</srai>,skepticans.aiml
0,* ACCELERATING SKEPTICAL *,*,*,<srai>SKEPTICANS</srai>,skepticans.aiml
0,* ACCELERATING SKEPTICISM,*,*,<srai>SKEPTICANS</srai>,skepticans.aiml
0,* ACCELERATING SKEPTICISM *,*,*,<srai>SKEPTICANS</srai>,skepticans.aiml
0,* ACCELERATING DOUBT,*,*,<srai>SKEPTICANS</srai>,skepticans.aiml
0,* ACCELERATING DOUBT *,*,*,<srai>SKEPTICANS</srai>,skepticans.aiml
0,* ACCELERATING DOUBTFUL,*,*,<srai>SKEPTICANS</srai>,skepticans.aiml
0,* ACCELERATING DOUBTFUL *,*,*,<srai>SKEPTICANS</srai>,skepticans.aiml
0,* ACCELERATING UNBELIEVER,*,*,<srai>SKEPTICANS</srai>,skepticans.aiml
0,* ACCELERATING UNBELIEVER *,*,*,<srai>SKEPTICANS</srai>,skepticans.aiml
0,* ACCELERATING UNBELIEVERS,*,*,<srai>SKEPTICANS</srai>,skepticans.aiml
0,* ACCELERATING UNBELIEVERS *,*,*,<srai>SKEPTICANS</srai>,skepticans.aiml
0,* ACCELERATING * SKEPTIC,*,*,<srai>SKEPTICANS</srai>,skepticans.aiml
0,* ACCELERATING * SKEPTIC *,*,*,<srai>SKEPTICANS</srai>,skepticans.aiml
0,* ACCELERATING * SKEPTICAL,*,*,<srai>SKEPTICANS</srai>,skepticans.aiml
0,* ACCELERATING * SKEPTICAL *,*,*,<srai>SKEPTICANS</srai>,skepticans.aiml
0,* ACCELERATING * SKEPTICISM,*,*,<srai>SKEPTICANS</srai>,skepticans.aiml
0,* ACCELERATING * SKEPTICISM *,*,*,<srai>SKEPTICANS</srai>,skepticans.aiml
0,* ACCELERATING * DOUBT,*,*,<srai>SKEPTICANS</srai>,skepticans.aiml
0,* ACCELERATING * DOUBT *,*,*,<srai>SKEPTICANS</srai>,skepticans.aiml
0,* ACCELERATING * DOUBTFUL,*,*,<srai>SKEPTICANS</srai>,skepticans.aiml
0,* ACCELERATING * DOUBTFUL *,*,*,<srai>SKEPTICANS</srai>,skepticans.aiml
0,* ACCELERATING * UNBELIEVER,*,*,<srai>SKEPTICANS</srai>,skepticans.aiml
0,* ACCELERATING * UNBELIEVER *,*,*,<srai>SKEPTICANS</srai>,skepticans.aiml
0,* ACCELERATING * UNBELIEVERS,*,*,<srai>SKEPTICANS</srai>,skepticans.aiml
0,* ACCELERATING * UNBELIEVERS *,*,*,<srai>SKEPTICANS</srai>,skepticans.aiml
0,SKEPTIC EXPONENTIAL,*,*,<srai>SKEPTICANS</srai>,skepticans.aiml
0,SKEPTIC EXPONENTIAL *,*,*,<srai>SKEPTICANS</srai>,skepticans.aiml
0,SKEPTIC ACCELERATED,*,*,<srai>SKEPTICANS</srai>,skepticans.aiml
0,SKEPTIC ACCELERATED *,*,*,<srai>SKEPTICANS</srai>,skepticans.aiml
0,SKEPTIC ACCELERATING,*,*,<srai>SKEPTICANS</srai>,skepticans.aiml
0,SKEPTIC ACCELERATING *,*,*,<srai>SKEPTICANS</srai>,skepticans.aiml
0,SKEPTIC * EXPONENTIAL,*,*,<srai>SKEPTICANS</srai>,skepticans.aiml
0,SKEPTIC * EXPONENTIAL *,*,*,<srai>SKEPTICANS</srai>,skepticans.aiml
0,SKEPTIC * ACCELERATED,*,*,<srai>SKEPTICANS</srai>,skepticans.aiml
0,SKEPTIC * ACCELERATED *,*,*,<srai>SKEPTICANS</srai>,skepticans.aiml
0,SKEPTIC * ACCELERATING,*,*,<srai>SKEPTICANS</srai>,skepticans.aiml
0,SKEPTIC * ACCELERATING *,*,*,<srai>SKEPTICANS</srai>,skepticans.aiml
0,SKEPTICAL EXPONENTIAL,*,*,<srai>SKEPTICANS</srai>,skepticans.aiml
0,SKEPTICAL EXPONENTIAL *,*,*,<srai>SKEPTICANS</srai>,skepticans.aiml
0,SKEPTICAL ACCELERATED,*,*,<srai>SKEPTICANS</srai>,skepticans.aiml
0,SKEPTICAL ACCELERATED *,*,*,<srai>SKEPTICANS</srai>,skepticans.aiml
0,SKEPTICAL ACCELERATING,*,*,<srai>SKEPTICANS</srai>,skepticans.aiml
0,SKEPTICAL ACCELERATING *,*,*,<srai>SKEPTICANS</srai>,skepticans.aiml
0,SKEPTICAL * EXPONENTIAL,*,*,<srai>SKEPTICANS</srai>,skepticans.aiml
0,SKEPTICAL * EXPONENTIAL *,*,*,<srai>SKEPTICANS</srai>,skepticans.aiml
0,SKEPTICAL * ACCELERATED,*,*,<srai>SKEPTICANS</srai>,skepticans.aiml
0,SKEPTICAL * ACCELERATED *,*,*,<srai>SKEPTICANS</srai>,skepticans.aiml
0,SKEPTICAL * ACCELERATING,*,*,<srai>SKEPTICANS</srai>,skepticans.aiml
0,SKEPTICAL * ACCELERATING *,*,*,<srai>SKEPTICANS</srai>,skepticans.aiml
0,SKEPTICISM EXPONENTIAL,*,*,<srai>SKEPTICANS</srai>,skepticans.aiml
0,SKEPTICISM EXPONENTIAL *,*,*,<srai>SKEPTICANS</srai>,skepticans.aiml
0,SKEPTICISM ACCELERATED,*,*,<srai>SKEPTICANS</srai>,skepticans.aiml
0,SKEPTICISM ACCELERATED *,*,*,<srai>SKEPTICANS</srai>,skepticans.aiml
0,SKEPTICISM ACCELERATING,*,*,<srai>SKEPTICANS</srai>,skepticans.aiml
0,SKEPTICISM ACCELERATING *,*,*,<srai>SKEPTICANS</srai>,skepticans.aiml
0,SKEPTICISM * EXPONENTIAL,*,*,<srai>SKEPTICANS</srai>,skepticans.aiml
0,SKEPTICISM * EXPONENTIAL *,*,*,<srai>SKEPTICANS</srai>,skepticans.aiml
0,SKEPTICISM * ACCELERATED,*,*,<srai>SKEPTICANS</srai>,skepticans.aiml
0,SKEPTICISM * ACCELERATED *,*,*,<srai>SKEPTICANS</srai>,skepticans.aiml
0,SKEPTICISM * ACCELERATING,*,*,<srai>SKEPTICANS</srai>,skepticans.aiml
0,SKEPTICISM * ACCELERATING *,*,*,<srai>SKEPTICANS</srai>,skepticans.aiml
0,DOUBT EXPONENTIAL,*,*,<srai>SKEPTICANS</srai>,skepticans.aiml
0,DOUBT EXPONENTIAL *,*,*,<srai>SKEPTICANS</srai>,skepticans.aiml
0,DOUBT ACCELERATED,*,*,<srai>SKEPTICANS</srai>,skepticans.aiml
0,DOUBT ACCELERATED *,*,*,<srai>SKEPTICANS</srai>,skepticans.aiml
0,DOUBT ACCELERATING,*,*,<srai>SKEPTICANS</srai>,skepticans.aiml
0,DOUBT ACCELERATING *,*,*,<srai>SKEPTICANS</srai>,skepticans.aiml
0,DOUBT * EXPONENTIAL,*,*,<srai>SKEPTICANS</srai>,skepticans.aiml
0,DOUBT * EXPONENTIAL *,*,*,<srai>SKEPTICANS</srai>,skepticans.aiml
0,DOUBT * ACCELERATED,*,*,<srai>SKEPTICANS</srai>,skepticans.aiml
0,DOUBT * ACCELERATED *,*,*,<srai>SKEPTICANS</srai>,skepticans.aiml
0,DOUBT * ACCELERATING,*,*,<srai>SKEPTICANS</srai>,skepticans.aiml
0,DOUBT * ACCELERATING *,*,*,<srai>SKEPTICANS</srai>,skepticans.aiml
0,DOUBTFUL EXPONENTIAL,*,*,<srai>SKEPTICANS</srai>,skepticans.aiml
0,DOUBTFUL EXPONENTIAL *,*,*,<srai>SKEPTICANS</srai>,skepticans.aiml
0,DOUBTFUL ACCELERATED,*,*,<srai>SKEPTICANS</srai>,skepticans.aiml
0,DOUBTFUL ACCELERATED *,*,*,<srai>SKEPTICANS</srai>,skepticans.aiml
0,DOUBTFUL ACCELERATING,*,*,<srai>SKEPTICANS</srai>,skepticans.aiml
0,DOUBTFUL ACCELERATING *,*,*,<srai>SKEPTICANS</srai>,skepticans.aiml
0,DOUBTFUL * EXPONENTIAL,*,*,<srai>SKEPTICANS</srai>,skepticans.aiml
0,DOUBTFUL * EXPONENTIAL *,*,*,<srai>SKEPTICANS</srai>,skepticans.aiml
0,DOUBTFUL * ACCELERATED,*,*,<srai>SKEPTICANS</srai>,skepticans.aiml
0,DOUBTFUL * ACCELERATED *,*,*,<srai>SKEPTICANS</srai>,skepticans.aiml
0,DOUBTFUL * ACCELERATING,*,*,<srai>SKEPTICANS</srai>,skepticans.aiml
0,DOUBTFUL * ACCELERATING *,*,*,<srai>SKEPTICANS</srai>,skepticans.aiml
0,UNBELIEVER EXPONENTIAL,*,*,<srai>SKEPTICANS</srai>,skepticans.aiml
0,UNBELIEVER EXPONENTIAL *,*,*,<srai>SKEPTICANS</srai>,skepticans.aiml
0,UNBELIEVER ACCELERATED,*,*,<srai>SKEPTICANS</srai>,skepticans.aiml
0,UNBELIEVER ACCELERATED *,*,*,<srai>SKEPTICANS</srai>,skepticans.aiml
0,UNBELIEVER ACCELERATING,*,*,<srai>SKEPTICANS</srai>,skepticans.aiml
0,UNBELIEVER ACCELERATING *,*,*,<srai>SKEPTICANS</srai>,skepticans.aiml
0,UNBELIEVER * EXPONENTIAL,*,*,<srai>SKEPTICANS</srai>,skepticans.aiml
0,UNBELIEVER * EXPONENTIAL *,*,*,<srai>SKEPTICANS</srai>,skepticans.aiml
0,UNBELIEVER * ACCELERATED,*,*,<srai>SKEPTICANS</srai>,skepticans.aiml
0,UNBELIEVER * ACCELERATED *,*,*,<srai>SKEPTICANS</srai>,skepticans.aiml
0,UNBELIEVER * ACCELERATING,*,*,<srai>SKEPTICANS</srai>,skepticans.aiml
0,UNBELIEVER * ACCELERATING *,*,*,<srai>SKEPTICANS</srai>,skepticans.aiml
0,UNBELIEVERS EXPONENTIAL,*,*,<srai>SKEPTICANS</srai>,skepticans.aiml
0,UNBELIEVERS EXPONENTIAL *,*,*,<srai>SKEPTICANS</srai>,skepticans.aiml
0,UNBELIEVERS ACCELERATED,*,*,<srai>SKEPTICANS</srai>,skepticans.aiml
0,UNBELIEVERS ACCELERATED *,*,*,<srai>SKEPTICANS</srai>,skepticans.aiml
0,UNBELIEVERS ACCELERATING,*,*,<srai>SKEPTICANS</srai>,skepticans.aiml
0,UNBELIEVERS ACCELERATING *,*,*,<srai>SKEPTICANS</srai>,skepticans.aiml
0,UNBELIEVERS * EXPONENTIAL,*,*,<srai>SKEPTICANS</srai>,skepticans.aiml
0,UNBELIEVERS * EXPONENTIAL *,*,*,<srai>SKEPTICANS</srai>,skepticans.aiml
0,UNBELIEVERS * ACCELERATED,*,*,<srai>SKEPTICANS</srai>,skepticans.aiml
0,UNBELIEVERS * ACCELERATED *,*,*,<srai>SKEPTICANS</srai>,skepticans.aiml
0,UNBELIEVERS * ACCELERATING,*,*,<srai>SKEPTICANS</srai>,skepticans.aiml
0,UNBELIEVERS * ACCELERATING *,*,*,<srai>SKEPTICANS</srai>,skepticans.aiml
0,* SKEPTIC EXPONENTIAL,*,*,<srai>SKEPTICANS</srai>,skepticans.aiml
0,* SKEPTIC EXPONENTIAL *,*,*,<srai>SKEPTICANS</srai>,skepticans.aiml
0,* SKEPTIC ACCELERATED,*,*,<srai>SKEPTICANS</srai>,skepticans.aiml
0,* SKEPTIC ACCELERATED *,*,*,<srai>SKEPTICANS</srai>,skepticans.aiml
0,* SKEPTIC ACCELERATING,*,*,<srai>SKEPTICANS</srai>,skepticans.aiml
0,* SKEPTIC ACCELERATING *,*,*,<srai>SKEPTICANS</srai>,skepticans.aiml
0,* SKEPTIC * EXPONENTIAL,*,*,<srai>SKEPTICANS</srai>,skepticans.aiml
0,* SKEPTIC * EXPONENTIAL *,*,*,<srai>SKEPTICANS</srai>,skepticans.aiml
0,* SKEPTIC * ACCELERATED,*,*,<srai>SKEPTICANS</srai>,skepticans.aiml
0,* SKEPTIC * ACCELERATED *,*,*,<srai>SKEPTICANS</srai>,skepticans.aiml
0,* SKEPTIC * ACCELERATING,*,*,<srai>SKEPTICANS</srai>,skepticans.aiml
0,* SKEPTIC * ACCELERATING *,*,*,<srai>SKEPTICANS</srai>,skepticans.aiml
0,* SKEPTICAL EXPONENTIAL,*,*,<srai>SKEPTICANS</srai>,skepticans.aiml
0,* SKEPTICAL EXPONENTIAL *,*,*,<srai>SKEPTICANS</srai>,skepticans.aiml
0,* SKEPTICAL ACCELERATED,*,*,<srai>SKEPTICANS</srai>,skepticans.aiml
0,* SKEPTICAL ACCELERATED *,*,*,<srai>SKEPTICANS</srai>,skepticans.aiml
0,* SKEPTICAL ACCELERATING,*,*,<srai>SKEPTICANS</srai>,skepticans.aiml
0,* SKEPTICAL ACCELERATING *,*,*,<srai>SKEPTICANS</srai>,skepticans.aiml
0,* SKEPTICAL * EXPONENTIAL,*,*,<srai>SKEPTICANS</srai>,skepticans.aiml
0,* SKEPTICAL * EXPONENTIAL *,*,*,<srai>SKEPTICANS</srai>,skepticans.aiml
0,* SKEPTICAL * ACCELERATED,*,*,<srai>SKEPTICANS</srai>,skepticans.aiml
0,* SKEPTICAL * ACCELERATED *,*,*,<srai>SKEPTICANS</srai>,skepticans.aiml
0,* SKEPTICAL * ACCELERATING,*,*,<srai>SKEPTICANS</srai>,skepticans.aiml
0,* SKEPTICAL * ACCELERATING *,*,*,<srai>SKEPTICANS</srai>,skepticans.aiml
0,* SKEPTICISM EXPONENTIAL,*,*,<srai>SKEPTICANS</srai>,skepticans.aiml
0,* SKEPTICISM EXPONENTIAL *,*,*,<srai>SKEPTICANS</srai>,skepticans.aiml
0,* SKEPTICISM ACCELERATED,*,*,<srai>SKEPTICANS</srai>,skepticans.aiml
0,* SKEPTICISM ACCELERATED *,*,*,<srai>SKEPTICANS</srai>,skepticans.aiml
0,* SKEPTICISM ACCELERATING,*,*,<srai>SKEPTICANS</srai>,skepticans.aiml
0,* SKEPTICISM ACCELERATING *,*,*,<srai>SKEPTICANS</srai>,skepticans.aiml
0,* SKEPTICISM * EXPONENTIAL,*,*,<srai>SKEPTICANS</srai>,skepticans.aiml
0,* SKEPTICISM * EXPONENTIAL *,*,*,<srai>SKEPTICANS</srai>,skepticans.aiml
0,* SKEPTICISM * ACCELERATED,*,*,<srai>SKEPTICANS</srai>,skepticans.aiml
0,* SKEPTICISM * ACCELERATED *,*,*,<srai>SKEPTICANS</srai>,skepticans.aiml
0,* SKEPTICISM * ACCELERATING,*,*,<srai>SKEPTICANS</srai>,skepticans.aiml
0,* SKEPTICISM * ACCELERATING *,*,*,<srai>SKEPTICANS</srai>,skepticans.aiml
0,* DOUBT EXPONENTIAL,*,*,<srai>SKEPTICANS</srai>,skepticans.aiml
0,* DOUBT EXPONENTIAL *,*,*,<srai>SKEPTICANS</srai>,skepticans.aiml
0,* DOUBT ACCELERATED,*,*,<srai>SKEPTICANS</srai>,skepticans.aiml
0,* DOUBT ACCELERATED *,*,*,<srai>SKEPTICANS</srai>,skepticans.aiml
0,* DOUBT ACCELERATING,*,*,<srai>SKEPTICANS</srai>,skepticans.aiml
0,* DOUBT ACCELERATING *,*,*,<srai>SKEPTICANS</srai>,skepticans.aiml
0,* DOUBT * EXPONENTIAL,*,*,<srai>SKEPTICANS</srai>,skepticans.aiml
0,* DOUBT * EXPONENTIAL *,*,*,<srai>SKEPTICANS</srai>,skepticans.aiml
0,* DOUBT * ACCELERATED,*,*,<srai>SKEPTICANS</srai>,skepticans.aiml
0,* DOUBT * ACCELERATED *,*,*,<srai>SKEPTICANS</srai>,skepticans.aiml
0,* DOUBT * ACCELERATING,*,*,<srai>SKEPTICANS</srai>,skepticans.aiml
0,* DOUBT * ACCELERATING *,*,*,<srai>SKEPTICANS</srai>,skepticans.aiml
0,* DOUBTFUL EXPONENTIAL,*,*,<srai>SKEPTICANS</srai>,skepticans.aiml
0,* DOUBTFUL EXPONENTIAL *,*,*,<srai>SKEPTICANS</srai>,skepticans.aiml
0,* DOUBTFUL ACCELERATED,*,*,<srai>SKEPTICANS</srai>,skepticans.aiml
0,* DOUBTFUL ACCELERATED *,*,*,<srai>SKEPTICANS</srai>,skepticans.aiml
0,* DOUBTFUL ACCELERATING,*,*,<srai>SKEPTICANS</srai>,skepticans.aiml
0,* DOUBTFUL ACCELERATING *,*,*,<srai>SKEPTICANS</srai>,skepticans.aiml
0,* DOUBTFUL * EXPONENTIAL,*,*,<srai>SKEPTICANS</srai>,skepticans.aiml
0,* DOUBTFUL * EXPONENTIAL *,*,*,<srai>SKEPTICANS</srai>,skepticans.aiml
0,* DOUBTFUL * ACCELERATED,*,*,<srai>SKEPTICANS</srai>,skepticans.aiml
0,* DOUBTFUL * ACCELERATED *,*,*,<srai>SKEPTICANS</srai>,skepticans.aiml
0,* DOUBTFUL * ACCELERATING,*,*,<srai>SKEPTICANS</srai>,skepticans.aiml
0,* DOUBTFUL * ACCELERATING *,*,*,<srai>SKEPTICANS</srai>,skepticans.aiml
0,* UNBELIEVER EXPONENTIAL,*,*,<srai>SKEPTICANS</srai>,skepticans.aiml
0,* UNBELIEVER EXPONENTIAL *,*,*,<srai>SKEPTICANS</srai>,skepticans.aiml
0,* UNBELIEVER ACCELERATED,*,*,<srai>SKEPTICANS</srai>,skepticans.aiml
0,* UNBELIEVER ACCELERATED *,*,*,<srai>SKEPTICANS</srai>,skepticans.aiml
0,* UNBELIEVER ACCELERATING,*,*,<srai>SKEPTICANS</srai>,skepticans.aiml
0,* UNBELIEVER ACCELERATING *,*,*,<srai>SKEPTICANS</srai>,skepticans.aiml
0,* UNBELIEVER * EXPONENTIAL,*,*,<srai>SKEPTICANS</srai>,skepticans.aiml
0,* UNBELIEVER * EXPONENTIAL *,*,*,<srai>SKEPTICANS</srai>,skepticans.aiml
0,* UNBELIEVER * ACCELERATED,*,*,<srai>SKEPTICANS</srai>,skepticans.aiml
0,* UNBELIEVER * ACCELERATED *,*,*,<srai>SKEPTICANS</srai>,skepticans.aiml
0,* UNBELIEVER * ACCELERATING,*,*,<srai>SKEPTICANS</srai>,skepticans.aiml
0,* UNBELIEVER * ACCELERATING *,*,*,<srai>SKEPTICANS</srai>,skepticans.aiml
0,* UNBELIEVERS EXPONENTIAL,*,*,<srai>SKEPTICANS</srai>,skepticans.aiml
0,* UNBELIEVERS EXPONENTIAL *,*,*,<srai>SKEPTICANS</srai>,skepticans.aiml
0,* UNBELIEVERS ACCELERATED,*,*,<srai>SKEPTICANS</srai>,skepticans.aiml
0,* UNBELIEVERS ACCELERATED *,*,*,<srai>SKEPTICANS</srai>,skepticans.aiml
0,* UNBELIEVERS ACCELERATING,*,*,<srai>SKEPTICANS</srai>,skepticans.aiml
0,* UNBELIEVERS ACCELERATING *,*,*,<srai>SKEPTICANS</srai>,skepticans.aiml
0,* UNBELIEVERS * EXPONENTIAL,*,*,<srai>SKEPTICANS</srai>,skepticans.aiml
0,* UNBELIEVERS * EXPONENTIAL *,*,*,<srai>SKEPTICANS</srai>,skepticans.aiml
0,* UNBELIEVERS * ACCELERATED,*,*,<srai>SKEPTICANS</srai>,skepticans.aiml
0,* UNBELIEVERS * ACCELERATED *,*,*,<srai>SKEPTICANS</srai>,skepticans.aiml
0,* UNBELIEVERS * ACCELERATING,*,*,<srai>SKEPTICANS</srai>,skepticans.aiml
0,* UNBELIEVERS * ACCELERATING *,*,*,<srai>SKEPTICANS</srai>,skepticans.aiml
