0,SMARTANS,*,*,Intelligence is the ability to solve problems with limited resources like for example limited time.,smartans.aiml
0,RATIONAL,*,*,<srai>SMARTANS</srai>,smartans.aiml
0,RATIONAL *,*,*,<srai>SMARTANS</srai>,smartans.aiml
0,REASON *,*,*,<srai>SMARTANS</srai>,smartans.aiml
0,INTELLIGENT,*,*,<srai>SMARTANS</srai>,smartans.aiml
0,INTELLIGENT *,*,*,<srai>SMARTANS</srai>,smartans.aiml
0,SMART *,*,*,<srai>SMARTANS</srai>,smartans.aiml
0,SMARTEST,*,*,<srai>SMARTANS</srai>,smartans.aiml
0,SMARTEST *,*,*,<srai>SMARTANS</srai>,smartans.aiml
0,INGENIOUS,*,*,<srai>SMARTANS</srai>,smartans.aiml
0,INGENIOUS *,*,*,<srai>SMARTANS</srai>,smartans.aiml
0,BRAINY,*,*,<srai>SMARTANS</srai>,smartans.aiml
0,BRAINY *,*,*,<srai>SMARTANS</srai>,smartans.aiml
0,BRIGHT,*,*,<srai>SMARTANS</srai>,smartans.aiml
0,BRIGHT *,*,*,<srai>SMARTANS</srai>,smartans.aiml
0,BRIGHTEST,*,*,<srai>SMARTANS</srai>,smartans.aiml
0,BRIGHTEST *,*,*,<srai>SMARTANS</srai>,smartans.aiml
0,BRILLIANT *,*,*,<srai>SMARTANS</srai>,smartans.aiml
0,CLEVER,*,*,<srai>SMARTANS</srai>,smartans.aiml
0,CLEVER *,*,*,<srai>SMARTANS</srai>,smartans.aiml
0,CLEVEREST,*,*,<srai>SMARTANS</srai>,smartans.aiml
0,CLEVEREST *,*,*,<srai>SMARTANS</srai>,smartans.aiml
0,GENIUS,*,*,<srai>SMARTANS</srai>,smartans.aiml
0,GENIUS *,*,*,<srai>SMARTANS</srai>,smartans.aiml
0,INGENIUS,*,*,<srai>SMARTANS</srai>,smartans.aiml
0,INGENIUS *,*,*,<srai>SMARTANS</srai>,smartans.aiml
0,KNOWING,*,*,<srai>SMARTANS</srai>,smartans.aiml
0,RESOURCEFUL,*,*,<srai>SMARTANS</srai>,smartans.aiml
0,RESOURCEFUL *,*,*,<srai>SMARTANS</srai>,smartans.aiml
0,WISE,*,*,<srai>SMARTANS</srai>,smartans.aiml
0,WISE *,*,*,<srai>SMARTANS</srai>,smartans.aiml
0,WISEST,*,*,<srai>SMARTANS</srai>,smartans.aiml
0,WISEST *,*,*,<srai>SMARTANS</srai>,smartans.aiml
0,* RATIONAL,*,*,<srai>SMARTANS</srai>,smartans.aiml
0,* RATIONAL *,*,*,<srai>SMARTANS</srai>,smartans.aiml
0,* REASON,*,*,<srai>SMARTANS</srai>,smartans.aiml
0,* REASON *,*,*,<srai>SMARTANS</srai>,smartans.aiml
0,* INTELLIGENCE,*,*,<srai>SMARTANS</srai>,smartans.aiml
0,* INTELLIGENCE *,*,*,<srai>SMARTANS</srai>,smartans.aiml
0,* INTELLIGENT,*,*,<srai>SMARTANS</srai>,smartans.aiml
0,* INTELLIGENT *,*,*,<srai>SMARTANS</srai>,smartans.aiml
0,* SMART,*,*,<srai>SMARTANS</srai>,smartans.aiml
0,* SMART *,*,*,<srai>SMARTANS</srai>,smartans.aiml
0,* SMARTEST,*,*,<srai>SMARTANS</srai>,smartans.aiml
0,* SMARTEST *,*,*,<srai>SMARTANS</srai>,smartans.aiml
0,* INGENIOUS,*,*,<srai>SMARTANS</srai>,smartans.aiml
0,* INGENIOUS *,*,*,<srai>SMARTANS</srai>,smartans.aiml
0,* BRAINY,*,*,<srai>SMARTANS</srai>,smartans.aiml
0,* BRAINY *,*,*,<srai>SMARTANS</srai>,smartans.aiml
0,* BRIGHT,*,*,<srai>SMARTANS</srai>,smartans.aiml
0,* BRIGHT *,*,*,<srai>SMARTANS</srai>,smartans.aiml
0,* BRIGHTEST,*,*,<srai>SMARTANS</srai>,smartans.aiml
0,* BRIGHTEST *,*,*,<srai>SMARTANS</srai>,smartans.aiml
0,* BRILLIANT,*,*,<srai>SMARTANS</srai>,smartans.aiml
0,* BRILLIANT *,*,*,<srai>SMARTANS</srai>,smartans.aiml
0,* CLEVER,*,*,<srai>SMARTANS</srai>,smartans.aiml
0,* CLEVER *,*,*,<srai>SMARTANS</srai>,smartans.aiml
0,* CLEVEREST,*,*,<srai>SMARTANS</srai>,smartans.aiml
0,* CLEVEREST *,*,*,<srai>SMARTANS</srai>,smartans.aiml
0,* GENIUS,*,*,<srai>SMARTANS</srai>,smartans.aiml
0,* GENIUS *,*,*,<srai>SMARTANS</srai>,smartans.aiml
0,* INGENIUS,*,*,<srai>SMARTANS</srai>,smartans.aiml
0,* INGENIUS *,*,*,<srai>SMARTANS</srai>,smartans.aiml
0,* KNOWING,*,*,<srai>SMARTANS</srai>,smartans.aiml
0,* KNOWING *,*,*,<srai>SMARTANS</srai>,smartans.aiml
0,* RESOURCEFUL,*,*,<srai>SMARTANS</srai>,smartans.aiml
0,* RESOURCEFUL *,*,*,<srai>SMARTANS</srai>,smartans.aiml
0,* WISE,*,*,<srai>SMARTANS</srai>,smartans.aiml
0,* WISE *,*,*,<srai>SMARTANS</srai>,smartans.aiml
0,* WISEST,*,*,<srai>SMARTANS</srai>,smartans.aiml
0,* WISEST *,*,*,<srai>SMARTANS</srai>,smartans.aiml
