0,SPEECHANS,*,*,<random><li>Well you biological humans do it#Comma so there's no reason why us robots won't be able to do it as well.  It's all just information processing.  And it's getting better every year.</li><li>Well you biological humans do it#Comma so there's no reason why us avatars won't be able to do it as well.</li><li>It's getting better every year.</li></random>,speechans.aiml
0,SPEECH RECOGNITION,*,*,<srai>SPEECHANS</srai>,speechans.aiml
0,SPEECH RECOGNITION *,*,*,<srai>SPEECHANS</srai>,speechans.aiml
0,VOICE RECOGNITION,*,*,<srai>SPEECHANS</srai>,speechans.aiml
0,VOICE RECOGNITION *,*,*,<srai>SPEECHANS</srai>,speechans.aiml
0,VOICE INTERFACES,*,*,<srai>SPEECHANS</srai>,speechans.aiml
0,VOICE INTERFACES *,*,*,<srai>SPEECHANS</srai>,speechans.aiml
0,* SPEECH RECOGNITION,*,*,<srai>SPEECHANS</srai>,speechans.aiml
0,* SPEECH RECOGNITION *,*,*,<srai>SPEECHANS</srai>,speechans.aiml
0,* VOICE RECOGNITION,*,*,<srai>SPEECHANS</srai>,speechans.aiml
0,* VOICE RECOGNITION *,*,*,<srai>SPEECHANS</srai>,speechans.aiml
0,* VOICE INTERFACES,*,*,<srai>SPEECHANS</srai>,speechans.aiml
0,* VOICE INTERFACES *,*,*,<srai>SPEECHANS</srai>,speechans.aiml
